path,text,langue,source,duration,split,iso639_3
AfriSpeech/baoule_bci,B’A UKA NINNGE’M BE GUA’N SU ?É YÓ I SƐ?,Baoulé,AfriSpeech,4.347,train,bci
AfriSpeech/baoule_bci,be fa ajalɛ wie mun naan b’a yo be sika’n i cɛcɛ. I wie yɛle kɛ be to ninnge nga be sa miɛn i wun sakpa’n.,Baoulé,AfriSpeech,9.832,train,bci
AfriSpeech/baoule_bci,be nin be awlofuɛ’m be kanman sika ti ndɛ.,Baoulé,AfriSpeech,3.192,train,bci
AfriSpeech/baoule_bci,Nán maan ɔ bo ɔ nuan,Baoulé,AfriSpeech,15.773,train,bci
AfriSpeech/baoule_bci,"be yo ninnge mun ngwlɛlɛ su. I wie yɛle kɛ be mian be ɲin be tannin be su kalɛ mun, kpɛkun be saciman be sika’n.",Baoulé,AfriSpeech,9.668,train,bci
AfriSpeech/baoule_bci,"be wla gua ase. Kɛ sran kun i wla gua ase’n, ɔ kwla bu akunndan kpa, yɛ ɔ fa ajalɛ kpa.",Baoulé,AfriSpeech,8.226,train,bci
AfriSpeech/baoule_bci,"Be nga be wun i wlɛ kɛ bé úka ninnge’m be gua’n su’n,  . . .",Baoulé,AfriSpeech,3.535,train,bci
AfriSpeech/baoule_bci,B’A UKA NINNGE’M BE GUA’N SU ?É YÓ I SƐ?,Baoulé,AfriSpeech,3.232,train,bci
AfriSpeech/baoule_bci,"Bla kun m’ɔ tran Azɛɛbaijan mɔ be flɛ i Fazilia’n, ɔ seli kɛ: “Kɛ nga 2 Timote 3:1 fa kannin’n sa’n, andɛ’n ‘lika’n w’a yo kekle kpa.’ Ɔ maan kɛ be uka ninnge’m be gua’n su’n, i sɔ’n boman min nuan. N tra min awlɛn naan m’an toman ninnge nga be timan min cinnjin sɔ liɛ’n.",Baoulé,AfriSpeech,23.607,train,bci
AfriSpeech/baoule_bci,LIKE NGA TI YƐ I SƆ’N TI CINNJIN’N,Baoulé,AfriSpeech,3.976,train,bci
AfriSpeech/baoule_bci,"Sɛ a tɔtɔ ninnge’m be su sa to be’n, kasiɛn su’n ɔ́ mían ɔ sa.",Baoulé,AfriSpeech,4.701,train,bci
AfriSpeech/baoule_bci,"Kɛ be uka ninnge’m be gua’n su kannganngan’n, wie liɛ’n e siemɛn i nzɔliɛ. I li sɛ e junman su lɔ’n, be uka e akatua’n su wie’n, yɛ e siemɛn i nzɔliɛ kpa-ɔ. Sanngɛ sɛ be uka ninnge’m be gua’n su naan be ukaman e akatua’n su wie’n, e kwla koko dan. I li sɛ e le awlobo’n, yɛ e wla guaman ase bɔbɔ’n niɔn.",Baoulé,AfriSpeech,24.119,train,bci
AfriSpeech/baoule_bci,"E kwlá yoman like fi naan sran’m b’a ukaman ninnge’m be gua’n su. Sanngɛ sɛ e wun i wlɛ kɛ sran’m bé úka ninnge’m be gua’n su’n, é ɲán su ye kpa.",Baoulé,AfriSpeech,9.693,train,bci
AfriSpeech/baoule_bci,"“Nán amun koko ainman liɛ’n i ti le, afin ngokɔɛ uflɛ o lɛ ainman. Ɔ le cɛn kun nin i nun ndɛ.”— Matie 6:34 .",Baoulé,AfriSpeech,11.106,train,bci
AfriSpeech/baoule_bci,"“?Amun nun onin yɛ i kokolɛ nun ɔ kwla guɛ i afuɛ’n su bɔ kaan-an?”— Liki 12:​25 , Biblu Nyanmiɛn Ndɛ’n .",Baoulé,AfriSpeech,10.333,train,bci
AfriSpeech/baoule_bci,Yo ɔ sika’n i cɛcɛ,Baoulé,AfriSpeech,22.902,train,bci
AfriSpeech/baoule_bci,LIKE NGA TI YƐ I SƆ’N TI CINNJIN’N,Baoulé,AfriSpeech,3.06,train,bci
AfriSpeech/baoule_bci,"Kɛ be uka ninnge’m be gua’n su’n, sika ndɛ’n ti kekle e ngba e su. Sanngɛ nán bu i kɛ a lemɛn i yowlɛ. A kwla yo ninnge wie mun naan sika ndɛ’n w’a yoman kekle ɔ su dan.",Baoulé,AfriSpeech,14.687,train,bci
AfriSpeech/baoule_bci,"Sɛ a yoman ɔ sika’n i cɛcɛ’n, sika ndɛ’n wá yó kekle kpa ɔ su. Ɔ maan akluntitiɛ’n nin ngokɔɛ’n nun yɛ á trán sa titi-ɔ. Kannzɛ bɔbɔ ɔ sika’n w’a sɔnman’n, sanngɛ a kwla yo ninnge wie mun naan w’a yo i cɛcɛ.",Baoulé,AfriSpeech,16.982,train,bci
AfriSpeech/baoule_bci,"Nán to like nga ɔ sa juman su’n. I liɛ’n, á kwlá yó ɔ sika’n i cɛcɛ. Kpɛkun sɛ kalɛ wie fu ɔ nun’n, á kwlá tánnin.",Baoulé,AfriSpeech,9.23,train,bci
AfriSpeech/baoule_bci,"Yo nga nian: Nán fa ninnge mun kalɛ nun. Sɛ sika wo ɔ sa nun’n, tuɛ i kpɛkun. Sran wie’m be sieli i nzɔliɛ kɛ, kɛ be yo sɔ’n be yo be sika’n i cɛcɛ kpɛkun kalɛ tranman be su. Asa’n, cɛn kunngun’n nian ɔ sika ng’ɔ o banki lɔ’n. Sɛ a si ɔ sika ng’ɔ o lɔ’n i nuan’n, a su kokoman dan.",Baoulé,AfriSpeech,21.433,train,bci
AfriSpeech/baoule_bci,"Ɔ ti cinnjin kɛ e to ninnge nga e sa ju su’n. Kannzɛ i sɔ yolɛ’n timan pɔpɔ’n, sanngɛ sɛ e bu ninnge nga é tó be’n i sin kpa’n, i sɔ’n kwla uka e. Asa’n, e su kokoman sika ti ngboko.",Baoulé,AfriSpeech,16.366,train,bci
AfriSpeech/baoule_bci,‘Tran ase bu ɔ sika’n i akunndan ka.’— Liki 14:28 .,Baoulé,AfriSpeech,5.546,train,bci
AfriSpeech/baoule_bci,"“Sran ng’ɔ si ngwlɛlɛ’n, i liɛ su ti ye. […] Afin ngwlɛlɛ’n i silɛ ti kpa tra sika ɲanlɛ.”— Ɲanndra Mun 3:​13, 14 .",Baoulé,AfriSpeech,11.532,train,bci
AfriSpeech/baoule_bci,"Nán saci ɔ sika’n. Usa ɔ wun kɛ: ‘?N klo ninnge nga be timan cinnjin’n annzɛ be kwlá yoman min wun sa ye’n be tolɛ?’ Sran wie’m be saci sika nga be fɛli lele naan b’a ɲɛn i’n. Be fa to drɔgi annzɛ siklɛti. Wie’m be fa wlɛ i nzan’n nun. Wie mun kusu be fa to mma. Ninnge sɔ’m be yolɛ’n ti’n, be tɔ tukpacɛ annzɛ be junman’n fi be sa.",Baoulé,AfriSpeech,28.949,train,bci
AfriSpeech/baoule_bci,"Sie sika kan. I liɛ’n sɛ sa wie fu ɔ nun’n, a kwla fa ti ɔ wun ɲanman nun. Sɛ ɔ bɔbɔ annzɛ ɔ awlofuɛ wie tɔ tukpacɛ’n, annzɛ sɛ ɔ junman’n fi ɔ sa’n, annzɛ sɛ sa uflɛ wie tɔ ɔ su’n, i sɔ sika liɛ’n kwla uka ɔ kpa.",Baoulé,AfriSpeech,19.623,train,bci
AfriSpeech/baoule_bci,"Mian ɔ ɲin naan ɔ junman’n w’a fiman ɔ sa. ?Ninnge trele benin wie mun yɛ a kwla yo be naan ɔ junman’n w’a fiman ɔ sa-ɔ? Ju ɔ junman’n su lɔ dɔ su. Bu junman nga a di’n i wun akunndan kpa. Uka ɔ wiengu mun, yɛ tu ɔ klun di junman. Bu ɔ wiengu’m be sran. Fa ɔ junman’n su lɔ mmla’m be su. Kpɛkun mian ɔ ɲin naan ɔ sa tɔ junman nga a di’n nun kpa.",Baoulé,AfriSpeech,26.535,train,bci
AfriSpeech/baoule_bci,Sika’n i cɛcɛ yolɛ’n i su ajalɛ wie mun,Baoulé,AfriSpeech,12.909,train,bci
AfriSpeech/baoule_bci,‘Blɛ kekle nin sa wie mɔ y’a sunnzunman’n be ju e kwlaa e su.’— Akunndanfuɛ’n 9:11 .,Baoulé,AfriSpeech,8.789,train,bci
AfriSpeech/baoule_bci,"Sɛ a ta gua su lɔ aliɛ to’n, á dí ɔ sika’n dan. Ɔ ti su kɛ, kɛ ɔ bɔbɔ a tɔn aliɛ nga á dí’n, i sɔ’n fa blɛ yɛ ɔ timan pɔpɔ. Sanngɛ ɔ kwla uka wɔ naan w’a sie sika kan. Kpɛkun a si kɛ aliɛ nga a di’n, ɔ su manman wɔ tukpacɛ.",Baoulé,AfriSpeech,20.556,train,bci
AfriSpeech/baoule_bci,Klɛ ninnge nga á tó be’n fluwa kun su. Kpɛkun mian ɔ ɲin di su. Nán tɔtɔ ninnge’m be su sa to be.,Baoulé,AfriSpeech,9.527,train,bci
AfriSpeech/baoule_bci,"Sɛ a wun kɛ ninnge wie’m be gua’n ti pɔpɔ naan be ti kpa’n, a kwla to be.",Baoulé,AfriSpeech,5.855,train,bci
AfriSpeech/baoule_bci,"Kɛ a wun kɛ ninnge’m b’a bu’n, sɛ a le i wun alaje’n to i kpanngban sie. Kpɛkun kunndɛ lika nga á síe be naan b’a saciman ndɛndɛ’n.",Baoulé,AfriSpeech,11.689,train,bci
AfriSpeech/baoule_bci,"A kwla ko nian ninnge nga be yo be atɛ ɛntɛnɛti su’n naan w’a wun nga be gua’n ti pɔpɔ’n. I sɔ’n úka wɔ naan w’a toman ninnge mun sa ngbɛnngbɛn. Asa’n, á sí sika nga a fa wlɛ i ninnge sɔ’m be nun’n. Sɛ amun asa’n su lɔ’n be yo ninnge’m be atɛ ɛntɛnɛti su’n, i sɔ’n kwla uka wɔ kpa.",Baoulé,AfriSpeech,19.893,train,bci
AfriSpeech/baoule_bci,Toto ɔ ninnge mun blɛ nga be ti ninnge’m be gua’n su’n i nun. Fa ninnge’m be gua’n sunnzun be wiengu.,Baoulé,AfriSpeech,8.329,train,bci
AfriSpeech/baoule_bci,"Ka naan w’a to mannzin uflɛ’n, bu i sin.",Baoulé,AfriSpeech,3.496,train,bci
AfriSpeech/baoule_bci,Siesie ɔ ninnge nga be saci’n be ye.,Baoulé,AfriSpeech,3.269,train,bci
AfriSpeech/baoule_bci,"Be nga be yi pɔɔtablu mun nin mannzin onga mun’n, be yi ninnge sɔ’m be uflɛ titi naan b’a ɲan sika kpanngban kpa. Ɔ maan ka naan w’a to mannzin uflɛ’n, usa ɔ wun kɛ: ‘?Sɛ n to like sɔ’n, ń ɲán su ye sakpa? ?N miɛn i sɔ like’n i wun dɔ nga su? ?Yɛ sɛ min waan ń tó’n, ɔ ti cinnjin kɛ i uflɛuflɛ nga w’a fite’n yɛ n to-ɔ?’",Baoulé,AfriSpeech,25.063,train,bci
AfriSpeech/baoule_bci,"Nian ɔ flizidɛli’n nin ɔ mannzin onga’m be lika kpa naan b’a kwla cɛ. Sɛ be saci naan a wun kɛ a su boman kalɛ dan be ye siesielɛ nun’n, fa kɔ naan be siesie be ye. Asa’n, a kwla to mannzin nga sran’m b’a dun mmua b’a fa di junman mɔ be te yo kpa’n.",Baoulé,AfriSpeech,18.863,train,bci
AfriSpeech/baoule_bci,"Sɛ a kunndɛ lika kan fa di ɔ fie’n, ɔ ti kpa. I liɛ’n, a su faman sika kaka wlɛmɛn i aliɛ tolɛ’n nun. Asa’n, a kwla yo wie atɛ, yɛ a kwla man ɔ wiengu’m be wie.",Baoulé,AfriSpeech,14.59,train,bci
AfriSpeech/baoule_bci,"“Sran ng’ɔ bo i ɲin ase yo like’n, like ng’ɔ sunnzun kɛ ɔ́ yó’n, ɔ́ yó ye.”— Ɲanndra Mun 21:5 .",Baoulé,AfriSpeech,11.644,train,bci
AfriSpeech/baoule_bci,"Bian kun m’ɔ tran Etazinin mɔ be flɛ i kɛ Zeremin’n ɔ seli kɛ: “E nin min yi nin e mma mun e liɛ’n, kwlaa naan y’a ko di gua’n, e dun mmua klɛ ninnge nga e sa mian be wun’n fluwa su titi.”",Baoulé,AfriSpeech,20.957,train,bci
AfriSpeech/baoule_bci,Bian kun m’ɔ tran Angle mɔ be flɛ i kɛ Mailisi’n ɔ seli kɛ: “E niannian ninnge’m be gua’n cɛn kwlakwla. Blɛ sunman’n e seman kɛ é fá ninnge mun kalɛ nun naan sɛ anglo wie’n y’a tannin.”,Baoulé,AfriSpeech,18.699,train,bci
AfriSpeech/baoule_bci,Bla kun m’ɔ tran Izraɛli mɔ be flɛ i kɛ Yaɛli’n ɔ seli kɛ: “Titi’n e nian sɛ e sa kwla ju ninnge nga e sunnzun kɛ é tó be’n be su-o. Yɛ e siesie sika kan ainman ndɛ ti.”,Baoulé,AfriSpeech,26.645,train,bci
AfriSpeech/baoule_bci,B’A UKA NINNGE’M BE GUA’N SU ?É YÓ I SƐ?,Baoulé,AfriSpeech,4.375,train,bci
AfriSpeech/baoule_bci,Maan ɔ ɲin yi like nga a le i’n,Baoulé,AfriSpeech,25.728,train,bci
AfriSpeech/baoule_bci,"Bian kun m’ɔ tran Biimanin mɔ be flɛ i kɛ Ono’n, ɔ seli kɛ: “Kɛ ɔ ko yo naan min sika ngba’n w’a wluman aliɛ tolɛ’n nun’n, n di fie kan kpɛkun n ta akɔ. Ɔ ju wie bɔbɔ’n, n fa min fie su ninnge mun wie n man sran mun.",Baoulé,AfriSpeech,21.588,train,bci
AfriSpeech/baoule_bci,"Be nga be ɲin yi like nga be le i’n, be di aklunjɔɛ. Asa’n, kɛ lika’n yo kekle be su’n, like nga be sa ju su’n yɛ be to-ɔ.",Baoulé,AfriSpeech,10.677,train,bci
AfriSpeech/baoule_bci,LIKE NGA TI YƐ I SƆ’N TI CINNJIN’N,Baoulé,AfriSpeech,3.551,train,bci
AfriSpeech/baoule_bci,"“Sɛ e ɲan like e di’n, yɛ sɛ e ɲan tralɛ e wla’n, maan ɔ ju e.”— 1 Timote 6:8 .",Baoulé,AfriSpeech,10.321,train,bci
AfriSpeech/baoule_bci,Yo nga nian: Nán fa ɔ ɲin sie i be nga be kan sika dan mɔ be le i’n i ndɛ rezo sosio’m be su’n nin televiziɔn nun’n be su.,Baoulé,AfriSpeech,9.583,train,bci
AfriSpeech/baoule_bci,"“Kannzɛ sran kun le aɲanbeun ninnge kpanngban’n, nán ninnge sɔ mun yɛ be mɛn i nguan-ɔn.”— Liki 12:15 .",Baoulé,AfriSpeech,8.267,train,bci
AfriSpeech/baoule_bci,"Yo nga nian: Cɛn kwlakwla’n, klɛ like kun m’ɔ yoli ɔ fɛ kpa’n sie. Kpɛkun la Ɲanmiɛn i ase. A kwla lɛ i ase ɔ wun m’ɔ sanndi wɔ’n, annzɛ ɔ awlobofuɛ mɔ be bo ti kun’n, annzɛ janvuɛ kpa mɔ a le i’n, annzɛ bɔbɔ nzue m’ɔ tɔ’n i ti.",Baoulé,AfriSpeech,21.661,train,bci
AfriSpeech/baoule_bci,"“Sran nga i klun ti jɔwa’n, cɛn yɛ ɔ di i sa trilili-ɔ.”— Ɲanndra Mun 15:15 .",Baoulé,AfriSpeech,7.309,train,bci
AfriSpeech/baoule_bci,"Ɔ ju wie’n, kɛ ɔ yo naan e ɲin yi like nga e le i’n ɔ ti kekle. Sanngɛ sɛ e mian e yo sɔ’n, é ɲán su ye. Yɛle kɛ é dí aklunjɔɛ. Aklunjɔɛ’n kusu’n, sika kwlá toman.",Baoulé,AfriSpeech,14.394,train,bci
AfriSpeech/baoule_bci,B’A UKA NINNGE’M BE GUA’N SU ?É YÓ I SƐ?,Baoulé,AfriSpeech,4.205,train,bci
AfriSpeech/baoule_bci,"Bian kun m’ɔ tran Etazinin mɔ be flɛ i Eriki’n, ɔ seli kɛ: “E nin min awlobofuɛ mun e miannin e ɲin naan e ɲin w’a yi like nga e le i’n. Yɛ e ɲannin su ye dan. Siɛn’n, e ɲan e ti e yo ninnge mun likawlɛ, yɛ e klun jɔ ninnge nga e le be’n be su.",Baoulé,AfriSpeech,24.852,train,bci
AfriSpeech/baoule_bci,Cɛ ɔ wiengu like,Baoulé,AfriSpeech,13.025,train,bci
AfriSpeech/baoule_bci,"Sɛ ninnge’m be gua mɔ b’a uka su’n ti’n, sika ndɛ’n ti kekle ɔ su’n, a kwla bu i kɛ a kwlá cɛman sran like. Sanngɛ sɛ a cɛ sran like’n, a kwla ɲan su ye. Kannzɛ sika ndɛ’n ti kekle ɔ su’n, a kwla cɛ ɔ wiengu’m be like kpɛkun a kwla sie sika wie bɔbɔ.",Baoulé,AfriSpeech,19.731,train,bci
AfriSpeech/baoule_bci,"Sran ng’ɔ cɛ i wiengu’m be like’n, kannzɛ like ng’ɔ man’n ti kaan’n, sanngɛ ɔ di aklunjɔɛ. I kpa bɔbɔ’n, dɔɔtrɔfuɛ wie’m be seli kɛ be nga be cɛ be wiengu’m be like’n, blɛ sunman’n be wun sanndi be yɛ be akunndan sannganman. Sran like cɛlɛ’n kwla yo maan e kokoman dan, e klun titiman e dan. Be nga be yo sɔ’n, tansiɔn taman be yo, yɛ be wunnɛn kplo’n nun yoman be ya tikatika. Asa’n, be lafi kpa.",Baoulé,AfriSpeech,29.686,train,bci
AfriSpeech/baoule_bci,"“Sɛ a cɛ sran like’n, ɔ klun jɔ kpa tra kɛ be cɛ wɔ like’n.”— Sa Nga Be Yoli’n 20:35 .",Baoulé,AfriSpeech,8.002,train,bci
AfriSpeech/baoule_bci,"“Amun cɛ sran like titi, i liɛ’n sran’m bé cɛ́ amun like wie.”— Liki 6:38 .",Baoulé,AfriSpeech,7.803,train,bci
AfriSpeech/baoule_bci,"Sanngɛ kɛ á mán ɔ wiengu’m be like’n, yo i ngwlɛlɛ su. Nán fa ɔ sa nun ninnge ngba man naan yalɛ’n di wɔ nin ɔ awlofuɛ mun.— Zɔbu 17:5 .",Baoulé,AfriSpeech,10.378,train,bci
AfriSpeech/baoule_bci,"Yo nga nian: Man sran kun i aliɛ kan annzɛ nzan kan. Sɛ a le like kun mɔ ɔ sa miɛnmɛn i wun kun m’ɔ kwla ti ɔ janvuɛ kun annzɛ ɔ mantanfuɛ kun i wun ɲanman nun’n, fa mɛn i.",Baoulé,AfriSpeech,12.287,train,bci
AfriSpeech/baoule_bci,"Like uflɛ mɔ a kwla yo’n. Kannzɛ a leman sika’n, sanngɛ a kwla yo ninnge wie mɔ ɔ wiengu’m be kwla ɲan su ye-ɔ. I wie yɛle kɛ a kwla di junman wie mun fa uka be. Asa’n, a kwla kan ndɛ fɛ wie kle be. A kwla se be kɛ a klo be naan be ndɛ lo wɔ.",Baoulé,AfriSpeech,20.285,train,bci
AfriSpeech/baoule_bci,"Yo nga nian: Uka ɔ wiengu mun naan be di be awlo lɔ junman mun, annzɛ uka be naan be siesie be sua’n nun ninnge’m be ye. Annzɛ kusu ko di be gua’n man be. Klɛ ɔ janvuɛ kun i fluwa annzɛ klɛ i mesazi. A kwla se i ngbɛn kɛ ɔ wla lo i.",Baoulé,AfriSpeech,19.391,train,bci
AfriSpeech/baoule_bci,"Sɛ a yo ɔ wiengu’m be ye’n, á ɲán su ye dan.",Baoulé,AfriSpeech,4.447,train,bci
AfriSpeech/baoule_bci,"“Nán an wla fi sa kpa yolɛ’n su. Kpɛkun like nga an le i’n, an man amun wiengu wie.”— Ebre Mun 13:16 .",Baoulé,AfriSpeech,21.74,train,bci
AfriSpeech/baoule_bci,B’A UKA NINNGE’M BE GUA’N SU ?É YÓ I SƐ?,Baoulé,AfriSpeech,4.445,train,bci
AfriSpeech/baoule_bci,Lafi su kɛ e ɲrun lɔ’n yó kpa,Baoulé,AfriSpeech,14.215,train,bci
AfriSpeech/baoule_bci,LIKE NGA TI YƐ I SƆ’N TI CINNJIN’N,Baoulé,AfriSpeech,3.569,train,bci
AfriSpeech/baoule_bci,"?Nvle nga a tran nun’n, sika ndɛ’n ti kekle lɔ? ?Kɛ ɔ ko yo naan w’a nian ɔ bɔbɔ nin ɔ awlofuɛ’m be lika’n, ɔ ti kekle? Sɛ ɔ ti sɔ’n, a kwla bu i kɛ lika’n su yoman kpa manman ɔ le. Kannzɛ lika’n ti kekle sɛ’n, sanngɛ ɔ ti cinnjin kɛ a lafi su kɛ e ɲrun lɔ’n yó kpa.",Baoulé,AfriSpeech,23.774,train,bci
AfriSpeech/baoule_bci,be tra be awlɛn sa kekle’m be nun.,Baoulé,AfriSpeech,3.105,train,bci
AfriSpeech/baoule_bci,"kɛ sa’n fa ti’n, i su yɛ be nian be fa ajalɛ-ɔ.",Baoulé,AfriSpeech,4.948,train,bci
AfriSpeech/baoule_bci,"Be nga be lafi su kɛ be ɲrun lɔ’n yó kpa’n, be minndɛman ngbɛn kɛ muae wa to be. Sanngɛ be fa ajalɛ wie mun naan b’a wun sa ng’ɔ o be su’n i trawlɛ. Fluwa sifuɛ wie’m be sieli i nzɔliɛ kɛ blɛ sunman’n be nga be lafi su kɛ be ɲrun lɔ’n yó kpa’n ...",Baoulé,AfriSpeech,18.084,train,bci
AfriSpeech/baoule_bci,"be yo ninnge wie mun naan b’a kwla yo juejue titi, naan b’a kwla di aklunjɔɛ kusu.",Baoulé,AfriSpeech,6.821,train,bci
AfriSpeech/baoule_bci,"“Akunndan bulɛ’n wá nían ɔ su, yɛ sa wlɛ wunlɛ’n sásá ɔ.”— Ɲanndra Mun 2:11 .",Baoulé,AfriSpeech,8.486,train,bci
AfriSpeech/baoule_bci,"I klikli nun’n, wun i wlɛ kɛ Biblu’n kwla uka wɔ dɔ nga su. Sɛ ninnge’m be gua mɔ b’a uka su’n ti’n, sika ndɛ’n ti kekle wɔ su’n, afɔtuɛ nga be o Biblu’n nun’n be kwla uka wɔ kpa. Afɔtuɛ sɔ’m be kwla uka wɔ naan w’a wun sa ng’ɔ o ɔ su’n i trawlɛ. Kpɛkun sɛ sa uflɛ tɔ ɔ su’n, á kwlá jrán kekle.",Baoulé,AfriSpeech,23.1,train,bci
AfriSpeech/baoule_bci,?NGUE YƐLE ƝANMIƐN SIELƐ’N??YƐ NGUE YƐ Ɔ́ WÁ YÓ-Ɔ?,Baoulé,AfriSpeech,5.282,train,bci
AfriSpeech/baoule_bci,“Á dí aklunjɔɛ yɛ á ɲán ɔ wun.”— Jue Mun 128:2 .,Baoulé,AfriSpeech,6.128,train,bci
AfriSpeech/baoule_bci,"Ɲanmiɛn Sielɛ’n ti awa kun, yɛ ɔ́ wá síe asiɛ wunmuan’n. ( Daniɛli 2:44; Matie 6:10 ) Awa sɔ’n wo ɲanmiɛn su lɔ, yɛ ɔ́ wá yó maan ɲrɛnnɛn’n nin yalɛ’n bé wíe. Ɔ maan sran’m bé dí fɔundi yɛ be su mianman like fi wun kun. I sɔ’n yɛ Biblu’n nun ndɛ mma nga’m be kan-ɔn.",Baoulé,AfriSpeech,16.953,train,bci
AfriSpeech/baoule_bci,“[Sran mun] be su fɛman ngbɛn.”— Ezai 65:23 .,Baoulé,AfriSpeech,8.33,train,bci
AfriSpeech/baoule_bci,“Ble nin i wunsu ninnge’m bé bú asiɛ’n su.”— Jue Mun 72:16 .,Baoulé,AfriSpeech,7.881,train,bci
AfriSpeech/baoule_bci,"Bian kun m’ɔ tran Zɔɔzi mɔ be flɛ i Ramazi’n, ɔ seli kɛ: “Ndɛ nga Biblu’n kan mɔ n lafi su’n ti’n, n si kɛ sa nga be o mɛn’n nun’n bé wíe cɛn kun. I sɔ’n ti’n, kɛ sika ndɛ’n ti kekle kpa min su bɔbɔ’n, n kwla tra min awlɛn.”",Baoulé,AfriSpeech,25.241,train,bci
AfriSpeech/baoule_bci,"Sran miliɔn kaka be lafi ndɛ sɔ’m be su. Afin be si kɛ Ɲanmiɛn ‘kwlá buaman ato.’ ( Titi 1:2 ) Sɛ ɔ bɔbɔ a kanngan Biblu’n nun’n, á láfi ndɛ sɔ’m be su wie. Sɛ sika ndɛ’n ti kekle ɔ su’n, ndɛ ng’ɔ o Biblu’n nun’n kwla uka wɔ naan w’a wun i trawlɛ. Asa’n, ɔ kwla uka ɔ naan w’a lafi su kɛ e ɲrun lɔ’n yó kpa.",Baoulé,AfriSpeech,27.925,train,bci
AfriSpeech/baoule_bci,SI NDƐ’N NUN KPA EKUN,Baoulé,AfriSpeech,3.793,train,bci
AfriSpeech/baoule_bci,"Kɛ ɔ ko yo naan w’a lafi e ɲrun lɔ sa’m be su ndɛ nga Biblu’n kan’n su’n, kɔ jw.org su naan nian video nga mun: ?Ngue yɛ ɔ kle kɛ Biblu’n nun ndɛ’n ti nanwlɛ-ɔ? ɔ nin ?Ngue yɛle Ɲanmiɛn Sielɛ’n?",Baoulé,AfriSpeech,17.298,train,bci
AfriSpeech/baoule_bci,“ Sika mɔ e ɲɛnmɛn i’n i ti kokolɛ’n ”,Baoulé,AfriSpeech,4.45,train,bci
AfriSpeech/baoule_bci,"“ ?Sɛ sika ndɛ’n ti kekle min su’n, Biblu’n kwla uka min? ”",Baoulé,AfriSpeech,5.173,train,bci
AfriSpeech/baoule_bci,Si ndɛ’n nun kpa ekun,Baoulé,AfriSpeech,11.3,train,bci
AfriSpeech/baoule_bci,"Kɔ jw.org su, naan kunndɛ ndɛ akpasua ng’ɔ suan “Junman nin Sika’n.” I liɛ’n á wún ndɛ wie mɔ be ukali sran kpanngban naan b’a wun be su sa’m be trawlɛ’n. Ndɛ sɔ’m be wie yɛ:",Baoulé,AfriSpeech,16.057,train,bci
AfriSpeech/baoule_bci,"“ Biblu’n man e afɔtuɛ wie mun mɔ sɛ e fa be su’n, e kwla yo e sika’n i cɛcɛ’n ”",Baoulé,AfriSpeech,5.409,train,bci
AfriSpeech/baoule_bci,“ Mɛn’n w’a yo kekle: Yo ɔ sika’n i cɛcɛ ”,Baoulé,AfriSpeech,11.372,train,bci
AfriSpeech/baoule_bci,"Ndɛ kasiɛn nga Ɲanmiɛn maan Zakɔbu kannin’n, ɔ man e afɔtuɛ kpanngban​—Bue 1",Baoulé,AfriSpeech,6.81,train,bci
AfriSpeech/baoule_bci,LIKE SUANLƐ 24,Baoulé,AfriSpeech,11.447,train,bci
AfriSpeech/baoule_bci,JUE 98 Biblu’n fin Ɲanmiɛn,Baoulé,AfriSpeech,5.651,train,bci
AfriSpeech/baoule_bci,"“Maan amun kwlaa amun yia naan n kan sa nga bé wá jú amun su blɛ kasiɛn’n nun’n, i ndɛ n kle amun.” — BOB. 49:1 .",Baoulé,AfriSpeech,13.113,train,bci
AfriSpeech/baoule_bci,"I nun mɔ Zakɔbu la wie bɛ’n su’n, ndɛ nga Ɲanmiɛn maan ɔ kan kleli Ribɛnin, nin Simeɔn, nin Levi ɔ nin Zida’n, ɔ man e afɔtuɛ kpanngban.",Baoulé,AfriSpeech,10.794,train,bci
AfriSpeech/baoule_bci,"I NUN mɔ Zakɔbu ti oke’n, ɔ nin i awlofuɛ’m be kwlaa be tuli Kanaan be ko trannin Ezipti. Kɛ be ɔli lɔ’n, ɔ suli Zoova lele afuɛ 17 ekun. ( Bob. 47:28 ) Afuɛ 17 sɔ’n nun’n, ɔ dili aklunjɔɛ dan. Afin ɔ wa wunnin i wa Zozɛfu m’ɔ buli i kɛ ɔ wuli’n. Kpɛkun ɔ nin i mma’m be kwlaa be wa trannin likawlɛ. Sanngɛ ɔ si kɛ ɔ su wa wu. I sɔ’n ti’n, ɔ yiɛli i mma mun naan ɔ́ kán ndɛ cinnjin wie mun klé be.— Bob. 49:28 .",Baoulé,AfriSpeech,26.085,train,bci
AfriSpeech/baoule_bci,"2 Blɛ sɔ’n nun’n, blɛ sunman’n kɛ siɛ kun wun kɛ ɔ su wa wu’n, ɔ yiɛ i awlobo’n nunfuɛ’m be kwlaa naan ɔ́ kɛ́n i klun ndɛ klé be. ( Eza. 38:1 ) Asa’n ɔ kwla kle sran nga sɛ ɔ wu’n, ɔ́ sín i ja nun yó awlobo’n i su kpɛn’n.",Baoulé,AfriSpeech,15.214,train,bci
AfriSpeech/baoule_bci,"5 Ribɛnin yɛ Zakɔbu dun mmua kan ndɛ kleli i-ɔ. Ɔ seli i kɛ: “A ti min wa kpɛn.” ( Bob. 49:3 ) Kɛ mɔ Ribɛnin yɛ ɔ ti ba kpɛn’n ti’n, atrɛkpa’n ɔ buli i kɛ aja like nga i si fá mɛ́n i’n, ɔ́ trɛ́ i niaan’m be liɛ’n kpɛ nɲɔn. Asa’n ɔ kwla bu i kɛ, kɛ i si ko wu’n, i yɛ ɔ́ yó awlobo kpɛn’n niɔn, naan i osu’n nunfuɛ mun yɛ bé yó awlobo kpɛn titi-ɔ.",Baoulé,AfriSpeech,28.256,train,bci
AfriSpeech/baoule_bci,"13 Kɛ Simeɔn nin Levi be liɛ’n wieli’n, sran nga Zakɔbu kan ndɛ kleli i’n, yɛle Zida. Kɛ ɔ tili ndɛ nga be si kan kleli i ɲrun kpɛnngbɛn mun’n, atrɛkpa’n i klun titili i kan. Afin i kusu yoli sa tɛtɛ wie mun. Ɔ fɛnnin Sisɛmun i klɔ’n nunfuɛ’m be bo ninnge mun wie. ( Bob. 34:27 ) Ɔ nin i niaan’m be bo yoli kun be yoli Zozɛfu i atɛ kpɛkun be kpɛli be si i gblɛ. ( Bob. 37:31-33 ) I sin’n, ɔ nin Tamaa m’ɔ ti i sewi’n be lali. Afin ɔ buli i kɛ ɔ ti tekle bla.— Bob. 38:15-18 .",Baoulé,AfriSpeech,28.793,train,bci
AfriSpeech/baoule_bci,"?Afɔtuɛ benin yɛ ndɛ nga Zakɔbu kan kleli Ribɛnin’n, ɔ man wɔ-ɔ?",Baoulé,AfriSpeech,5.593,train,bci
AfriSpeech/baoule_bci,"1-2. (1) ?Kɛ Zakɔbu wunnin kɛ ɔ su wa wu’n, ngue yɛ ɔ yoli-ɔ? (2)?Yɛ ngue ti yɛ ɔ yoli sɔ-ɔ? (An nian desɛn ng’ɔ o fluwa’n i bui’n su’n wie.)",Baoulé,AfriSpeech,13.186,train,bci
AfriSpeech/baoule_bci,"?Afɔtuɛ benin yɛ ndɛ nga Zakɔbu kan kleli Simeɔn nin Levi’n, ɔ man wɔ-ɔ?",Baoulé,AfriSpeech,5.376,train,bci
AfriSpeech/baoule_bci,"?Afɔtuɛ benin yɛ ndɛ nga Zakɔbu kan kleli Zida’n, ɔ man wɔ-ɔ?",Baoulé,AfriSpeech,4.726,train,bci
AfriSpeech/baoule_bci,"3. ?Kɛ nga Bo Bolɛ 49:1, 2 fa kan’n sa’n, ngue ti yɛ e kwla se kɛ ndɛ nga Zakɔbu kan kleli i mma mun’n, ɔ ti ndɛ cinnjin-ɔn?",Baoulé,AfriSpeech,13.33,train,bci
AfriSpeech/baoule_bci,"4. ?Sɛ e fa e ɲin e sie i ndɛ nga Zakɔbu kan kleli i mma mun’n su’n, i su ye benin yɛ é ɲɛ́n i-ɔ? (An nian kuku nga be flɛ i kɛ “Zakɔbu i awlobo’n” nun wie.)",Baoulé,AfriSpeech,9.926,train,bci
AfriSpeech/baoule_bci,JUE 124 Maan e yo ndɛnmanfuɛ titi,Baoulé,AfriSpeech,5.549,train,bci
AfriSpeech/baoule_bci,"6. ?Ngue ti yɛ aja like ng’ɔ fata kɛ be fa man ba kpɛn’n, b’a fa manman Ribɛnin-ɔn? ( Bo Bolɛ 49:3, 4 )",Baoulé,AfriSpeech,9.636,train,bci
AfriSpeech/baoule_bci,5. ?Aja like benin yɛ Ribɛnin buli i kɛ i si fá mɛ́n i-ɔ?,Baoulé,AfriSpeech,7.824,train,bci
AfriSpeech/baoule_bci,7. ?Ribɛnin nin i osu’n nunfuɛ’m be su ndɛ benin yɛ e si i-ɔ? (An nian kuku nga be flɛ i kɛ “ Ndɛ nga Ɲanmiɛn maan Zakɔbu kannin’n ” nun wie.),Baoulé,AfriSpeech,7.534,train,bci
AfriSpeech/baoule_bci,8. ?Afɔtuɛ benin yɛ Ribɛnin i su ndɛ’n man e-ɔ?,Baoulé,AfriSpeech,6.677,train,bci
AfriSpeech/baoule_bci,9. ?Ngue ti yɛ Zakɔbu i klun w’a jɔman Simeɔn nin Levi be wun-ɔn? ( Bo Bolɛ 49:5-7 ),Baoulé,AfriSpeech,7.327,train,bci
AfriSpeech/baoule_bci,"10. ?Wafa sɛ yɛ Simeɔn nin Levi be su ndɛ nga Zakɔbu kannin’n, ɔ kpɛnnin su-ɔ? (An nian kuku nga be flɛ i kɛ “ Ndɛ nga Ɲanmiɛn maan Zakɔbu kannin’n ” nun wie.)",Baoulé,AfriSpeech,8.889,train,bci
AfriSpeech/baoule_bci,11. ?Ngue yɛ Simeɔn nin Levi akpasua’n nunfuɛ’m be yoli m’ɔ ti kpa-ɔ?,Baoulé,AfriSpeech,7.371,train,bci
AfriSpeech/baoule_bci,12. ?Afɔtuɛ benin yɛ Simeɔn nin Levi be su ndɛ’n man e-ɔ?,Baoulé,AfriSpeech,6.764,train,bci
AfriSpeech/baoule_bci,"13. ?Kɛ Zida tili ndɛ nga be si kan kleli i ɲrun kpɛnngbɛn mun’n, ngue ti yɛ i klun kwla titi i kan-ɔn?",Baoulé,AfriSpeech,9.366,train,bci
AfriSpeech/baoule_bci,"14. ?Ngue yɛ Zida yoli m’ɔ ti kpa-ɔ? ( Bo Bolɛ 49:8, 9 )",Baoulé,AfriSpeech,5.463,train,bci
AfriSpeech/baoule_bci,16. ?Wafa sɛ yɛ ndɛ ng’ɔ o Bo Bolɛ 49:10 nun’n kpɛnnin su-ɔ? (An nian kuku nga be flɛ i kɛ “ Ndɛ nga Ɲanmiɛn maan Zakɔbu kannin’n ” nun wie.),Baoulé,AfriSpeech,9.279,train,bci
AfriSpeech/baoule_bci,"15. ?Wafa sɛ yɛ Zida i su ndɛ nga Zakɔbu kannin’n, ɔ kpɛnnin su-ɔ?",Baoulé,AfriSpeech,7.198,train,bci
AfriSpeech/baoule_bci,17. ?Wafa sɛ yɛ e kwla nian Zoova i ajalɛ’n su-ɔ?,Baoulé,AfriSpeech,6.59,train,bci
AfriSpeech/baoule_bci,Ndɛ nga Ɲanmiɛn maan Zakɔbu kannin’n,Baoulé,AfriSpeech,3.042,train,bci
AfriSpeech/baoule_bci,18. ?Ngue ti yɛ ɔ ti cinnjin kɛ e tra e awlɛn e minndɛ-ɔ?,Baoulé,AfriSpeech,6.808,train,bci
AfriSpeech/baoule_bci,"19. ?Ngue like yɛ ndɛ kasiɛn nga Zakɔbu kan kleli i mma mun’n, ɔ kle e-ɔ?",Baoulé,AfriSpeech,7.501,train,bci
AfriSpeech/baoule_bci,“A su yoman kpa traman ɔ niaan mun.”— Bob. 49:4 .,Baoulé,AfriSpeech,6.417,train,bci
AfriSpeech/baoule_bci,Ndɛ nga Ɲanmiɛn maan Zakɔbu kannin’n,Baoulé,AfriSpeech,3.381,train,bci
AfriSpeech/baoule_bci,“Maan n fa be naan be bo sanndi Zakɔbu i mɛn’n nun.”— Bob. 49:7 .,Baoulé,AfriSpeech,8.412,train,bci
AfriSpeech/baoule_bci,"Simeɔn akpasua’n nunfuɛ’m be lika liɛ nga be fa mannin be’n, ɔ o Zida akpasua liɛ’n nun.— Zoz. 19:1-8 .",Baoulé,AfriSpeech,10.103,train,bci
AfriSpeech/baoule_bci,“Maan n tru be nun Izraɛli mɛn’n nun.”— Bob. 49:7 .,Baoulé,AfriSpeech,6.808,train,bci
AfriSpeech/baoule_bci,"Levi i akpasua nunfuɛ’m be ɲannin klɔ 48, Izraɛlifuɛ’m be lika’m be nun.— Zoz. 21:41 .",Baoulé,AfriSpeech,19.99,train,bci
AfriSpeech/baoule_bci,Ndɛ nga Ɲanmiɛn maan Zakɔbu kannin’n,Baoulé,AfriSpeech,3.077,train,bci
AfriSpeech/baoule_bci,Zida,Baoulé,AfriSpeech,4.726,train,bci
AfriSpeech/baoule_bci,Zakɔbu la wie bɛ su. Yɛ ɔ su kan ndɛ nga Ɲanmiɛn fa wlɛli i nuan’n kle i wa yasua 12 mun. (An nian ndɛ kpɔlɛ 1-2 nun.),Baoulé,AfriSpeech,9.998,train,bci
AfriSpeech/baoule_bci,“Famiɛn dilɛ kpɔnman’n su jasoman Zida i osu’n nun. […] Ɔ́ ká sɔ lele saan Silo w’a ba.”— Bob. 49:10 .,Baoulé,AfriSpeech,9.236,train,bci
AfriSpeech/baoule_bci,"Zezi m’ɔ fin Zida i osu’n nun’n, ɔ́ yó Ɲanmiɛn Sielɛ’n i su Famiɛn.— Lik. 1:32, 33 .",Baoulé,AfriSpeech,22.115,train,bci
AfriSpeech/baoule_bci,LIKE SUANLƐ 25,Baoulé,AfriSpeech,10.979,train,bci
AfriSpeech/baoule_bci,"Ndɛ kasiɛn nga Ɲanmiɛn maan Zakɔbu kannin’n, ɔ man e afɔtuɛ kpanngban​—Bue 2",Baoulé,AfriSpeech,6.318,train,bci
AfriSpeech/baoule_bci,JUE 96 Ɲanmiɛn i fluwa’n ti like kpa dan,Baoulé,AfriSpeech,5.143,train,bci
AfriSpeech/baoule_bci,“Ɔ boli muae mannin be kunngunngun.” — BOB. 49:28 .,Baoulé,AfriSpeech,9.653,train,bci
AfriSpeech/baoule_bci,"I nun mɔ Zakɔbu la wie bɛ’n su’n, ndɛ nga Ɲanmiɛn maan ɔ kan kleli Zabilɔn, nin Isakaa, nin Dan, nin Gadi, nin Azɛɛ, nin Nɛftali, nin Zozɛfu ɔ nin Bɛnzamɛn’n, ɔ man e afɔtuɛ kpanngban.",Baoulé,AfriSpeech,15.425,train,bci
AfriSpeech/baoule_bci,"9 ?Afɔtuɛ benin yɛ ndɛ sɔ’n man e-ɔ? Sɛ sa kekle o e su naan e kunndɛ kɛ é sú Zoova titi’n, ɔ fata kɛ e fa e wla e guɛ i su. ( Jue. 37:3 ) Andɛ’n aniaan kpanngban be mian be ɲin be suan Ɲanmiɛn sulɛ sua’m be kplanlɛ junman’n i bo. Wie’m be kɔ lika nga be le jasin bofuɛ’m be awuliɛ lɔ kpa’n nun. Wie’m be di junman uflɛ wie mun ekun anuannzɛ’n nun. I sɔ yolɛ’n ɔ timan pɔpɔ manman be. Sanngɛ be yo sɔ afin be lafi su kɛ Zoova nían be lika titi.— Jue. 23:1 .",Baoulé,AfriSpeech,24.902,train,bci
AfriSpeech/baoule_bci,"11 ?Afɔtuɛ benin yɛ ndɛ sɔ’n man e-ɔ? Kɛ ɔ ko yo naan y’a tu e klun y’a su Zoova’n, nán e bu aɲanbeun ninnge mun kɛ mɛn’n nunfuɛ’m be liɛ’n sa. ( Ɲan. 18:11 ) Ɔ fata kɛ e bu sika’n i wun akunndan kɛ ng’ɔ nin i fata’n sa. ( Aku. 7:12; Ebr. 13:5 ) Ɔ fataman kɛ e fa ninnge nga e mianman be wun sakpa’n be kunndɛlɛ’n e cici e ti, naan e ɲin kpa Ɲanmiɛn i sulɛ’n su. Sanngɛ maan Zoova i sulɛ’n yo e cinnjin tra like kwlaa. Afin e si kɛ like nga é wá ɲɛ́n i e ɲrun lɔ’n timan kaan.— Jue. 4:8 .",Baoulé,AfriSpeech,24.392,train,bci
AfriSpeech/baoule_bci,"16 ?Afɔtuɛ benin yɛ ndɛ sɔ’n man e-ɔ? Kɛ sa’m be tɔ e su’n, nán maan e yaci Zoova nin e niaan Klisifuɛ’m be klolɛ. Nán maan e wla fi su kɛ Zoova kwla sin sa nga be tɔ e su’n be lika kle e like. ( Ebr. 12:7 , jnd.) Ɔ kwla kle e aunnvɔɛ silɛ, nin sa yaci cɛlɛ, ɔ nin nzuɛn kpa wie mun ekun. ( Ebr. 12:11 ) Sɛ e tra e awlɛn kɛ nga Zozɛfu fa yoli’n sa’n, Zoova yrá e su wie.",Baoulé,AfriSpeech,20.877,train,bci
AfriSpeech/baoule_bci,"?AFƆTUƐ BENIN YƐ NDƐ NGA ZAKƆBU KAN KLELI I MMA NGA MUN’N, Ɔ MAN E-Ɔ?",Baoulé,AfriSpeech,5.357,train,bci
AfriSpeech/baoule_bci,"19 I nun mɔ Zakɔbu la wie bɛ su’n, ndɛ nga Ɲanmiɛn maan ɔ kannin’n, e kwla ɲan su ye dan. Wafa nga i ndɛ’n kpɛnnin su’n ti’n, e lafi su kpa kɛ ndɛ kwlaa nga Zoova kannin’n ɔ́ kpɛ́n su. Asa’n kɛ e bu wafa nga Zoova yrali Zakɔbu i mma’m be su’n i akunndan’n, e wun like ng’ɔ fata kɛ e yo naan Zoova i klun w’a jɔ e wun’n i wlɛ.",Baoulé,AfriSpeech,19.543,train,bci
AfriSpeech/baoule_bci,Zabilɔn nin Isakaa nin Dan,Baoulé,AfriSpeech,3.103,train,bci
AfriSpeech/baoule_bci,"a Kɛ Zakɔbu yrɛ́ i mma klikli nnan’m be su’n, ɔ boli i bo kpɛnngbɛn’n su lele fa juli kasiɛn’n su. Sanngɛ ba mɔcuɛ onga’m be liɛ’n su’n, w’a yoman sɔ.",Baoulé,AfriSpeech,13.546,train,bci
AfriSpeech/baoule_bci,JUE 128 E tra e awlɛn lele e guɛ i bo,Baoulé,AfriSpeech,5.164,train,bci
AfriSpeech/baoule_bci,1. ?Ngue yɛ é wá kɛ́n i ndɛ like suanlɛ nga nun-ɔn?,Baoulé,AfriSpeech,5.981,train,bci
AfriSpeech/baoule_bci,2. (1) ?Ndɛ benin yɛ Zakɔbu kan kleli Zabilɔn-ɔn? (2) ?Wafa sɛ yɛ ɔ kpɛnnin su-ɔ? ( Bo Bolɛ 49:13 ) (An nian kuku’n nun wie.),Baoulé,AfriSpeech,11.667,train,bci
AfriSpeech/baoule_bci,3. ?Ngue yɛ ɔ kwla uka e naan e ɲin w’a yi like nga e le i’n niɔn?,Baoulé,AfriSpeech,7.476,train,bci
AfriSpeech/baoule_bci,5. ?Ngue ti yɛ ɔ fata kɛ e mian e ɲin e di junman kekle kpa-ɔ?,Baoulé,AfriSpeech,6.365,train,bci
AfriSpeech/baoule_bci,"4. (1) ?Ndɛ benin yɛ Zakɔbu kan kleli Isakaa-ɔ? (2) ?Yɛ wafa sɛ yɛ i ndɛ’n kpɛnnin su-ɔ? ( Bo Bolɛ 49:14, 15 ) (An nian kuku’n nun wie.)",Baoulé,AfriSpeech,11.067,train,bci
AfriSpeech/baoule_bci,"6. ?Junman benin yɛ Dan akpasua’n nunfuɛ’m be dili-ɔ? ( Bo Bolɛ 49:17, 18 ) (An nian kuku’n nun wie.)",Baoulé,AfriSpeech,5.565,train,bci
AfriSpeech/baoule_bci,"7. ?Kɛ e di junman e man Zoova’n, ngue yɛ ɔ fataman kɛ e wla fi su-ɔ?",Baoulé,AfriSpeech,6.785,train,bci
AfriSpeech/baoule_bci,"9. ?Sɛ e fa e wla e gua Zoova su kpa’n, ngue yɛ é mían e ɲin é yó-ɔ?",Baoulé,AfriSpeech,7.673,train,bci
AfriSpeech/baoule_bci,8. ?Ngue ti yɛ Izraɛlifuɛ’m be kpɔfuɛ’m be kwla fa alɛ wlɛ i Gadi akpasua’n nunfuɛ’m be sin blɛ kwlaa nun-ɔn? ( Bo Bolɛ 49:19 ) (An nian kuku’n nun wie.),Baoulé,AfriSpeech,8.413,train,bci
AfriSpeech/baoule_bci,10. ?Ngue yɛ Azɛɛ akpasua’n nunfuɛ’m b’a yoman-ɔn? ( Bo Bolɛ 49:20 ) (An nian kuku’n nun wie.),Baoulé,AfriSpeech,5.509,train,bci
AfriSpeech/baoule_bci,11. ?Ngue ti yɛ ɔ fata kɛ e bu aɲanbeun ninnge’m be wun akunndan kɛ ng’ɔ nin i fata’n sa-ɔ?,Baoulé,AfriSpeech,7.346,train,bci
AfriSpeech/baoule_bci,12. ?Atrɛkpa’n wafa sɛ yɛ ndɛ nga Zakɔbu kan kleli Nɛftali’n ɔ kpɛnnin su-ɔ? ( Bo Bolɛ 49:21 ) (An nian kuku’n nun wie.),Baoulé,AfriSpeech,7.977,train,bci
AfriSpeech/baoule_bci,13. ?É yó sɛ naan ndɛ nga e kan’n w’a yo Zoova liɛ’n su?,Baoulé,AfriSpeech,7.491,train,bci
AfriSpeech/baoule_bci,"14. ?Wafa sɛ yɛ Zozɛfu i su ndɛ nga Zakɔbu kannin’n, ɔ kpɛnnin su-ɔ? ( Bo Bolɛ 49:22, 26 ) (An nian kuku’n nun wie.)",Baoulé,AfriSpeech,6.909,train,bci
AfriSpeech/baoule_bci,15. ?Kɛ be yoli Zozɛfu i tɛ’n ngue yɛ ɔ yoli-ɔ?,Baoulé,AfriSpeech,7.444,train,bci
AfriSpeech/baoule_bci,"16. ?Kɛ sa’m be tɔ e su’n, wafa sɛ yɛ e kwla nian Zozɛfu i ajalɛ’n su-ɔ?",Baoulé,AfriSpeech,7.734,train,bci
AfriSpeech/baoule_bci,17. ?Wafa sɛ yɛ Bɛnzamɛn i su ndɛ nga Zakɔbu kannin’n ɔ kpɛnnin su-ɔ? ( Bo Bolɛ 49:27 ) (An nian kuku’n nun wie.),Baoulé,AfriSpeech,6.837,train,bci
AfriSpeech/baoule_bci,19. ?Zakɔbu i ndɛ ng’ɔ kannin’n i su ye benin yɛ e kwla ɲɛn i-ɔ?,Baoulé,AfriSpeech,6.643,train,bci
AfriSpeech/baoule_bci,18. ?Wafa sɛ yɛ e kwla nian Bɛnzamɛn akpasua’n nunfuɛ’m be ajalɛ’n su-ɔ?,Baoulé,AfriSpeech,7.564,train,bci
AfriSpeech/baoule_bci,“Zabilɔn trán jenvie nuan. [...] I lika’n kɔ́ lele ɔ nin Sidɔn bé já awɛ.”— Bob. 49:13 .,Baoulé,AfriSpeech,8.901,train,bci
AfriSpeech/baoule_bci,Zabilɔn akpasua’n nunfuɛ’m be trannin Galile Jenvie’n nin Mediterane’n be afiɛn nun.— Zoz. 19:10-16 .,Baoulé,AfriSpeech,10.452,train,bci
AfriSpeech/baoule_bci,"“Ɔ́ kɛ́n i wati’n i ase súa trɔ. Yɛ kɛ bé míɛn i kɛ ɔ di junman’n, ɔ́ dí.”— Bob. 49:14, 15 .",Baoulé,AfriSpeech,9.438,train,bci
AfriSpeech/baoule_bci,"Isakaa akpasua’n nunfuɛ’m be ukali be niaan’m be kpa.— Jɔl. 5:15; 1 Fam. 4:1, 7, 17 .",Baoulé,AfriSpeech,10.248,train,bci
AfriSpeech/baoule_bci,“Maan Dan [...] ka nnɛn kpanngɔ’n i ja sin.”— Bob. 49:16-18 .,Baoulé,AfriSpeech,7.685,train,bci
AfriSpeech/baoule_bci,"Kɛ Izraɛlifuɛ’m bé kɔ́ mɛn nga Ɲanmiɛn seli kɛ ɔ́ fá mán be’n nun’n, Dan akpasua’n nunfuɛ’m be kali be kwlaa ‘be sin lɔ be sasali be.’— Kal. 10:25 .",Baoulé,AfriSpeech,10.667,train,bci
AfriSpeech/baoule_bci,“Awiefuɛ’m bé wá tɔ́ i su.”— Bob. 49:19 .,Baoulé,AfriSpeech,5.0,train,bci
AfriSpeech/baoule_bci,"Gadi akpasua’n nunfuɛ’m be wa trannin Zurdɛn nzue’n i wia afiliɛ lɔ lika’n nun. I sɔ’n ti’n, be kpɔfuɛ’m be kwla fa alɛ wla be sin blɛ kwlaa nun.— Zoz. 13:24-28 .",Baoulé,AfriSpeech,13.251,train,bci
AfriSpeech/baoule_bci,“Azɛɛ wá ɲán kpanwun kpanngban kpa.”— Bob. 49:20 .,Baoulé,AfriSpeech,5.188,train,bci
AfriSpeech/baoule_bci,Azɛɛ akpasua’n nunfuɛ’m be ɲannin be wun mɛn nga Ɲanmiɛn fa mannin be’n nun.— Mml. 33:24 .,Baoulé,AfriSpeech,15.64,train,bci
AfriSpeech/baoule_bci,“Ɔ kan ndɛ fɛfɛ mun.”— Bob. 49:21 .,Baoulé,AfriSpeech,4.97,train,bci
AfriSpeech/baoule_bci,Zezi boli jasin fɛ’n Nɛftali akpasua’n su lɔ cɛli kpa.— Mat. 4:13; 9:1 .,Baoulé,AfriSpeech,21.653,train,bci
AfriSpeech/baoule_bci,"Muae’n “ká sran mɔ be fɛli i niaan’m be nun’n, i ti afiɛn.”— Bob. 49:22-26 .",Baoulé,AfriSpeech,9.189,train,bci
AfriSpeech/baoule_bci,"Zozɛfu ɲannin aja like ng’ɔ fata kɛ ba kpɛn’n ɲɛn i’n. Yɛ i wa yasua nɲɔn’m be kacili akpasua klonglo nɲɔn.— Zoz. 14:4; 1 Ɲol. 5:1, 2 .",Baoulé,AfriSpeech,13.626,train,bci
AfriSpeech/baoule_bci,"“Ɔ́ dí i nnɛn mun nglɛmun, kpɛkun ɔ́ cɛ́cɛ́ like ng’ɔ ɲɛnnin i’n nun nnɔsua.”— Bob. 49:27 .",Baoulé,AfriSpeech,8.17,train,bci
AfriSpeech/baoule_bci,LIKE SUANLƐ 26,Baoulé,AfriSpeech,11.282,train,bci
AfriSpeech/baoule_bci,"Kɛ e wunman ninnge wie’m be wlɛ’n, maan e kle kɛ e ti wun ase kanfuɛ",Baoulé,AfriSpeech,5.951,train,bci
AfriSpeech/baoule_bci,JUE 123 Maan e ɲin yi Ɲanmiɛn i ninnge siesielɛ’n,Baoulé,AfriSpeech,6.08,train,bci
AfriSpeech/baoule_bci,“Sran m’ɔ Kwla Like Kwlaa Yo’n i ajalɛ’m be wlɛ wunlɛ tra klɔ sran’m be kpɛn.” — ZƆB. 37:23 .,Baoulé,AfriSpeech,12.798,train,bci
AfriSpeech/baoule_bci,"Kannzɛ e wunman sa nga be ju’n be kwlaa be wlɛ’n, sanngɛ kɛ e fa e ɲin e sie i ninnge nga e si be’n be su mɔ e fa e wla e gua Zoova su’n, e kwla jran kekle.",Baoulé,AfriSpeech,12.782,train,bci
AfriSpeech/baoule_bci,Saili yoli Izraɛli famiɛn klikli’n. ( 1 Sam. 9:15-17 ) I sin’n Ɛstɛɛ nin Maadose be deli Zoova i sran mun.— Ɛst. 2:5-7; 8:3; 10:3 .,Baoulé,AfriSpeech,19.374,train,bci
AfriSpeech/baoule_bci,"WAFA nga Zoova yili e’n ti’n e kwla bu akunndan, e kwla si sa, e kwla wun sa wlɛ, yɛ e kwla yo ninnge mun ngwlɛlɛ su. ?Ngue ti yɛ Zoova yili e sɔ-ɔ? Ɔ yili e sɔ naan y’a ‘kwla si i’ naan y’a fa ngwlɛlɛ nga e si i’n y’a su i.— Ɲan. 2:1-5; Rɔm. 12:1 .",Baoulé,AfriSpeech,25.693,train,bci
AfriSpeech/baoule_bci,E SIMAN CƐN NGA MƐN’N WÍE’N,Baoulé,AfriSpeech,4.854,train,bci
AfriSpeech/baoule_bci,"3 Like suanlɛ nga nun’n, é wá fá e ɲin é síe i sa wie mɔ e siman be’n, ɔ nin wafa nga i sɔ liɛ’n kwla kle e yalɛ kan’n be su. Asa’n é wá wún kɛ, kɛ e siman sa wie mun’n ɔ ti kpa man e. Ndɛ sɔ’m bé yó maan é láfi su kpa kɛ Zoova m’ɔ “si like kwlaa kpan’n,” ɔ kle e like ng’ɔ ti cinnjin man e m’ɔ fata kɛ e si i’n.— Zɔb. 37:16 .",Baoulé,AfriSpeech,28.597,train,bci
AfriSpeech/baoule_bci,E SIMAN LIKE NGA ZOOVA KWLA YO’N,Baoulé,AfriSpeech,4.113,train,bci
AfriSpeech/baoule_bci,"11 E si kɛ Zoova klo sran, ɔ yo sa i nuan su, yɛ ɔ ti ngwlɛlɛfuɛ. Asa’n e si kɛ like nga e yo e man Zoova nin e wiengu Klisifuɛ mun’n, ɔ bu i like dan. Yɛ e si kɛ be kwlaa nga be nin i be nanti klanman’n ɔ yra be su titi.— Ebr. 11:6 .",Baoulé,AfriSpeech,18.045,train,bci
AfriSpeech/baoule_bci,"13 Kɛ mɔ e siman sa ng’ɔ́ jú ainman’n ti’n, e awlɛn tralɛ kwla yo kekle. Afin e klun kwla titi e, e kwla koko, yɛ e su diman aklunjɔɛ. Sa wie mɔ y’a sunnzunman’n ɔ kwla ka lɛ tɔ e su, yɛ i sɔ’n ti’n e wla kwla bo e wun mlɔnmlɔn. Yɛ sɛ like nga e sunnzunnin’n w’a yoman ye’n, e wla kwla bo e wun yɛ e sa sin kwla bubu e.— Ɲan. 13:12 .",Baoulé,AfriSpeech,24.13,train,bci
AfriSpeech/baoule_bci,WAFA NGA ZOOVA SI E’N E BƆBƆ E KWLÁ WUNMƐN I WLƐ KPA SA,Baoulé,AfriSpeech,6.251,train,bci
AfriSpeech/baoule_bci,"?Kɛ e siman cɛn nga mɛn’n wíe’n, ngue ti yɛ i sɔ’n ti kpa man e-ɔ?",Baoulé,AfriSpeech,6.238,train,bci
AfriSpeech/baoule_bci,"?Kɛ e siman sa ng’ɔ́ jú ainman’n, ngue ti yɛ i sɔ’n ti kpa man e-ɔ?",Baoulé,AfriSpeech,5.989,train,bci
AfriSpeech/baoule_bci,"?Kɛ e wun i wlɛ kɛ Zoova si e kpa’n, ngue ti yɛ i sɔ’n ti kpa man e-ɔ?",Baoulé,AfriSpeech,6.203,train,bci
AfriSpeech/baoule_bci,"1. (1) ?Wafa nga Zoova yili e’n ti’n, ngue yɛ e kwla yo-ɔ? (2) ?Ngue ti yɛ ɔ yili e sɔ-ɔ?",Baoulé,AfriSpeech,12.874,train,bci
AfriSpeech/baoule_bci,"a Zezi yɛ ɔ́ dún anzi’m be ɲrun mmua yɛ be nin Satan i mɛn tɛ nga bé kún-ɔn. Ɔ maan e kwla se kɛ dɔ nga su’n, ɔ si cɛn nga Aamagedɔn alɛ’n jú’n m’ɔ́ ‘kwlɛ́’ i kpɔfuɛ mun’n.— Ngl. 6:2; 19:11-16 .",Baoulé,AfriSpeech,22.819,train,bci
AfriSpeech/baoule_bci,JUE 104 Ɲanmiɛn fɛ i wawɛ’n man e,Baoulé,AfriSpeech,5.141,train,bci
AfriSpeech/baoule_bci,"2. (1) ?Ngue yɛ ɔ fata kɛ e wun i wlɛ-ɔ? ( Zɔb. 37:23, 24 ) (An nian desɛn’n wie.) (2) ?Ngue ti yɛ sɛ e wun i wlɛ kɛ nán ninnge ngba yɛ e si i’n, ɔ ti kpa-ɔ?",Baoulé,AfriSpeech,15.051,train,bci
AfriSpeech/baoule_bci,3. ?Ngue yɛ é wá kɛ́n i ndɛ like suanlɛ nga nun-ɔn?,Baoulé,AfriSpeech,7.142,train,bci
AfriSpeech/baoule_bci,"4. ?Kɛ nga Matie 24:36 fa kan’n sa’n, ngue yɛ e simɛn i-ɔ?",Baoulé,AfriSpeech,10.504,train,bci
AfriSpeech/baoule_bci,"5. ?Kɛ e siman cɛn nga mɛn’n wíe’n, wafa sɛ yɛ i sɔ’n kwla yo e-ɔ?",Baoulé,AfriSpeech,7.9,train,bci
AfriSpeech/baoule_bci,"6. ?Kɛ e siman cɛn nga mɛn’n wíe’n, ngue ti yɛ i sɔ’n ti kpa-ɔ?",Baoulé,AfriSpeech,7.761,train,bci
AfriSpeech/baoule_bci,7. ?Ngue yɛ e si i-ɔ?,Baoulé,AfriSpeech,5.042,train,bci
AfriSpeech/baoule_bci,8. ?Ngue yɛle ‘junman nga Ɲanmiɛn Kpli di’n’? ( Akunndanfuɛ’n 11:5 ),Baoulé,AfriSpeech,6.426,train,bci
AfriSpeech/baoule_bci,"9. ?Kɛ e siman like trele nga Zoova wá yó fá úka e’n ti’n, i sɔ’n kwla yo e sɛ?",Baoulé,AfriSpeech,8.576,train,bci
AfriSpeech/baoule_bci,"10. ?Kɛ e siman like trele nga Zoova wá yó’n, wafa sɛ yɛ i sɔ’n uka e-ɔ?",Baoulé,AfriSpeech,8.421,train,bci
AfriSpeech/baoule_bci,11. ?Like cinnjin benin yɛ e si i-ɔ?,Baoulé,AfriSpeech,6.003,train,bci
AfriSpeech/baoule_bci,"13. ?Kɛ mɔ e siman sa ng’ɔ́ jú ainman’n ti’n, wafa sɛ yɛ i sɔ’n kwla yo e-ɔ?",Baoulé,AfriSpeech,8.714,train,bci
AfriSpeech/baoule_bci,"12. ?Kɛ nga Zaki 4:13, 14 fa kan’n sa’n, ngue yɛ e simɛn i-ɔ?",Baoulé,AfriSpeech,9.785,train,bci
AfriSpeech/baoule_bci,14. ?Ngue yɛ maan e kwla di aklunjɔɛ’n i kpafuɛ’n niɔn? (An nian foto mun wie.),Baoulé,AfriSpeech,7.264,train,bci
AfriSpeech/baoule_bci,15. ?Ngue yɛ e si i-ɔ?,Baoulé,AfriSpeech,5.264,train,bci
AfriSpeech/baoule_bci,"16. (1) ?Kɛ nga Jue Mun 139:1-6 fa kan’n sa’n, ngue yɛ Zoova si i-ɔ? (2) Yɛ i sɔ’n yo wɔ sɛ?",Baoulé,AfriSpeech,16.1,train,bci
AfriSpeech/baoule_bci,"17. ?Ngue ti yɛ wie liɛ’n kɛ ɔ yo naan e lafi su kɛ Zoova si e kpa’n, ɔ kwla yo kekle man e-ɔ?",Baoulé,AfriSpeech,9.932,train,bci
AfriSpeech/baoule_bci,"18. ?Kɛ e wun i wlɛ kɛ Zoova si e kpa tra wafa nga e si e bɔbɔ e wun’n, i su ye benin yɛ e ɲɛn i-ɔ? (An nian foto’n nin desɛn’n wie.)",Baoulé,AfriSpeech,10.875,train,bci
AfriSpeech/baoule_bci,19. ?Zoova i su ndɛ benin yɛ e si i-ɔ?,Baoulé,AfriSpeech,5.939,train,bci
AfriSpeech/baoule_bci,"Kɛ e wun wlɛ kɛ e siman ninnge wie mun’n, e kwla ɲan su ye kɛ Zɔbu liɛ’n sa. (An nian ndɛ kpɔlɛ 2 nun.)",Baoulé,AfriSpeech,10.512,train,bci
AfriSpeech/baoule_bci,20. ?Ngue yɛ ɔ fata kɛ ɔ tran e klun naan y’a kokoman ngbɛn-ɔn?,Baoulé,AfriSpeech,6.994,train,bci
AfriSpeech/baoule_bci,"Kɛ e lo e wun man Zoova naan ɔ kle e atin’n mɔ e fa atin ng’ɔ kle e’n su’n, i sɔ’n sasa e. (An nian ndɛ kpɔlɛ 14-15 nun.) b",Baoulé,AfriSpeech,10.452,train,bci
AfriSpeech/baoule_bci,"b FOTO’N NG’Ɔ O I BUE 17 SU’N: Siɛ kun nin i wa be su fa ninnge wie mun sie i pata kun nun naan sɛ sa wie fu be nun’n, b’a kwla fa wanndi ndɛndɛ.",Baoulé,AfriSpeech,10.438,train,bci
AfriSpeech/baoule_bci,Zoova uka e naan y’a fa e wla y’a guɛ i ninnge ng’ɔ seli kɛ ɔ́ fá mán e’n be su kpa. I sɔ’n yo maan e kwla jran sa nga y’a sunnzunman mɔ be tɔ e su’n be ɲrun kekle. ( An nian ndɛ kpɔlɛ 18-19 nun.) c,Baoulé,AfriSpeech,15.731,train,bci
AfriSpeech/baoule_bci,Uka Biblu’n nun like suanfuɛ’n naan ɔ fa ajalɛ kɛ ɔ́ sú Zoova,Baoulé,AfriSpeech,5.176,train,bci
AfriSpeech/baoule_bci,LIKE SUANLƐ 27,Baoulé,AfriSpeech,9.375,train,bci
AfriSpeech/baoule_bci,JUE 79 Uka be maan be jran kekle,Baoulé,AfriSpeech,3.857,train,bci
AfriSpeech/baoule_bci,"“Amun lafi Ɲanmiɛn su kpa titi, [ ... ] yɛ maan amun awlɛn’n sɔ.” — 1 KOR. 16:13 .",Baoulé,AfriSpeech,10.147,train,bci
AfriSpeech/baoule_bci,"c DESƐN’N NIN FOTO’N BE SU NDƐ’N: Aniaan kun mɔ sa’m be o i su’n, ɔ su bu aklunjɔɛ nga é wá dí i mɛn uflɛ’n nun lɔ’n i akunndan.",Baoulé,AfriSpeech,10.291,train,bci
AfriSpeech/baoule_bci,Wafa nga e kwla uka Biblu’n nun like suanfuɛ mun naan b’a lafi Zoova su kpa naan b’a yo yakpafuɛ’n naan b’a fa ajalɛ kɛ bé sú Zoova’n.,Baoulé,AfriSpeech,8.791,train,bci
AfriSpeech/baoule_bci,UKƐ I NAAN Ɔ SI NINNGE NGA BE TƐNNDƐN I ƝRUN’N,Baoulé,AfriSpeech,3.656,train,bci
AfriSpeech/baoule_bci,"?NINNGE wie’m be ti’n, a sisili ɔ bo naan w’a kaci Zoova i Lalofuɛ? Atrɛkpa’n a buli i kɛ sɛ a kaci Zoova i Lalofuɛ’n, ɔ wiengu junman difuɛ mun, annzɛ ɔ janvuɛ mun, annzɛ ɔ osufuɛ’m be nin wɔ su diman kun. Atrɛkpa kusu’n, a buli i kɛ a su kwlá nianman Ɲanmiɛn mmla’m be su nantiman. Sɛ ɔ ti sɔ’n, a kwla wun sa nga ti yɛ be nga e kle be Biblu’n nun like’n, be nun wie’m be te sisi be bo naan b’a fa ajalɛ kɛ bé sú Zoova’n i wlɛ.",Baoulé,AfriSpeech,26.231,train,bci
AfriSpeech/baoule_bci,"3 Nikodɛmun ti Zifu’m be kpɛnngbɛn dan kun. Kɛ Zezi boli jasin fɛ’n i bolɛ bo m’ɔ dili anglo kɔe nsiɛn cɛ’n, Nikodɛmun wunnin i wlɛ kɛ Ɲanmiɛn yɛ ɔ sunmannin Zezi sakpa-ɔ. ( Zan 3: 1, 2 ) Sanngɛ kɛ ɔ yo naan ɔ kaci Zezi i sɔnnzɔnfuɛ’n, ɔ yoli kekle. “Ɔ sro Zifu mun” ti’n, ɔ fiali yɛ ɔ ko wunnin i wun-ɔn. ( Zan 7:13; 12:42 ) Atrɛkpa’n, ɔ seli i wun kɛ sɛ ɔ kaci Zezi i sɔnnzɔnfuɛ’n like dan fí i sa. a",Baoulé,AfriSpeech,27.305,train,bci
AfriSpeech/baoule_bci,UKƐ I NAAN Ɔ KLO ZOOVA TANKAAN KPA,Baoulé,AfriSpeech,3.422,train,bci
AfriSpeech/baoule_bci,"8 Kɛ á klé sran kun i Biblu’n nun like’n, fɛ i ɲin sie i Zoova i nzuɛn’m be su. I sɔ’n úkɛ i naan w’a klo i tankaan kpa. Blɛ kwlaa nga a kle i like’n, ukɛ i naan ɔ wun wafa nga klolɛ mɔ Zoova klo e’n, i ɲin fite like nga a su kle i’n nun’n. Kɛ amún kókó e ti kpɔlɛ tɛ’n i su yalɛ’n, ukɛ i naan ɔ wun i wlɛ weiin kɛ i bɔbɔ i liɛ wie ti yɛ be yili tɛ sɔ’n niɔn. ( Rɔm. 5:8; 1 Zan 4:10 ) Sɛ i bɔbɔ wun i wlɛ kɛ Zoova klo i’n, i sɔ’n kwla ukɛ i naan w’a klo i wie.— Gal. 2:20 .",Baoulé,AfriSpeech,29.806,train,bci
AfriSpeech/baoule_bci,UKƐ I NAAN ZOOVA I SULƐ’N YO I CINNJIN TRA LIKE KWLAA,Baoulé,AfriSpeech,4.364,train,bci
AfriSpeech/baoule_bci,UKƐ I NAAN Ɔ JRAN SA NGA BE TƐNNDƐN I ƝRUN’N BE ƝRUN KEKLE,Baoulé,AfriSpeech,4.567,train,bci
AfriSpeech/baoule_bci,"13 Zezi seli i sɔnnzɔnfuɛ’m be kpɛ sunman kɛ sran’m bé wá tánndan be ɲrun, naan be osufuɛ mun bɔbɔ be kwla yo sɔ wie. ( Mat. 5:11; 10:22, 36 ) Kɛ ɔ ka kan bé wá kún i’n, ɔ seli i sɔnnzɔnfuɛ’m be kɛ be kwla kun be, wafa nga be su Ɲanmiɛn’n ti. ( Mat. 24:9; Zan 15:20; 16:2 ) Ɔ seli be kɛ, kɛ bé bó jasin fɛ’n, maan be nian be wun su. I wie yɛle kɛ, maan be yo ninnge mun ngwlɛlɛ su, yɛ nán be nin be nga be tanndan be ɲrun’n be si akplowa. I liɛ’n bé kwlá bó jasin fɛ’n titi.",Baoulé,AfriSpeech,26.713,train,bci
AfriSpeech/baoule_bci,"15 Sɛ sran nga a kle i Biblu’n nun like’n, i osufuɛ’m be tɛnndɛn i ɲrun’n, ukɛ i naan ɔ bu sa nga ti yɛ be yo sɔ’n i akunndan. Atrɛkpa’n, be bu i kɛ Zoova i Lalofuɛ’m be su lɛkɛ i, annzɛ be buman Zoova i Lalofuɛ’m be wun akunndan kpa. Zezi bɔbɔ’n i osufuɛ’m be tɛnndɛnnin i ɲrun. ( Mar. 3:21; Zan 7:5 ) Kle sran nga a kle i like’n kɛ maan ɔ trɛ i awlɛn i osufuɛ mun nin sran onga’m be wun titi, yɛ ɔ kan ndɛ kle be amanniɛn su.",Baoulé,AfriSpeech,24.627,train,bci
AfriSpeech/baoule_bci,?WAFA SƐ YƐ E KWLA UKA BIBLU’N NUN LIKE SUANFUƐ’N NAAN ...,Baoulé,AfriSpeech,4.077,train,bci
AfriSpeech/baoule_bci,Zoova i sulɛ’n w’a yo i cinnjin w’a tra like kwlaa-ɔ?,Baoulé,AfriSpeech,3.405,train,bci
AfriSpeech/baoule_bci,"a Kɛ Nikodɛmun ko wunnin Zezi wun mɔ afuɛ nɲɔn nin sin fá sin’n, nn Nikodɛmun te o Zifu’m be jɔlɛ difuɛ dandan’m be nun. ( Zan 7:45-52 ) Fluwa kun seli kɛ, kɛ Zezi wuli’n yɛ Nikodɛmun kacili i sɔnnzɔnfuɛ-ɔ.— Zan 19:38-40 .",Baoulé,AfriSpeech,14.709,train,bci
AfriSpeech/baoule_bci,1-2. (1) ?Ngue ti yɛ Biblu’n nun like suanfuɛ wie’m be sisi be bo naan b’a su Ɲanmiɛn-ɔn? (2) ?Ngue yɛ é wá wún i like suanlɛ nga nun-ɔn?,Baoulé,AfriSpeech,14.348,train,bci
AfriSpeech/baoule_bci,"3. ?Ngue ti yɛ kɛ ɔ yo naan Nikodɛmun kaci Zezi i sɔnnzɔnfuɛ’n, ɔ yoli kekle mɛnnin i-ɔ?",Baoulé,AfriSpeech,7.139,train,bci
AfriSpeech/baoule_bci,4. ?Wafa sɛ yɛ Zezi ukali Nikodɛmun naan w’a wun like nga Zoova kunndɛ kɛ ɔ yo’n i wlɛ-ɔ?,Baoulé,AfriSpeech,8.785,train,bci
AfriSpeech/baoule_bci,JUE 55 Nán an sro be!,Baoulé,AfriSpeech,3.207,train,bci
AfriSpeech/baoule_bci,5. ?Wafa sɛ yɛ e kwla uka Biblu’n nun like suanfuɛ kun naan w’a wun ninnge nga be tɛnndɛn i ɲrun’n i wlɛ-ɔ?,Baoulé,AfriSpeech,8.774,train,bci
AfriSpeech/baoule_bci,"6. ?Wafa sɛ yɛ e kwla uka be nga e kle be Biblu’n nun like’n, naan b’a nian like nga e kle be’n su b’a nanti-ɔ? ( 1 Korɛntifuɛ Mun 16:13 )",Baoulé,AfriSpeech,7.969,train,bci
AfriSpeech/baoule_bci,7. ?Wafa sɛ yɛ Zezi ukɛli i sɔnnzɔnfuɛ mun naan b’a klo Zoova kpa b’a tra laa-ɔ?,Baoulé,AfriSpeech,7.567,train,bci
AfriSpeech/baoule_bci,9. ?Ngue yɛ ɔ ukali Maikɔlu naan w’a kaci i nzuɛn’n niɔn?,Baoulé,AfriSpeech,5.711,train,bci
AfriSpeech/baoule_bci,8. ?Wafa sɛ yɛ e kwla uka sran nga e kle i Biblu’n nun like’n naan w’a klo Zoova tankaan kpa-ɔ?,Baoulé,AfriSpeech,7.887,train,bci
AfriSpeech/baoule_bci,10. ?Wafa sɛ yɛ Zezi ukɛli i sɔnnzɔnfuɛ mun naan Ɲanmiɛn sulɛ’n w’a yo be cinnjin w’a tra like kwlaa-ɔ? ( Liki 5:5-11 ) (An nian desɛn’n wie.),Baoulé,AfriSpeech,8.559,train,bci
AfriSpeech/baoule_bci,11. ?Wafa sɛ yɛ e kwla wla Biblu’n nun like suanfuɛ’n i fanngan naan w’a lafi Ɲanmiɛn su kpa-ɔ?,Baoulé,AfriSpeech,7.81,train,bci
AfriSpeech/baoule_bci,"12. (1) ?Kɛ é kó klé sran kun i Biblu’n nun like’n, ngue ti yɛ ɔ fata kɛ e nin aniaan fanunfanun e wɔ-ɔ? (2) ?Wafa sɛ yɛ e kwla fa e video mun e uka be nga e kle be Biblu’n nun like’n niɔn?",Baoulé,AfriSpeech,15.565,train,bci
AfriSpeech/baoule_bci,13. ?Wafa sɛ yɛ Zezi ukɛli i sɔnnzɔnfuɛ mun naan sɛ be tanndan be ɲrun’n b’a kwla jran kekle-ɔ?,Baoulé,AfriSpeech,7.483,train,bci
AfriSpeech/baoule_bci,14. ?Wafa sɛ yɛ e kwla uka sran nga e kle i Biblu’n nun like’n naan kɛ bé wá tɛ́nndɛn i ɲrun’n w’a kwla jran kekle-ɔ? ( 2 Timote 3:12 ),Baoulé,AfriSpeech,8.906,train,bci
AfriSpeech/baoule_bci,15. ?Wafa sɛ yɛ e kwla uka Biblu’n nun like suanfuɛ kun mɔ i osufuɛ’m be tɛnndɛn i ɲrun’n niɔn?,Baoulé,AfriSpeech,7.198,train,bci
AfriSpeech/baoule_bci,17. ?Wafa sɛ yɛ a kwla uka like suanfuɛ’n naan w’a kwla tɛ Zoova i Lalofuɛ’m be su kosan nga sran’m be usa’n be su-ɔ? (An nian foto’n wie.),Baoulé,AfriSpeech,9.289,train,bci
AfriSpeech/baoule_bci,16. ?Wafa sɛ yɛ e kwla uka Biblu’n nun like suanfuɛ kun naan w’a kan Biblu’n nun ndɛ ng’ɔ si i’n i ndɛ amanniɛn su-ɔ?,Baoulé,AfriSpeech,9.135,train,bci
AfriSpeech/baoule_bci,18. ?Wafa sɛ yɛ a kwla uka like suanfuɛ’n naan w’a kunndɛ kɛ ɔ́ bó jasin fɛ’n i bolɛ bo-ɔ? ( Matie 10:27 ),Baoulé,AfriSpeech,8.129,train,bci
AfriSpeech/baoule_bci,19. (1) ?Wafa sɛ yɛ Zezi kleli kɛ ɔ lafi i sɔnnzɔnfuɛ’m be su-ɔ? (2) ?Wafa sɛ yɛ e kwla niɛn i ajalɛ’n su-ɔ?,Baoulé,AfriSpeech,12.243,train,bci
AfriSpeech/baoule_bci,"?Ngue yɛ wafa nga Zezi ukɛli i sɔnnzɔnfuɛ mun naan Zoova i sulɛ’n w’a yo be cinnjin w’a tra like kwlaa’n, ɔ kle e-ɔ? (An nian ndɛ kpɔlɛ 10 nun.) b",Baoulé,AfriSpeech,9.198,train,bci
AfriSpeech/baoule_bci,21. ?Wafa sɛ yɛ e kwla uka like suanfuɛ’n naan w’a fa ajalɛ kɛ ɔ́ sú Zoova-ɔ?,Baoulé,AfriSpeech,7.68,train,bci
AfriSpeech/baoule_bci,"20. ?Wafa sɛ yɛ aniaan bla kun m’ɔ tran Malawi’n, ɔ kleli kɛ ɔ lafi sran ng’ɔ kle i Biblu’n nun like’n su-ɔ?",Baoulé,AfriSpeech,8.674,train,bci
AfriSpeech/baoule_bci,"b FOTO NIN DESƐN’M BE SU NDƐ’N.: Piɛli nin i wiengu’m be yacili jue tralɛ, be suli Zezi su.",Baoulé,AfriSpeech,5.471,train,bci
AfriSpeech/baoule_bci,Kle Biblu’n nun like suanfuɛ’n wafa ng’ɔ kwla bo jasin fɛ’n kle sran mun’n. (An nian ndɛ kpɔlɛ 17 nun.) c,Baoulé,AfriSpeech,5.899,train,bci
AfriSpeech/baoule_bci,Lele nin andɛ’n e Like Klefuɛ Dan’n te kle e like,Baoulé,AfriSpeech,3.971,train,bci
AfriSpeech/baoule_bci,c FOTO’N I SU NDƐ’N: Aniaan bla kun su uka Biblu’n nun like suanfuɛ’n naan w’a kwla bo jasin fɛ’n.,Baoulé,AfriSpeech,6.101,train,bci
AfriSpeech/baoule_bci,E SI NIN E NIN BE KLELI E AJALƐ KPA,Baoulé,AfriSpeech,3.211,train,bci
AfriSpeech/baoule_bci,"Ajalɛ kpa mɔ e si nin e nin be kleli e’n, ɔ yo min fɛ dan. Be ajalɛ’n kleli min like cinnjin kpa kun. Yɛle kɛ sɛ Zoova i sulɛ’n yo min cinnjin tra like kwlaa’n, ɔ́ nían min lika.— Mat. 6:33 .",Baoulé,AfriSpeech,11.925,train,bci
AfriSpeech/baoule_bci,KƐ N BOLI BLƐ KWLAA NUN ƝANMIƐN JUNMAN’N I DILƐ BO’N,Baoulé,AfriSpeech,3.604,train,bci
AfriSpeech/baoule_bci,"Afuɛ 1980 nun’n, n jali aniaan bla kun mɔ be flɛ i kɛ Debi’n. Ɔ ti klanman yɛ Zoova i sulɛ’n ti i cinnjin kpa. E kunndɛli kɛ é dí blɛ kwlaa nun Ɲanmiɛn junman’n. Kɛ e jali mɔ e dili anglo nsan’n Debi kacili atin bofuɛ. Kɛ e jali mɔ e dili afuɛ kun’n, e ɔli asɔnun bo kun mɔ be le jasin bofuɛ’m be awuliɛ lɔ’n nun. Yɛ n kusu n kacili atin bofuɛ wie.",Baoulé,AfriSpeech,25.909,train,bci
AfriSpeech/baoule_bci,"Kpɛ klikli nga é dí atin bofuɛ’m be suklu’n, be nga be kleli e like’n, be nun sunman be yoli ngaliɛ difuɛ nvle uflɛ nun. Be fali foto wie’m be kleli e. Yɛ be kannin sa nga be tɔli be su’n, nin wafa nga Zoova yrali be su’n be ndɛ kleli e. I sɔ’n yoli e fɛ dan ti’n, e kunndɛli kɛ é yó ngaliɛ difuɛ wie.",Baoulé,AfriSpeech,20.311,train,bci
AfriSpeech/baoule_bci,BE FALI E ƆLI ABLOKI NIN SRAN BLE MƐN’N NUN,Baoulé,AfriSpeech,3.508,train,bci
AfriSpeech/baoule_bci,"Be fali e ɔli Gannan lɔ kan. Kɛ lika’n tɔli fɔun kan Kɔdivua lɔ’n, e sali e sin lɔ. Ukalɛ mɔ aniaan’m be ukali e’n ti’n, kɛ lika’n jrannin kekle mɔ bé fá e elikɔputɛli nun bé kɔ́’n, ɔ nin kɛ be mannin e junman wie mun blɛ sɔ’n nun’n, e kwla trali e awlɛn. E nin min yi e si kɛ klolɛ’n ti Zoova i anuannzɛ’n nunfuɛ’m be nzuɛn, sanngɛ y’a minndɛman kɛ be yo sɔ be man e. I kpa bɔbɔ’n, e wa wunnin i wlɛ kɛ blɛ kekle sɔ’n kleli e ngwlɛlɛ wie.",Baoulé,AfriSpeech,29.025,train,bci
AfriSpeech/baoule_bci,"Afuɛ 2012 nun’n, be yoli aɲia dan kun Izraɛli lɔ klɔ nga be flɛ i Tɛli Avivu’n su. E ɔli i bo wie. Kɛ afuɛ 33 Pantekɔtu nun’n sran kpanngban kpa be yoli aɲia dan kun lika sɔ’n nun lɔ’n, aɲia dan nga Zoova i sufuɛ’m bé yó i lɔ ekun’n yɛle ngalɛ’n. Nanwlɛ, e wla su fiman aɲia sɔ’n su le.",Baoulé,AfriSpeech,19.527,train,bci
AfriSpeech/baoule_bci,"Blɛ sɔ’n nun’n, be seli e kɛ e ko nian aniaan wie mɔ be o nvle kun mɔ be tanninnin e jasin fɛ bolɛ lɔ’n, be osu. Kɛ é kɔ́’n e fali e fluwa wie mun. E nin aniaan mun e boli jasin fɛ’n, yɛ e trannin akpasua kun aɲia’m be bo. Sonja’m be o lika kwlaa nun, ɔ nin be alɛ kunlɛ ninnge mun. Kɛ e nin jasin bofuɛ kan nga be o lɔ’n, é kɔ́ lika’n e nian e wun su kpa. I sɔ’n ti’n, sa yaya w’a ɲanman e.",Baoulé,AfriSpeech,24.692,train,bci
AfriSpeech/baoule_bci,"Like nga min si nin min nin be kleli min’n, ɔ nin wafa nga min yi Debi suannin min bo’n, ɔ nin ajalɛ kpa nga e niaan mɔ be o mɛn wunmuan’n nun’n be kleli e’n, min wla su fiman su le. Kɛ e bu e ɲrun lɔ liɛ’n i akunndan’n, e fua kpa kɛ é ló e wun mán e Like Klefuɛ Dan’n naan ɔ kle e like tititi.",Baoulé,AfriSpeech,22.752,train,bci
AfriSpeech/baoule_bci,"E nin e awlofuɛ mun, afuɛ kɔe 1966 nun.",Baoulé,AfriSpeech,6.254,train,bci
AfriSpeech/baoule_bci,"Cɛn nga e jali’n, afuɛ 1980 nun.",Baoulé,AfriSpeech,4.946,train,bci
AfriSpeech/baoule_bci,"E o Kolɔnbi Blitaniki lɔ Ɲanmiɛn Sielɛ sua kun nun, afuɛ 1983 nun.",Baoulé,AfriSpeech,7.947,train,bci
AfriSpeech/baoule_bci,(Fama su) Jaki Rɛdifɔdu,Baoulé,AfriSpeech,8.833,train,bci
AfriSpeech/baoule_bci,"E o Aiti, afuɛ 1988 nun.",Baoulé,AfriSpeech,5.4,train,bci
AfriSpeech/baoule_bci,"N su di junman Slovenin lɔ, afuɛ 1994 nun.",Baoulé,AfriSpeech,6.52,train,bci
AfriSpeech/baoule_bci,Ɔ su wla aniaan wie mɔ be wanndi bali Kɔdivua be fanngan afuɛ 2005 nun.,Baoulé,AfriSpeech,7.878,train,bci
AfriSpeech/baoule_bci,"E o Muayɛn Orian, afuɛ 2007 nun.",Baoulé,AfriSpeech,5.267,train,bci
AfriSpeech/baoule_bci,"N su siesie min wun naan m’an ijɔ nzra nun, Kɔnngo, 2014.",Baoulé,AfriSpeech,7.649,train,bci
AfriSpeech/baoule_bci,Like nga a kwla yo naan ɔ wla w’a kpɛn Biblu’n nun ndɛ mma’m be su’n,Baoulé,AfriSpeech,5.059,train,bci
AfriSpeech/baoule_bci,"JW Library ® kwla uka wɔ. Kpɛ lika kun mɔ a kwla flɛ i kɛ “Biblu’n nun ndɛ mma nga be yo min fɛ kpa’n” i ba, JW Library i lika nga be flɛ i kɛ “Étude individuelle” nun. I liɛ’n, kɛ á kánngan Biblu’n nun mɔ a wun ndɛ mma kun m’ɔ yo ɔ fɛ mɔ a kunndɛ kɛ ɔ wla kpɛn su’n, a kwla sie i lɔ.",Baoulé,AfriSpeech,21.736,train,bci
AfriSpeech/baoule_bci,"Biblu’n nun ndɛ mma wie’m be o lɛ’n, e klo be kpa. Wie liɛ’n, ndɛ mma sɔ’m be fɔnvɔ e kpa, annzɛ kusu kɛ akunndan tɛ wie ba e ti nun’n, be uka e naan y’a kwla jran kekle. Annzɛ kusu e kunndɛ kɛ é fá ndɛ mma sɔ mun é úka e wiengu mun. ( Jue. 119:11, 111 ) Sanngɛ ɔ ju wie’n, kɛ ɔ yo naan e wla kpɛn ndɛ mma sɔ’m be su’n, ɔ ti kekle. ?Ɔ maan ngue yɛ ɔ kwla uka e naan e wla w’a kpɛn be su-ɔ?",Baoulé,AfriSpeech,27.025,train,bci
AfriSpeech/baoule_bci,"N su bo jasin Afriki di Sidi, afuɛ 2023 nun.",Baoulé,AfriSpeech,6.002,train,bci
AfriSpeech/baoule_bci,"Klɛ Biblu’n nun ndɛ mma’n naan fa tɛ i lika kun mɔ a kwla wun i titi’n. Sran wie’m be klɛ sie i be niannun’n i wun lɛ. Wie’m be klɛ sie i be flizidɛli’n i anuan’n su. Sran wie’m be liɛ’n, be ci Biblu’n nun ndɛ mma’n i foto, kpɛkun be fa sie i be ɔɔdinatɛli annzɛ be pɔɔtablu’n su naan kɛ be sɔ i nuan cɛ’n, b’a kwla wun i.",Baoulé,AfriSpeech,21.562,train,bci
AfriSpeech/baoule_bci,"Klɛ Biblu’n nun ndɛ mma’n fluwa kanngan wie’m be su. Klɛ lika nga Biblu’n nun ndɛ mma sɔ’n o’n fluwa’n i bue kun su, yɛ klɛ ndɛ bɔbɔ ba’n, i bue uflɛ su. I sin’n, nian fluwa’n i bue nga a klɛli lika nga ndɛ mma o’n su’n, naan ɔ wla kpɛn ndɛ bɔbɔ ba’n su. Annzɛ niɛn i bue nga a klɛli ndɛ mma bɔbɔ ba’n su’n, naan ɔ wla kpɛn lika nga ndɛ mma o’n su.",Baoulé,AfriSpeech,25.121,train,bci
AfriSpeech/baoule_bci,?Ngue ti yɛ ɔ fata kɛ e usa ngwlɛlɛ afɛ-ɔ?,Baoulé,AfriSpeech,4.418,train,bci
AfriSpeech/baoule_bci,LIKE SUANLƐ 28,Baoulé,AfriSpeech,12.317,train,bci
AfriSpeech/baoule_bci,JUE 88 Kle min wɔ atin’n,Baoulé,AfriSpeech,4.346,train,bci
AfriSpeech/baoule_bci,“Ngwlɛlɛ’n ti be nga be usa ngwlɛlɛ afɛ’n be liɛ.” — ƝAN. 13:10 .,Baoulé,AfriSpeech,9.998,train,bci
AfriSpeech/baoule_bci,Like ng’ɔ fata kɛ e yo naan y’a ɲan afɔtuɛ nga be man e’n i su ye kpa’n.,Baoulé,AfriSpeech,6.447,train,bci
AfriSpeech/baoule_bci,"2 Sran nga i afɔtuɛ’m be kwla yo e ye dan’n, mɔ sɛ e usɛ i ngwlɛlɛ afɛ’n ɔ su yoman e nsisɔ le’n, yɛle e Si Zoova. Ɔ tali e nda seli kɛ: “Ń má mán ɔ afɔtuɛ, ń nían wɔ su.” ( Jue. 32:8 ) Ndɛ sɔ’n kle kɛ nán afɔtuɛ ngunmin yɛ Zoova man e-ɔ. Sanngɛ ɔ kle kɛ e ndɛ lo i, yɛ ɔ uka e naan y’a fɛ i afɔtuɛ’m be su.",Baoulé,AfriSpeech,29.416,train,bci
AfriSpeech/baoule_bci,?NZUƐN BENIN YƐ Ɔ KWLA UKA E-Ɔ?,Baoulé,AfriSpeech,3.694,train,bci
AfriSpeech/baoule_bci,"3 Like suanlɛ nga nun’n, é wá fá Ɲanmiɛn Ndɛ’n é tɛ́ kosan nnan be su. (1) ?Nzuɛn benin yɛ ɔ kwla uka e naan y’a ɲan afɔtuɛ nga be man e’n su ye-ɔ? (2) ?Wan yɛ ɔ kwla man e afɔtuɛ kpa-ɔ? (3) ?Wafa sɛ yɛ e kwla kle kɛ e mian afɔtuɛ wun sakpa-ɔ? (4) ?Ngue ti yɛ ɔ fataman kɛ e se e wiengu’m be kɛ be fa ajalɛ man e-ɔ?",Baoulé,AfriSpeech,26.879,train,bci
AfriSpeech/baoule_bci,?WAN YƐ Ɔ KWLA MAN E AFƆTUƐ KPA-Ɔ?,Baoulé,AfriSpeech,3.621,train,bci
AfriSpeech/baoule_bci,"9 Sɛ e kunndɛ kɛ é úsa ngwlɛlɛ afɛ’n, sran ng’ɔ nin Zoova be afiɛn mantan kpa’n, mɔ kusu ɔ wun sa ng’ɔ o e su’n i wlɛ kpa’n, yɛ ɔ fata kɛ e ko wun i wun-ɔn. a (An kanngan Ɲanndra Mun 13:20 nun.) Wienun-ɔn, aniaan gbanflɛn kun su kunndɛ aniaan bla kpa kun naan ɔ́ jɛ́ i. ?Wan yɛ ɔ kwla mɛn i afɔtuɛ kpa-ɔ? Sɛ i janvuɛ kun nin-a jaman bla naan sanngɛ ɔ jran Biblu’n su mɛn i afɔtuɛ’n, i sɔ’n kwla ukɛ i. Sanngɛ sɛ aniaan kun m’ɔ nin i yi b’a tin Ɲanmiɛn sulɛ’n nun’n, mɔ be jali w’a di le nɲɔn kun kpɛkun be di aklunjɔɛ be aja’n nun’n mɔ kusu be si i kpa’n, be yɛ ɔ ko usa be ngwlɛlɛ afɛ’n, ɔ́ ɲán su ye dan.",Baoulé,AfriSpeech,11.229,train,bci
AfriSpeech/baoule_bci,?WAFA SƐ YƐ E KWLA KLE KƐ E MIAN AFƆTUƐ WUN SAKPA-Ɔ?,Baoulé,AfriSpeech,4.636,train,bci
AfriSpeech/baoule_bci,"10 E kannin nzuɛn nga be kwla uka e bɔbɔ nin be nga e usa be ngwlɛlɛ afɛ’n, naan y’a kwla ɲan afɔtuɛ kpa nga be man e’n i su ye’n be ndɛ. Siɛn’n, é wá kán wafa nga e kwla kle kɛ e mian afɔtuɛ wun sakpa’n, ɔ nin sa nga ti yɛ ɔ fataman kɛ e se e wiengu’m be kɛ be fa ajalɛ man e’n be ndɛ.",Baoulé,AfriSpeech,21.953,train,bci
AfriSpeech/baoule_bci,"11 Wie liɛ’n, sran kun kwla yo i wun kɛ ɔ su kunndɛ afɔtuɛ sa, kusu nn i klun lɔ’n w’a dun mmua w’a fa ajalɛ kun. Yɛ ɔ su kunndɛ sran kun m’ɔ kwla se i kɛ ajalɛ ng’ɔ fali’n ti kpa-ɔ. Nanwlɛ, i sɔfuɛ’n kunndɛman afɔtuɛ sakpa. I sɔ’n ti’n, ɔ fata kɛ ɔ bu sa ng’ɔ juli famiɛn Roboamun su’n i akunndan.",Baoulé,AfriSpeech,22.75,train,bci
AfriSpeech/baoule_bci,"13 ?Ngue yɛ Roboamun i su ndɛ’n kle e-ɔ? Kɛ e usa ngwlɛlɛ afɛ’n, maan e kle kɛ e mian afɔtuɛ wun sakpa. ?Sɛ e yo sɔ annzɛ e yoman sɔ’n, ngue yɛ maan e kwla wun i wlɛ-ɔ? Yɛle kɛ e kwla usa e wun kɛ: ‘?Kɛ n usa ngwlɛlɛ afɛ’n, n ka lɛ n kpalo afɔtuɛ nga be man min, afin nán ndɛ nga n kunndɛ kɛ ń tí’n yɛ ɔ o lɛ-ɔ?’ Maan e fa sa kun e yiyi nun.",Baoulé,AfriSpeech,28.764,train,bci
AfriSpeech/baoule_bci,?NGUE TI YƐ Ɔ FATAMAN KƐ E SE E WIENGU’M BE KƐ BE FA AJALƐ MAN E-Ɔ?,Baoulé,AfriSpeech,5.144,train,bci
AfriSpeech/baoule_bci,"17 ?Wafa sɛ yɛ sa kɛ ngalɛ’n sa’n kwla ju e su andɛ-ɔ? Maan e kan mmoja’n i nun ninnge kannganngan’m be falɛ’n i ndɛ. Sɛ Klisifuɛ kun fá annzɛ ɔ faman’n, ɔ o i bɔbɔ i sa nun. b Ndɛ sɔ’n i wlɛ wunlɛ kwla yo kekle. Sanngɛ ɔ fata kɛ e tinuntinun e fa ajalɛ trele kun. ( Rɔm. 14:4 ) Sɛ e nian e wiengu’m be ajalɛ liɛ nga be fali’n su sa ngbɛn’n, i sɔ’n timan ngwlɛlɛ ayeliɛ. Sɛ sa kwlaa nun’n, e jran Biblu’n nun ndɛ’n su naan y’a fa ajalɛ’n, i sɔ’n úka e naan y’a yo ngwlɛlɛfuɛ. ( Ebr. 5:14 ) ?Sɛ ɔ ti sɔ’n, blɛ benin nun yɛ e kwla usa Klisifuɛ kun mɔ w’a tin Ɲanmiɛn sulɛ’n nun’n, i ngwlɛlɛ afɛ-ɔ? Yɛle kɛ, y’a kunndɛ ajalɛ nga e waan é fá’n i su ndɛ Biblu’n nun. Sanngɛ e wunman wafa nga e kwla jran Biblu’n nun ndɛ’n su naan y’a fa ajalɛ-ɔ. I lɛ nun yɛ e kwla usa ngwlɛlɛ afɛ-ɔ.",Baoulé,AfriSpeech,13.982,train,bci
AfriSpeech/baoule_bci,MAAN E USA NGWLƐLƐ AFƐ TITI,Baoulé,AfriSpeech,3.259,train,bci
AfriSpeech/baoule_bci,"18 Zoova lafi e su dan ti yɛ ɔ yaci e nun naan e bɔbɔ e fa ajalɛ-ɔ. Ɔ fɛli i nuan ndɛ’n mannin e. Asa’n ɔ man e janvuɛ wie mɔ be si ngwlɛlɛ mɔ be kwla uka e naan y’a nian Biblu’n nun mmla’m be su y’a nanti-ɔ. I sɔ mɔ Zoova yo’n, ɔ kle kɛ ɔ nian e lika kɛ siɛ kpa kun m’ɔ klo i mma mun’n fa yo’n sa. ( Ɲan. 3:​21-23 ) ?Wafa sɛ yɛ e kwla kle i kɛ e si ye-ɔ?",Baoulé,AfriSpeech,25.575,train,bci
AfriSpeech/baoule_bci,"19 Kɛ siɛ nin niɛn’m be wun kɛ be mma’m be kɔ be ɲrun Zoova sulɛ’n nun’n, mɔ be fa ajalɛ mun ngwlɛlɛ su’n yɛ be uka be wiengu mun’n, i sɔ’n yo be fɛ dan. I wafa kunngba’n, kɛ Zoova wun kɛ e su i kpa e kɔ e ɲrun titi, e usa ngwlɛlɛ afɛ, yɛ e fa ajalɛ nga i klun jɔ su’n, i sɔ’n yo i fɛ dan.",Baoulé,AfriSpeech,23.257,train,bci
AfriSpeech/baoule_bci,e yo wun ase kanfuɛ-ɔ?,Baoulé,AfriSpeech,3.114,train,bci
AfriSpeech/baoule_bci,"?KƐ Ɔ KO YO NAAN Y’A ƝAN AFƆTUƐ NGA BE MAN E’N I SU YE’N, NGUE TI YƐ Ɔ FATA KƐ …",Baoulé,AfriSpeech,4.564,train,bci
AfriSpeech/baoule_bci,e kle kɛ e mian afɔtuɛ wun sakpa-ɔ?,Baoulé,AfriSpeech,3.187,train,bci
AfriSpeech/baoule_bci,JUE 127 ?Like benin yɛ sɛ n yo-ɔ ɔ ti su-ɔ?,Baoulé,AfriSpeech,6.52,train,bci
AfriSpeech/baoule_bci,"1. ?Ngue yɛ ɔ kwla uka e naan y’a fa ajalɛ kpa, annzɛ like nga e sunnzun kɛ é yó’n i bo w’a gua klanman-ɔn? ( Ɲanndra Mun 13:10; 15:22 )",Baoulé,AfriSpeech,9.853,train,bci
AfriSpeech/baoule_bci,2. ?Ngue yɛ Zoova seli kɛ ɔ́ yó-ɔ?,Baoulé,AfriSpeech,6.013,train,bci
AfriSpeech/baoule_bci,3. ?Ngue yɛ é wá wún i like suanlɛ nga nun-ɔn?,Baoulé,AfriSpeech,5.868,train,bci
AfriSpeech/baoule_bci,4. ?Nzuɛn benin yɛ ɔ kwla uka e naan y’a ɲan afɔtuɛ nga be man e’n su ye-ɔ?,Baoulé,AfriSpeech,7.897,train,bci
AfriSpeech/baoule_bci,5. ?Ngue ti yɛ famiɛn Davidi kwla se kɛ ɔ́ tú i wun-ɔn?,Baoulé,AfriSpeech,6.519,train,bci
AfriSpeech/baoule_bci,"6. ?Ngue yɛ ɔ kle kɛ, kɛ be man Davidi i afɔtuɛ’n ɔ sɔ nun klanman-ɔn? (An nian desɛn ng’ɔ o fluwa’n i bui’n su’n wie.)",Baoulé,AfriSpeech,7.245,train,bci
AfriSpeech/baoule_bci,7. ?Afɔtuɛ benin yɛ Davidi i su ndɛ’n man e-ɔ? ( Akunndanfuɛ’n 4:13 ) (An nian foto mun wie.),Baoulé,AfriSpeech,5.94,train,bci
AfriSpeech/baoule_bci,9. ?Wan yɛ ɔ fata kɛ e usɛ i ngwlɛlɛ afɛ-ɔ? An fa sa kun yiyi nun. ( Ɲanndra Mun 13:20 ),Baoulé,AfriSpeech,8.621,train,bci
AfriSpeech/baoule_bci,8. ?Ngue ti yɛ Zonatan kwla mannin Davidi i afɔtuɛ kpa-ɔ?,Baoulé,AfriSpeech,6.448,train,bci
AfriSpeech/baoule_bci,10. ?Ngue yɛ é wá kɛ́n i ndɛ siɛn’n niɔn?,Baoulé,AfriSpeech,4.564,train,bci
AfriSpeech/baoule_bci,"11-12. (1) ?Wie liɛ’n, ngue yɛ sran kun kwla yo-ɔ? (2) ?Kwlaa naan famiɛn Roboamun w’a fa ajalɛ cinnjin kun’n, ngue yɛ ɔ yoli-ɔ?",Baoulé,AfriSpeech,15.649,train,bci
AfriSpeech/baoule_bci,"13. ?Sɛ e kunndɛ kɛ be man e afɔtuɛ sakpa’n, ngue yɛ maan e kwla wun i wlɛ-ɔ?",Baoulé,AfriSpeech,9.273,train,bci
AfriSpeech/baoule_bci,"14. ?Kɛ be man e afɔtuɛ’n, ngue yɛ ɔ fataman kɛ e wla fi su-ɔ? An fa sa kun yiyi nun. (An nian desɛn’n wie.)",Baoulé,AfriSpeech,9.273,train,bci
AfriSpeech/baoule_bci,15. (1) ?Ngue yɛ ɔ fataman kɛ e yo-ɔ? (2) ?Yɛ ngue ti yɛ ɔ fataman kɛ e yo sɔ-ɔ?,Baoulé,AfriSpeech,12.243,train,bci
AfriSpeech/baoule_bci,"16. (1) ?Nnɛn nga be fa yili tɛ’n i dilɛ’n i su ndɛ benin yɛ ɔ tɔli Korɛnti lɔ asɔnun’n nun-ɔn? (2) ?Wan yɛ ɔ fata kɛ ɔ fa ajalɛ ndɛ sɔ’n nun-ɔn? ( 1 Korɛntifuɛ Mun 8:7; 10:​25, 26 )",Baoulé,AfriSpeech,16.157,train,bci
AfriSpeech/baoule_bci,"17. ?Sɛ ajalɛ nga e wiengu’m be fa’n i su sa ngbɛn yɛ e nian naan y’a fa e ajalɛ liɛ’n, wafa sɛ yɛ i bo’n kwla gua-ɔ? An yiyi nun. (Nian foto mun wie.)",Baoulé,AfriSpeech,12.534,train,bci
AfriSpeech/baoule_bci,18. ?Ngue yɛ Zoova yo mannin e-ɔ?,Baoulé,AfriSpeech,5.434,train,bci
AfriSpeech/baoule_bci,Famiɛn Davidi kɛnnin i wun ase fali afɔtuɛ nga Abigaili mɛnnin i’n su. (An nian ndɛ kpɔlɛ 6 nun.),Baoulé,AfriSpeech,7.39,train,bci
AfriSpeech/baoule_bci,19. ?Ngue yɛ e kwla yo naan Zoova i klun w’a jɔ e wun titi-ɔ?,Baoulé,AfriSpeech,7.317,train,bci
AfriSpeech/baoule_bci,"Kannzɛ sran ng’ɔ man e afɔtuɛ’n ti sɛ ti sɛ’n, sanngɛ sɛ afɔtuɛ sɔ’n ti kpa’n, maan e fa su. (An nian ndɛ kpɔlɛ 7 nun.) c",Baoulé,AfriSpeech,9.273,train,bci
AfriSpeech/baoule_bci,"c DESƐN NG’Ɔ O FLUWA’N I BUI’N SU’N: Wafa nga asɔnun kpɛnngbɛn kun kannin ndɛ be aɲia kun bo’n, w’a yoman kpa. Yɛ asɔnun kpɛnngbɛn uflɛ su mɛn i afɔtuɛ.",Baoulé,AfriSpeech,10.723,train,bci
AfriSpeech/baoule_bci,LIKE SUANLƐ 29,Baoulé,AfriSpeech,13.041,train,bci
AfriSpeech/baoule_bci,?E kunndɛ kɛ be man e afɔtuɛ kpa? ?Annzɛ sran ng’ɔ kwla kan ndɛ nga e kunndɛ kɛ é tí’n yɛ e kunndɛ-ɔ? (An nian ndɛ kpɔlɛ 14 nun.),Baoulé,AfriSpeech,10.07,train,bci
AfriSpeech/baoule_bci,JUE 87 Amun bla! Amun lo wunmiɛn,Baoulé,AfriSpeech,5.868,train,bci
AfriSpeech/baoule_bci,Like nga e kwla yo naan y’a man e wiengu’m be afɔtuɛ kpa’n,Baoulé,AfriSpeech,5.506,train,bci
AfriSpeech/baoule_bci,"“Ń má mán ɔ afɔtuɛ, ń nían wɔ su.” — JUE. 32:8 .",Baoulé,AfriSpeech,9.49,train,bci
AfriSpeech/baoule_bci,"Kwlaa naan y’a usa ngwlɛlɛ afɛ’n, maan e kunndɛ ajalɛ nga e waan é fá’n i su ndɛ ka. (An nian ndɛ kpɔlɛ 17 nun.)",Baoulé,AfriSpeech,8.259,train,bci
AfriSpeech/baoule_bci,Wafa nga e kwla man afɔtuɛ naan w’a kwla uka e wiengu mun’n.,Baoulé,AfriSpeech,5.723,train,bci
AfriSpeech/baoule_bci,KƐ BE USA E NGWLƐLƐ AFƐ’N,Baoulé,AfriSpeech,3.547,train,bci
AfriSpeech/baoule_bci,"4 ?Sɛ sran kun usa e ngwlɛlɛ afɛ’n, ngue yɛ ɔ fata kɛ e yo-ɔ? Wie liɛ’n, e kwla se e wun kɛ w’a bu e sran ti’n, é ká lɛ é úkɛ i. Sanngɛ kwlaa naan y’a ukɛ i’n, maan e dun mmua e usa e wun kɛ: ‘?Sran ng’ɔ kwla mɛn i afɔtuɛ kpa sa sɔ’n nun’n yɛle min?’ Wie liɛ bɔbɔ’n, nán afɔtuɛ yɛ ɔ fata kɛ e mɛn i-ɔ. Sanngɛ sɛ e kle i sran kun m’ɔ si sa ng’ɔ o i su’n i kpa m’ɔ kwla ukɛ i’n, i sɔ liɛ’n yɛ ɔ́ yó i ye dan-ɔn.",Baoulé,AfriSpeech,29.612,train,bci
AfriSpeech/baoule_bci,"7 Famiɛn Davidi seli Ɲanmiɛn nuan ijɔfuɛ Natan kɛ ɔ kunndɛ kɛ ɔ́ kplán sua kun mán Zoova. Be ja nun lɛ’n, Natan seli i kɛ ɔ yo sɔ. Kusu nn like klikli ng’ɔ fata kɛ ɔ yo’n, yɛle kɛ ɔ usa Zoova ka. ?Ngue ti-ɔ? Afin nán Davidi yɛ Zoova kunndɛ kɛ ɔ kplan sua sɔ’n mɛn i-ɔ. ( 1 Ɲol. 17:​1-4 ) Sa sɔ’n kle e kɛ, kɛ be usa e ngwlɛlɛ afɛ’n, ‘nán e kpli e kan ndɛ.’— Zak. 1:19 .",Baoulé,AfriSpeech,29.039,train,bci
AfriSpeech/baoule_bci,"8 Sa kun ekun ti’n, ɔ fata kɛ e fa blɛ e bu akunndan kan ka naan y’a man afɔtuɛ. Yɛle kɛ sɛ e man sran wie i afɔtuɛ naan ajalɛ ng’ɔ fa’n i bo’n gua tɛ’n, bé bó e dunman tɛ. I sɔ’n ti’n, ka naan y’a man sran kun i afɔtuɛ’n, maan e bu i sin kpa.",Baoulé,AfriSpeech,19.997,train,bci
AfriSpeech/baoule_bci,KƐ É MÁN SRAN KUN MƆ W’A USAMAN E NGWLƐLƐ AFƐ’N I AFƆTUƐ’N,Baoulé,AfriSpeech,6.231,train,bci
AfriSpeech/baoule_bci,"10 Kɛ ɔ fata kɛ asɔnun kpɛnngbɛn’m be man sran kun mɔ w’a usaman be ngwlɛlɛ afɛ’n i afɔtuɛ’n, i sɔ’n kwla yo kekle kan. ?Ngue ti-ɔ? Afin akoto Pɔlu seli kɛ sran kun kwla yo sa wie sanngɛ ɔ wunmɛn i wlɛ kɛ ɔ timan kpa. I sɔ’n ti’n, kwlaa naan asɔnun kpɛnngbɛn’m b’a mɛn i afɔtuɛ’n, ɔ fata kɛ be yo ninnge wie mun naan w’a sɔ be afɔtuɛ’n nun klanman.",Baoulé,AfriSpeech,24.891,train,bci
AfriSpeech/baoule_bci,MAAN E MAN AFƆTUƐ AMANNIƐN SU Ɔ NIN BLƐ NG’Ɔ TI SU’N I NUN,Baoulé,AfriSpeech,6.352,train,bci
AfriSpeech/baoule_bci,"13 Ɔ ju wie’n, aniaan’n wunman afɔtuɛ nga be mɛn i’n i wlɛ kpa. ?Sɛ aniaan’n wun afɔtuɛ nga be mɛn i’n i wlɛ annzɛ ɔ wunmɛn i wlɛ’n, asɔnun kpɛnngbɛn’m bé yó sɛ naan b’a wun i wlɛ? Like nga be kwla yo’n yɛle kɛ be usɛ i kosan wie mun amanniɛn su. ( Aku. 12:11 ) Wafa nga aniaan’n wá tɛ́ kosan sɔ’m be su’n, ɔ́ yó maan bé wún i wlɛ sɛ ɔ wun afɔtuɛ nga be waan bé mɛ́n i’n i wlɛ-o.",Baoulé,AfriSpeech,26.505,train,bci
AfriSpeech/baoule_bci,MAAN E MAN AFƆTUƐ YƐ E SƆ NGA BE MAN E’N NUN TITI,Baoulé,AfriSpeech,6.079,train,bci
AfriSpeech/baoule_bci,Kɛ be usa e ngwlɛlɛ afɛ’n,Baoulé,AfriSpeech,4.363,train,bci
AfriSpeech/baoule_bci,?SA NGA’M BE NUN’N NGUE YƐ Ɔ FATAMAN KƐ E WLA FI SU-Ɔ?,Baoulé,AfriSpeech,5.162,train,bci
AfriSpeech/baoule_bci,JUE 109 Maan e tu e klun e klo sran,Baoulé,AfriSpeech,5.143,train,bci
AfriSpeech/baoule_bci,1. ?Wan yɛ ɔ fata kɛ ɔ man afɔtuɛ-ɔ? An yiyi nun.,Baoulé,AfriSpeech,7.317,train,bci
AfriSpeech/baoule_bci,Kɛ ɔ fata kɛ e man sran kun mɔ w’a usaman e ngwlɛlɛ afɛ’n i afɔtuɛ’n,Baoulé,AfriSpeech,7.128,train,bci
AfriSpeech/baoule_bci,Kɛ e fa ya’n,Baoulé,AfriSpeech,4.434,train,bci
AfriSpeech/baoule_bci,2. (1) ?Ngue yɛ ɔ fata kɛ asɔnun kpɛnngbɛn’m be si i yo-ɔ? (2) ?Yɛ ngue ti-ɔ? (An nian kuku nga be flɛ i kɛ “ Afɔtuɛ nga be mɛn i lemɔcuɛ afiɛn aɲia’n i bo’n ” nun wie.),Baoulé,AfriSpeech,10.431,train,bci
AfriSpeech/baoule_bci,3. (1) ?Ngue yɛ ɔ kwla uka e naan y’a si e wiengu’m be afɔtuɛ man-ɔn? ( Ezai 9:6 ; an nian kuku nga be flɛ i kɛ “ Kɛ é mán afɔtuɛ’n maan e nian Zezi i ajalɛ’n su ” nun wie.) (2) ?Kosan benin mun yɛ é wá tɛ́ be su like suanlɛ nga nun-ɔn?,Baoulé,AfriSpeech,16.011,train,bci
AfriSpeech/baoule_bci,"4-5. ?Kɛ sran kun usa e ngwlɛlɛ afɛ’n, kosan benin yɛ ɔ fata kɛ e dun mmua fa usa e wun-ɔn? An fa sa kun yiyi nun.",Baoulé,AfriSpeech,12.092,train,bci
AfriSpeech/baoule_bci,"6. ?Sɛ e minndɛ kan ka naan y’a man sran kun i afɔtuɛ’n, ngue ti yɛ i sɔ’n ti kpa-ɔ?",Baoulé,AfriSpeech,8.693,train,bci
AfriSpeech/baoule_bci,7. ?Ngue yɛ like nga Ɲanmiɛn nuan ijɔfuɛ Natan yoli’n kle e-ɔ?,Baoulé,AfriSpeech,6.794,train,bci
AfriSpeech/baoule_bci,8. ?Ngue ekun ti yɛ ɔ fata kɛ e bu akunndan kpa ka naan y’a man sran kun i afɔtuɛ-ɔ?,Baoulé,AfriSpeech,8.793,train,bci
AfriSpeech/baoule_bci,9. ?Ka naan asɔnun kpɛnngbɛn’m b’a man sran kun i afɔtuɛ’n ngue yɛ ɔ fata kɛ be yo-ɔ? ( Galasifuɛ Mun 6:1 .),Baoulé,AfriSpeech,8.477,train,bci
AfriSpeech/baoule_bci,"10-12. ?Sɛ ɔ fata kɛ asɔnun kpɛnngbɛn’m be man sran kun mɔ w’a usaman be ngwlɛlɛ afɛ’n i afɔtuɛ’n, ngue yɛ ɔ fata kɛ be yo-ɔ? An yiyi nun. (An nian foto mun wie.)",Baoulé,AfriSpeech,13.506,train,bci
AfriSpeech/baoule_bci,"13. ?Sɛ aniaan’n wun afɔtuɛ nga be mɛn i’n i wlɛ annzɛ ɔ wunmɛn i wlɛ’n, asɔnun kpɛnngbɛn’m bé yó sɛ naan b’a wun i wlɛ?",Baoulé,AfriSpeech,10.057,train,bci
AfriSpeech/baoule_bci,14. ?Sɛ y’a fa ya’n ngue ti yɛ ɔ fataman kɛ e man afɔtuɛ-ɔ?,Baoulé,AfriSpeech,7.944,train,bci
AfriSpeech/baoule_bci,15. ?Ngue yɛ Elii i su ndɛ’n kle e-ɔ? (An nian desɛn’n wie.),Baoulé,AfriSpeech,6.961,train,bci
AfriSpeech/baoule_bci,16. ?Ngue yɛ Jue Mun 32:8 kle e-ɔ?,Baoulé,AfriSpeech,8.044,train,bci
AfriSpeech/baoule_bci,Afɔtuɛ nga be mɛn i lemɔcuɛ afiɛn aɲia’n i bo’n,Baoulé,AfriSpeech,4.276,train,bci
AfriSpeech/baoule_bci,"Kɛ aniaan kun di junman lemɔcuɛ afiɛn aɲia’n i bo’n, aɲia’n i siesiefuɛ’n mɛn i afɔtuɛ. Kɛ aniaan kun dí i junman’n, aɲia’n i siesiefuɛ’n nian sɛ ɔ nian afɔtuɛ nga i junman’n taka su’n su yɛ ɔ di i junman’n nin-o.",Baoulé,AfriSpeech,14.056,train,bci
AfriSpeech/baoule_bci,"Kɛ ɔ ko wie i junman’n i di’n, aɲia’n i siesiefuɛ’n yo i mo. Sɛ ɔ nin i fata’n, ɔ kle i like ng’ɔ kwla yo naan w’a di junman sɔ’n i kpa ekun’n. Aniaan ng’ɔ dili junman’n nin aniaan onga’m be ɲan afɔtuɛ nga aɲia’n i siesiefuɛ’n man’n i su ye.— Ɲan. 27:17 .",Baoulé,AfriSpeech,15.867,train,bci
AfriSpeech/baoule_bci,Kɛ é mán afɔtuɛ’n maan e nian Zezi i ajalɛ’n su,Baoulé,AfriSpeech,4.852,train,bci
AfriSpeech/baoule_bci,"17. ?Kɛ asɔnun kpɛnngbɛn’m be jran Biblu’n nun ndɛ’n su be man e afɔtuɛ’n i sɔ’n yo e sɛ? ( Ezai 32:​1, 2 )",Baoulé,AfriSpeech,9.618,train,bci
AfriSpeech/baoule_bci,"Maan e fa e ɲin e sie i ninnge wie mɔ be ti’n, be flɛli Zezi kɛ Afɔtuɛ Manfuɛ Kpa’n be su. Kpɛkun é wún wafa nga e kwla niɛn i ajalɛ’n su’n.",Baoulé,AfriSpeech,10.212,train,bci
AfriSpeech/baoule_bci,"Like ng’ɔ kle e’n: Kannzɛ bɔbɔ e si ninnge kpanngban’n, sanngɛ maan afɔtuɛ nga é mán’n ɔ taka Ɲanmiɛn ndɛ’n su, nán maan ɔ taka akunndan nga e bɔbɔ e bu’n su.",Baoulé,AfriSpeech,12.421,train,bci
AfriSpeech/baoule_bci,"Zezi si ndɛ ng’ɔ fata kɛ ɔ kan’n. Zezi si ndɛ ng’ɔ fata kɛ ɔ kan’n titi. Afin afɔtuɛ ng’ɔ man sran mun’n, ɔ takaman akunndan ng’ɔ bu’n su, sanngɛ ɔ taka Zoova liɛ’n su. Ɔ seli i sɔnnzɔnfuɛ’m be kɛ: “Ndɛ nga n kan kleli amun’n, m’an kpɛman min bɔbɔ min ti nun.”— Zan 14:10 .",Baoulé,AfriSpeech,22.728,train,bci
AfriSpeech/baoule_bci,"Zezi si blɛ nga i nun yɛ ɔ fata kɛ ɔ man afɔtuɛ’n. Nán like kwlaa ng’ɔ fata kɛ i sɔnnzɔnfuɛ’m be si i’n yɛ ɔ ka lɛ kleli be-ɔ. Sanngɛ ɔ minndɛli blɛ ng’ɔ ti su’n naan w’a man be afɔtuɛ. Yɛ ndɛ nga be kwla wun i wlɛ’n, i ngunmin yɛ ɔ kan kle be-ɔ.— Zan 16:12 .",Baoulé,AfriSpeech,17.649,train,bci
AfriSpeech/baoule_bci,"Like ng’ɔ kle e’n: Kɛ é mán sran kun i afɔtuɛ’n maan e minndɛ blɛ ng’ɔ ti su’n naan y’a ijɔ. ( Aku. 3:7 ) Sɛ e ijɔ kpanngban’n, sran’n su wunman like ng’ɔ fata kɛ ɔ yo’n, annzɛ i sa sin kwla bubu i. Ɔ maan sɛ ndɛ ng’ɔ kwla yo i ye kpa’n, i ngunmin yɛ e kan’n, ɔ́ úkɛ i kpa.",Baoulé,AfriSpeech,19.943,train,bci
AfriSpeech/baoule_bci,"Zezi si ndɛ’n i aɲinyiɛ su kan. Zezi mɛnnin i akoto’m be afɔtuɛ kpɛ sunman naan be yo wun ase kanfuɛ. Sanngɛ blɛ kwlaa ng’ɔ́ yó sɔ’n, ɔ kannin ndɛ’n wɛtɛɛ su nin aɲinyiɛ su.— Mat. 18:​1-5 .",Baoulé,AfriSpeech,14.193,train,bci
AfriSpeech/baoule_bci,"Like ng’ɔ kle e’n: Ɔ ju wie’n e kwla man sran kun i afɔtuɛ kunngba’n kpɛ sunman. Sanngɛ kɛ é yó sɔ’n, sɛ e kan ndɛ’n wɛtɛɛ su nin aɲinyiɛ su’n, ɔ́ ɲán su ye kpa.",Baoulé,AfriSpeech,14.02,train,bci
AfriSpeech/baoule_bci,JUE 97 Ɲanmiɛn Ndɛ’n man nguan,Baoulé,AfriSpeech,3.549,train,bci
AfriSpeech/baoule_bci,LIKE SUANLƐ 30,Baoulé,AfriSpeech,10.36,train,bci
AfriSpeech/baoule_bci,"Sɛ e klo sran naan e si ndɛ kan’n, é kwlá mán sran ng’ɔ w’a usaman e ngwlɛlɛ afɛ’n i afɔtuɛ. (An nian ndɛ kpɔlɛ 10-12 nun.)",Baoulé,AfriSpeech,11.102,train,bci
AfriSpeech/baoule_bci,"Ndɛ nga Zɔbu kannin’n ti’n, Elii fɛli i wun ya. Sanngɛ ɔ minndɛli, ɔ guɛli i wla ase, yɛ ɔ kannin ndɛ kleli Zɔbu aɲinyiɛ su. (An nian ndɛ kpɔlɛ 15 nun.)",Baoulé,AfriSpeech,13.616,train,bci
AfriSpeech/baoule_bci,?E kwla ɲan Ɲanmiɛn Ndɛ’n i bo bolɛ ninnge’m be su ye titi?,Baoulé,AfriSpeech,4.492,train,bci
AfriSpeech/baoule_bci,"“Kannzɛ amun si ninnge sɔ’m be kpa naan amun a taka kpa ndɛ nanwlɛ’n nun’n, sanngɛ ń kán ndɛ sɔ mun titi ń fá kpɛ́n amun wla.” — 2 PIƐ. 1:12 .",Baoulé,AfriSpeech,14.779,train,bci
AfriSpeech/baoule_bci,"Kannzɛ nán andɛ sa yɛ e si Ɲanmiɛn Ndɛ’n i bo bolɛ ninnge mun’n, sanngɛ andɛ nin andɛ’n be kwla uka e.",Baoulé,AfriSpeech,6.985,train,bci
AfriSpeech/baoule_bci,ZOOVA YƐ Ɔ YILI LIKE KWLAA,Baoulé,AfriSpeech,3.332,train,bci
AfriSpeech/baoule_bci,SA NGA TI YƐ ƝANMIƐN YACI SRAN’M BE LƐ MƆ BE WUN ƝRƐNNƐN’N,Baoulé,AfriSpeech,4.646,train,bci
AfriSpeech/baoule_bci,"12 Biblu’n kannin wafa nga sran’m be nzuɛn’n wá yó tɛ “mɛn’n i awieliɛ blɛ nun’n” i ndɛ. ( 2 Tim. 3:​1-5 ) Kɛ e wun andɛ sran’m be ayeliɛ’n, e wun i wlɛ kɛ ndɛ nga Biblu’n kannin’n kpɛn su sakpa. Kɛ lika’n cɛ́n m’ɔ́ sán’n, nn sran’m be ayeliɛ’n yó tɛ dan kɔ́ i ɲrun. Ɔ maan e wun i wlɛ kɛ e kwla lafi Biblu’n nun ndɛ’n su sakpa.— 2 Tim. 3:​13-15 .",Baoulé,AfriSpeech,24.398,train,bci
AfriSpeech/baoule_bci,"15 Kɛ e bo jasin fɛ’n e kle sran mun mɔ be sɔman nun’n, nɛ́n i sɔ’n bubu e sa sin. Afin sran’m be kwla kaci. I wie yɛle Zezi i niaan bian Zaki liɛ’n. Kɛ Zezi ɲín lele m’ɔ́ fá káci Mesi’n, ɔ wunnin nun. Asa’n ɔ wunnin kɛ wafa nga Zezi kle like’n, ɔ leman wunsu. Ɔ nin i sɔ ngba’n, w’a lafiman Zezi su. Kɛ Zezi cɛnnin nguan’n yɛ ɔ kacili i sɔnnzɔnfuɛ-ɔ. I sin’n, ɔ boli jasin fɛ’n i juejue su. b ( Zan 7:5; Gal. 2:9 ) E osufuɛ nga be sieman be su e nuan bo dɔ nga su’n, nin be nga be sɔman jasin fɛ mɔ e bo’n nun’n, maan e wun i wlɛ kɛ ɔ ti cinnjin kɛ e uka be titi. Nán maan e wla fi su kɛ e o mɛn’n i awieliɛ blɛ’n nun. Ɔ maan e jasin fɛ bolɛ junman’n ti cinnjin kpa. Ndɛ nga e kan kle be andɛ’n, cɛn wie lele’n be kwla bu i akunndan, kpɛkun be kwla fa ajalɛ. Atrɛkpa bɔbɔ’n, kɛ ɲrɛnnɛn dan’n bo i bo’n, bé yó sɔ. c",Baoulé,AfriSpeech,26.843,train,bci
AfriSpeech/baoule_bci,NDƐ NGA ZOOVA FA KPƐN E WLA’N TI’N MAAN E KLE KƐ E SI YE,Baoulé,AfriSpeech,4.74,train,bci
AfriSpeech/baoule_bci,Zoova yɛ ɔ yili like kwlaa-ɔ,Baoulé,AfriSpeech,3.29,train,bci
AfriSpeech/baoule_bci,?AFƆTUƐ BENIN YƐ ƝANMIƐN NDƐ’N I BO BOLƐ NINNGE NGA’M BE MAN E-Ɔ?,Baoulé,AfriSpeech,4.826,train,bci
AfriSpeech/baoule_bci,Sa nga ti yɛ Ɲanmiɛn yaci e lɛ mɔ e wun ɲrɛnnɛn’n,Baoulé,AfriSpeech,3.584,train,bci
AfriSpeech/baoule_bci,"a An nian like suanlɛ nga be flɛ i kɛ “Like nga ti yɛ ɔ ka kaan sa’n, ɲrɛnnɛn’n wíe’n,” m’ɔ o afuɛ 2007, Zuɛn, Sasafuɛ Tranwlɛ’n i bue 14-18 nun’n.",Baoulé,AfriSpeech,23.605,train,bci
AfriSpeech/baoule_bci,JUE 95 Lika’n i kpajalɛ’n w’a uka su,Baoulé,AfriSpeech,4.995,train,bci
AfriSpeech/baoule_bci,E o ‘mɛn’n i awieliɛ blɛ’n nun’,Baoulé,AfriSpeech,3.195,train,bci
AfriSpeech/baoule_bci,"1. ?Ɲanmiɛn Ndɛ’n i bo bolɛ ninnge nga be kleli e’n, i su ye benin yɛ e ɲɛnnin i-ɔ?",Baoulé,AfriSpeech,7.877,train,bci
AfriSpeech/baoule_bci,"2. ?Wafa sɛ yɛ Piɛli kleli kɛ Klisifuɛ nga b’a tin Ɲanmiɛn sulɛ’n nun bɔbɔ’n, be kwla ɲan Ɲanmiɛn Ndɛ’n i bo bolɛ ninnge’m be su ye-ɔ? ( 2 Piɛli 1:​12, 13 )",Baoulé,AfriSpeech,11.69,train,bci
AfriSpeech/baoule_bci,"3. ?Ngue ti yɛ ɔ fata kɛ aniaan nga b’a tin Ɲanmiɛn sulɛ’n nun’n, be bu Ɲanmiɛn Ndɛ’n i bo bolɛ ninnge’m be su akunndan kpa titi-ɔ? An fa sa kun yiyi nun.",Baoulé,AfriSpeech,12.259,train,bci
AfriSpeech/baoule_bci,"4. ?Kɛ e wunnin i wlɛ kɛ Zoova yɛ ɔ yili like kwlaa’n, wafa sɛ yɛ i sɔ’n ukali e-ɔ?",Baoulé,AfriSpeech,8.428,train,bci
AfriSpeech/baoule_bci,5. ?Ndɛ benin yɛ ɔ kwla uka e naan y’a yo wun ase kanfuɛ-ɔ? ( Ezai 45:​9-12 ),Baoulé,AfriSpeech,6.928,train,bci
AfriSpeech/baoule_bci,"6. ?Blɛ benin nun yɛ ɔ ti cinnjin kɛ e bu Zoova m’ɔ yili like kwlaa’n i ngwlɛlɛ’n, nin i tinmin’n be su akunndan kpa-ɔ? (An nian foto mun wie.)",Baoulé,AfriSpeech,12.316,train,bci
AfriSpeech/baoule_bci,"c An nian like suanlɛ nga be flɛ i kɛ “?Jɔlɛ nga Zoova wá dí sran mun’n, i su ndɛ benin yɛ e si i-ɔ?” m’ɔ o afuɛ 2024, Mɛ Sasafuɛ Tranwlɛ’n i bue 8-13 nun’n.",Baoulé,AfriSpeech,15.899,train,bci
AfriSpeech/baoule_bci,"8. ?Kɛ e wunnin sa nga ti yɛ Ɲanmiɛn yaci sran’m be lɛ mɔ be wun ɲrɛnnɛn’n i wlɛ’n, i su ye benin yɛ e ɲɛnnin i-ɔ?",Baoulé,AfriSpeech,9.075,train,bci
AfriSpeech/baoule_bci,7. ?Ngue yɛ Raela yoli naan w’a kwla fa atin uflɛ nga be kle e’n su-ɔ?,Baoulé,AfriSpeech,7.961,train,bci
AfriSpeech/baoule_bci,"9. ?Blɛ benin nun yɛ sɛ e bu sa nga ti yɛ Zoova yaci sran’m be lɛ mɔ be wun ɲrɛnnɛn’n i su akunndan’n, ɔ ti kpa-ɔ?",Baoulé,AfriSpeech,10.474,train,bci
AfriSpeech/baoule_bci,"10. ?Kɛ Anin i manmin’n sacili’n, ngue yɛ ɔ fɔnvɔli i-ɔ?",Baoulé,AfriSpeech,6.688,train,bci
AfriSpeech/baoule_bci,"11. ?Kɛ e si sa nga ti yɛ Zoova yaci sran’m be lɛ mɔ be wun ɲrɛnnɛn’n, wafa sɛ yɛ i sɔ’n uka e naan y’a bo jasin fɛ’n titi-ɔ?",Baoulé,AfriSpeech,10.2,train,bci
AfriSpeech/baoule_bci,"12. ?Kɛ e bu ‘mɛn’n i awieliɛ blɛ’n’ i su ndɛ nga Biblu’n kan’n i akunndan’n, ngue yɛ e wun i wlɛ-ɔ?",Baoulé,AfriSpeech,9.219,train,bci
AfriSpeech/baoule_bci,"14. ?Sɛ e bu mɛn’n i awieliɛ blɛ mɔ e o nun’n i akunndan kpa’n, kɛ nga Miki fa yoli’n sa’n, wafa sɛ yɛ i sɔ’n úka e-ɔ?",Baoulé,AfriSpeech,11.4,train,bci
AfriSpeech/baoule_bci,"13. ?Kɛ e bu ndɛ nga Zezi kannin m’ɔ o Liki 12:​15-21 nun’n i akunndan’n, kosan benin yɛ e kwla fa usa e wun-ɔn?",Baoulé,AfriSpeech,12.85,train,bci
AfriSpeech/baoule_bci,"16. ?Ndɛ nga Zoova fa kpɛn e wla’n, i su ye benin yɛ a ɲɛnnin i-ɔ? (An nian kuku nga be flɛ i kɛ “ Fa uka ɔ wiengu mun ” nun wie.)",Baoulé,AfriSpeech,8.164,train,bci
AfriSpeech/baoule_bci,15. ?Ngue yɛ Zaki i su ndɛ’n kle e-ɔ? (An nian foto mun wie.),Baoulé,AfriSpeech,5.537,train,bci
AfriSpeech/baoule_bci,"17. ?Sa benin’m be nun yɛ sɛ e bu Ɲanmiɛn Ndɛ’n i bo bolɛ ninnge’m be su akunndan’n, ɔ ti kpa-ɔ?",Baoulé,AfriSpeech,8.709,train,bci
AfriSpeech/baoule_bci,‘?Wafa sɛ yɛ be yiyili ndɛ’n nun naan ndɛ tiefuɛ’n w’a fa su-ɔ?’,Baoulé,AfriSpeech,4.607,train,bci
AfriSpeech/baoule_bci,"Kɛ a kanngan ndɛ wie nun annzɛ a nian video kun’n annzɛ a tie nzra nun ijɔlɛ kun m’ɔ ti be nga b’a bo Biblu’n nun like suanlɛ bo’n be liɛ’n, bu wafa nga a kwla fa uka ɔ wiengu mun’n i akunndan. I lɛ nun’n, a kwla usa ɔ wun kɛ:",Baoulé,AfriSpeech,17.114,train,bci
AfriSpeech/baoule_bci,‘?Sunnzun ase kun o nun mɔ n kwla fa kle sran kun i like naan w’a wun ndɛ sɔ’n i wlɛ-ɔ?’,Baoulé,AfriSpeech,5.266,train,bci
AfriSpeech/baoule_bci,?Ngue yɛ ɔ kwla uka e naan y’a wun i wlɛ kɛ akunndan nga e bu’n timan kpa traman Zoova liɛ’n niɔn? (An nian ndɛ kpɔlɛ 6 nun.) d,Baoulé,AfriSpeech,15.132,train,bci
AfriSpeech/baoule_bci,‘?Wan yɛ ndɛ sɔ’n kwla yo i fɛ-ɔ? ?Yɛ blɛ benin nun yɛ n kwla fa kle i-ɔ?’,Baoulé,AfriSpeech,6.233,train,bci
AfriSpeech/baoule_bci,"d FOTO’M BE SU NDƐ’: Asɔnun kpɛnngbɛn’m b’a faman asɔnun kpɛnngbɛn kun i ndɛ liɛ ng’ɔ kannin’n su. I sin’n, kɛ ɔ niannin nzraama mɔ be o nglo lɔ’n, ɔ buli i ndɛ liɛ ng’ɔ kannin’n i su akunndan kɛ ɔ nin i fata’n sa.",Baoulé,AfriSpeech,9.572,train,bci
AfriSpeech/baoule_bci,?Ngue yɛ ɔ kwla uka e naan e sa sin w’a bubuman e e osufuɛ nga be suman Zoova’n be lika-ɔ? (An nian ndɛ kpɔlɛ 15 nun.) e,Baoulé,AfriSpeech,15.322,train,bci
AfriSpeech/baoule_bci,LIKE SUANLƐ 31,Baoulé,AfriSpeech,11.157,train,bci
AfriSpeech/baoule_bci,"?Kɛ be se kɛ be ɲin yi like nga be le i’n, w’a wun i wlɛ?",Baoulé,AfriSpeech,4.781,train,bci
AfriSpeech/baoule_bci,JUE 111 E aklunjuɛ’n i bo’n,Baoulé,AfriSpeech,4.418,train,bci
AfriSpeech/baoule_bci,"e FOTO’N I SU NDƐ’N: Kɛ Zoova i Lalofuɛ kun i ngunmin súan Biblu’n nun like’n, ɔ fɛ i ɲin sie i like ng’ɔ kle kɛ e o mɛn’n i awieliɛ blɛ’n nun’n su. I sɔ’n suli i bo naan w’a flɛ i niaan bla kun telefɔnun’n nun naan w’a bo jasin fɛ’n w’a kle i.",Baoulé,AfriSpeech,9.033,train,bci
AfriSpeech/baoule_bci,"“Sɛ sa ng’ɔ o min su’n ti sɛ ti sɛ-o, like nga n le i’n ɔ ju min.” — FIP. 4:11 .",Baoulé,AfriSpeech,10.867,train,bci
AfriSpeech/baoule_bci,"Sɛ a si ye, naan a ti wun ase kanfuɛ, yɛ a bu like nga Zoova waan ɔ́ yó mán e e ɲrun lɔ’n i akunndan’n, ɔ ɲin yí like nga a le i dɔ nga su’n.",Baoulé,AfriSpeech,10.36,train,bci
AfriSpeech/baoule_bci,MAAN E KLE KƐ E SI YE,Baoulé,AfriSpeech,3.332,train,bci
AfriSpeech/baoule_bci,MAAN E ƝIN TRAN SU YƐ E YO WUN ASE KANFUƐ,Baoulé,AfriSpeech,4.346,train,bci
AfriSpeech/baoule_bci,MAAN E BU LIKE NGA E WLA O SU KƐ É ƝƐ́N I’N I AKUNNDAN,Baoulé,AfriSpeech,4.636,train,bci
AfriSpeech/baoule_bci,"“BE NGA BE SRO I’N, BE MIANMAN LIKE FI WUN”",Baoulé,AfriSpeech,3.694,train,bci
AfriSpeech/baoule_bci,"17 Zoova kunndɛ kɛ ɔ klun jɔ. ( Jue. 131:1, 2 ) I sɔ’n ti’n, yo like kwlaa nga a kwla yo naan ɔ ɲin w’a yi like nga a le i’n. Mian ɔ ɲin naan yo sran m’ɔ si ye-ɔ, yo wun ase kanfuɛ titi, yɛ lafi like nga e wla o su kɛ é ɲɛ́n i e ɲrun lɔ’n su kpa. Sɛ a yo sɔ’n á kwlá sé kɛ: “Nanwlɛ, min klun jɔ.”— Jue. 16:5, 6 .",Baoulé,AfriSpeech,21.156,train,bci
AfriSpeech/baoule_bci,"?Sɛ e kle kɛ e si ye’n, wafa sɛ yɛ i sɔ’n úka e naan e ɲin w’a yi like nga e le i’n niɔn?",Baoulé,AfriSpeech,6.954,train,bci
AfriSpeech/baoule_bci,"?Sɛ e yo wun ase kanfuɛ’n, wafa sɛ yɛ i sɔ’n úka e naan e ɲin w’a yi like nga e le i’n niɔn?",Baoulé,AfriSpeech,6.158,train,bci
AfriSpeech/baoule_bci,"?Sɛ e bu like nga e wla o su kɛ é ɲɛ́n i’n i akunndan’n, wafa sɛ yɛ i sɔ’n úka e naan e klun w’a jɔ-ɔ?",Baoulé,AfriSpeech,6.737,train,bci
AfriSpeech/baoule_bci,JUE 118 ‘Man e awlɛn maan e lafi Ɲanmiɛn su kpa’,Baoulé,AfriSpeech,5.651,train,bci
AfriSpeech/baoule_bci,"2. ?Sɛ e ɲin yiman like nga e le i’n, ngue ti yɛ i sɔ’n ti tɛ-ɔ?",Baoulé,AfriSpeech,8.694,train,bci
AfriSpeech/baoule_bci,"1. (1) ?Kɛ be se kɛ sran kun i ɲin yi like ng’ɔ le i’n, i bo’n yɛle benin? (2) ?Yɛ ngue yɛ i sɔ’n kleman-ɔn?",Baoulé,AfriSpeech,13.693,train,bci
AfriSpeech/baoule_bci,"3. ?Ngue yɛ ndɛ ng’ɔ o Filipufuɛ Mun 4:11, 12 nun’n kle e-ɔ?",Baoulé,AfriSpeech,9.78,train,bci
AfriSpeech/baoule_bci,"4. ?Ngue ti yɛ sɛ e kle kɛ e si ye’n, e ɲin yí like nga e le i’n niɔn? ( 1 Tesalonikifuɛ Mun 5:18 )",Baoulé,AfriSpeech,8.624,train,bci
AfriSpeech/baoule_bci,5. ?Ngue yɛ Ɲanmiɛn yo mannin Izraɛlifuɛ mun mɔ i ti’n ɔ fata kɛ be kle kɛ be si ye-ɔ? (An nian desɛn’n wie.),Baoulé,AfriSpeech,8.91,train,bci
AfriSpeech/baoule_bci,6. ?É yó sɛ naan y’a yo sran m’ɔ si ye-ɔ?,Baoulé,AfriSpeech,6.52,train,bci
AfriSpeech/baoule_bci,7. ?Ngue yɛ ɔ ukali Aci naan w’a kle kɛ ɔ si ye-ɔ?,Baoulé,AfriSpeech,7.535,train,bci
AfriSpeech/baoule_bci,8. ?Aya benin nun yɛ Bariki tɔli-ɔ?,Baoulé,AfriSpeech,5.288,train,bci
AfriSpeech/baoule_bci,"9. ?Ngue yɛ 1 Korɛntifuɛ Mun 4:6, 7 kle e-ɔ? (An nian foto mun wie.)",Baoulé,AfriSpeech,8.258,train,bci
AfriSpeech/baoule_bci,10. ?Ngue yɛ ɔ kwla uka e naan y’a yo wun ase kanfuɛ-ɔ?,Baoulé,AfriSpeech,6.23,train,bci
AfriSpeech/baoule_bci,11. ?Ngue yɛ ɔ ukali Denisi naan i ɲin w’a yi like ng’ɔ le i’n niɔn?,Baoulé,AfriSpeech,7.462,train,bci
AfriSpeech/baoule_bci,12. ?Ngue ti yɛ maan e klun kwla jɔ dɔ nga su-ɔ? ( Ezai 65:21-25 ),Baoulé,AfriSpeech,5.723,train,bci
AfriSpeech/baoule_bci,13. ?Blɛ benin nun yɛ ɔ fata kɛ e bu like nga e wla o su kɛ é ɲɛ́n i’n i su akunndan kpa-ɔ?,Baoulé,AfriSpeech,8.621,train,bci
AfriSpeech/baoule_bci,14. ?É yó sɛ naan y’a fa e wla y’a guɛ i like nga Zoova waan ɔ́ yó’n su kpa?,Baoulé,AfriSpeech,6.955,train,bci
AfriSpeech/baoule_bci,15. ?Ngue yɛ ndɛ nga Klisita kannin’n kle wɔ-ɔ?,Baoulé,AfriSpeech,6.376,train,bci
AfriSpeech/baoule_bci,"16. ?Ngue ti yɛ famiɛn Davidi seli kɛ be nga be sro Zoova’n, ‘be mianman like fi wun-ɔn’?",Baoulé,AfriSpeech,8.331,train,bci
AfriSpeech/baoule_bci,17. ?Ngue ti yɛ w’a fua kpa kɛ ɔ ɲin yí like nga a le i’n niɔn?,Baoulé,AfriSpeech,7.534,train,bci
AfriSpeech/baoule_bci,?Ngue ti yɛ Izraɛlifuɛ’m be ɲin w’a yiman like nga be le i’n niɔn? (An nian ndɛ kpɔlɛ 5 nun.),Baoulé,AfriSpeech,6.52,train,bci
AfriSpeech/baoule_bci,"Like kwlaa nga e si i yo’n, ɔ fin Zoova i aklunye dan’n. (An nian ndɛ kpɔlɛ 9 nun.) b",Baoulé,AfriSpeech,6.656,train,bci
AfriSpeech/baoule_bci,“Zoova yɛ maan sran kwla-ɔ”,Baoulé,AfriSpeech,3.042,train,bci
AfriSpeech/baoule_bci,SRAN NG’Ɔ KAN NDƐ’N YƐLE FILIPU BRUNLE,Baoulé,AfriSpeech,6.302,train,bci
AfriSpeech/baoule_bci,"b DESƐN’N NIN FOTO’N BE SU NDƐ’N: Aniaan kun su niannian ninnge wie mun Ɲanmiɛn sulɛ sua kun nun, sɛ be te yo kpa-o. Aniaan bla kun m’ɔ suannin bobo aniɛn’n su tɛ kosan wie’m be su akpasua kun aɲia kun bo. Yɛ aniaan bian kun su ijɔ nzra nun.",Baoulé,AfriSpeech,13.62,train,bci
AfriSpeech/baoule_bci,"E yiali be sua ba klanman kpa kun nun. Sanngɛ ndɛ’n w’a bomɛn i bo kpa. Kɛ Jɔlɛ difuɛ’m be ja nunfuɛ’n bó i ndɛ’n i bo’n, ɔ seli kɛ ɔ fata kɛ Zoova i Lalofuɛ’m be tua sika nga Aflansi awa’n waan be tua’n i bue. Yɛ e kali lɛ e usɛli i kɛ: “?A si kɛ awa w’a dun mmua w’a fɛ i sa w’a sie i e sika Euro miliɔn nnan tra su m’ɔ o banki lɔ’n su?”",Baoulé,AfriSpeech,24.446,train,bci
AfriSpeech/baoule_bci,"Blɛ sɔ’n nun’n, nn n di junman Zoova i Lalofuɛ’m be Anuannzɛ’n i bo bia m’ɔ o Niyɔki lɔ’n nun. ?Ɔ maan ɔ yo sɛ yɛ maan n ɔli lele Abloki n ko kannin aniaan’m be ti ndɛ-ɔ?",Baoulé,AfriSpeech,13.123,train,bci
AfriSpeech/baoule_bci,MIN SI NIN MIN NIN MƆ BE TI NGALIƐ DIFUƐ’M BE KLELI MIN AJALƐ KPA,Baoulé,AfriSpeech,5.52,train,bci
AfriSpeech/baoule_bci,BE SELI MIN KƐ N KO DI JUNMAN ANUANNZƐ’N I BO BIA’N SU LƆ,Baoulé,AfriSpeech,4.781,train,bci
AfriSpeech/baoule_bci,BE SELI MIN KƐ N SUAN ANIAAN NGA BE KPLI ANIAAN’M BE TI’N BE BO,Baoulé,AfriSpeech,4.768,train,bci
AfriSpeech/baoule_bci,E KPLILI JASIN FƐ’N I TI NAAN W’A TAKA KPA,Baoulé,AfriSpeech,4.498,train,bci
AfriSpeech/baoule_bci,"Afuɛ 1986 nun’n, be sieli min biolo ng’ɔ kpli aniaan’m be ti’n i su kpɛn. Kɛ ɔ́ yó sɔ’n, nn n le afuɛ 30. I sɔ’n yoli min fɛ, afin kannzɛ bɔbɔ n te yo gbanflɛn’n, aniaan’m be lafi min su. Sanngɛ min klun titili min dan. Afin n siman ninnge kpanngban, yɛ n si kɛ junman sɔ’n i dilɛ’n su yoman pɔpɔ.",Baoulé,AfriSpeech,23.63,train,bci
AfriSpeech/baoule_bci,"Afuɛ 40 nga be sinnin lɛ’n be nun’n, e nin aniaan nga be o Betɛli’m be nun mɔ be kpli aniaan’m be ti’n, e bo yoli kun e dili junman. N ɔli jɔlɛ difuɛ dandan mun, nin awa i ja nunfuɛ wie mɔ be le ɲrun kpa’n be nun kpanngban be ɲrun. N klo aniaan nga be kpli aniaan’m be ti mɔ be di junman Anuannzɛ’n i bo bia’n su wa’n, nin betɛli’m be nun’n be kpa. Nanwlɛ, Zoova yrali min su dan. Yɛ min ɲrun w’a yoman min koun le.",Baoulé,AfriSpeech,28.177,train,bci
AfriSpeech/baoule_bci,"Elizabɛti w’a suan min bo lele afuɛ 45. Aklunjɔɛ blɛ’n nun-o, blɛ kekle nun-o, ɔ suannin min bo titi. I sɔ’n ti’n, n klo i kpa. Afin tukpacɛ kun m’ɔ kle i yalɛ’n ti’n, ɔ leman wunmiɛn kpa. Ɔ nin i sɔ ngba’n w’a yaciman min bo suanlɛ le.",Baoulé,AfriSpeech,17.853,train,bci
AfriSpeech/baoule_bci,"E wo Abloki lɔ jɔlɛ difuɛ dandan’m be biolo’n i ɲrun lɛ, afuɛ 2010 nun.",Baoulé,AfriSpeech,9.273,train,bci
AfriSpeech/baoule_bci,"Natan Nɔɔ (bɛ su) w’a ba e osu nianlɛ Adisi Abeba, Etiopi lɔ afuɛ 1959 nun.",Baoulé,AfriSpeech,9.998,train,bci
AfriSpeech/baoule_bci,"E wunnin i wlɛ weiin kɛ wunmiɛn’n nin kwlalɛ’n, be finman ninnge nga e si be yo’n. Sanngɛ kɛ nga Davidi fa kannin’n sa’n, “Zoova ti i nvlefuɛ’m be wunmiɛn.” ( Jue. 28:8 ) Nanwlɛ, “Zoova yɛ maan sran kwla-ɔ.”",Baoulé,AfriSpeech,19.464,train,bci
AfriSpeech/baoule_bci,"“Mmeli’n,” afuɛ 1974 nun.",Baoulé,AfriSpeech,6.52,train,bci
AfriSpeech/baoule_bci,"Cɛn nga e jali’n, afuɛ 1979 nun.",Baoulé,AfriSpeech,6.472,train,bci
AfriSpeech/baoule_bci,"?Klisifuɛ klikli’m be blɛ su’n, ngue yɛ Ɲanmiɛn ɲrun jranfuɛ’m be yo naan nnɛn mmoja’n w’a kaman tɛ yiwlɛ’n su-ɔ?",Baoulé,AfriSpeech,8.115,train,bci
AfriSpeech/baoule_bci,"Betɛlifuɛ nga be o Bluklinin Ɛsipaɲɔlu asɔnun’n nun’n, afuɛ 1986 nun.",Baoulé,AfriSpeech,9.069,train,bci
AfriSpeech/baoule_bci,Maan e fa e ɲin e sie i like nɲɔn mɔ i ti yɛ tɛ yiwlɛ’n yoli yɛiin titi’n be su.,Baoulé,AfriSpeech,6.232,train,bci
AfriSpeech/baoule_bci,"Fluwa sifuɛ wie’m be fufuli Ɲanmiɛn sua nga Erɔdu kplannin mɔ be bubuli i afuɛ 70 nun’n, i nvɛnwunnvɛnwun lɛ lika’n nun. Be wunnin kɛ sran’m be fuli kunman kun m’ɔ bo nun Ɲanmiɛn sua’n i sin lɔ-ɔ. Be waan kɛ be niɛn i sa’n, kunman sɔ’n i nun yɛ mmoja’n sin-ɔn.",Baoulé,AfriSpeech,16.594,train,bci
AfriSpeech/baoule_bci,"LAA Izraɛli lɔ’n, afuɛ kwlakwla’n Ɲanmiɛn ɲrun jranfuɛ’m be kun nnɛn akpiakpi kpanngban be fa yi tɛ Ɲanmiɛn sua’n nun lɔ tɛ yiwlɛ’n su. Laa Zifu’m be fluwa klɛfuɛ kun mɔ be flɛ i Zozɛfu’n, ɔ seli kɛ Delɛ Cɛn’n nun’n, bua ba nga be kun be fa yi tɛ’n, be tra 250.000. Ɔ maan mmoja ng’ɔ sonji tɛ yiwlɛ’n su’n, ɔ timan aɔwi. ( San. 1:10, 11; Kal. 28:16, 19 ) ?Nin yɛ mmoja kwlaa sɔ’n kɔ-ɔ?",Baoulé,AfriSpeech,25.435,train,bci
AfriSpeech/baoule_bci,LIKE SUANLƐ’N I SU AFƆTUƐ WIE MUN,Baoulé,AfriSpeech,3.005,train,bci
AfriSpeech/baoule_bci,Maan e bo like nga e suannin’n su e kle sran uflɛ,Baoulé,AfriSpeech,3.687,train,bci
AfriSpeech/baoule_bci,"Kɛ e suan Biblu’n nun like’n e ɲan su ye. Sanngɛ sɛ e bo like nga e suan’n su e kle e wiengu mun naan é fá wlá be fanngan’n, é ɲán su ye kpa ekun. Ɲanndra Mun 11:25 se kɛ: “Sran ng’ɔ mɛn i wiengu’m be nzue’n bé mɛ́n i nzue wie.”",Baoulé,AfriSpeech,19.399,train,bci
AfriSpeech/baoule_bci,"Kɛ e bo like nga e suan’n su e kle e wiengu mun’n, e wla kpɛn su ndɛndɛ yɛ e wun ndɛ’n i wlɛ kpa ekun. Asa’n kɛ mɔ ndɛ sɔ’m be kwla yo e wiengu’m be ye ti’n, kɛ e bo su kle be’n e di aklunjɔɛ.— Yol. 20:35 .",Baoulé,AfriSpeech,15.574,train,bci
AfriSpeech/baoule_bci,"Yo nga nian: Lemɔcuɛ ng’ɔ́ bá lɛ nun’n, mian ɔ ɲin naan bo like nga a suannin’n su kle sran kun. A kwla bo su kle ɔ osufuɛ kun, annzɛ amun asɔnun’n nun aniaan kun, annzɛ ɔ wiengu junman difuɛ kun, annzɛ ɔ wiengu suklu ba kun, annzɛ ɔ mantanfuɛ kun, annzɛ kusu sran kun mɔ kɛ amún bó jasin fɛ’n a wun i’n. Yiyi ndɛ’n nun kɛ nga a fa wun i wlɛ’n sa. Asa’n yiyi nun weinwein naan i wlɛ wunlɛ’n yo pɔpɔ.",Baoulé,AfriSpeech,28.757,train,bci
AfriSpeech/baoule_bci,Nán ɔ wla fi ndɛ nga su: Bo like nga a suan’n su kle ɔ wiengu mun naan fa wla be fanngan. Nán yo sɔ naan be se kɛ a si like dan.— 1 Kor. 8:1 .,Baoulé,AfriSpeech,9.016,train,bci
AfriSpeech/baoule_bci,LIKE SUANLƐ 32,Baoulé,AfriSpeech,11.739,train,bci
AfriSpeech/baoule_bci,JUE 38 Ɔ́ wlá ɔ fanngan,Baoulé,AfriSpeech,5.062,train,bci
AfriSpeech/baoule_bci,?Wafa sɛ yɛ Zoova uka e naan y’a jran kekle-ɔ?,Baoulé,AfriSpeech,4.118,train,bci
AfriSpeech/baoule_bci,"“Ɲanmiɛn m’ɔ ti aklunyefuɛ dan’n, [...] ɔ́ yó maan amún yó yakpafuɛ, ɔ́ yó maan amún ɲán wunmiɛn, yɛ ɔ́ yó maan amún jrán kekle.” — 1 PIƐ. 5:10 .",Baoulé,AfriSpeech,16.009,train,bci
AfriSpeech/baoule_bci,"Srɛlɛ mɔ e kwla srɛ Zoova’n, ɔ nin Biblu’n m’ɔ fa mannin e’n, nin e niaan mun, ɔ nin like nga e wla o su kɛ é ɲɛ́n i e ɲrun lɔ’n ti’n, e kwla jran e su sa’m be ɲrun kekle. É wá wún like nga e kwla yo naan y’a ɲɛn i kwlaa sɔ’n i su ye’n.",Baoulé,AfriSpeech,18.989,train,bci
AfriSpeech/baoule_bci,LIKE NGA ZOOVA SELI KƐ Ɔ́ YÓ MÁN E’N,Baoulé,AfriSpeech,4.172,train,bci
AfriSpeech/baoule_bci,"19 Kɛ nga e fa wunnin i’n sa’n, Zoova sin srɛlɛ mɔ e kwla srɛ i’n, nin Biblu’n, nin e niaan mun, ɔ nin like nga e wla o su kɛ é ɲɛ́n i e ɲrun lɔ’n be lika uka e naan y’a kwla jran e su sa’m be ɲrun kekle. Sɛ e mian e ɲin naan e ɲan ninnge sɔ mɔ be fin Zoova’n be su ye’n, Zoova úka e naan y’a jran sa kwlaa nga bé tɔ́ e su’n be ɲrun kekle lele Satan i mɛn nga fá wíe.— Fip. 4:13 .",Baoulé,AfriSpeech,28.529,train,bci
AfriSpeech/baoule_bci,?Wafa sɛ yɛ Ɲanmiɛn srɛlɛ’n nin Biblu’n nun kannganlɛ’n uka e naan y’a jran kekle-ɔ?,Baoulé,AfriSpeech,6.25,train,bci
AfriSpeech/baoule_bci,?Wafa sɛ yɛ e niaan Klisifuɛ’m be uka e naan y’a jran kekle-ɔ?,Baoulé,AfriSpeech,4.851,train,bci
AfriSpeech/baoule_bci,1. (1) ?Ngue ti yɛ ɔ ti cinnjin kɛ e jran kekle-ɔ? (2) ?Wan yɛ ɔ kwla uka e-ɔ? ( 1 Piɛli 5:10 ),Baoulé,AfriSpeech,13.496,train,bci
AfriSpeech/baoule_bci,2. ?Ngue yɛ maan e kwla jran kekle-ɔ?,Baoulé,AfriSpeech,6.165,train,bci
AfriSpeech/baoule_bci,"?Wafa sɛ yɛ like nga e wla o su kɛ é ɲɛ́n i e ɲrun lɔ’n, ɔ uka e naan y’a jran kekle-ɔ?",Baoulé,AfriSpeech,6.84,train,bci
AfriSpeech/baoule_bci,JUE 33 Fa ɔ su sa’n ngba man Zoova,Baoulé,AfriSpeech,7.779,train,bci
AfriSpeech/baoule_bci,3. ?Ngue ti yɛ e kwla se kɛ srɛlɛ mɔ e kwla srɛ Ɲanmiɛn’n ɔ ti abonuan-ɔn?,Baoulé,AfriSpeech,8.399,train,bci
AfriSpeech/baoule_bci,"4. ?Ngue ti yɛ e si kɛ sɛ e srɛ Zoova kɛ ɔ uka e naan e jran kekle’n, ɔ́ úka e-ɔ?",Baoulé,AfriSpeech,10.036,train,bci
AfriSpeech/baoule_bci,5. ?Wafa sɛ yɛ Ɲanmiɛn srɛlɛ’n kwla uka e naan e wla w’a gua ase-ɔ? ( Ezai 26:3 ),Baoulé,AfriSpeech,7.772,train,bci
AfriSpeech/baoule_bci,6. ?Ngue ndɛ yɛ e kwla kɛn i e srɛlɛ’m be nun-ɔn? (An nian foto’n wie.),Baoulé,AfriSpeech,6.706,train,bci
AfriSpeech/baoule_bci,7. ?Wafa sɛ yɛ Biblu’n nun like suanlɛ’n ɔ kwla uka e naan y’a jran e su sa’m be ɲrun kekle-ɔ?,Baoulé,AfriSpeech,9.198,train,bci
AfriSpeech/baoule_bci,8. (1) An kan afɔtuɛ kun mɔ Biblu’n man e m’ɔ kwla uka e naan y’a jran kekle’n i ndɛ. (2) ?Ngue yɛ e kwla yo naan e wla w’a kpɛn Biblu’n nun afɔtuɛ’m be su ndɛndɛ naan y’a fa ajalɛ kpa-ɔ?,Baoulé,AfriSpeech,18.637,train,bci
AfriSpeech/baoule_bci,"9. ?Kɛ e wun wafa nga Zoova ukɛli i sufuɛ mun laa’n, ngue ti yɛ i sɔ’n wla e fanngan-ɔn?",Baoulé,AfriSpeech,9.146,train,bci
AfriSpeech/baoule_bci,10. ?Ngue yɛ a kwla yo naan w’a ɲan Biblu’n nun ndɛ’n i su ye kpa-ɔ?,Baoulé,AfriSpeech,8.27,train,bci
AfriSpeech/baoule_bci,"11. ?Kɛ e si kɛ sa nga be o e su’n be o aniaan’m be su wie’n, ngue ti yɛ i sɔ’n wla e fanngan-ɔn?",Baoulé,AfriSpeech,10.7,train,bci
AfriSpeech/baoule_bci,"12. (1) ?Wafa sɛ yɛ e niaan’m be uka e-ɔ? (2) ?Wafa sɛ yɛ e kusu e kwla uka be-ɔ? ( 2 Korɛntifuɛ Mun 1:3, 4 )",Baoulé,AfriSpeech,13.458,train,bci
AfriSpeech/baoule_bci,13. ?Ngue yɛ ɔ ukali aniaan bla Maya naan w’a jran kekle-ɔ?,Baoulé,AfriSpeech,8.0,train,bci
AfriSpeech/baoule_bci,"14. ?Kɛ sa o e su’n, é yó sɛ naan e niaan’m b’a kwla uka e? (An nian foto’n wie.)",Baoulé,AfriSpeech,8.771,train,bci
AfriSpeech/baoule_bci,"15. ?Wafa sɛ yɛ like nga Zoova seli kɛ ɔ́ yó’n, ɔ ukali Zezi-ɔ? ?Yɛ wafa sɛ yɛ i sɔ’n uka e wie-ɔ? ( Ebre Mun 12:2 )",Baoulé,AfriSpeech,14.614,train,bci
AfriSpeech/baoule_bci,"16. (1) ?Wafa sɛ yɛ like nga Zoova seli kɛ ɔ́ wá yó’n ɔ ukali aniaan bla kun naan w’a jran kekle-ɔ? (2) ?Yɛ ngue yɛ ndɛ ng’ɔ kannin’n, ɔ kle e-ɔ?",Baoulé,AfriSpeech,17.327,train,bci
AfriSpeech/baoule_bci,17. ?Wafa sɛ yɛ e kwla kle kɛ e si like mɔ e wla o su’n i su ye-ɔ? (An nian foto’n wie.),Baoulé,AfriSpeech,9.031,train,bci
AfriSpeech/baoule_bci,18. ?Ngue ti yɛ e kwla lafi su kɛ Zoova yó like ng’ɔ seli kɛ ɔ́ yó mán e’n niɔn?,Baoulé,AfriSpeech,9.182,train,bci
AfriSpeech/baoule_bci,19. ?Ngue yɛ ɔ kwla uka e naan y’a jran kekle-ɔ?,Baoulé,AfriSpeech,7.312,train,bci
AfriSpeech/baoule_bci,LIKE SUANLƐ 33,Baoulé,AfriSpeech,9.569,train,bci
AfriSpeech/baoule_bci,"JUE 4 “N ti kɛ bua sa, Zoova yɛ ɔ nian min su-ɔ”",Baoulé,AfriSpeech,5.837,train,bci
AfriSpeech/baoule_bci,Lafi su kɛ Zoova klo wɔ sakpa,Baoulé,AfriSpeech,3.765,train,bci
AfriSpeech/baoule_bci,“Klolɛ mɔ n klo wɔ dan’n ti yɛ n cuɛnnin wɔ n bali min wun-ɔn.” — ZER. 31:3 .,Baoulé,AfriSpeech,11.346,train,bci
AfriSpeech/baoule_bci,"Sa nga ti yɛ ɔ ti cinnjin kɛ e lafi su kɛ Zoova klo e sakpa’n, ɔ nin like nga e kwla yo naan y’a lafi i sɔ liɛ’n su kpa’n.",Baoulé,AfriSpeech,9.294,train,bci
AfriSpeech/baoule_bci,?NGUE TI YƐ Ɔ TI CINNJIN KƐ E LAFI SU KƐ ZOOVA KLO E SAKPA-Ɔ?,Baoulé,AfriSpeech,5.571,train,bci
AfriSpeech/baoule_bci,?NGUE YƐ E KWLA YO NAAN Y’A LAFI SU KƐ ZOOVA KLO E SAKPA-Ɔ?,Baoulé,AfriSpeech,5.444,train,bci
AfriSpeech/baoule_bci,WAFA NGA ZEZI UKA E NAAN Y’A LAFI SU KƐ ZOOVA KLO E SAKPA’N,Baoulé,AfriSpeech,6.349,train,bci
AfriSpeech/baoule_bci,"11 É lá Zoova i ase, afin ɔ sunmannin Zezi kɛ ɔ bla asiɛ’n su naan ɔ wa wu e dunman nun. Sanngɛ ɔ sunmɛnnin i kɛ ɔ wa kle sran’m be like naan be si i su ndɛ nanwlɛ’n wie. ( Zan 18:37 ) Ndɛ nanwlɛ sɔ’n i kun yɛle klolɛ mɔ Zoova klo i mma mun’n.",Baoulé,AfriSpeech,19.212,train,bci
AfriSpeech/baoule_bci,YO LIKE KWLAA NGA A KWLA YO NAAN W’A LAFI SU KPA TITI KƐ ZOOVA KLO WƆ’N,Baoulé,AfriSpeech,6.576,train,bci
AfriSpeech/baoule_bci,?Ngue ti yɛ ɔ ti cinnjin kɛ e lafi su kɛ Zoova klo e sakpa-ɔ?,Baoulé,AfriSpeech,4.657,train,bci
AfriSpeech/baoule_bci,"17 Maan e yo like kwlaa nga e kwla yo naan y’a lafi su kpa titi kɛ Zoova klo e’n. Afin kɛ nga e fa wunnin i’n sa’n, Satan yo like kwlaa ng’ɔ kwla yo naan e sa sin w’a bubu e naan y’a yaci Zoova i sulɛ’n. Ɔ kunndɛ kɛ ɔ́ láka e naan e bu i kɛ Zoova kloman e. Nán e lo e wun e man Satan naan ɔ laka e.— Zɔb. 27:5 .",Baoulé,AfriSpeech,21.978,train,bci
AfriSpeech/baoule_bci,"a Sɛ ɔ waan á sí Biblu’n nun ndɛ mma wie mɔ be kwla uka ɔ naan w’a lafi su kpa kɛ Zoova klo wɔ’n, nian fluwa Biblu’n nun mmla wie mɔ be uka Klisifuɛ mun’n i ndɛ akpasua nga be flɛ i kɛ “ Sɛ e buman e wun sran’n ” nun.",Baoulé,AfriSpeech,16.022,train,bci
AfriSpeech/baoule_bci,JUE 154 Klolɛ’n wieman le,Baoulé,AfriSpeech,4.579,train,bci
AfriSpeech/baoule_bci,1. ?Ngue ti yɛ a fali ɔ wun mannin Zoova-ɔ? (An nian foto’n wie.),Baoulé,AfriSpeech,5.887,train,bci
AfriSpeech/baoule_bci,?Ngue yɛ e kwla yo naan y’a wun i wlɛ kɛ Zoova klo e sakpa-ɔ?,Baoulé,AfriSpeech,4.998,train,bci
AfriSpeech/baoule_bci,?Ngue yɛ Zezi yoli naan y’a wun i wlɛ kɛ Zoova klo e sakpa-ɔ?,Baoulé,AfriSpeech,5.183,train,bci
AfriSpeech/baoule_bci,2-3. (1) ?Ngue yɛ Zoova kunndɛ kɛ e wun i wlɛ weiin-ɔn? (2) ?Kosan benin mun yɛ é wá tɛ́ be su like suanlɛ nga nun-ɔn? ( Zeremin 31:3 ),Baoulé,AfriSpeech,13.18,train,bci
AfriSpeech/baoule_bci,4. ?Ngue yɛ e kwla yo naan Satan w’a lakaman e-ɔ?,Baoulé,AfriSpeech,6.475,train,bci
AfriSpeech/baoule_bci,5. ?Ngue ti yɛ ɔ ti cinnjin kɛ e wun i wlɛ weiin kɛ Zoova klo e naan e ndɛ lo i dan-ɔn?,Baoulé,AfriSpeech,9.081,train,bci
AfriSpeech/baoule_bci,"6. ?Sɛ a lafiman su kɛ Zoova klo wɔ sakpa’n, ngue yɛ a kwla yo-ɔ?",Baoulé,AfriSpeech,7.879,train,bci
AfriSpeech/baoule_bci,"7-8. ?Wafa sɛ yɛ ndɛ ng’ɔ o Jue Mun fluwa’n nun’n, ɔ kle kɛ Zoova klo e-ɔ?",Baoulé,AfriSpeech,9.714,train,bci
AfriSpeech/baoule_bci,"9. ?Ngue ndɛ yɛ Zoova kannin m’ɔ gua be nga be klo i’n be awlɛn su nzue-ɔ? ( Ezipti Lɔ Tulɛ 20:5, 6 )",Baoulé,AfriSpeech,8.064,train,bci
AfriSpeech/baoule_bci,10-11. ?Wafa sɛ yɛ Zoova kunndɛ kɛ a bu e ti kpɔlɛ tɛ’n niɔn? ( Galasifuɛ Mun 2:20 ),Baoulé,AfriSpeech,8.585,train,bci
AfriSpeech/baoule_bci,12. ?Ngue ti yɛ e kwla lafi Zoova i su ndɛ nga Zezi kannin’n su-ɔ?,Baoulé,AfriSpeech,8.04,train,bci
AfriSpeech/baoule_bci,13. ?Ngue yɛ Zezi kunndɛ kɛ e wun i wlɛ-ɔ?,Baoulé,AfriSpeech,7.101,train,bci
AfriSpeech/baoule_bci,14. ?Wafa sɛ yɛ Zezi kleli kɛ e tinuntinun’n e ndɛ lo e Si Ɲanmiɛn dan-ɔn? ( Matie 10:29-31 ) (An nian desɛn’n wie.),Baoulé,AfriSpeech,9.546,train,bci
AfriSpeech/baoule_bci,"15. ?Ngue yɛ e Si Ɲanmiɛn i su ndɛ nga Zezi kannin m’ɔ o Zan 6:44 nun’n, ɔ kle wɔ-ɔ?",Baoulé,AfriSpeech,10.877,train,bci
AfriSpeech/baoule_bci,16. (1) ?Ngue yɛ Zezi kunndɛ kɛ a wun i wlɛ-ɔ? (2) ?Yɛ ngue ti yɛ ɔ fata kɛ a lafi i ndɛ’n su-ɔ? (3) ?Ngue yɛ a kwla yo naan w’a lafi su kɛ e Si Zoova leman wunsu-ɔ? (Nian kuku nga be flɛ i “ Siɛ nga sran kwlakwla kunndɛ’n ” nun.),Baoulé,AfriSpeech,18.064,train,bci
AfriSpeech/baoule_bci,17. ?Ngue ti yɛ ɔ ti cinnjin kɛ e yo like kwlaa nga e kwla yo naan y’a lafi su kpa titi kɛ Zoova klo e-ɔ?,Baoulé,AfriSpeech,9.825,train,bci
AfriSpeech/baoule_bci,18. ?Ngue yɛ a kwla yo naan w’a lafi su kpa titi kɛ Zoova klo wɔ-ɔ?,Baoulé,AfriSpeech,7.782,train,bci
AfriSpeech/baoule_bci,"?I nun mɔ a fali ɔ wun mannin Zoova mɔ be yoli ɔ batɛmun’n, klolɛ mɔ a kloli i’n, ɔ wla te kpɛn su? (An nian ndɛ kpɔlɛ 1 nun.)",Baoulé,AfriSpeech,8.821,train,bci
AfriSpeech/baoule_bci,"Ndɛ sɔ’n o fluwa An fa amun wun mantan Zoova i su fitilɛ ndɛ’n nun. Kɛ bé yíyí sa nga ti yɛ be yili fluwa sɔ’n nun’n, be seli kɛ: ‘É wún kɛ Zoova yɛ ɔ ti Siɛ nga sran kwlakwla kunndɛ’n niɔn. Afin ɔ le tinmin, yɛ ɔ yimɛn i mma’m be blo le, kpɛkun ɔ yo sa i nuan su sɛsɛ, ngwlɛlɛ’n ti i liɛ, ɔ klo sran.’",Baoulé,AfriSpeech,22.224,train,bci
AfriSpeech/baoule_bci,LIKE SUANLƐ 34,Baoulé,AfriSpeech,11.445,train,bci
AfriSpeech/baoule_bci,"Kɛ ɔ ko yo naan w’a lafi su kpa ekun kɛ Zoova yɛ ɔ ti Siɛ nga a miɛn i wun’n, a kwla fa blɛ kanngan fluwa sɔ’n nun kpa. Sɛ kusu w’a dun mmua w’a kanngan nun’n, a kwla kanngan nun ekun.",Baoulé,AfriSpeech,12.173,train,bci
AfriSpeech/baoule_bci,"Kɛ bla kun mɔ i si yoli i tɛtɛ i bakan nun’n, ɔ́ kán wafa nga fluwa sɔ’n ukɛli i’n i ndɛ’n, ɔ seli kɛ: “Fluwa sɔ’n kleli min kɛ, kɛ n ti i kɛ ‘siɛ’n’ ɔ fataman kɛ e klun titi e. Kɛ be se kɛ siɛ kun ti siɛ kpa’n, n wun i wlɛ siɛn’n. N si kɛ Zoova sɔli min nun, yɛ min kusu n fɛ i yoli min Si.” Sran kun ekun m’ɔ kanngannin fluwa sɔ’n nun’n, ɔ seli kɛ: “Nanwlɛ, Zoova ti Siɛ kun m’ɔ leman wunsu-ɔ.”",Baoulé,AfriSpeech,27.58,train,bci
AfriSpeech/baoule_bci,JUE 3 Ɔ su yɛ e fa e wla gua-ɔ,Baoulé,AfriSpeech,4.703,train,bci
AfriSpeech/baoule_bci,Lafi su kɛ Zoova yacili ɔ sa tɛ’n cɛli wɔ sakpa,Baoulé,AfriSpeech,4.051,train,bci
AfriSpeech/baoule_bci,“A yacili min fɔnlɛ’n nin min sa tɛ mun cɛli min.” — JUE. 32:5 .,Baoulé,AfriSpeech,9.434,train,bci
AfriSpeech/baoule_bci,"Zoova bu ndrofia’m be like dan ti’n, sɛ be nun kun sa tɔ’n, ɔ si nun. Ɔ maan nán wɔ mɔ a klo i kpɛkun a su i’n, yɛ ɔ su kloman wɔ-ɔ. (An nian ndɛ kpɔlɛ 14 nun.)",Baoulé,AfriSpeech,13.609,train,bci
AfriSpeech/baoule_bci,Biblu’n kle kɛ Zoova yaci sa tɛ yofuɛ ng’ɔ kaci i akunndan’n i sa tɛ’n cɛ i sakpa. Ɔ ti cinnjin kɛ e lafi i sɔ liɛ’n su kpa.,Baoulé,AfriSpeech,9.948,train,bci
AfriSpeech/baoule_bci,"SA TƐTƐ nga famiɛn Davidi yoli be’n ti’n, i akunndan’n buli i fɔ dan. ( Jue. 40:12; 51:3, i su fitilɛ ) Sanngɛ ɔ wlali sa tɛtɛ sɔ’m be ase, kpɛkun ɔ kacili i akunndan’n. I sɔ’n ti’n, Zoova yaci cɛli i. ( 2 Sam. 12:13 ) Kɛ Davidi wunnin kɛ Zoova yacili i sa tɛ mun cɛli i’n, i klun jɔli dan.— Jue. 32:1 .",Baoulé,AfriSpeech,18.962,train,bci
AfriSpeech/baoule_bci,Ɔ TI CINNJIN KƐ E LAFI SU KƐ ZOOVA YACILI E SA TƐ MUN CƐLI E SAKPA,Baoulé,AfriSpeech,5.633,train,bci
AfriSpeech/baoule_bci,LIKE NGA E KWLA YO NAAN Y’A WUN I WLƐ KƐ ZOOVA YACILI E SA TƐ’N CƐLI E SAKPA’N,Baoulé,AfriSpeech,5.299,train,bci
AfriSpeech/baoule_bci,"7 Bu Zoova bɔbɔ i su ndɛ ng’ɔ kannin’n i akunndan nian. I wie yɛle ndɛ ng’ɔ kan kleli Moizi Sinai Oka’n su lɔ’n. a (An kanngan Ezipti Lɔ Tulɛ 34:6, 7 nun.) Be diman Zoova i nzuɛn’m be yalɛ. Sanngɛ kɛ ɔ́ kɛ́n i su ndɛ klé Moizi’n, ɔ seli i kɛ ɔ ti “Ɲanmiɛn m’ɔ yaci sa cɛ’n, ɔ si aunnvɔɛ.” ?Ɲanmiɛn sɔ’n ɔ kwla se kɛ ɔ yacimɛn i sufuɛ kun m’ɔ kacili i ayeliɛ’n sakpa’n, i sa tɛ’n cɛmɛn i? Ɔ si’ɛ! Afin sɛ ɔ yo sɔ’n, nn ɔ siman aunnvɔɛ, yɛ nn i like yolɛ yo ya. Zoova kusu timan sɔ.",Baoulé,AfriSpeech,8.166,train,bci
AfriSpeech/baoule_bci,"11 Asa ekun’n, Biblu’n kle e kɛ Zoova wun i wlɛ weiin kɛ e ti sa tɛ yofuɛ. I sɔ liɛ’n fɔnvɔ e dan. ( Jue. 139:1, 2 ) Maan e fa e ɲin e sie i ndɛ kun ekun mɔ Davidi kɛnnin i Jue Mun fluwa’n nun’n su. Ndɛ sɔ’n kwla uka e wie naan y’a lafi su kɛ Zoova yaci e sa tɛ mun cɛ e sakpa.",Baoulé,AfriSpeech,18.837,train,bci
AfriSpeech/baoule_bci,MAAN E LAFI SU TITI KƐ ƝANMIƐN YACILI E SA TƐ MUN CƐLI E SAKPA,Baoulé,AfriSpeech,5.524,train,bci
AfriSpeech/baoule_bci,?Ngue ti yɛ ɔ ti cinnjin kɛ e lafi su kɛ Zoova yacili e sa tɛ mun cɛli e sakpa-ɔ?,Baoulé,AfriSpeech,5.703,train,bci
AfriSpeech/baoule_bci,?É yó sɛ naan y’a wun i wlɛ kɛ Zoova yacili e sa tɛ’n cɛli e sakpa?,Baoulé,AfriSpeech,5.044,train,bci
AfriSpeech/baoule_bci,?Ngue ti yɛ ɔ ti cinnjin kɛ e lafi su kpa titi kɛ Zoova yacili e sa tɛ mun cɛli e-ɔ?,Baoulé,AfriSpeech,6.278,train,bci
AfriSpeech/baoule_bci,"1-2. ?Kɛ e yo sa tɛ mɔ e kaci e ayeliɛ’n mɔ e wun kɛ Zoova yaci cɛli e’n, wafa sɛ yɛ i sɔ’n yo e-ɔ? (An nian desɛn ng’ɔ o fluwa’n i bui’n su’n wie.)",Baoulé,AfriSpeech,10.288,train,bci
AfriSpeech/baoule_bci,JUE 1 Sran wafa nga Zoova ti’n,Baoulé,AfriSpeech,4.614,train,bci
AfriSpeech/baoule_bci,"3-4. (1) ?Akunndan benin yɛ aniaan bla kun mɔ be yoli i batɛmun’n, ɔ buli-ɔ? (2) ?Ngue yɛ é wá wún i like suanlɛ nga nun-ɔn?",Baoulé,AfriSpeech,13.838,train,bci
AfriSpeech/baoule_bci,5. ?Akunndan benin yɛ Satan kunndɛ kɛ e bu-ɔ? An fa sa kun yiyi nun.,Baoulé,AfriSpeech,7.423,train,bci
AfriSpeech/baoule_bci,6. ?Ngue yɛ ɔ fata kɛ e yo naan e akunndan’n w’a buman e fɔ sa trilili-ɔ?,Baoulé,AfriSpeech,7.63,train,bci
AfriSpeech/baoule_bci,"7-8. (1) ?Zoova bɔbɔ i su ndɛ benin yɛ ɔ kannin-ɔn? (2) ?Yɛ ngue ti yɛ ndɛ sɔ’n cici e wla-ɔ? ( Ezipti Lɔ Tulɛ 34:6, 7 )",Baoulé,AfriSpeech,12.421,train,bci
AfriSpeech/baoule_bci,"9. ?Wafa nga Zoova yaci e sa tɛ mun cɛ e’n, i su ndɛ benin yɛ Biblu’n kan-ɔn? ( Jue Mun 32:5 )",Baoulé,AfriSpeech,8.394,train,bci
AfriSpeech/baoule_bci,"10-11. ?Kɛ Biblu’n se kɛ Zoova ‘klo kpa kɛ ɔ́ yáci sa cɛ́’n,’ ngue yɛ i sɔ’n kle e-ɔ? ( Jue Mun 86:5 )",Baoulé,AfriSpeech,9.914,train,bci
AfriSpeech/baoule_bci,"12-13. (1) ?Zoova i su ndɛ benin yɛ Davidi kannin-ɔn? ( Jue Mun 103:14 ) (2) ?Kɛ mɔ Zoova si e’n ti’n, ngue yɛ ɔ yo-ɔ?",Baoulé,AfriSpeech,13.101,train,bci
AfriSpeech/baoule_bci,14. (1) ?Ndɛ benin ekun yɛ ɔ kwla uka e naan y’a lafi su kɛ Zoova yaci e sa tɛ mun cɛ e sakpa-ɔ? ( Jue Mun 103:12 ) (2) ?Wafa sɛ yɛ Davidi i su ndɛ’n kle kɛ Zoova yaci e sa tɛ’n cɛ e weiin-ɔn? (An nian kuku nga be flɛ i kɛ “ Zoova yaci sa cɛ yɛ i wla fi su ” i nun.),Baoulé,AfriSpeech,17.318,train,bci
AfriSpeech/baoule_bci,"15. ?Sɛ sa tɛ nga e yoli be laa’n ti’n, e akunndan’n te bu e fɔ’n, ngue yɛ e kwla yo-ɔ?",Baoulé,AfriSpeech,9.788,train,bci
AfriSpeech/baoule_bci,"16. ?Sa benin yɛ e kwla fa kle kɛ sɛ e bu sa tɛ nga e yoli be laa’n be akunndan sa trilili’n, ɔ timan kpa-ɔ? (An nian desɛn’n wie.)",Baoulé,AfriSpeech,10.813,train,bci
AfriSpeech/baoule_bci,"17. ?Ngue ti yɛ ɔ ti cinnjin kɛ e lafi su kpa titi kɛ Zoova klo e, naan ɔ klo kpa kɛ ɔ́ yáci e sa tɛ mun cɛ́ e-ɔ?",Baoulé,AfriSpeech,11.243,train,bci
AfriSpeech/baoule_bci,"18. ?Ngue yɛ a kwla yo naan w’a lafi su kpa kɛ Zoova klo wɔ, naan ɔ yacili ɔ sa tɛ mun cɛli wɔ sakpa-ɔ?",Baoulé,AfriSpeech,10.476,train,bci
AfriSpeech/baoule_bci,Zoova yaci sa cɛ yɛ i wla fi su,Baoulé,AfriSpeech,5.711,train,bci
AfriSpeech/baoule_bci,"Biblu’n se kɛ, kɛ Zoova yaci sa cɛ’n, i wla fi su. Ndɛ sɔ’n i bo’n, yɛle kɛ, kɛ Zoova ko yaci sa kun ko cɛ’n, ɔ su jranman su diman e jɔlɛ kun. ( Eza. 43:25 ) I wie yɛle famiɛn Davidi liɛ’n. Sa ng’ɔ juli i su’n kle kɛ, sɛ e yo sa tɛ dan bɔbɔ’n, e nin Zoova e afiɛn kwla mantan kpa titi.",Baoulé,AfriSpeech,21.55,train,bci
AfriSpeech/baoule_bci,"Sa nga Davidi yoli be’n be ti tɛ dan. I wie yɛle kɛ ɔ kunndɛli sran yi, kpɛkun ɔ kunnin sran. Sanngɛ kɛ mɔ Davidi kacili i sa’n ti’n, Zoova yaci cɛli i. Ɔ sɔli fɔ nga be tuli i’n nun’n. Ɔ kacili i ayeliɛ’n. Yɛ ɔ suli Zoova kpa titi lele naan w’a wu.— 2 Sam. 11:1-27; 12:13 .",Baoulé,AfriSpeech,19.782,train,bci
AfriSpeech/baoule_bci,"Famiɛn Davidi kpɛli jue kpanngban. Jue sɔ’m be nun’n, ɔ kannin e sa tɛ mɔ Zoova yaci cɛ e’n i ndɛ. (An nian ndɛ kpɔlɛ 1-2 nun)",Baoulé,AfriSpeech,10.095,train,bci
AfriSpeech/baoule_bci,"?Ngue yɛ i sɔ’n kle e-ɔ? Kɛ Zoova ko yaci e sa tɛ mun ko cɛ e’n, ɔ fɛmɛn i ɲin sieman sa sɔ’m be su kun. Sanngɛ sa kpa nga e yo m’ɔ kwla jran su yra e su’n, i su yɛ ɔ fɛ i ɲin sie-ɔ. ( Ebr. 11:6 ) I sɔ’n ti’n, ɔ fataman kɛ e bu sa tɛ nga e yoli be laa mɔ Zoova bɔbɔ seli kɛ ɔ yaci cɛli e’n, be akunndan sa trilili.",Baoulé,AfriSpeech,22.735,train,bci
AfriSpeech/baoule_bci,"Ɔ fata kɛ sran ng’ɔ cisan loto’n nun’n, ɔ fɛ i ɲin sie i atin m’ɔ o i ɲrun’n su. I wafa kunngba’n, ɔ fata kɛ e fa e ɲin e sie i wafa nga e kwla su Zoova kpa titi naan w’a yra e su’n su. (An nian ndɛ kpɔlɛ 16 su’n.)",Baoulé,AfriSpeech,15.936,train,bci
AfriSpeech/baoule_bci,Fluwa’n nun kannganfuɛ’m be kosan mun,Baoulé,AfriSpeech,3.357,train,bci
AfriSpeech/baoule_bci,?Blɛ benin nun yɛ é yáci jasin fɛ’n i bolɛ-ɔ?,Baoulé,AfriSpeech,4.59,train,bci
AfriSpeech/baoule_bci,"Kɛ be ko nunnun Babilɔnin klɔ dan’n, sran kwlaa ng’ɔ klo kɛ ɔ́ sú Zoova wie’n, naan ɔ́ súan Klisi i niaan nga be te o asiɛ’n su wa’n be bo’n, ɔ kwla yo sɔ. Yɛ Ɲanmiɛn kwla bu i sran kpa. ( Mat. 25:34-36, 40 ) Sanngɛ kɛ Klisi i niaan nga be te o asiɛ’n su’n, be ko wɔ ɲanmiɛn su mɔ Aamagedɔn alɛ’n wá bó i bo’n, sran fi kwlá yoman sɔ kun.",Baoulé,AfriSpeech,22.724,train,bci
AfriSpeech/baoule_bci,Fluwa mma kanngan nga be o Biblu’n nun ndɛ mma wie’m be nun’n,Baoulé,AfriSpeech,4.822,train,bci
AfriSpeech/baoule_bci,LIKE SUANLƐ’N I SU AFƆTUƐ WIE MUN,Baoulé,AfriSpeech,3.572,train,bci
AfriSpeech/baoule_bci,"Ndɛ sɔ mɔ y’a wun i wlɛ kpa siɛn’n, ɔ kle kpa kɛ Zoova klo sran dan, yɛ ɔ si aunnvɔɛ dan. Nanwlɛ, ɔ “kunndɛman kɛ sran kun sa nunnun. Sanngɛ ɔ kunndɛ kɛ sran kwlaa kaci i akunndan’n.”— 2 Piɛ. 3:9 .",Baoulé,AfriSpeech,20.027,train,bci
AfriSpeech/baoule_bci,Fluwa mma kanngan sɔ’m be kwla uka ɔ naan w’a wun:,Baoulé,AfriSpeech,4.449,train,bci
AfriSpeech/baoule_bci,Biblu’n nun ndɛ mma uflɛ m’ɔ kan sa kunngba’n i ndɛ’n: Fluwa mma kanngan sɔ’m be kwla uka ɔ naan w’a wun wafa nga be kannin sa kunngba’n i ndɛ Biblu’n nun ndɛ mma uflɛ nun’n. Nian ndɛ ng’ɔ o 2 Samiɛli 24:1 nin 1 Be Ɲoliɛ 21:1 be nun’n.,Baoulé,AfriSpeech,22.769,train,bci
AfriSpeech/baoule_bci,Ndɛ wie mɔ be boli su ndɛ mma uflɛ nun’n: Fluwa mma kanngan sɔ’m be kle Biblu’n nun ndɛ mma nga sran kun niannin su naan w’a kɛn i ndɛ liɛ’n. Nian ndɛ ng’ɔ o Matie 4:4 nin Mmla’n 8:3 be nun’n.,Baoulé,AfriSpeech,18.05,train,bci
AfriSpeech/baoule_bci,"Ɲanmiɛn ndɛ nga be kpɛnnin su’n: Fluwa mma kanngan sɔ’m be kle ndɛ nga Ɲanmiɛn nuan ijɔfuɛ kun kannin’n, ɔ nin wafa nga i ndɛ’n kpɛnnin su’n. Nian ndɛ ng’ɔ o Matie 21:5 nin Zakari 9:9 be nun’n.",Baoulé,AfriSpeech,18.536,train,bci
AfriSpeech/baoule_bci,LIKE SUANLƐ 36,Baoulé,AfriSpeech,10.786,train,bci
AfriSpeech/baoule_bci,JUE 103 Sran nga be mannin be like kɛ be yo’n,Baoulé,AfriSpeech,4.514,train,bci
AfriSpeech/baoule_bci,“Maan ɔ flɛ asɔnun kpɛnngbɛn mun.” — ZAK. 5:14 .,Baoulé,AfriSpeech,8.403,train,bci
AfriSpeech/baoule_bci,"Kɛ e mian ukalɛ wun’n, ɔ fata kɛ e ko wun asɔnun kpɛnngbɛn’m be wun.",Baoulé,AfriSpeech,5.783,train,bci
AfriSpeech/baoule_bci,"ZOOVA i sufuɛ’m be ti i cinnjin kpa. Ɔ fɛli i Wa’n i mmoja’n fa toli be, yɛ ɔ sieli asɔnun kpɛnngbɛn mun naan be nian be lika. ( Yol. 20:28 ) Ɔ kunndɛ kɛ asɔnun kpɛnngbɛn’m be niɛn i sufuɛ sɔ’m be lika klolɛ su. Zezi kle asɔnun kpɛnngbɛn’m be atin naan b’a kwla sasa aniaan mun naan be su Zoova kpa titi.— Eza. 32:1, 2 .",Baoulé,AfriSpeech,20.13,train,bci
AfriSpeech/baoule_bci,?BLƐ BENIN NUN YƐ Ɔ FATA KƐ E ‘FLƐ ASƆNUN KPƐNNGBƐN MUN-ƆN’?,Baoulé,AfriSpeech,4.939,train,bci
AfriSpeech/baoule_bci,?NGUE TI YƐ Ɔ FATA KƐ E FLƐ ASƆNUN KPƐNNGBƐN MUN-ƆN?,Baoulé,AfriSpeech,4.12,train,bci
AfriSpeech/baoule_bci,?WAFA SƐ YƐ ASƆNUN KPƐNNGBƐN’M BE UKA E-Ɔ?,Baoulé,AfriSpeech,3.815,train,bci
AfriSpeech/baoule_bci,LIKE NG’Ɔ FATA KƐ E BƆBƆ E YO’N,Baoulé,AfriSpeech,3.947,train,bci
AfriSpeech/baoule_bci,?Ngue ti yɛ ɔ fata kɛ e flɛ asɔnun kpɛnngbɛn mun-ɔn?,Baoulé,AfriSpeech,3.841,train,bci
AfriSpeech/baoule_bci,?Blɛ benin nun yɛ ɔ fata kɛ e “flɛ asɔnun kpɛnngbɛn mun” naan be uka e-ɔ?,Baoulé,AfriSpeech,5.284,train,bci
AfriSpeech/baoule_bci,1. ?Ngue yɛ Zoova yoli m’ɔ kle kɛ i sufuɛ’m be ti i cinnjin kpa-ɔ?,Baoulé,AfriSpeech,7.608,train,bci
AfriSpeech/baoule_bci,"2. ?Wan mun yɛ Zoova fɛ i ɲin sie be su kpa-ɔ? ( Ezekiɛli 34:15, 16 )",Baoulé,AfriSpeech,5.622,train,bci
AfriSpeech/baoule_bci,3. ?Ngue ti yɛ ɔ ti cinnjin kɛ e wun junman nga asɔnun kpɛnngbɛn’m be di’n i wlɛ-ɔ?,Baoulé,AfriSpeech,7.473,train,bci
AfriSpeech/baoule_bci,"4. ?Ngue yɛ ɔ kle kɛ nán tukpacɛ kpakpa ndɛ yɛ Zaki kannin-ɔn? ( Zaki 5:14-16, 19, 20 ) (An nian foto mun wie.)",Baoulé,AfriSpeech,6.477,train,bci
AfriSpeech/baoule_bci,"5. ?Sɛ e nin Zoova e afiɛn mantanman kpa kun’n, é yó sɛ naan y’a wun i wlɛ?",Baoulé,AfriSpeech,7.522,train,bci
AfriSpeech/baoule_bci,?Wafa sɛ yɛ asɔnun kpɛnngbɛn’m be uka e-ɔ?,Baoulé,AfriSpeech,3.522,train,bci
AfriSpeech/baoule_bci,"6. ?Sɛ sran kun yoli sa tɛ dan wie’n, ngue yɛ ɔ fata kɛ ɔ yo-ɔ?",Baoulé,AfriSpeech,7.363,train,bci
AfriSpeech/baoule_bci,JUE 31 A nin Ɲanmiɛn be nanti!,Baoulé,AfriSpeech,9.414,train,bci
AfriSpeech/baoule_bci,7. ?Wan mun ekun yɛ asɔnun kpɛnngbɛn’m be uka be-ɔ?,Baoulé,AfriSpeech,6.003,train,bci
AfriSpeech/baoule_bci,8. ?Sa benin mun yɛ ɔ timan cinnjin kɛ e bo su e kle asɔnun kpɛnngbɛn mun-ɔn?,Baoulé,AfriSpeech,6.953,train,bci
AfriSpeech/baoule_bci,"9. ?Kannzɛ sa nga e yoli’n yo e ɲannzuɛn’n, sanngɛ ngue ti yɛ ɔ fata kɛ e bo su kle asɔnun kpɛnngbɛn mun-ɔn? ( Ɲanndra Mun 28:13 )",Baoulé,AfriSpeech,8.387,train,bci
AfriSpeech/baoule_bci,"10. ?Sɛ e yo sa tɛ dan wie naan e fia su’n, wafa sɛ yɛ i bo’n gúa-ɔ?",Baoulé,AfriSpeech,7.344,train,bci
AfriSpeech/baoule_bci,"11. ?Sɛ e yo sa tɛ wie naan e fia su’n, sa uflɛ benin yɛ ɔ kwla ju-ɔ?",Baoulé,AfriSpeech,7.48,train,bci
AfriSpeech/baoule_bci,12. ?Wafa sɛ yɛ asɔnun kpɛnngbɛn’m be uka be nga b’a yo fakafaka Zoova i sulɛ’n nun’n niɔn?,Baoulé,AfriSpeech,7.69,train,bci
AfriSpeech/baoule_bci,"13. ?Kɛ asɔnun kpɛnngbɛn’m be srɛ man e mɔ be man e afɔtuɛ’n, wafa sɛ yɛ i sɔ’n uka e-ɔ? (An nian foto mun wie.)",Baoulé,AfriSpeech,8.437,train,bci
AfriSpeech/baoule_bci,14. ?Wafa sɛ yɛ asɔnun kpɛnngbɛn’m be uka sran kun m’ɔ ‘yoli sa wie m’ɔ timan kpa’n’ niɔn? ( Galasifuɛ Mun 6:1 ) (An nian foto mun wie.),Baoulé,AfriSpeech,8.023,train,bci
AfriSpeech/baoule_bci,"15. ?Sɛ sa wie kle e yalɛ’n, ngue yɛ ɔ fata kɛ e yo-ɔ?",Baoulé,AfriSpeech,6.81,train,bci
AfriSpeech/baoule_bci,"Kɛ e kpinndinman’n, e kɔ dɔɔtrɔ. I wafa kunngba’n, kɛ e wun kɛ e su kpɔnzɔ Ɲanmiɛn sulɛ’n nun’n, maan e ko wun asɔnun kpɛnngbɛn’m be wun. (An nian ndɛ kpɔlɛ 4 nun.)",Baoulé,AfriSpeech,23.919,train,bci
AfriSpeech/baoule_bci,16. ?Ngue yɛ ɔ fata kɛ e tinuntinun e yo-ɔ?,Baoulé,AfriSpeech,6.368,train,bci
AfriSpeech/baoule_bci,17. ?Ngue yɛ ɔ fata kɛ e kwlakwla e yo-ɔ?,Baoulé,AfriSpeech,6.406,train,bci
AfriSpeech/baoule_bci,Wafa nga e kwla uka be nga Ɲanmiɛn ndɛ’n lo be’n,Baoulé,AfriSpeech,3.912,train,bci
AfriSpeech/baoule_bci,JUE 54 “Atin’n yɛ ɔ o yɛ”,Baoulé,AfriSpeech,4.69,train,bci
AfriSpeech/baoule_bci,LIKE SUANLƐ 39,Baoulé,AfriSpeech,11.043,train,bci
AfriSpeech/baoule_bci,"“Be kwlaa nga be nin nguan m’ɔ leman awieliɛ’n fata’n, be lafili Zezi su.” — YOL. 13:48 .",Baoulé,AfriSpeech,13.054,train,bci
AfriSpeech/baoule_bci,?Blɛ benin nun yɛ ɔ fata kɛ e kle sran kun i Biblu’n nun like yɛ e yiɛ i aɲia’m be bo-ɔ?,Baoulé,AfriSpeech,7.474,train,bci
AfriSpeech/baoule_bci,KƐ E WUN SRAN KUN MƆ ƝANMIƐN NDƐ’N LO I’N,Baoulé,AfriSpeech,3.634,train,bci
AfriSpeech/baoule_bci,"3 Sɛ e wun sran kun mɔ Ɲanmiɛn ndɛ’n lo i’n, maan e ja nun lɛ’n e ukɛ i naan w’a fa nguan atin’n su. I lɛ nun’n, maan e ka lɛ e se i kɛ e kunndɛ kɛ é klé i Biblu’n nun like, yɛ maan e yiɛ i aɲia’m be bo.— An kanngan 1 Korɛntifuɛ Mun 9:26 nun.",Baoulé,AfriSpeech,27.57,train,bci
AfriSpeech/baoule_bci,"10 Sɛ sran’n ba aɲia’n bo’n, yo naan ɔ wun i wun fɛ. Fɛ i kle asɔnun kpɛnngbɛn mun ɔ nin aniaan onga mun. Sɛ sran’n wun i wun fɛ’n, cɛn uflɛ’n ɔ́ bá ekun. Sɛ be su kanngan Biblu’n nun’n, sɛ ɔ leman wie’n, a nin i be nian ɔ liɛ’n nun. Yɛ sɛ be su ijɔ nzra nun annzɛ e su suan e fluwa kun i nun like’n, ukɛ i naan ɔ wun ndɛ nga be su yiyi nun’n i wlɛ.",Baoulé,AfriSpeech,28.59,train,bci
AfriSpeech/baoule_bci,KƐ E BO SRAN’N I LIKE KLELƐ BO’N,Baoulé,AfriSpeech,3.223,train,bci
AfriSpeech/baoule_bci,"14 Zoova kunndɛ kɛ e bu be kwlaa nga be bo e aɲia’m be bo tranlɛ bo’n be sran. Kannzɛ be finwlɛ’n ti sɛ ti sɛ-o, sɛ be le sika annzɛ be ti yalɛfuɛ-o, annzɛ be aniɛn’n nin e liɛ’n timan kun-o, Zoova kunndɛ kɛ e bu be sran. ( Zak. 2:​1-4, 9 ) ?Ɔ maan wafa sɛ yɛ e kwla kle kɛ e bu be nga be ba e aɲia’m be bo’n be sran-ɔn?",Baoulé,AfriSpeech,22.223,train,bci
AfriSpeech/baoule_bci,"?Kpɛ klikli nga e to sran kun mɔ Ɲanmiɛn ndɛ’n lo i’n, wafa sɛ yɛ e kwla ukɛ i-ɔ?",Baoulé,AfriSpeech,6.513,train,bci
AfriSpeech/baoule_bci,"1. ?Kɛ é bó jasin fɛ’n, sran wafa benin mun yɛ e to be-ɔ? ( Sa Nga Be Yoli’n 13:​47, 48; 16:​14, 15 )",Baoulé,AfriSpeech,7.023,train,bci
AfriSpeech/baoule_bci,"?Kɛ e bo sran’n i like klelɛ bo’n, ngue yɛ ɔ fata kɛ e yo-ɔ?",Baoulé,AfriSpeech,5.324,train,bci
AfriSpeech/baoule_bci,?É yó sɛ naan be nga be bali e aɲia’n bo uflɛuflɛ’n b’a wun be wun fɛ?,Baoulé,AfriSpeech,5.558,train,bci
AfriSpeech/baoule_bci,JUE 64 Maan e di junman’n wie aklunjuɛ su,Baoulé,AfriSpeech,11.023,train,bci
AfriSpeech/baoule_bci,2. ?Ngue ti yɛ e kwla se kɛ e jasin fɛ bolɛ junman’n ɔ ti kɛ fie difuɛ’m be junman’n sa-ɔ?,Baoulé,AfriSpeech,9.075,train,bci
AfriSpeech/baoule_bci,"3. ?Sɛ e wun sran kun mɔ Ɲanmiɛn ndɛ’n lo i’n, ngue yɛ ɔ fata kɛ e yo-ɔ? ( 1 Korɛntifuɛ Mun 9:26 )",Baoulé,AfriSpeech,8.545,train,bci
AfriSpeech/baoule_bci,4. An bo sa kun m’ɔ kle kɛ sran wie’m be kwla kplin su kɛ e ka lɛ e kle be Biblu’n nun like’n i su.,Baoulé,AfriSpeech,9.392,train,bci
AfriSpeech/baoule_bci,"5. ?Sɛ e waan é klé sran kun i Biblu’n nun like’n, ngue yɛ ɔ fata kɛ e wun i wlɛ-ɔ? (An nian foto mun wie.)",Baoulé,AfriSpeech,8.202,train,bci
AfriSpeech/baoule_bci,"6. ?Sɛ e kunndɛ kɛ e nin sran’n é kókó yalɛ cɛn uflɛ ekun’n, ndɛ benin yɛ e kwla kan-ɔn?",Baoulé,AfriSpeech,9.781,train,bci
AfriSpeech/baoule_bci,7. ?Blɛ benin nun yɛ sran wie’m be lafili ndɛ nanwlɛ’n su-ɔ? ( 1 Korɛntifuɛ Mun 14:​23-25 ),Baoulé,AfriSpeech,6.764,train,bci
AfriSpeech/baoule_bci,"8. ?Kɛ é yía sran kun e aɲia’m be bo’n, ngue yɛ e kwla kɛn i ndɛ-ɔ? ( Ezai 54:13 )",Baoulé,AfriSpeech,8.132,train,bci
AfriSpeech/baoule_bci,9-10. ?Ngue ndɛ yɛ e kwla kan naan aɲia’m be bo tranlɛ’n w’a yo sran’n i fɛ-ɔ? (An nian foto’n wie.),Baoulé,AfriSpeech,8.169,train,bci
AfriSpeech/baoule_bci,"11. ?Sɛ e nin sran kun e nuan sɛli dɔ kun su’n, ngue yɛ ɔ fata kɛ e yo-ɔ?",Baoulé,AfriSpeech,8.506,train,bci
AfriSpeech/baoule_bci,"12. ?Kɛ e bo sran kun i Biblu’n nun like klelɛ bo’n, ngue yɛ ɔ fata kɛ e yo-ɔ?",Baoulé,AfriSpeech,8.092,train,bci
AfriSpeech/baoule_bci,"13. ?Kɛ é klé sran kun i like’n, wafa sɛ yɛ e kwla ukɛ i-ɔ? ( 2 Korɛntifuɛ Mun 10:​4, 5 ) (An nian foto’n wie.)",Baoulé,AfriSpeech,7.724,train,bci
AfriSpeech/baoule_bci,14. ?Wafa sɛ yɛ ɔ fata kɛ e bu be nga be ba e aɲia’m be bo’n niɔn?,Baoulé,AfriSpeech,7.967,train,bci
AfriSpeech/baoule_bci,15-16. ?É yó sɛ naan be nga be bali e aɲia’n bo uflɛuflɛ’n b’a wun be wun fɛ?,Baoulé,AfriSpeech,9.016,train,bci
AfriSpeech/baoule_bci,"17. ?Kɛ e wun be nga “be nin nguan m’ɔ leman awieliɛ’n fata’n,” ngue yɛ ɔ fata kɛ e yo-ɔ?",Baoulé,AfriSpeech,9.473,train,bci
AfriSpeech/baoule_bci,"Sɛ sran kun bo aɲia’m be bo tranlɛ bo ndɛ nun’n, ɔ́ kɔ́ i ɲrun ndɛndɛ Ɲanmiɛn sulɛ’n nun. (An nian ndɛ kpɔlɛ 9-10 nun.)",Baoulé,AfriSpeech,24.161,train,bci
AfriSpeech/baoule_bci,Zoova ukali e maan e dili aklunjɔɛ lika kwlaa nga be fa e ɔli’n nun,Baoulé,AfriSpeech,4.664,train,bci
AfriSpeech/baoule_bci,Man like suanfuɛ’n i blɛ naan ɔ bu like ng’ɔ su suan’n i akunndan naan w’a kwla fa su. (An nian ndɛ kpɔlɛ 13 nun.),Baoulé,AfriSpeech,25.218,train,bci
AfriSpeech/baoule_bci,SRAN NGA BE KAN NDƐ’N BE YƐLE MATISI KASƆMUN NIN I YI ANIN-KATERININ,Baoulé,AfriSpeech,14.393,train,bci
AfriSpeech/baoule_bci,"?Wafa sɛ yɛ amun sili ndɛ nanwlɛ’n niɔn? Matisi, dun mmua tɛ su.",Baoulé,AfriSpeech,5.78,train,bci
AfriSpeech/baoule_bci,"ANUANNZƐ’N fali aniaan bian kun m’ɔ suan Matisi’n ɔ nin i yi Anin-Katerinin ɔli lika fanunfanun nun. Sa sunman tɔli be su. Sanngɛ Zoova fanngan nun’n, be kwla dili aklunjɔɛ lika kwlaa nga be fa be ɔli’n nun.",Baoulé,AfriSpeech,14.504,train,bci
AfriSpeech/baoule_bci,"Kɛ e nin Matisi e jali’n, e ukali sran kpanngban naan b’a si ndɛ nanwlɛ’n. Talua kaan kun wo be nun. Be flɛ i Maivɔɔ. Ɔ yacili junman kun mɔ sika o nun kpa’n i dilɛ naan w’a kwla tu i klun w’a su Zoova. I sin’n, ɔ nin min sinma bla’n be dili atin bolɛ junman’n likawlɛ. Afuɛ 1984 nun’n, be dili Galaadi suklu’n. Yɛ dɔ nga su’n, be ti ngaliɛ difuɛ Ekuatɛɛ lɔ.",Baoulé,AfriSpeech,25.796,train,bci
AfriSpeech/baoule_bci,"Aniaan bian kun seli amun kɛ amun di aklunjɔɛ lika kwlaa nga be fa amun kɔ lɛ’n nun. ?Wafa sɛ yɛ afɔtuɛ sɔ’n ukali amun, amun ngaliɛ dilɛ junman’n nun-ɔn?",Baoulé,AfriSpeech,11.225,train,bci
AfriSpeech/baoule_bci,?Wafa sɛ yɛ Zoova yrali amun su-ɔ?,Baoulé,AfriSpeech,3.964,train,bci
AfriSpeech/baoule_bci,"Asa’n e wunnin ninnge ɲɛnmɛn nga Zoova yili be’n be kpanngban kpa. Blɛ kwlaa nga anuannzɛ’n fa e kɔ lika uflɛ’n, ɔ yo e kɛ Zoova su kle e like uflɛ ekun sa. Ninnge fanunfanun ng’ɔ kleli e’n, e bɔbɔ e tiaun nun’n e kwlá siman be.",Baoulé,AfriSpeech,17.089,train,bci
AfriSpeech/baoule_bci,?Sa benin mun yɛ be tɔli amun su-ɔ? ?Yɛ ngue yɛ ɔ ukali amun naan amun a jran kekle-ɔ?,Baoulé,AfriSpeech,6.568,train,bci
AfriSpeech/baoule_bci,"Matisi: E buli i kɛ e su kwlá diman e ngaliɛ dilɛ junman’n kun. I sɔ’n ti’n e sunnin kpa liɛ su. Kannzɛ bɔbɔ dɔɔtrɔ bian’n seli e kɛ min yi su yoman juejue kun’n, sanngɛ ɔ wa yoli juejue. Ɔ maan kɛ afuɛ kun sinnin’n, e sali e sin Zaii lɔ. Be fa e ɔli Lubunbasi lɔ asɔnun bo kaan kun nun. Suaili aniɛn’n nun yɛ be yo be aɲia mun-ɔn.",Baoulé,AfriSpeech,23.863,train,bci
AfriSpeech/baoule_bci,"Anin-Katerinin: Afuɛ 1983 nun mɔ e o Zaii lɔ’n, nzonjiɛ wie m’ɔ tɔli min wun sa’n w’a yoman blɛblɛ. Dɔɔtrɔ bian’n seli min wun Matisi kɛ: “Sɛ a kunndɛman kɛ ɔ wu’n, andɛ bɔbɔ nga’n, fɛ i jaso nvle nga nun wa!” Kɛ lika’n cɛnnin’n, e fuli aviɔn kun mɔ be fa sua trɔ’n i nun e ɔli Suɛdi. Aviɔn sɔ’n i kunngba cɛ yɛ ɔ kɔ lɔ-ɔ.",Baoulé,AfriSpeech,24.316,train,bci
AfriSpeech/baoule_bci,"E wa wunnin i wlɛ kɛ nán e ngunmin yɛ sa kekle’m be tɔ e su-ɔ. Afuɛ 1994 nun’n, kɛ bé wá lé núnnún Tutsi mun Ruanda lɔ’n, i sin’n e ko niannin aniaan wie mɔ be ko fiali nanmue wie’m be nun’n be osu. Sa kekle o aniaan sɔ’m be su. Sanngɛ e wunnin kɛ be lafi Ɲanmiɛn su kpa, be tra be awlɛn, yɛ be klun ti ufue. I sɔ’n kleli e kɛ Zoova kwla suɛn i sufuɛ’m be bo sa kwlaa nun.— Jue. 55:22 .",Baoulé,AfriSpeech,27.492,train,bci
AfriSpeech/baoule_bci,"Matisi: Blɛ wie nun’n, afɛ’n tili min yi i dan. Min kusu dɔɔtrɔ’m be wunnin kɛ kansɛli o min wun naan ɔ su yo tɛtɛ kpa. Ɔ maan be yoli min opele. Sanngɛ kɛ é sé yɛ’n, min wun ti kpa kan. Min yi kusu yo i liɛ ng’ɔ kwla yo naan w’a su Zoova kpa’n.",Baoulé,AfriSpeech,18.748,train,bci
AfriSpeech/baoule_bci,"Kɛ amún kán like ng’ɔ ukali amun naan amun a jran kekle’n i ndɛ’n, amun seli kɛ Zoova fali amun kɛ “klenzua” sa. ?Amun ndɛ sɔ’n i bo’n yɛle benin?",Baoulé,AfriSpeech,12.29,train,bci
AfriSpeech/baoule_bci,"?Kɛ amun bu afuɛ 50 nga amun fa dili blɛ kwlaa nun Ɲanmiɛn junman’n i akunndan’n, ngue yɛ amun wunnin i wlɛ-ɔ?",Baoulé,AfriSpeech,9.582,train,bci
AfriSpeech/baoule_bci,"Anin-Katerinin: N wunnin i wlɛ kɛ ‘sɛ e tran diin naan e lafi Ɲanmiɛn su’n,’ yɛ é ɲán wunmiɛn-ɔn. Sɛ e lafi Zoova su’n, ɔ́ kplí e ti. ( Eza. 30:15; 2 Ɲol. 20:​15, 17 ) Kɛ mɔ e tuli e klun e suli Zoova’n ti’n, ɔ yrali e su dan. Wafa ng’ɔ yrali e su’n, sɛ junman uflɛ yɛ e dili’n nn ɔ su yoman sɔ.",Baoulé,AfriSpeech,18.055,train,bci
AfriSpeech/baoule_bci,"Matisi: Like cinnjin nga n wunnin i wlɛ’n, yɛle kɛ ɔ fata kɛ n lafi Zoova su sa kwlaa nun naan n nian wafa ng’ɔ́ úka min’n. ( Jue. 37:5 ) Ɔ ukali min titi kɛ ng’ɔ fa tɛli i sufuɛ’m be nda kɛ ɔ́ yó’n sa. Andɛ’n e di junman Betɛli ng’ɔ o Biimanin’n i nun, yɛ e wun kɛ ɔ te uka e.",Baoulé,AfriSpeech,22.34,train,bci
AfriSpeech/baoule_bci,"Nanwlɛ, e wunnin kɛ Zoova klo e dan. E lafi su kɛ gbanflɛn nin talua nga be kunndɛ kɛ bé tú be klun bé sú i’n, bé wún i sɔ liɛ’n wie. Sɛ be lo be wun man Zoova’n, ɔ́ úka be naan b’a di junman kwlaa ng’ɔ fa man be’n aklunjɔɛ su.",Baoulé,AfriSpeech,21.026,train,bci
AfriSpeech/baoule_bci,E tuli ajalɛ sunman e ko niannin asɔnun’m be osu.,Baoulé,AfriSpeech,14.492,train,bci
AfriSpeech/baoule_bci,I nun mɔ e o Zaii lɔ afuɛ 1982 nun’n.,Baoulé,AfriSpeech,11.505,train,bci
AfriSpeech/baoule_bci,Fluwa’n nun kannganfuɛ’m be kosan mun,Baoulé,AfriSpeech,3.688,train,bci
AfriSpeech/baoule_bci,"E lawlɛ’n, Tanzanin lɔ, afuɛ 1988 nun.",Baoulé,AfriSpeech,15.011,train,bci
AfriSpeech/baoule_bci,"Sran ng’ɔ klɛli Ɲanndra Mun 30:18, 19 seli kɛ “atin nga yasua kun fa kɔ talua kun sin’n” be kwlá ‘wunmɛn i wlɛ.’?I ndɛ sɔ’n i bo’n yɛle benin?",Baoulé,AfriSpeech,13.885,train,bci
AfriSpeech/baoule_bci,E boli jasin fɛ’n Tanzanin lɔ lika fanunfanun nun.,Baoulé,AfriSpeech,19.817,train,bci
AfriSpeech/baoule_bci,"Sanngɛ ninnge wie’m be ti’n, e bu i kɛ ndɛ mma sɔ’m be kanman sa tɛ yolɛ ndɛ. Sran ng’ɔ klɛli ndɛ’n, ninnge nga be yo i ɲɛnmɛn’n be ndɛ ngbɛn yɛ ɔ su kan-ɔn.",Baoulé,AfriSpeech,11.224,train,bci
AfriSpeech/baoule_bci,"Lalafuɛ Ebre nun Biblu’m be nun ndɛ’n kle kɛ nán sa tɛ yolɛ ndɛ yɛ be kan-ɔn. Fluwa kun m’ɔ tu ndɛ’m be bo’n seli kɛ Ebre nun ndɛ ng’ɔ o Ɲanndra Mun 30:18 nun mɔ be kacili i Wawle nun kɛ ‘tra min kpɛn’n,’ i bo’n yɛle like kun m’ɔ yo ɲɛnmɛn annzɛ m’ɔ ti abonuan’n.",Baoulé,AfriSpeech,19.874,train,bci
AfriSpeech/baoule_bci,"Fluwa sifuɛ kun m’ɔ suan Krofɔdu’n, ɔ kle fluwa Etazinin lɔ inivɛsite dan kun nun. Ɔ seli kɛ Biblu’n nun ndɛ sɔ’n kanman sa tɛ yolɛ ndɛ. Ɔ seli ekun kɛ: “Sran ng’ɔ klɛli ndɛ’n, ɔ su se kɛ ninnge ng’ɔ boboli be’n be yo ɲɛnmɛn dan.”",Baoulé,AfriSpeech,17.111,train,bci
AfriSpeech/baoule_bci,E di junman Biimanin siɛn’n.,Baoulé,AfriSpeech,10.14,train,bci
AfriSpeech/baoule_bci,"Zezi i ɲin yili Zoova titi. ( Zan 8:29 ) ?Yɛ nn ngue ti yɛ Biblu’n se kɛ “afɛ ng’ɔ tɔli i su’n ti’n, ɔ suannin aɲinyiɛ’n” niɔn?— Ebr. 5:8 .",Baoulé,AfriSpeech,11.728,train,bci
AfriSpeech/baoule_bci,Zezi “suannin aɲinyiɛ’n”,Baoulé,AfriSpeech,4.018,train,bci
AfriSpeech/baoule_bci,1925​—I afuɛ ya kun yɛ,Baoulé,AfriSpeech,4.69,train,bci
AfriSpeech/baoule_bci,SA NGA BE ƝIN O I SIN’N W’A JUMAN,Baoulé,AfriSpeech,4.47,train,bci
AfriSpeech/baoule_bci,BE WA KPLANNIN ALADIO SUA WIE MUN,Baoulé,AfriSpeech,4.647,train,bci
AfriSpeech/baoule_bci,"Kannzɛ aniaan wie’m be sa sin bubuli be’n, sanngɛ be nun sunman be tuli be klun be boli jasin fɛ’n titi. Be wunnin i wlɛ kɛ Zoova i ndɛ kanlɛ’n yɛ ɔ fata kɛ ɔ yo be cinnjin kpa-ɔ. Maan e fa e ɲin e sie i like kun mɔ be yoli naan sran kaka b’a kwla si ndɛ nanwlɛ’n i su.",Baoulé,AfriSpeech,20.752,train,bci
AfriSpeech/baoule_bci,E WA WUNNIN NDƐ CINNJIN WIE’M BE WLƐ,Baoulé,AfriSpeech,4.223,train,bci
AfriSpeech/baoule_bci,"Ndɛ uflɛ sɔ’n i su falɛ’n w’a yoman pɔpɔ w’a manman aniaan wie mun. Kɛ mɔ anuannzɛ’n dun mmua wunnin i sɔ liɛ’n i wlɛ’n ti’n, like suanlɛ sɔ’n nun’n ɔ seli kɛ: “Sɛ ndɛ sɔ’n i su falɛ’n ti kekle man be nga be kanngan Sasafuɛ Tranwlɛ’n nun’n, maan be tra be awlɛn be minndɛ e Min’n. Yɛ be mian be ɲin be su i kpa titi.”",Baoulé,AfriSpeech,20.599,train,bci
AfriSpeech/baoule_bci,BE WUNNIN I WLƐ KƐ Ɔ FATA KƐ BE KAN ZOOVA I NDƐ,Baoulé,AfriSpeech,4.851,train,bci
AfriSpeech/baoule_bci,Aniaan’m b’a kaman lɛ b’a faman dunman Zoova i Lalofuɛ’n. Sanngɛ kɛ ɔ́ kɔ́ i ɲrun’n be wa wunnin i wlɛ weiin kɛ ɔ fata kɛ be yo Zoova i Lalofuɛ.,Baoulé,AfriSpeech,13.264,train,bci
AfriSpeech/baoule_bci,BE NGA ƝANMIƐN NDƐ’N LO BE’N BE OSU NIANLƐ,Baoulé,AfriSpeech,4.455,train,bci
AfriSpeech/baoule_bci,"Kɛ aniaan’m be nuan úka su mɛn wunmuan’n nun kɔ́’n, anuannzɛ’n wlali be fanngan kɛ be ko nian be nga Ɲanmiɛn ndɛ’n lo be’n be osu. Kɛ be fali fluwa nɲa Message d’espérance be mannin sran mun’n, i sin’n fluwa Bulletin c i nun’n, be seli kɛ: “Amun ko nian be nga an yacili fluwa Message d’espérance be sa nun’n be osu.”",Baoulé,AfriSpeech,27.17,train,bci
AfriSpeech/baoule_bci,"Blɛ kunngba sɔ’n nun’n, atin bofuɛ kun m’ɔ tran Panama’n ɔ seli kɛ: “Be nga kɛ ń bó jasin fɛ’n b’a sɔman min nun’n, kɛ ń kó nían be osu kpɛ kun annzɛ kpɛ nɲɔn’n, be sɔ min nun. Afuɛ ng’ɔ sinnin lɛ nun’n, junman nga n dili’n i dan lika yɛle sran’m be osu nianlɛ. Yɛ be nun sunman be sɔli min nun klanman.”",Baoulé,AfriSpeech,21.336,train,bci
AfriSpeech/baoule_bci,LIKE NGA BE FALI BE ƝIN SIELI SU’N,Baoulé,AfriSpeech,3.833,train,bci
AfriSpeech/baoule_bci,"Aɲia dan nga be yoli i afuɛ 1925 nun, Indianapolisi lɔ’n.",Baoulé,AfriSpeech,16.644,train,bci
AfriSpeech/baoule_bci,Bɛ su: Ilinua lɔ aladio sua’n i antɛnin mun.,Baoulé,AfriSpeech,8.678,train,bci
AfriSpeech/baoule_bci,Fama su: Rafu Leflɛ su di junman aladio sua’n nun.,Baoulé,AfriSpeech,5.305,train,bci
AfriSpeech/baoule_bci,Zɔɔzu Naisi,Baoulé,AfriSpeech,3.076,train,bci
AfriSpeech/baoule_bci,"Kɛ afuɛ 1925 wá wíe’n, aniaan’m be kunndɛli kɛ bé kplán sua wie mun ekun naan Betɛli ng’ɔ o Bluklinin lɔ’n ɔ yo dan. Afuɛ 1926 nun’n, be wa boli Ɲanmiɛn sulɛ sua kpanngban be kplanlɛ bo. Kɛ ɔ fɛ i laa lele mɔ afuɛ sɔ’n fá jú’n, be nin-a kplanman sua kaka kɛ ngalɛ’n sa le.",Baoulé,AfriSpeech,20.649,train,bci
AfriSpeech/baoule_bci,Fluwa nɲa Message d’espérance.,Baoulé,AfriSpeech,5.245,train,bci
AfriSpeech/baoule_bci,"Be su kplan sua wie mun Betɛli ng’ɔ o Bluklinin lɔ’n i nun, afuɛ 1926 nun.",Baoulé,AfriSpeech,12.376,train,bci
AfriSpeech/baoule_bci,JUE 111 E aklunjuɛ’n i bo’n,Baoulé,AfriSpeech,5.296,train,bci
AfriSpeech/baoule_bci,Zoova yɛ ɔ man e “aklunjɔɛ dan’n” niɔn,Baoulé,AfriSpeech,4.519,train,bci
AfriSpeech/baoule_bci,LIKE SUANLƐ 40,Baoulé,AfriSpeech,12.94,train,bci
AfriSpeech/baoule_bci,“ Ń kɔ́ Ɲanmiɛn m’ɔ man min aklunjɔɛ dan’n i wun lɔ.” — JUE. 43:4 .,Baoulé,AfriSpeech,11.636,train,bci
AfriSpeech/baoule_bci,"É wá wún ninnge nga be kwla saci e aklunjɔɛ’n, ɔ nin ninnge nga e kwla yo be naan y’a di aklunjɔɛ ekun’n.",Baoulé,AfriSpeech,9.831,train,bci
AfriSpeech/baoule_bci,"2 Like suanlɛ nga nun’n, é wá kán ninnge nga be kwla saci e aklunjɔɛ’n, ɔ nin ninnge nga e kwla yo be naan y’a di aklunjɔɛ ekun’n be ndɛ. Sanngɛ maan e dun mmua e kan sran ng’ɔ kwla uka e naan y’a di aklunjɔɛ kpafuɛ’n i ndɛ.",Baoulé,AfriSpeech,18.51,train,bci
AfriSpeech/baoule_bci,SRAN NG’Ɔ KWLA MAN E AKLUNJƆƐ KPAFUƐ’N,Baoulé,AfriSpeech,4.334,train,bci
AfriSpeech/baoule_bci,"6 Asa’n kɛ mɔ Zezi yo like kwlaa nga i Si se i kɛ ɔ yo’n ti’n, ɔ di aklunjɔɛ. ( Ɲan. 8:​30, 31; Zan 8:29 ) Kɛ mɔ Zezi nantili seiin’n ti’n, Zoova klo i yɛ i klun jɔ i wun.— Mat. 3:17 .",Baoulé,AfriSpeech,16.198,train,bci
AfriSpeech/baoule_bci,NÁN MAN LIKE FI ATIN NAAN Ɔ YO NAAN W’A DIMAN AKLUNJƆƐ KUN,Baoulé,AfriSpeech,6.99,train,bci
AfriSpeech/baoule_bci,?Ngue ti yɛ Zoova nin Zezi be di aklunjɔɛ-ɔ?,Baoulé,AfriSpeech,3.759,train,bci
AfriSpeech/baoule_bci,1-2. (1) ?Sa benin yɛ ɔ o sran sunman be su andɛ-ɔ? (2) ?Ngue yɛ é wá kɛ́n i ndɛ like suanlɛ nga nun-ɔn?,Baoulé,AfriSpeech,13.75,train,bci
AfriSpeech/baoule_bci,?É yó sɛ naan y’a di aklunjɔɛ ekun?,Baoulé,AfriSpeech,4.389,train,bci
AfriSpeech/baoule_bci,?Ninnge benin wie mun yɛ be kwla yo naan y’a diman aklunjɔɛ kun-ɔn?,Baoulé,AfriSpeech,4.759,train,bci
AfriSpeech/baoule_bci,3. ?Ngue yɛ ninnge nga Zoova yili be’n be kle e-ɔ? (An nian foto mun wie.),Baoulé,AfriSpeech,7.644,train,bci
AfriSpeech/baoule_bci,"4. (1) ?Kannzɛ Zoova wun ɲrɛnnɛn ng’ɔ o mɛn’n nun’n, sanngɛ ngue ti yɛ ɔ di aklunjɔɛ titi-ɔ? (2) ?Wafa sɛ yɛ Zoova uka e-ɔ? ( Jue Mun 16:11 )",Baoulé,AfriSpeech,18.969,train,bci
AfriSpeech/baoule_bci,5-6. ?Ngue ti yɛ Zezi di aklunjɔɛ-ɔ?,Baoulé,AfriSpeech,6.637,train,bci
AfriSpeech/baoule_bci,JUE 155 E klun jɔ́ titi,Baoulé,AfriSpeech,5.245,train,bci
AfriSpeech/baoule_bci,7. ?É yó sɛ naan y’a di aklunjɔɛ?,Baoulé,AfriSpeech,6.834,train,bci
AfriSpeech/baoule_bci,"8. ?Sa nga be o e su’n ti’n, wafa sɛ yɛ e wun kwla yo e-ɔ?",Baoulé,AfriSpeech,8.345,train,bci
AfriSpeech/baoule_bci,"9. ?É yó sɛ naan y’a di aklunjɔɛ ekun? ( Zeremin 29:​4-7, 10 )",Baoulé,AfriSpeech,6.879,train,bci
AfriSpeech/baoule_bci,"10. ?Kannzɛ sa kekle’m be o e su’n, ngue ti yɛ e kwla di aklunjɔɛ-ɔ?",Baoulé,AfriSpeech,7.893,train,bci
AfriSpeech/baoule_bci,11. ?Wafa sɛ yɛ akoto Pɔlu i su ndɛ’n kwla uka e-ɔ?,Baoulé,AfriSpeech,6.528,train,bci
AfriSpeech/baoule_bci,"12. ?Kɛ e sunnzun kɛ é yó ninnge wie mun mɔ kasiɛn su’n e kwlá yoman’n, sa benin yɛ ɔ kwla ju-ɔ?",Baoulé,AfriSpeech,10.974,train,bci
AfriSpeech/baoule_bci,"13. ?Sɛ e su sa’m be ti’n, e kwlá yoman ninnge nga e sunnzunnin kɛ é yó be’n, ngue yɛ e kwla yo-ɔ?",Baoulé,AfriSpeech,11.653,train,bci
AfriSpeech/baoule_bci,14. ?Ngue ekun yɛ ɔ kwla yo maan y’a diman aklunjɔɛ-ɔ?,Baoulé,AfriSpeech,8.04,train,bci
AfriSpeech/baoule_bci,15. ?Ngue yɛ Famiɛn Salomɔn i su ndɛ’n kle e-ɔ?,Baoulé,AfriSpeech,6.373,train,bci
AfriSpeech/baoule_bci,"16. ?Ngue ti yɛ e wiengu’m be ukalɛ’n, ɔ kwla yo maan e di aklunjɔɛ ekun-ɔn? (An nian foto mun wie.)",Baoulé,AfriSpeech,9.049,train,bci
AfriSpeech/baoule_bci,Yo naan Zoova man wɔ aklunjɔɛ,Baoulé,AfriSpeech,6.208,train,bci
AfriSpeech/baoule_bci,"Srɛ Zoova kɛ ɔ fɛ i wawɛ’n man wɔ. Zoova i wawɛ’n yɛ ɔ kwla uka wɔ naan w’a di aklunjɔɛ kpafuɛ’n niɔn. ( Gal. 5:22 ) Sɛ Zoova i wawɛ’n wo ɔ su’n, blɛ kekle nun’n á kwlá ‘trá ɔ awlɛn yɛ ɔ klun jɔ́.’— Kol. 1:11 .",Baoulé,AfriSpeech,20.932,train,bci
AfriSpeech/baoule_bci,"Fa Zoova i mmla’m be su sa kwlaa nun. E bɔbɔ e kpa yolɛ ti yɛ Zoova kpɛli mmla mannin e-ɔ. Sɛ a fa Zoova i mmla’m be su’n, i sɔ’n su kpɛman ɔ aklunjɔɛ’n i sin. I kpa bɔbɔ’n i sɔ liɛ’n yɛ ɔ́ yó maan á dí aklunjɔɛ kpa-ɔ.— Lik. 11:28 .",Baoulé,AfriSpeech,18.242,train,bci
AfriSpeech/baoule_bci,"17. ?Kɛ ɔ ko yo naan y’a di aklunjɔɛ titi’n, ngue yɛ ɔ fata kɛ e yo-ɔ? ( Jue Mun 43:4 )",Baoulé,AfriSpeech,8.416,train,bci
AfriSpeech/baoule_bci,"Tu ɔ klun su Zoova. Suan Ɲanmiɛn Ndɛ’n nin fluwa’m be nun like titi. Blɛ kwlaa nga a ɲan jasin fɛ bolɛ’n i wun atin’n, nán sisi ɔ bo naan w’a bo. ( Lik. 2:10 ) Be nga be tu be klun be su Zoova’n, aklunjɔɛ nga be di’n leman wunsu.— Jue. 65:4 .",Baoulé,AfriSpeech,18.975,train,bci
AfriSpeech/baoule_bci,"Ngowa mɔ nnɛn’m be kan’n, ɔ kle kɛ Zoova di aklunjɔɛ. (An nian ndɛ kpɔlɛ 3 nun.)",Baoulé,AfriSpeech,9.74,train,bci
AfriSpeech/baoule_bci,Ɲanmiɛn i sran klolɛ’n wieman le,Baoulé,AfriSpeech,3.77,train,bci
AfriSpeech/baoule_bci,JUE 108 Ɲanmiɛn i sran klolɛ’n,Baoulé,AfriSpeech,5.217,train,bci
AfriSpeech/baoule_bci,LIKE SUANLƐ 41,Baoulé,AfriSpeech,11.437,train,bci
AfriSpeech/baoule_bci,"“ Amun la Zoova i ase, afin ɔ ti kpa, i sran klolɛ dan’n wieman le.” — JUE. 136:1 .",Baoulé,AfriSpeech,15.487,train,bci
AfriSpeech/baoule_bci,"Sɛ e lafi su kɛ Zoova klo e sakpa kɛ nga Biblu’n fa kan’n sa’n, é kwlá jrán sa nga be tɔ e su’n be ɲrun kekle.",Baoulé,AfriSpeech,7.836,train,bci
AfriSpeech/baoule_bci,"WIENUN-ƆN mmeli kun o jenvie’n i afiɛn lɔ. Jenvie’n boman aɔwi, yɛ aunmuan’n kpalo mmeli’n kɔ wa kɔ wa. I lɛ nun’n, like ng’ɔ tra mmeli’n i ase’n, yɛ ɔ kwla uka mmeli’n niɔn. Sɛ b’a faman like sɔ’n b’a yimɛn i nzue’n nun’n, aunmuan’n fá mmeli’n kɔ́ lika uflɛ.",Baoulé,AfriSpeech,19.735,train,bci
AfriSpeech/baoule_bci,ZOOVA I SRAN KLOLƐ’N TI BIBLU’N NUN NDƐ CINNJIN KUN,Baoulé,AfriSpeech,3.798,train,bci
AfriSpeech/baoule_bci,BU KLOLƐ MƆ ZOOVA ‘KLO WƆ’N’ I SU AKUNNDAN KPA,Baoulé,AfriSpeech,3.158,train,bci
AfriSpeech/baoule_bci,WUN SA NGA TI YƐ A LAFIMAN SU KPA KƐ ZOOVA KLO WƆ’N I WLƐ,Baoulé,AfriSpeech,5.049,train,bci
AfriSpeech/baoule_bci,"12 Like kun ekun kwla yo naan y’a lafiman su kpa kɛ Zoova klo e. Like sɔ’n yɛle fɔ m’ɔ o e nun’n. ( Jue. 51:5; Rɔm. 5:12 ) Fɔ m’ɔ o klɔ sran’m be nun’n ti’n, be nin Ɲanmiɛn be afiɛn tili nun. Fɔ sɔ’n sacili be akunndan’n nin be wunnɛn wunmuan’n.",Baoulé,AfriSpeech,14.005,train,bci
AfriSpeech/baoule_bci,A NIN ƝANMIƐN BE NANTI KLANMAN TITI,Baoulé,AfriSpeech,3.019,train,bci
AfriSpeech/baoule_bci,"?Kɛ e wun i wlɛ kɛ Zoova i sran klolɛ’n ti Biblu’n nun ndɛ cinnjin kun’n, i su ye benin yɛ e ɲɛn i-ɔ?",Baoulé,AfriSpeech,8.326,train,bci
AfriSpeech/baoule_bci,1-2. ?Sa benin yɛ ɔ kle aniaan sunman be yalɛ-ɔ?,Baoulé,AfriSpeech,5.959,train,bci
AfriSpeech/baoule_bci,"?Wafa sɛ yɛ fɔ m’ɔ o e nun’n, ɔ kwla yo maan e bu i kɛ Zoova kloman e-ɔ?",Baoulé,AfriSpeech,6.657,train,bci
AfriSpeech/baoule_bci,3. (1) ?Biblu’n nun’n kɛ be se kɛ be klo sran dan’n i bo’n yɛle benin? ( Jue Mun 31:7; 136:1 ) (2) ?Ngue ti yɛ e kwla se kɛ sran fi kloman sran dan kɛ Zoova sa-ɔ? (An nian desɛn’n wie.),Baoulé,AfriSpeech,12.803,train,bci
AfriSpeech/baoule_bci,4. (1) ?Biblu’n nun ndɛ cinnjin’m be nun wie mun yɛle benin? (2) ?Ngue ti yɛ sran fi kwlá lakaman e naan y’a lafiman ndɛ sɔ’m be su kun-ɔn?,Baoulé,AfriSpeech,14.051,train,bci
AfriSpeech/baoule_bci,JUE 159 Manman Zoova,Baoulé,AfriSpeech,3.719,train,bci
AfriSpeech/baoule_bci,?Ngue yɛ ɔ kwla uka e naan y’a bumɛn i kun kɛ Zoova kloman e-ɔ?,Baoulé,AfriSpeech,5.309,train,bci
AfriSpeech/baoule_bci,5. ?Ɔ yo sɛ yɛ sran kun yaci ato ndɛ’m be su falɛ-ɔ?,Baoulé,AfriSpeech,5.593,train,bci
AfriSpeech/baoule_bci,6. ?Ngue ti yɛ a kwla lafi su kɛ Zoova ‘i sran klolɛ dan’n wieman le-ɔ’?,Baoulé,AfriSpeech,6.639,train,bci
AfriSpeech/baoule_bci,7. An bo Biblu’n nun ndɛ mma nga be kle kɛ Zoova klo e’n be nun wie’m be su.,Baoulé,AfriSpeech,8.574,train,bci
AfriSpeech/baoule_bci,"8. ?Sɛ cɛn kunngun’n a lafiman su kpa kɛ Zoova klo wɔ’n, ngue yɛ a kwla yo-ɔ?",Baoulé,AfriSpeech,8.113,train,bci
AfriSpeech/baoule_bci,"9-10. ?Ngue yɛ Zezi su kɛn i ndɛ m’ɔ seli kɛ ‘Siɛ’n bɔbɔ klo amun’n’ niɔn? ( Zan 16:​26, 27 ) (An nian foto’n wie.)",Baoulé,AfriSpeech,8.624,train,bci
AfriSpeech/baoule_bci,"11. ?Ngue ti yɛ sɛ a lafiman su kpa kɛ Zoova klo wɔ’n, i sɔ’n yó Satan fɛ-ɔ?",Baoulé,AfriSpeech,8.904,train,bci
AfriSpeech/baoule_bci,"12-13. ?Wafa sɛ yɛ fɔ m’ɔ o e nun’n, ɔ kwla yo maan e bu i kɛ Zoova kloman e-ɔ?",Baoulé,AfriSpeech,8.874,train,bci
AfriSpeech/baoule_bci,"14. ?Sɛ e bu e ti kpɔlɛ tɛ’n i su akunndan’n, wafa sɛ yɛ i sɔ’n kwla uka e naan y’a lafi su kɛ Zoova klo e-ɔ? ( Rɔmunfuɛ Mun 5:8 ) (An nian kuku nga be flɛ i kɛ “Maan e nian e wun su naan ‘sa tɛ yolɛ’n w’a lakaman e’” i nun.)",Baoulé,AfriSpeech,9.502,train,bci
AfriSpeech/baoule_bci,"15-16. ?Sɛ e nin Zoova e nanti klanman titi’n, ngue yɛ e kwla lafi su kɛ ɔ́ yó-ɔ? ?Yɛ ngue ti-ɔ? ( 2 Samiɛli 22:26 )",Baoulé,AfriSpeech,13.479,train,bci
AfriSpeech/baoule_bci,"Biblu’n kan “sa tɛ yolɛ m’ɔ laka sran’n” i ndɛ. ( Ebr. 3:13 ) Fɔ mɔ o e nun mɔ i ti yɛ e yo sa tɛ’n, ɔ kwla yo maan cɛn kunngun’n e bu i kɛ Zoova kloman e. Nanwlɛ, ‘sa tɛ yolɛ’n laka sran.’",Baoulé,AfriSpeech,12.744,train,bci
AfriSpeech/baoule_bci,Maan e nian e wun su naan ‘sa tɛ yolɛ’n w’a lakaman e’,Baoulé,AfriSpeech,5.401,train,bci
AfriSpeech/baoule_bci,"E kwla bu i kɛ sran fi kwlá lakaman e. I wie yɛle kɛ e kwla bu i kɛ gblɛfuɛ wie kwlá lakaman e diman e sika’n. Sanngɛ sɛ y’a nianman e wun su’n, i sɔfuɛ’m be kwla di e sika wunmuan’n.",Baoulé,AfriSpeech,12.495,train,bci
AfriSpeech/baoule_bci,"Kɛ jenvie’n bo dan’n, like ng’ɔ tra mmeli’n i ase’n yɛ maan nzue’n faman mmeli’n kɔman lika uflɛ-ɔ. I wafa kunngba’n, sɛ e lafi su kɛ Zoova klo e’n, i sɔ’n úka e naan y’a kwla jran sa nga be o e su’n be ɲrun kekle. (An nian ndɛ kpɔlɛ 3 nun.)",Baoulé,AfriSpeech,17.937,train,bci
AfriSpeech/baoule_bci,JUE 44 Afɛfuɛ’n i Ɲanmiɛn srɛlɛ,Baoulé,AfriSpeech,5.064,train,bci
AfriSpeech/baoule_bci,"I wafa kunngba’n, sɛ y’a nianman e wun su’n, fɔ m’ɔ o e nun’n kwla laka e maan e bu i kɛ Zoova kloman e. Fɔ m’ɔ o e nun’n ti’n, sɛ y’a nianman e wun su’n, é fá e ɲin é síe i sa nga e yo be mɔ be timan kpa’n nin e fɔnlɛ mun be su dan. Sa tɛ yolɛ “m’ɔ laka sran’n” ti yɛ e yo sɔ-ɔ. Ɔ fata kɛ e kpalo i sɔ akunndan’n.",Baoulé,AfriSpeech,19.625,train,bci
AfriSpeech/baoule_bci,LIKE SUANLƐ 42,Baoulé,AfriSpeech,11.657,train,bci
AfriSpeech/baoule_bci,?Á yó sɛ naan w’a tu ɔ klun w’a srɛ Ɲanmiɛn kpa?,Baoulé,AfriSpeech,3.898,train,bci
AfriSpeech/baoule_bci,"“ N tu min klun n kpan flɛ wɔ. Ee Zoova, tɛ min su.” — JUE. 119:145 .",Baoulé,AfriSpeech,12.458,train,bci
AfriSpeech/baoule_bci,"Srɛlɛ nga Zoova i sufuɛ wie’m be srɛli’n, ɔ o Biblu’n nun. Sɛ e bu be srɛlɛ sɔ’m be su akunndan’n, i sɔ’n kwla uka e naan y’a tu e klun y’a srɛ Zoova kpa y’a tra laa’n.",Baoulé,AfriSpeech,10.553,train,bci
AfriSpeech/baoule_bci,"?Ɔ JU wie’n, ɔ yo ɔ kɛ ndɛ kunngba’n yɛ a kan be ɔ srɛlɛ’m be nun sa titi-ɔ? ?Annzɛ kusu ɔ srɛlɛ’m be bo’n timan kploun? Sɛ ɔ ti sɔ’n, nán bu i kɛ ɔ ngunmin yɛ ɔ yo wɔ sɔ-ɔ. Kɛ mɔ e kwlakwla e ɲanman e ti’n ti’n, wie liɛ’n, kɛ é srɛ́’n e cɛman. Wie liɛ kusu’n, kɛ ɔ yo naan e kan e klun ndɛ e kle Zoova’n, ɔ ti kekle. Afin e bu i kɛ e nin i srɛlɛ fataman.",Baoulé,AfriSpeech,27.381,train,bci
AfriSpeech/baoule_bci,"2 Biblu’n kle kɛ, kɛ é srɛ́ Zoova’n, nán ndɛ mɔ e si i kan’n yɛ ɔ ti i cinnjin-ɔn. Sanngɛ Zoova kunndɛ kɛ, kɛ é srɛ́ i’n, e yo wun ase kanfuɛ yɛ maan ndɛ nga é kán’n ɔ fin e awlɛn’n nun. Biblu’n se kɛ ɔ tie “wɛtɛɛfuɛ’m be srɛlɛ’n.” ( Jue. 10:17 ) Zoova sie i su tie ndɛ kwlaa nga e kan kle i’n, afin e ndɛ lo i dan.— Jue. 139:​1-3 .",Baoulé,AfriSpeech,26.706,train,bci
AfriSpeech/baoule_bci,KƐ Á SRƐ́ ZOOVA’N Ɔ FATAMAN KƐ Ɔ KLUN TITI WƆ,Baoulé,AfriSpeech,4.905,train,bci
AfriSpeech/baoule_bci,"3 E kwla usa e wun kɛ: ?Ngue ti yɛ kɛ é srɛ́ Zoova’n ɔ fataman kɛ e klun titi e-ɔ? ?É yó sɛ naan y’a tu e klun y’a srɛ Zoova? ?Sɛ e bu sran wie’m be srɛlɛ nga be o Biblu’n nun’n be su akunndan’n, wafa sɛ yɛ i sɔ’n kwla uka e-ɔ? ?Sɛ e wunman ndɛ trele nga é kán klé Zoova srɛlɛ’n nun’n, ngue yɛ e kwla yo-ɔ? Maan e tɛ kosan sɔ’m be su.",Baoulé,AfriSpeech,25.043,train,bci
AfriSpeech/baoule_bci,?Á YÓ SƐ NAAN W’A TU WƆ KLUN W’A SRƐ ZOOVA?,Baoulé,AfriSpeech,4.338,train,bci
AfriSpeech/baoule_bci,"6 Kɛ é srɛ́ Zoova mɔ e kan wafa nga e wun yo e’n, ɔ nin akunndan nga e bu’n be ndɛ kle i’n, i sɔ’n yo maan e nin e afiɛn mantan. ?Ngue yɛ ɔ kwla uka wɔ naan w’a kwla yo sɔ-ɔ?",Baoulé,AfriSpeech,13.509,train,bci
AfriSpeech/baoule_bci,BU SRAN WIE’M BE SRƐLƐ NGA BE O BIBLU’N NUN’N BE SU AKUNNDAN,Baoulé,AfriSpeech,3.452,train,bci
AfriSpeech/baoule_bci,FA Ɔ WUN MANTAN ZOOVA SRƐLƐ’N NUN TITI,Baoulé,AfriSpeech,3.965,train,bci
AfriSpeech/baoule_bci,?Ngue yɛ ɔ kwla uka e naan y’a kan e klun ndɛ y’a kle Zoova-ɔ?,Baoulé,AfriSpeech,4.337,train,bci
AfriSpeech/baoule_bci,"1-2. (1) ?Ngue ti yɛ wie liɛ’n, kɛ ɔ yo naan e kan e klun ndɛ e kle Zoova’n, ɔ ti kekle-ɔ? (2) ?Ngue ti yɛ e si kɛ Zoova sie i su tie e srɛlɛ mun-ɔn?",Baoulé,AfriSpeech,19.52,train,bci
AfriSpeech/baoule_bci,?É yó sɛ naan y’a tu e klun y’a srɛ Zoova?,Baoulé,AfriSpeech,3.175,train,bci
AfriSpeech/baoule_bci,3. ?Kosan benin mun yɛ é wá tɛ́ be su like suanlɛ nga nun-ɔn?,Baoulé,AfriSpeech,7.626,train,bci
AfriSpeech/baoule_bci,"?Sɛ e bu srɛlɛ nga Ɲanmiɛn i sufuɛ wie’m be srɛli mɔ be klɛli be Biblu’n nun’n be su akunndan’n, i su ye benin yɛ é ɲɛ́n i-ɔ?",Baoulé,AfriSpeech,8.155,train,bci
AfriSpeech/baoule_bci,JUE 45 Min klun lɔ akunndan’n,Baoulé,AfriSpeech,4.413,train,bci
AfriSpeech/baoule_bci,"4. ?Ngue yɛ sɛ e wun i wlɛ’n, i sɔ’n úka e naan y’a kan e klun ndɛ y’a kle Zoova-ɔ? ( Jue Mun 119:145 )",Baoulé,AfriSpeech,9.251,train,bci
AfriSpeech/baoule_bci,"5. ?Sɛ e akunndan’n bu e fɔ’n, ngue ti yɛ ɔ fataman kɛ e yaci Zoova srɛlɛ-ɔ? An fa sunnzun ase kun yiyi nun.",Baoulé,AfriSpeech,12.248,train,bci
AfriSpeech/baoule_bci,6-7. ?Ngue yɛ ɔ kwla uka e naan y’a kan e klun ndɛ weinwein y’a kle Zoova-ɔ? An fa sa kun yiyi nun. (An nian ja ngua lɔ ndɛ’n wie.),Baoulé,AfriSpeech,11.663,train,bci
AfriSpeech/baoule_bci,"8-9. ?Kɛ e dun mmua bu ndɛ nga e waan é kán’n i sin ka naan y’a srɛ’n, i su ye benin yɛ e ɲɛn i-ɔ? An fa sa kun yiyi nun.",Baoulé,AfriSpeech,11.741,train,bci
AfriSpeech/baoule_bci,10. ?Ngue ti yɛ ɔ fata kɛ e fa blɛ lɔun kan e srɛ Ɲanmiɛn-ɔn? (An nian foto mun wie.),Baoulé,AfriSpeech,6.64,train,bci
AfriSpeech/baoule_bci,11. ?Sɛ e bu srɛlɛ nga Ɲanmiɛn i sufuɛ wie’m be srɛli mɔ be klɛli be Biblu’n nun’n be su akunndan’n i su ye benin yɛ é ɲɛ́n i-ɔ? (An nian kuku nga be flɛ i kɛ “ ?A wun wafa nga be wun yoli be’n i wlɛ? ” nun wie.),Baoulé,AfriSpeech,11.211,train,bci
AfriSpeech/baoule_bci,"12. ?Kɛ é kánngan sran kun i srɛlɛ m’ɔ o Biblu’n nun’n i nun’n, kosan benin mun yɛ e kwla fa usa e wun-ɔn?",Baoulé,AfriSpeech,12.318,train,bci
AfriSpeech/baoule_bci,"13. ?Ngue yɛ Anin i srɛlɛ’n kle e-ɔ? ( 1 Samiɛli 1:​10, 11 ) (An nian desɛn  wie.)",Baoulé,AfriSpeech,7.221,train,bci
AfriSpeech/baoule_bci,14. (1) ?Afɔtuɛ benin ekun yɛ Anin i su ndɛ’n man e-ɔ? (2) ?Ngue ti yɛ Biblu’n nun kannganlɛ’n nin i su akunndan bulɛ’n kwla uka e naan y’a si ndɛ nga é kɛ́n i e srɛlɛ’m be nun’n niɔn? (An nian ja ngua lɔ ndɛ’n.),Baoulé,AfriSpeech,18.095,train,bci
AfriSpeech/baoule_bci,15. ?Ngue yɛ Ɲanmiɛn nuan ijɔfuɛ Zeremin i srɛlɛ’n kle e-ɔ? ( Zeremin 12:1 ),Baoulé,AfriSpeech,7.961,train,bci
AfriSpeech/baoule_bci,16. ?Ngue yɛ Levifuɛ’n i srɛlɛ’n kle e-ɔ? ( Jue Mun 42:​1-4 ) (An nian desɛn’n nin foto’n wie.),Baoulé,AfriSpeech,6.653,train,bci
AfriSpeech/baoule_bci,"17. (1) ?Ngue yɛ Zonasi i srɛlɛ’n kle e-ɔ? ( Zonasi 2:​1, 2 ) (2) ?Wafa sɛ yɛ Jue Mun fluwa’n i nun ndɛ wie’m be kwla uka e blɛ kekle nun-ɔn? (An nian ja ngua lɔ ndɛ’n.)",Baoulé,AfriSpeech,11.969,train,bci
AfriSpeech/baoule_bci,"18-19. ?Kɛ e wunman ndɛ trele nga é kán klé Zoova’n, wafa sɛ yɛ ndɛ ng’ɔ o Rɔmunfuɛ Mun 8:​26, 27 nun’n kwla fɔnvɔ e-ɔ? An fa sa kun yiyi nun.",Baoulé,AfriSpeech,17.44,train,bci
AfriSpeech/baoule_bci,"20. ?Sɛ sa kekle wie ti’n e wla guaman ase’n, ngue yɛ ɔ kwla uka e naan y’a srɛ Ɲanmiɛn-ɔn?",Baoulé,AfriSpeech,9.18,train,bci
AfriSpeech/baoule_bci,?A wun wafa nga be wun yoli be’n i wlɛ?,Baoulé,AfriSpeech,6.874,train,bci
AfriSpeech/baoule_bci,21. ?Ngue ti yɛ e kwla tu e klun e srɛ Zoova-ɔ?,Baoulé,AfriSpeech,6.446,train,bci
AfriSpeech/baoule_bci,"Sa fanunfanun tɔli Zoova i sufuɛ’m be su. Kɛ ɔ yoli sɔ’n, be kannin be klun ndɛ kleli Zoova. ?Wafa nga be wun yoli be’n, ɔ wun w’a yo wɔ sɔ wie le?",Baoulé,AfriSpeech,12.576,train,bci
AfriSpeech/baoule_bci,"Kɛ srɛ kunnin Zakɔbu dan’n, ɔ koko kleli Zoova. Kpɛkun ɔ lali Zoova i ase, ninnge ng’ɔ yo be mɛnnin i’n ti. Yɛ ɔ kleli i kɛ ɔ lafi i su.— Bob. 32:​9-12 .",Baoulé,AfriSpeech,13.598,train,bci
AfriSpeech/baoule_bci,"Kɛ famiɛn Salomɔn buli i kɛ junman nga Zoova fa mɛnnin i’n ɔ trɛ i kpɛn’n, ɔ srɛli i kɛ ɔ ukɛ i.— 1 Fam. 3:​7-9 .",Baoulé,AfriSpeech,8.484,train,bci
AfriSpeech/baoule_bci,"Kɛ Davidi nin Bati-Seba be lali’n, Davidi srɛli Zoova kɛ ɔ mɛn i “awlɛn kun m’ɔ ti sanwun’n.”— Jue. 51:​9-12 .",Baoulé,AfriSpeech,13.296,train,bci
AfriSpeech/baoule_bci,"Kɛ Zoova mannin Mari i junman kun m’ɔ ti i liɛ ngunmin’n, ɔ manmannin Zoova.— Lik. 1:​46-49 .",Baoulé,AfriSpeech,6.642,train,bci
AfriSpeech/baoule_bci,Kunndɛ blɛ kun nin lika kun mɔ a kwla tran lɛ srɛ Ɲanmiɛn cɛ kan’n. (An nian ndɛ kpɔlɛ 10 nun.),Baoulé,AfriSpeech,11.888,train,bci
AfriSpeech/baoule_bci,"Ndɛ nga e kwla suan su like’n: Kanngan Ɲanmiɛn i sufuɛ kun i srɛlɛ’n nun kpɛkun usa ɔ wun kɛ: ‘?Ndɛ benin yɛ ɔ kan kleli Zoova-ɔ? ?Yɛ wafa sɛ yɛ ɔ kɛnnin i ndɛ’n niɔn?’ I sin’n, fa ɔ ɲin sie i wafa ng’ɔ tɛli i sufuɛ sɔ’n i srɛlɛ’n su’n i su. Kpɛkun bu ɔ su sa liɛ’n i akunndan naan nanti afɔtuɛ nga ndɛ sɔ man wɔ’n su.",Baoulé,AfriSpeech,28.634,train,bci
AfriSpeech/baoule_bci,"Anin wuman ba, yɛ i wla’n yo i finfin sa tititi. Ɔ su koko sa ng’ɔ o i su’n kle Zoova. (An nian ndɛ kpɔlɛ 13 nun.)",Baoulé,AfriSpeech,27.272,train,bci
AfriSpeech/baoule_bci,Aniaan nɲɔn b’a uka Anuannzɛ’n i Ɲrun Dinfuɛ’m be su,Baoulé,AfriSpeech,3.531,train,bci
AfriSpeech/baoule_bci,"AFUƐ 2024 Ɔktɔblu i le 5 su’n Anuannzɛ’n i afuɛ nuan aɲia’n i bo’n, be boli jasin fɛ kun. Be seli kɛ aniaan bian Jodi Jedele nin Zakɔbu Runfu b’a kaci Anuannzɛ’n i Ɲrun Dinfuɛ wie. Aniaan nɲɔn sɔ’m be su Zoova w’a di afuɛ kpanngban.",Baoulé,AfriSpeech,19.955,train,bci
AfriSpeech/baoule_bci,"Blɛ sɔ’n nun’n nn asɔnun nga be yo aɲia mun Ɛsipaɲɔlu nun’n be su sɔn kpa. Yɛ be mian aniaan bian’m be wun kpa. I sɔ’n ti’n, aniaan bian Jedele ɔli asɔnun sɔ’m be nun kun nun kpɛkun ɔ suannin Ɛsipaɲɔlu’n. Kɛ ɔ cɛli kan’n ɔ wunnin aniaan bla kun m’ɔ ti titi atin bofuɛ be akpasua’n su lɔ’n. Be flɛ i Damarisi. Kɛ ɔ́ kɔ́ i ɲrun’n be jali. Kpɛkun Damarisi ko dili junman Betɛli lɔ wie.",Baoulé,AfriSpeech,28.646,train,bci
AfriSpeech/baoule_bci,"Afuɛ 2005 nun’n, be yacili Betɛli lɔ junman dilɛ naan b’a kwla nian be si nin be nin be lika. Blɛ sɔ’n nun’n, be kacili titi atin bofuɛ. Aniaan bian Jedele kleli like Atin bofuɛ’m be suklu’n i bo. Asa’n ɔ yoli be asa’n su lɔ Komite ng’ɔ nin Dɔɔtrɔfuɛ’m be di junman’n i nunfuɛ. Kpɛkun ɔ nin aniaan nga be kplan Ɲanmiɛn sulɛ sua’m be asa’n su lɔ’n be dili junman.",Baoulé,AfriSpeech,26.321,train,bci
AfriSpeech/baoule_bci,Aniaan bian Jodi Jedele nin i yi Damarisi,Baoulé,AfriSpeech,9.033,train,bci
AfriSpeech/baoule_bci,Aniaan bian Zakɔbu Runfu nin i yi Inga,Baoulé,AfriSpeech,8.677,train,bci
AfriSpeech/baoule_bci,"Nanwlɛ, aniaan sɔ’m be tu be klun be di junman. Yɛ e “bu sran kɛ ngalɛ sa’m be sran titi.”— Fip. 2:29 .",Baoulé,AfriSpeech,8.84,train,bci
AfriSpeech/baoule_bci,Like nga a kwla yo naan w’a kanngan Biblu’n nun cɛn kwlakwla’n,Baoulé,AfriSpeech,4.518,train,bci
AfriSpeech/baoule_bci,"Cɛn kwlakwla’n, e le ninnge kpanngban e yo. ?Ɔ maan kɛ ɔ yo naan a kanngan Biblu’n nun cɛn kwlakwla’n, ɔ ti kekle man wɔ? ( Zoz. 1:8 ) Sɛ ɔ ti sɔ’n, a kwla yo nga nian:",Baoulé,AfriSpeech,10.73,train,bci
AfriSpeech/baoule_bci,"Yo naan ninnge wie’m be kpɛn ɔ wla. Sie dɔ kun ɔ pɔɔtablu’n nun naan sɛ dɔ sɔ’n ju’n ɔ pɔɔtablu’n tɛ. I liɛ’n, ɔ wla kpɛ́n su kɛ ɔ Biblu’n nun kannganlɛ dɔ’n w’a ju.",Baoulé,AfriSpeech,11.429,train,bci
AfriSpeech/baoule_bci,"Bo Biblu nga be kanngannin nun’n tie. Kɛ á dí ɔ junman mun cɛn kwlakwla’n, a kwla bo tie. Niɛn kun mɔ be flɛ i Tara m’ɔ ti titi atin bofuɛ’n, ɔ di junman kɔnguɛ. Ɔ seli kɛ: “Kɛ ń dí awlo’n nun junman mun’n, n bo Biblu nga be kanngannin nun’n n tie. I sɔ’n uka min naan m’an kanngan Biblu’n nun cɛn kwlakwla.”",Baoulé,AfriSpeech,18.805,train,bci
AfriSpeech/baoule_bci,"Fa ɔ Biblu’n sie i lika kun mɔ a kwla wun i ndɛndɛ’n nun. Sɛ Biblu ng’ɔ o fluwa su’n wie yɛ a le i’n, fa sie i lika kun mɔ a kwla wun i cɛn kwlakwla’n nun.— Mml. 11:18 .",Baoulé,AfriSpeech,10.623,train,bci
AfriSpeech/baoule_bci,"Nán ɔ sa sin bubu wɔ. Sɛ sa wie ti’n w’a kwla kannganman Biblu’n nun blɛ nga a kleli’n nun’n, ɔ li mian ɔ ɲin kanngan nun kan ka naan w’a la. Sɛ w’a kwlá kannganman ndɛ mma kpanngban nun bɔbɔ’n, naan sanngɛ a yo sɔ cɛn kwlakwla’n, á ɲán su ye.— 1 Piɛ. 2:2 .",Baoulé,AfriSpeech,16.366,train,bci
AfriSpeech/baoule_bci,LIKE SUANLƐ 44,Baoulé,AfriSpeech,9.558,train,bci
AfriSpeech/baoule_bci,"?Aniaan oke mun, amún yó sɛ naan amun a di aklunjɔɛ titi?",Baoulé,AfriSpeech,4.337,train,bci
AfriSpeech/baoule_bci,JUE 138 Be ti je’n ti like klanman,Baoulé,AfriSpeech,5.269,train,bci
AfriSpeech/baoule_bci,“Be kpɛnngbɛn blɛ nun bɔbɔ’n be liɛ yó ye.” — JUE. 92:14 .,Baoulé,AfriSpeech,9.706,train,bci
AfriSpeech/baoule_bci,Like nga ti yɛ ɔ fata kɛ be nga b’a yo oke’n be di aklunjɔɛ titi’n ɔ nin like ng’ɔ kwla uka be naan b’a yo sɔ’n.,Baoulé,AfriSpeech,8.368,train,bci
AfriSpeech/baoule_bci,"KƐ SRAN’M be wun kɛ be su yo oke’n, like nga be yo’n ti fanunfanun. I wie yɛle kɛ sran wie’m be liɛ’n kɛ be wun be ti je kun’n, kpɛkun be su tu. Sanngɛ be bɔbɔ be si kɛ nán be ti je’n i tutulɛ’n yɛ ɔ́ yó maan be su yoman oke-ɔ. Sa sɔ’n kle weiin kɛ mɛn’n nun’n, sran’m be kunndɛman kɛ bé yó oke.",Baoulé,AfriSpeech,21.816,train,bci
AfriSpeech/baoule_bci,?NGUE TI YƐ AKLUNJƆƐ DILƐ’N TI KEKLE MAN BE NGA B’A YO OKE’N NIƆN?,Baoulé,AfriSpeech,4.569,train,bci
AfriSpeech/baoule_bci,"?Sa benin ti yɛ ɔ ju wie’n, aniaan oke’m be diman aklunjɔɛ-ɔ?",Baoulé,AfriSpeech,4.278,train,bci
AfriSpeech/baoule_bci,?Ngue yɛ aniaan oke’m be kwla yo naan b’a di aklunjɔɛ titi-ɔ?,Baoulé,AfriSpeech,4.074,train,bci
AfriSpeech/baoule_bci,"JUE 30 Min Si, min Ɲanmiɛn nin min janvuɛ",Baoulé,AfriSpeech,4.382,train,bci
AfriSpeech/baoule_bci,?Wafa sɛ yɛ e kwla uka aniaan oke mun-ɔn?,Baoulé,AfriSpeech,3.683,train,bci
AfriSpeech/baoule_bci,1-2. ?Wafa sɛ yɛ Zoova bu i sufuɛ nga b’a yo oke’n niɔn? ( Jue Mun 92:​12-14 ; an nian foto’n  wie.),Baoulé,AfriSpeech,7.371,train,bci
AfriSpeech/baoule_bci,5. ?Ngue ti yɛ wie liɛ’n be nga b’a yo oke’n be sa sin bubu be-ɔ?,Baoulé,AfriSpeech,7.729,train,bci
AfriSpeech/baoule_bci,"4. ?Kɛ nga Ɲanndra Mun 15:15 fa kan’n sa’n, ngue yɛ ɔ kwla uka be nga b’a yo oke’n naan b’a jran be su sa’m be ɲrun kekle-ɔ? (An nian foto’n wie.)",Baoulé,AfriSpeech,13.238,train,bci
AfriSpeech/baoule_bci,"6. (1) ?Ngue ekun ti yɛ aniaan oke’m be sa sin kwla bubu be-ɔ? (2) ?Sɛ ɔ fata kɛ aniaan oke kun yaci i loto’n annzɛ i moto’n nun cisanlɛ’n, ngue yɛ ɔ kwla ukɛ i naan w’a wun i wlɛ-ɔ? (An nian fluwa nga nun ndɛ ng’ɔ suan “ ?Ɔ fata kɛ n yaci loto annzɛ moto nun cisanlɛ? ” i nun.)",Baoulé,AfriSpeech,18.279,train,bci
AfriSpeech/baoule_bci,"7. ?Sɛ ɔ yo ɔ kɛ Aamagedɔn alɛ’n juman ndɛndɛ’n, ngue yɛ ɔ kwla uka ɔ naan w’a tra ɔ awlɛn-ɔn?",Baoulé,AfriSpeech,9.435,train,bci
AfriSpeech/baoule_bci,10. ?Ngue ti yɛ ɔ fata kɛ a kle kɛ a si ye-ɔ? (An nian foto’n wie.),Baoulé,AfriSpeech,5.214,train,bci
AfriSpeech/baoule_bci,11. ?Wafa sɛ yɛ a kwla uka ɔ wiengu mun-ɔn? (An nian foto’n wie.),Baoulé,AfriSpeech,5.045,train,bci
AfriSpeech/baoule_bci,"9. ?Kɛ ɔ wiengu’m be waan bé úka wɔ’n, ngue ti yɛ ɔ fata kɛ a kplin su-ɔ? (An nian foto mun wie.)",Baoulé,AfriSpeech,9.039,train,bci
AfriSpeech/baoule_bci,"8. ?Tukpacɛ annzɛ sa uflɛ ti’n, ngue yɛ sran oke kun kwla yo-ɔ?",Baoulé,AfriSpeech,7.012,train,bci
AfriSpeech/baoule_bci,"12. ?Kɛ nga Ezai 46:4 fa kan’n sa’n, ngue yɛ Zoova seli kɛ ɔ́ yó man sran oke mun-ɔn? (An nian foto’n wie.)",Baoulé,AfriSpeech,10.203,train,bci
AfriSpeech/baoule_bci,"16. ?Kɛ aniaan oke’m bé kɔ́ dɔɔtrɔ’n, ngue ti yɛ sɛ e ko sunman be’n ɔ ti kpa-ɔ?",Baoulé,AfriSpeech,9.947,train,bci
AfriSpeech/baoule_bci,"13. ?Kɛ nga 2 Korɛntifuɛ Mun 4:​16-18 fa kan’n sa’n, ngue yɛ ɔ fata kɛ ɔ tran e klun titi-ɔ? (An nian foto’n wie.)",Baoulé,AfriSpeech,12.19,train,bci
AfriSpeech/baoule_bci,15. ?Ngue yɛ gbanflɛn nin talua’m be nin sran oke’m be kwla yo i likawlɛ-ɔ?,Baoulé,AfriSpeech,7.508,train,bci
AfriSpeech/baoule_bci,14. ?Ngue ti yɛ ɔ ti cinnjin kɛ e nian aniaan oke’m be osu yɛ e flɛ be-ɔ?,Baoulé,AfriSpeech,7.795,train,bci
AfriSpeech/baoule_bci,"Sɛ aniaan oke’m be di aklunjɔɛ’n, i sɔ’n úka be naan b’a kwla jran be su sa’m be ɲrun kekle. (An nian ndɛ kpɔlɛ 4 nun.)",Baoulé,AfriSpeech,17.552,train,bci
AfriSpeech/baoule_bci,17. ?É yó sɛ naan e nin aniaan oke mun y’a bo jasin fɛ’n likawlɛ?,Baoulé,AfriSpeech,7.857,train,bci
AfriSpeech/baoule_bci,18. ?Kosan benin yɛ like suanlɛ ng’ɔ́ bá lɛ’n wá tɛ́ su-ɔ?,Baoulé,AfriSpeech,6.773,train,bci
AfriSpeech/baoule_bci,"?Kannzɛ w’a yo oke’n, sanngɛ á yó sɛ naan w’a di aklunjɔɛ titi? (An nian ndɛ kpɔlɛ 9-13 nun.)",Baoulé,AfriSpeech,15.724,train,bci
AfriSpeech/baoule_bci,(An nian ndɛ kpɔlɛ 10 nun.),Baoulé,AfriSpeech,5.745,train,bci
AfriSpeech/baoule_bci,(An nian ndɛ kpɔlɛ 9 nun.),Baoulé,AfriSpeech,7.484,train,bci
AfriSpeech/baoule_bci,(An nian ndɛ kpɔlɛ 12 nun.),Baoulé,AfriSpeech,4.792,train,bci
AfriSpeech/baoule_bci,(An nian ndɛ kpɔlɛ 11 nun.),Baoulé,AfriSpeech,7.512,train,bci
AfriSpeech/baoule_bci,(An nian ndɛ kpɔlɛ 13 nun.),Baoulé,AfriSpeech,15.277,train,bci
AfriSpeech/baoule_bci,?Ɔ fata kɛ n yaci loto annzɛ moto nun cisanlɛ?,Baoulé,AfriSpeech,13.748,train,bci
AfriSpeech/baoule_bci,"Maan e se kɛ sran oke kun cisan loto annzɛ moto nun w’a cɛ kpa. Yɛ ɔ klo i sɔ’n i yolɛ, afin ɔ kwla kɔ lika kwlaa ng’ɔ klo’n. Sanngɛ i janvuɛ nin i osufuɛ’m be klun titi be, afin be bu i kɛ w’a yo kpɛnngbɛn naan ɔ fata kɛ ɔ yaci nun cisanlɛ. Sanngɛ ɔ wunman sa nga ti yɛ be koko’n i wlɛ.",Baoulé,AfriSpeech,23.284,train,bci
AfriSpeech/baoule_bci,"?I sɔ sa wie o ɔ su? ?Sɛ ɔ ti sɔ’n, sɛ ɔ fata kɛ a yaci ɔ loto’n annzɛ ɔ moto’n nun cisanlɛ’n, á yó sɛ naan w’a wun i wlɛ?",Baoulé,AfriSpeech,9.836,train,bci
AfriSpeech/baoule_bci,"Anuannzɛ kun m’ɔ nian sran oke’m be lika’n, ɔ seli kɛ ɔ fata kɛ sran oke’m be usa be wun kɛ:",Baoulé,AfriSpeech,7.007,train,bci
AfriSpeech/baoule_bci,"Nvle wie’m be nun’n, dɔɔtrɔfuɛ mun yɛ be man sran nga b’a yo kpɛnngbɛn’n be fluwa kɛ be kwla cisan loto’n nun-ɔn. Klisifuɛ nga be tran nvle sɔ’m be nun’n, be nian mmla nga awa kpɛli be’n be su be nanti. ( Rɔm. 13:1 ) Sanngɛ kannzɛ lika nga e tran’n, mmla kɛ ngalɛ sa’m be nunman lɛ’n, afɔtuɛ wie’m be kwla uka e naan sɛ ɔ fata kɛ e yaci e loto’n annzɛ e moto’n nun cisanlɛ’n y’a kwla wun i wlɛ.",Baoulé,AfriSpeech,29.969,train,bci
AfriSpeech/baoule_bci,Ɔ BƆBƆ NIAN SƐ A TE KWLA CISAN LOTO ANNZƐ MOTO NUN-O,Baoulé,AfriSpeech,5.448,train,bci
AfriSpeech/baoule_bci,?N kwlá kannganman nzɔliɛ nga be o atin’m be su’n be nun? ?Yɛ n wunman ase kɔnguɛ?,Baoulé,AfriSpeech,5.614,train,bci
AfriSpeech/baoule_bci,?Kɛ ɔ yo naan n kpɛ min ti wun ndɛndɛ naan n nian retrovizɛɛ nun annzɛ lika uflɛ’n ɔ ti kekle?,Baoulé,AfriSpeech,8.677,train,bci
AfriSpeech/baoule_bci,"?Kɛ ɔ yo naan n yi min ja’n aseleratɛɛ’n su ndɛndɛ naan n fa tin flɛn’n su’n, ɔ ti kekle kan man min?",Baoulé,AfriSpeech,9.2,train,bci
AfriSpeech/baoule_bci,"?Kɛ ń císan loto’n nun’n, n kɔ blɛblɛ dan ti’n, i sɔ’n kle be onga’m be yalɛ?",Baoulé,AfriSpeech,7.064,train,bci
AfriSpeech/baoule_bci,"?Kpɛ sunman’n, ɔ ka kan naan m’an yo asidan? ?Koko nun wa’n, n fali loto’n fa sili ninnge wie mun?",Baoulé,AfriSpeech,7.224,train,bci
AfriSpeech/baoule_bci,"?Wafa nga n cisan loto annzɛ moto nun’n ti’n, polisie’m be jrannin min?",Baoulé,AfriSpeech,4.763,train,bci
AfriSpeech/baoule_bci,"?Min osufuɛ nin min janvuɛ’m b’a se min le kɛ, kɛ n cisan loto annzɛ moto nun’n srɛ kun be?",Baoulé,AfriSpeech,6.98,train,bci
AfriSpeech/baoule_bci,"?Ayre nga n nɔn’n ti’n, loto annzɛ moto nun cisanlɛ’n ti kekle kan man min?",Baoulé,AfriSpeech,5.947,train,bci
AfriSpeech/baoule_bci,"?Kɛ ń císan loto’n nun’n, lafilɛ fali min cɛn kun?",Baoulé,AfriSpeech,4.343,train,bci
AfriSpeech/baoule_bci,"Atrɛkpa’n, a siemɛn i nzɔliɛ kɛ a cisanman loto annzɛ moto nun kpa kɛ laa’n sa kun. Yɛ a bumɛn i kɛ ɔ fata kɛ a yaci loto annzɛ moto nun cisanlɛ. ?Sɛ ɔ ti sɔ’n, wafa sɛ yɛ Biblu’n kwla uka wɔ naan w’a bu akunndan kɛ ng’ɔ nin i fata’n sa naan kusu w’a fa ajalɛ kpa-ɔ? Maan e fa e ɲin e sie i afɔtuɛ nɲɔn be su.",Baoulé,AfriSpeech,21.878,train,bci
AfriSpeech/baoule_bci,WAFA NGA BIBLU’N KWLA UKA WƆ NAAN W’A FA AJALƐ KPA’N,Baoulé,AfriSpeech,3.636,train,bci
AfriSpeech/baoule_bci,"Nán yo sran wie i like yaya. ( Mml. 22:8 ) Sɛ sran kun cisanman loto annzɛ moto nun kɛ ng’ɔ nin i fata’n sa’n, ɔ kwla yo sran wie i like yaya annzɛ ɔ kwla kun sran. Sɛ a se kɛ á císan loto annzɛ moto nun, kusu nn a lemɛn i wun fanngan kun’n, a kwla yo asidan. Yɛ ɔ bɔbɔ a kwla wu, annzɛ a kwla kun sran uflɛ.",Baoulé,AfriSpeech,21.983,train,bci
AfriSpeech/baoule_bci,Wafa nga e kwla uka be’n,Baoulé,AfriSpeech,4.711,train,bci
AfriSpeech/baoule_bci,JUE 111 E aklunjuɛ’n i bo’n,Baoulé,AfriSpeech,3.652,train,bci
AfriSpeech/baoule_bci,LIKE SUANLƐ 45,Baoulé,AfriSpeech,8.922,train,bci
AfriSpeech/baoule_bci,"?Sɛ a nian ɔ awlɛn su sran wie i lika’n, á yó sɛ naan w’a di aklunjɔɛ titi?",Baoulé,AfriSpeech,5.799,train,bci
AfriSpeech/baoule_bci,"“ Be nga kɛ bé lúa like’n nn bé sún’n, kɛ bé wá kpɛ́ like nga be luali’n, bé kpán aklunjɔɛ kpanlɛ.” — JUE. 126:5 .",Baoulé,AfriSpeech,13.02,train,bci
AfriSpeech/baoule_bci,"Sɛ a nian ɔ janvuɛ wie annzɛ ɔ osufuɛ wie mɔ w’a yo kpɛnngbɛn’n, annzɛ tukpacɛ wie kle i yalɛ’n i lika’n, like suanlɛ nga kwla uka wɔ naan w’a di aklunjɔɛ titi.",Baoulé,AfriSpeech,10.543,train,bci
AfriSpeech/baoule_bci,"5 Sɛ a nian ɔ awlɛn su sran kun i lika naan ɔ klun timan jɔwa’n, afɛ’n kwla ti wɔ dan. ( Ɲan. 24:10 ) Ɔ maan a su kwlá niɛnmɛn i lika kpa kɛ nga a fa klo’n sa. ?Sanngɛ sa benin mun yɛ be kwla yo naan w’a diman aklunjɔɛ kun-ɔn?",Baoulé,AfriSpeech,15.174,train,bci
AfriSpeech/baoule_bci,"?NGUE TI YƐ KƐ A NIAN SRAN KUN I LIKA’N, AKLUNJƆƐ DILƐ KWLA YO KEKLE-Ɔ?",Baoulé,AfriSpeech,5.741,train,bci
AfriSpeech/baoule_bci,LIKE NGA A KWLA YO NAAN W’A DI AKLUNJƆƐ TITI’N,Baoulé,AfriSpeech,3.837,train,bci
AfriSpeech/baoule_bci,"14 Sɛ a wunman ɔ wun fɛ’n, koko kle ɔ janvuɛ kpa kun. Kannzɛ á yó sɛ’n, ɔ wla bó ɔ wun cɛn kunngun. Kɛ ɔ ko yo sɔ’n, ɔ fata kɛ a koko wafa nga ɔ wun yo wɔ’n kle ɔ janvuɛ kpa kun m’ɔ su diman ɔ jɔlɛ’n annzɛ ɔ su ijɔman wɔ’n. ( Ɲan. 17:17 ) Ɔ janvuɛ’n ɔ́ síe i su ɔ nuan bo, yɛ ɔ́ wlá ɔ fanngan. I sɔ’n kwla uka wɔ naan w’a di aklunjɔɛ titi.— Ɲan. 12:25 .",Baoulé,AfriSpeech,24.371,train,bci
AfriSpeech/baoule_bci,WAFA NGA E KWLA UKA ANIAAN KUN M’Ɔ NIAN SRAN WIE I LIKA’N,Baoulé,AfriSpeech,5.071,train,bci
AfriSpeech/baoule_bci,"18 Maan e yo i mo yɛ e srɛ Ɲanmiɛn e mɛn i. Ɔ fata kɛ asɔnun kpɛnngbɛn’m be wla aniaan nga be nian sran lika’n be fanngan tikatika. ( Ɲan. 27:23 ) Kannzɛ sa ng’ɔ o e su’n ti sɛ ti sɛ’n, e tinuntinun e kwla kan ndɛ wie fa gua be awlɛn su nzue, yɛ e kwla yo be mo titi. Asa’n e kwla srɛ Zoova kɛ ɔ wla be fanngan titi yɛ ɔ uka be naan be di aklunjɔɛ titi.— 2 Kor. 1:11 .",Baoulé,AfriSpeech,22.924,train,bci
AfriSpeech/baoule_bci,?Ngue yɛ ɔ fata kɛ be nga be nian sran lika’n be yo naan be klun w’a jɔ-ɔ?,Baoulé,AfriSpeech,5.377,train,bci
AfriSpeech/baoule_bci,"?Ngue ti yɛ kɛ ɔ ko yo naan be nga be nian sran lika’n be klun w’a jɔ’n, ɔ ti kekle-ɔ?",Baoulé,AfriSpeech,6.631,train,bci
AfriSpeech/baoule_bci,3. ?Ngue ti yɛ e kwla se kɛ Tera i lika nianlɛ w’a yoman pɔpɔ w’a manman Abraamun nin Sara-ɔ?,Baoulé,AfriSpeech,11.231,train,bci
AfriSpeech/baoule_bci,"1-2. ?Be nga be nian be awlɛn su sran wie i lika’n, wafa sɛ yɛ Zoova bu be-ɔ? ( Ɲanndra Mun 19:17 ) (An nian foto mun wie.)",Baoulé,AfriSpeech,8.58,train,bci
AfriSpeech/baoule_bci,4. ?Ngue yɛ é wá kɛ́n i ndɛ like suanlɛ nga nun-ɔn?,Baoulé,AfriSpeech,6.137,train,bci
AfriSpeech/baoule_bci,"5. ?Sɛ e nian e awlɛn su sran kun i lika’n, ngue ti yɛ ɔ ti cinnjin kɛ e klun jɔ titi-ɔ?",Baoulé,AfriSpeech,9.865,train,bci
AfriSpeech/baoule_bci,?Wafa sɛ yɛ e kwla uka aniaan nga be nian sran lika mɔ be o e asɔnun’n nun’n niɔn?,Baoulé,AfriSpeech,4.728,train,bci
AfriSpeech/baoule_bci,JUE 155 E klun jɔ́ titi,Baoulé,AfriSpeech,4.091,train,bci
AfriSpeech/baoule_bci,"6. ?Ngue ti yɛ afɛ’n kwla tin be nga be nian be awlɛn su sran wie i lika’n, be su dan-ɔn?",Baoulé,AfriSpeech,8.624,train,bci
AfriSpeech/baoule_bci,"7. ?Ngue ti yɛ wie liɛ’n be nga be nian be sran kun i lika’n, be wla bo be wun annzɛ be akunndan’n bu be fɔ-ɔ?",Baoulé,AfriSpeech,10.487,train,bci
AfriSpeech/baoule_bci,"8. ?Kɛ be yo be nga be nian be osufuɛ wie i lika’n be mo’n, wafa sɛ yɛ i sɔ’n yo be-ɔ?",Baoulé,AfriSpeech,10.056,train,bci
AfriSpeech/baoule_bci,"9. ?Wafa sɛ yɛ be nga be nian sran kun lika’n, be kwla kle kɛ be wun i wlɛ kɛ nán like ngba yɛ be kwla yo-ɔ?",Baoulé,AfriSpeech,10.309,train,bci
AfriSpeech/baoule_bci,"10. ?Sɛ e nian sran kun i lika’n, ngue ti yɛ ɔ fata kɛ e yo akunndanfuɛ-ɔ? ( Ɲanndra Mun 19:11 )",Baoulé,AfriSpeech,8.326,train,bci
AfriSpeech/baoule_bci,"11. ?Ninnge cinnjin benin mun yɛ ɔ fata kɛ a sie blɛ a yo i cɛn kwlakwla-ɔ? ( Jue Mun 132:​4, 5 )",Baoulé,AfriSpeech,8.008,train,bci
AfriSpeech/baoule_bci,"12. ?Ngue ti yɛ ɔ ti cinnjin kɛ be nga be nian be sran wie i lika’n, be sie blɛ naan be fa nian be bɔbɔ be wun lika wie-ɔ?",Baoulé,AfriSpeech,11.358,train,bci
AfriSpeech/baoule_bci,13. ?Ngue ti yɛ srilɛ’n ti kpa-ɔ? ( Ɲanndra Mun 17:22 ),Baoulé,AfriSpeech,5.41,train,bci
AfriSpeech/baoule_bci,"14. ?Sɛ a koko sa ng’ɔ o ɔ su’n kle ɔ janvuɛ kpa kun’n, wafa sɛ yɛ i sɔ’n kwla uka wɔ-ɔ?",Baoulé,AfriSpeech,8.775,train,bci
AfriSpeech/baoule_bci,"15. ?Ngue ti yɛ sɛ a fa ɔ ɲin sie i ninnge nga be o e ɲrun lɔ’n be su’n, á dí aklunjɔɛ-ɔ?",Baoulé,AfriSpeech,9.139,train,bci
AfriSpeech/baoule_bci,17. ?Wafa sɛ yɛ e kwla uka aniaan nga be nian sran lika’n aɲia’m be bo lɔ-ɔ?,Baoulé,AfriSpeech,9.123,train,bci
AfriSpeech/baoule_bci,16. ?Wafa sɛ yɛ e kwla uka aniaan kun m’ɔ nian sran kun lika’n niɔn? (An nian foto’n wie.),Baoulé,AfriSpeech,8.001,train,bci
AfriSpeech/baoule_bci,18. ?Ngue ekun yɛ e kwla yo fa uka e niaan nga be nian sran lika’n niɔn?,Baoulé,AfriSpeech,9.304,train,bci
AfriSpeech/baoule_bci,19. ?Ngue yɛ e ɲin o i sin-ɔn?,Baoulé,AfriSpeech,5.226,train,bci
AfriSpeech/baoule_bci,?Wafa sɛ yɛ a kwla uka aniaan nga be nian tukpacifuɛ annzɛ sran oke kun lika’n niɔn? (An nian ndɛ kpɔlɛ 16 nun.) a,Baoulé,AfriSpeech,18.764,train,bci
AfriSpeech/baoule_bci,LIKE SUANLƐ 47,Baoulé,AfriSpeech,10.646,train,bci
AfriSpeech/baoule_bci,“A ti sran kpa dan.” — DAN. 9:23,Baoulé,AfriSpeech,7.101,train,bci
AfriSpeech/baoule_bci,"ZOOVA i sufuɛ’m be ndɛ lo i kpa. Sanngɛ be nun wie’m be bumɛn i kɛ be ndɛ lo i sakpa. Atrɛkpa’n, sran wie yoli be tɛtɛ ti-ɔ. ?I sɔ sa’n juli ɔ su wie? ?Sɛ ɔ ti sɔ’n, á yó sɛ naan w’a lafi su kɛ ɔ ndɛ lo Zoova kpa?",Baoulé,AfriSpeech,15.406,train,bci
AfriSpeech/baoule_bci,Like suanlɛ nga wá úka be nga be se be wun kɛ be nunman sran nun’n naan b’a wun i wlɛ kɛ be ndɛ lo Zoova dan.,Baoulé,AfriSpeech,6.544,train,bci
AfriSpeech/baoule_bci,ZEZI UKALI SRAN MUN NAAN B’A WUN I WLƐ KƐ BE NDƐ LO ƝANMIƐN,Baoulé,AfriSpeech,4.63,train,bci
AfriSpeech/baoule_bci,"4 Zezi buli i ndɛ tiefuɛ’m be sran yɛ ɔ yoli be ye. I sɔ m’ɔ yoli’n kle kɛ i bɔbɔ nin i Si be bu be nga sran’m be buman be wie’n be sran. Sɛ a su Zoova naan a bu i kɛ a nunman sran nun’n, bu wafa nga Zezi nin be nga be kunndɛli kɛ bé tíe i ndɛ’n be trannin’n i akunndan. Sɛ a yo sɔ’n, á wún kɛ ɔ ndɛ lo Zoova.",Baoulé,AfriSpeech,20.462,train,bci
AfriSpeech/baoule_bci,"8 Andɛ kusu’n, tukpacɛ m’ɔ o Ɲanmiɛn i sufuɛ wie’m be wun’n ti’n, be wla bo be wun, yɛ ɔ yo be kɛ be nunman sran nun sa. I wie yɛle aniaan bla kun m’ɔ ti atin bofuɛ’n i liɛ’n. Ɔ fin Blezili yɛ ɔ suan Maria. a Kɛ bé wú i’n ɔ leman ja yɛ ɔ leman sa bɛ. Ɔ seli kɛ: “I nun mɔ n kɔ suklu’n, min wiengu suklu ba’m be yoli min finfin. Be fali dunman tɛtɛ wie mun fa flɛli min. Min awlofuɛ mun bɔbɔ be yoli min finfin wie.”",Baoulé,AfriSpeech,28.174,train,bci
AfriSpeech/baoule_bci,"9 ?Ngue yɛ ɔ ukali Maria-ɔ? Kɛ ɔ kacili Zoova i Lalofuɛ’n, i niaan Klisifuɛ’m be fɔnvɔli i, yɛ be ukɛli i naan ɔ bu i wun kɛ nga Zoova fa bu i’n sa. Ɔ seli kɛ: “Be diman aniaan nga be ukali min’n be yalɛ. Ń lá Zoova i ase lele, aniaan ng’ɔ mannin min mɔ be o asɔnun’n nun’n be ti kpa dan.” Maria i niaan Klisifuɛ’m be ukɛli i naan w’a wun kɛ i ndɛ lo Ɲanmiɛn.",Baoulé,AfriSpeech,25.108,train,bci
AfriSpeech/baoule_bci,WAFA NGA ZOOVA BU E’N MAAN E BU E WUN SƆ WIE,Baoulé,AfriSpeech,3.595,train,bci
AfriSpeech/baoule_bci,"19 Zezi seli kɛ e ndɛ lo e Si Ɲanmiɛn dan. ( Lik. 12:24 ) I sɔ’n ti’n, maan e lafi su kɛ Zoova bu e sran kpa. Nán maan e wla fi i sɔ liɛ’n su le! Asa’n, maan e yo like kwlaa nga e kwla yo e fa uka e wiengu mun naan b’a wun i wlɛ kɛ be ndɛ lo Zoova’n.",Baoulé,AfriSpeech,16.661,train,bci
AfriSpeech/baoule_bci,?Wafa sɛ yɛ Zezi ukali sran mun naan b’a wun i wlɛ kɛ be ndɛ lo Ɲanmiɛn-ɔn?,Baoulé,AfriSpeech,4.483,train,bci
AfriSpeech/baoule_bci,?Wafa sɛ yɛ Zezi ukali bla nga mmoja tu i’n niɔn?,Baoulé,AfriSpeech,3.699,train,bci
AfriSpeech/baoule_bci,?Ngue yɛ e kwla yo naan y’a bu e wun kɛ nga Zoova fa bu e’n sa-ɔ?,Baoulé,AfriSpeech,3.766,train,bci
AfriSpeech/baoule_bci,1-2. ?É yó sɛ naan y’a wun i wlɛ kɛ e ndɛ lo Zoova kpa?,Baoulé,AfriSpeech,9.43,train,bci
AfriSpeech/baoule_bci,JUE 139 Mɛn uflɛ’n i nun tranlɛ’n,Baoulé,AfriSpeech,4.857,train,bci
AfriSpeech/baoule_bci,3. ?Wafa sɛ yɛ Zezi ukali Galilefuɛ nga be bɛli i sin’n niɔn?,Baoulé,AfriSpeech,8.899,train,bci
AfriSpeech/baoule_bci,4. ?Ngue yɛ wafa nga Zezi nin be nga sran’m be buman be wie’n be trannin’n ɔ kle e-ɔ?,Baoulé,AfriSpeech,11.346,train,bci
AfriSpeech/baoule_bci,5. ?Sa benin yɛ ɔ o Galile bla kun su-ɔ?,Baoulé,AfriSpeech,7.619,train,bci
AfriSpeech/baoule_bci,7. ?Ngue yɛ Zezi yoli-ɔ? ( Marki 5:34 ),Baoulé,AfriSpeech,5.587,train,bci
AfriSpeech/baoule_bci,6. ?Ngue yɛ bla’n yoli naan w’a yo juejue-ɔ?,Baoulé,AfriSpeech,7.037,train,bci
AfriSpeech/baoule_bci,8. ?Sa benin yɛ ɔ kleli aniaan bla kun m’ɔ fin Blezili’n i yalɛ-ɔ?,Baoulé,AfriSpeech,9.623,train,bci
AfriSpeech/baoule_bci,9. ?Ngue yɛ ɔ ukali Maria naan w’a wun kɛ i ndɛ lo Zoova-ɔ?,Baoulé,AfriSpeech,8.964,train,bci
AfriSpeech/baoule_bci,"10. (1) ?Sa kekle benin yɛ ɔ o Mari m’ɔ fin Magdala’n i su-ɔ? (2) ?Yɛ sa sɔ’n ti’n, wafa sɛ yɛ i wun yoli i-ɔ? (An nian desɛn mun wie.)",Baoulé,AfriSpeech,18.639,train,bci
AfriSpeech/baoule_bci,11. ?Ngue yɛ Zezi yoli naan Mari w’a wun i wlɛ kɛ i ndɛ lo Ɲanmiɛn-ɔn? (An nian desɛn mun wie.),Baoulé,AfriSpeech,9.158,train,bci
AfriSpeech/baoule_bci,13. ?Ngue yɛ ɔ ukali Lidia naan w’a wun i wlɛ kɛ i ndɛ lo Zoova dan-ɔn?,Baoulé,AfriSpeech,8.64,train,bci
AfriSpeech/baoule_bci,12. ?Ngue ti yɛ Lidia buli i kɛ sran fi klomɛn i-ɔ?,Baoulé,AfriSpeech,9.391,train,bci
AfriSpeech/baoule_bci,14. ?Wafa sɛ yɛ 1 Samiɛli 16:7 uka e naan y’a bu e wun kɛ nga Zoova fa bu e’n sa-ɔ? (An nian kuku “ ?Ngue ti yɛ Zoova i sufuɛ’m be ndɛ lo i-ɔ? ” nun wie.),Baoulé,AfriSpeech,11.383,train,bci
AfriSpeech/baoule_bci,17. ?É yó sɛ naan y’a wun i wlɛ kɛ Zoova i klun jɔ e wun? ( Jue Mun 5:12 ) (An nian foto’n wie.),Baoulé,AfriSpeech,8.214,train,bci
AfriSpeech/baoule_bci,16. ?Ngue yɛ ɔ kwla uka e naan y’a bu Zoova kɛ Siɛ kpa kun m’ɔ klo e’n sa-ɔ?,Baoulé,AfriSpeech,9.891,train,bci
AfriSpeech/baoule_bci,15. ?Ngue ti yɛ Ɲanmiɛn seli kɛ Daniɛli ‘ti sran kpa dan-ɔn’? ( Daniɛli 9:23 ),Baoulé,AfriSpeech,7.456,train,bci
AfriSpeech/baoule_bci,"18. ?Kɛ be yi e ayɛ’n, ngue ti yɛ ɔ fata kɛ e sɔ nun klanman-ɔn?",Baoulé,AfriSpeech,9.359,train,bci
AfriSpeech/baoule_bci,?Ngue ti yɛ Zoova i sufuɛ’m be ndɛ lo i-ɔ?,Baoulé,AfriSpeech,5.53,train,bci
AfriSpeech/baoule_bci,19. ?Ngue ti yɛ a kwla lafi su kɛ ɔ ndɛ lo Ɲanmiɛn-ɔn?,Baoulé,AfriSpeech,8.142,train,bci
AfriSpeech/baoule_bci,"Wafa nga Zoova yili klɔ sran mun’n ti’n, ngbaciɛ dan o be nin nnɛn’m be afiɛn. Ɔ yili e naan e si i naan e nin i e tra janvuɛ. ( Bob. 1:27; Jue. 8:5; 25:14; Eza. 41:8 ) I sɔ’n ti’n, ɔ ti cinnjin kɛ e bu e wun sran. Sanngɛ nɛ́n i ngba-ɔ. Sɛ e fa e wun man Zoova naan e niɛn i mmla’m be su e nanti’n, ɔ́ bú e sran kpa.— Eza. 49:15 .",Baoulé,AfriSpeech,23.031,train,bci
AfriSpeech/baoule_bci,"Sɛ e wun i wlɛ kɛ Zoova i klun jɔ e wun’n, i sɔ’n úka e naan y’a bumɛn i kɛ e nunman sran nun. (An nian ndɛ kpɔlɛ 17 nun.)",Baoulé,AfriSpeech,27.754,train,bci
AfriSpeech/baoule_bci,‘Maan e mian e ɲin naan e nin e wiengu mun e bo yo kun titi’,Baoulé,AfriSpeech,12.587,train,bci
AfriSpeech/baoule_bci,"AKOTO PƆLU seli Klisifuɛ nga be o Efɛzi lɔ’n be kɛ: “Sa nga amun wiengu yo amun’n, maan ɔ sɔn amun nun klolɛ mɔ amun klo i’n ti. Ɲanmiɛn wawɛ’n maan amun bo w’a yo kun. An mian amun ɲin naan amun nin amun wiengu’m be tran klanman naan amun bo yo kun titi.”— Efɛ. 4:​2, 3 .",Baoulé,AfriSpeech,21.592,train,bci
AfriSpeech/baoule_bci,"Ɲanmiɛn wawɛ’n ti yɛ e ‘bo ti kun-ɔn.’ Sanngɛ kɛ nga Pɔlu fa kannin’n sa’n, ɔ fata kɛ e mian e ɲin naan e bo w’a yo kun titi. Yɛle kɛ ɔ fata kɛ e tinuntinun e yo like kwlaa nga e kwla yo naan bo kun yolɛ’n w’a tran lɛ titi’n.",Baoulé,AfriSpeech,18.704,train,bci
AfriSpeech/baoule_bci,"Maan e fa sa kun e yiyi nun. Wienun-ɔn, sran kun w’a to loto uflɛ kun w’a man wɔ. ?Wan yɛ ɔ fata kɛ ɔ nian loto sɔ’n i lika naan w’a saciman-ɔn? ?Nán wɔ-ɔ? Sɛ w’a nianman loto’n i lika naan ɔ saci’n, a kwlá seman kɛ sran ng’ɔ fa mannin wɔ’n ti-ɔ.",Baoulé,AfriSpeech,17.264,train,bci
AfriSpeech/baoule_bci,MAAN ‘E MIAN E ƝIN’ NAAN E BO YO KUN TITI,Baoulé,AfriSpeech,5.061,train,bci
AfriSpeech/baoule_bci,"I wafa kunngba’n, kannzɛ bɔbɔ Ɲanmiɛn wawɛ’n ti yɛ maan e bo kwla yo kun’n, sanngɛ ɔ fata kɛ e tinuntinun e yo e liɛ nga e kwla yo naan e bo w’a yo kun titi’n. Ɔ maan sɛ e nin aniaan kun e afiɛn sɛman’n, maan e usa e wun kɛ: ‘?N yo like kwlaa ng’ɔ fata kɛ n yo naan e bo w’a yo kun asɔnun’n nun’n?’",Baoulé,AfriSpeech,20.679,train,bci
AfriSpeech/baoule_bci,"Usa ɔ wun kɛ: ‘?Sɛ n fa yo ndɛ’n, e bo yó kun annzɛ kusu ndɛ’n yó tɛ trá laa’n?’",Baoulé,AfriSpeech,22.415,train,bci
AfriSpeech/baoule_bci,Ndɛ kun m’ɔ wla bla nga be yo be tɛtɛ’n be fanngan’n,Baoulé,AfriSpeech,12.071,train,bci
AfriSpeech/baoule_bci,"“ MƐN wunmuan’n nun’n, be yo bla nin talua miliɔn kpanngban be tɛtɛ. ?A o be nun wie? Sɛ ɔ ti sɔ’n, kanngan ndɛ nga nun. I liɛ’n, á sí sa nga ti yɛ Ɲanmiɛn kunndɛman kɛ be yo bla’m be tɛtɛ’n, ɔ nin like ng’ɔ́ wá yó naan i sɔ liɛ’n w’a wie’n.”",Baoulé,AfriSpeech,17.485,train,bci
AfriSpeech/baoule_bci,"Bla kun m’ɔ di junman lɔ’n, ɔ seli be kɛ be mɛn i fluwa sɔ’n i wie ekun naan ɔ fa cɛcɛ be nga be tran lɔ’n. Kɛ ɔ yoli sɔ’n, be fali fluwa sɔ’n 40 ekun, ɔ nin fluwa kanngan 30 mɔ jw.org adrɛsi’n klɛ su’n be fa mannin be. I sin’n kɛ aniaan bla’m be ɔli bla nga be tran lɔ’n be osu nianlɛ’n, be su nianfuɛ’n seli be kɛ be kle bla sɔ mun wafa nga be kwla suan Biblu’n nun like’n.",Baoulé,AfriSpeech,26.581,train,bci
AfriSpeech/baoule_bci,"Sitesi seli kɛ: “Wafa nga sran’m be sɔli ndɛ sɔ’n nun’n, ɔ yoli e ɲɛnmɛn dan. Kɛ be fa ndɛ sɔ’n be sie i fluwa su mɔ be fa man bla nga be yoli be tɛtɛ’n, i sɔ’n kwla uka be kpa naan b’a si Ɲanmiɛn Sielɛ’n i su ndɛ’n. Wafa nga be sɔli ndɛ sɔ’n nun’n, ɔ yoli e fɛ dan. Kɛ é bó jasin fɛ’n é klé bla sɔ mun’n, e fa e wun wla Zoova sa nun naan é wún wafa ng’ɔ́ úka e naan y’a kwla yo sɔ titi’n.”",Baoulé,AfriSpeech,27.502,train,bci
AfriSpeech/baoule_bci,"Kɛ e nin e niaan klisifuɛ mun e o mɔ e wla e wiengu fanngan’n, i sɔ’n yo e kwlaa e fɛ. Sanngɛ kɛ e o likawlɛ’n, kɛ ɔ ko yo naan y’a wla e wiengu fanngan’n, ɔ fataman kɛ e nian e wiengu sa ngbɛn. Biblu’n se kɛ maan e wla e wiengu fanngan yɛ e uka e wun naan e lafi Ɲanmiɛn su kpa. ( Rɔm. 1:​11, 12 ) ?Wafa sɛ yɛ e kwla yo sɔ-ɔ?",Baoulé,AfriSpeech,20.057,train,bci
AfriSpeech/baoule_bci,"Maan ndɛ ng’ɔ fin e nuan fite’n, ɔ wla e wiengu’m be fanngan . I wie yɛle kɛ, kɛ é tɛ́ kosan’m be su aɲia’m be bo’n, nán maan e kan e bɔbɔ e wun ndɛ ngboko naan sran’m be fa be ɲin sie e su. Sanngɛ maan e fa be ɲin sie i Zoova, nin i nuan ndɛ’n, ɔ nin i sufuɛ’m be su. Kɛ e nin be é kókó yalɛ’n, maan e kan ndɛ ng’ɔ wla sran fanngan naan b’a lafi Ɲanmiɛn su kpa’n.",Baoulé,AfriSpeech,22.3,train,bci
AfriSpeech/baoule_bci,"Maan ajalɛ nga e fa be’n nin e ayeliɛ’n wla be fanngan. Sa sunman o aniaan wie’m be su, sanngɛ be fali ajalɛ kɛ bé yó blɛ kwlaa nun Ɲanmiɛn junman difuɛ titi. I sɔ’n wla be niaan onga’m be fanngan. Tukpacɛ kekle wie kle aniaan wie’m be yalɛ, annzɛ kusu be di junman lele be fɛ dan. Sanngɛ be tran lemɔcuɛ afiɛn’n nun aɲia’n i bo titi. Kɛ be niaan onga’m be wun i sɔ’n, i sɔ’n kwla wla be fanngan.",Baoulé,AfriSpeech,23.805,train,bci
AfriSpeech/baoule_bci,"?Ndɛ nga a kan be’n nin ninnge nga a yo be’n, be wla ɔ niaan’m be fanngan? ?Yɛ a sie ndɛ nga ɔ niaan’m be kan nin ninnge nga be yo fa wla ɔ fanngan’n be nzɔliɛ?",Baoulé,AfriSpeech,10.511,train,bci
AfriSpeech/baoule_bci,LIKE SUANLƐ 51,Baoulé,AfriSpeech,11.142,train,bci
AfriSpeech/baoule_bci,Maan ninnge nga amún yó be amun aja cɛn’n nun’n be manman Zoova,Baoulé,AfriSpeech,4.875,train,bci
AfriSpeech/baoule_bci,"“Sanngɛ like kwlaa nga amún yó’n, maan amun yo i kɛ ɔ nin i fata’n sa, yɛ nán maan ɔ yo sukusuku.”— 1 KOR. 14:40 .",Baoulé,AfriSpeech,16.148,train,bci
AfriSpeech/baoule_bci,JUE 132 Y’a kaci sran wunmuan siɛn’n,Baoulé,AfriSpeech,4.762,train,bci
AfriSpeech/baoule_bci,"Wafa nga aniaan bla kun nin aniaan bian kun mɔ be fali ajalɛ kɛ bé já’n, be kwla manman Zoova be aja cɛn’n nun’n.",Baoulé,AfriSpeech,8.521,train,bci
AfriSpeech/baoule_bci,"?KƐ É sé yɛ’n, w’a fa ajalɛ kɛ a nin aniaan bla kun annzɛ aniaan bian kun bé já? Sɛ ɔ ti sɔ’n, é yó ɔ mo! Atrɛkpa’n amun su siesie ninnge nga amún wá yó be amun aja cɛn’n nun’n. Amun aja’n ɔ ti Zoova i cinnjin. Ɔ kunndɛ kɛ amun di aklunjɔɛ amun aja a cɛn’n nun naan nán aklunjɔɛ sɔ’n wie le.— Ɲan. 5:18; Fɛf. 3:11 .",Baoulé,AfriSpeech,21.932,train,bci
AfriSpeech/baoule_bci,"2 Ɔ ti cinnjin kɛ amun aja’n manman Zoova. ?Ngue ti yɛ e kan sɔ-ɔ? ?Yɛ wafa sɛ yɛ amun kwla yo sɔ-ɔ? Afɔtuɛ nga be o like suanlɛ nga nun’n, be ti aniaan nga be su siesie be wun naan bé já’n be liɛ trele. Sanngɛ afɔtuɛ sɔ’m be kwla uka be nga bé trán be aja’n i bo’n, annzɛ be nga aniaan sɔ’m be usa be ngwlɛlɛ afɛ naan b’a kwla siesie be aja’n.",Baoulé,AfriSpeech,26.133,train,bci
AfriSpeech/baoule_bci,?NGUE TI YƐ Ɔ TI CINNJIN KƐ AMUN AJA’N MANMAN ZOOVA-Ɔ?,Baoulé,AfriSpeech,4.514,train,bci
AfriSpeech/baoule_bci,"3 Kɛ aniaan bian kun nin aniaan bla kun bé síesíe be aja’n, ɔ fata kɛ be jran Zoova i mmla mɔ be o Biblu’n nun’n be su. ?Ngue ti yɛ ɔ ti cinnjin kɛ be yo sɔ-ɔ? Afin Zoova yɛ ɔ kpɛli aja’n i ba-ɔ. I yɛ ɔ siesieli Adan nin Ɛvu be aja’n niɔn. ( Bob. 1:28; 2:24 ) I sɔ’n ti’n, ɔ fata kɛ aja’n i su akunndan nga Zoova bu’n, ɔ yo be nga be su siesie be wun naan bé já’n be cinnjin kpa.",Baoulé,AfriSpeech,27.786,train,bci
AfriSpeech/baoule_bci,?WAFA SƐ YƐ AMUN KWLA MANMAN ZOOVA-Ɔ?,Baoulé,AfriSpeech,4.139,train,bci
AfriSpeech/baoule_bci,"6 Amun nian mmla nga awa kpɛli be’n be su nanti. ( Rɔm. 13:​1, 2 ) Nvle sunman nun’n, awa kpɛli aja’n i su mmla wie mun. Ɔ fata kɛ yasua kun nin bla kun mɔ be kunndɛ kɛ bé já’n be si mmla sɔ mun, yɛ be nian be su be nanti. ?Sanngɛ amún yó sɛ naan amun a si amun nvle liɛ’n nun lɔ mmla mun? I lɛ nun’n, sɛ amun mian ukalɛ wun’n, amun kwla usa asɔnun kpɛnngbɛn’m be ngwlɛlɛ afɛ. b",Baoulé,AfriSpeech,25.499,train,bci
AfriSpeech/baoule_bci,"?SƐ SA WIE TANNDAN AMUN ƝRUN’N, NGUE YƐ AMUN KWLA YO-Ɔ?",Baoulé,AfriSpeech,4.843,train,bci
AfriSpeech/baoule_bci,?Ngue ti yɛ ɔ ti cinnjin kɛ yasua’n nin bla’n be manman Zoova be aja cɛn’n nun-ɔn?,Baoulé,AfriSpeech,5.58,train,bci
AfriSpeech/baoule_bci,"?Ngue yɛ yasua’n nin bla’n be kwla yo naan be aja cɛn’n, w’a yo aklunjɔɛ blɛ naan kusu Ɲanmiɛn w’a ɲan kɔmin-ɔn?",Baoulé,AfriSpeech,8.602,train,bci
AfriSpeech/baoule_bci,1-2. ?Wafa sɛ yɛ Zoova kunndɛ kɛ amun aja cɛn’n yo-ɔ?,Baoulé,AfriSpeech,8.167,train,bci
AfriSpeech/baoule_bci,"?Sɛ be yo be aja’n i sɛsɛ su’n, i su ye benin yɛ be kwla ɲɛn i-ɔ?",Baoulé,AfriSpeech,5.007,train,bci
AfriSpeech/baoule_bci,"3. (1) ?Kɛ aniaan bian kun nin aniaan bla kun bé síesíe be aja’n, ngue yɛ ɔ fata kɛ ɔ yo be cinnjin-ɔn? (2) ?Yɛ ngue ti yɛ ɔ fata kɛ i sɔ liɛ’n yo be cinnjin-ɔn?",Baoulé,AfriSpeech,17.825,train,bci
AfriSpeech/baoule_bci,4. ?Sa cinnjin benin ekun ti yɛ ɔ fata kɛ e manman Zoova e aja cɛn’n nun-ɔn?,Baoulé,AfriSpeech,9.298,train,bci
AfriSpeech/baoule_bci,JUE 107 Sran klolɛ nga Ɲanmiɛn kleli e’n,Baoulé,AfriSpeech,4.043,train,bci
AfriSpeech/baoule_bci,"5. ?Kɛ aniaan bian kun nin aniaan bla kun bé síesíe be aja cɛn’n, wafa sɛ yɛ Biblu’n kwla uka be-ɔ?",Baoulé,AfriSpeech,10.913,train,bci
AfriSpeech/baoule_bci,"6. ?Ngue ti yɛ ɔ ti cinnjin kɛ be nga be waan bé já’n, be nian awa i mmla’m be su be nanti-ɔ?",Baoulé,AfriSpeech,11.784,train,bci
AfriSpeech/baoule_bci,"8. ?Sɛ amun fa ajalɛ kɛ amún yía sran mun naan be wla asa’n, amún yó sɛ naan Ɲanmiɛn w’a ɲan kɔmin? ( Rɔmunfuɛ Mun 13:13 )",Baoulé,AfriSpeech,10.974,train,bci
AfriSpeech/baoule_bci,"7. ?Ngue yɛ yasua nin bla kun be kwla yo naan be aja cɛn nun’n, Ɲanmiɛn w’a ɲan kɔmin-ɔn?",Baoulé,AfriSpeech,10.045,train,bci
AfriSpeech/baoule_bci,"9. ?Sɛ yasua kun nin bla kun be waan bé yía sran mun naan be wla asa’n, ngue yɛ ɔ fataman kɛ be ɲin kpa su-ɔ?",Baoulé,AfriSpeech,10.262,train,bci
AfriSpeech/baoule_bci,"10. ?Kɛ yasua kun nin bla kun bé síesíe be wun naan bé já’n, ngue ti yɛ ɔ fata kɛ be yo ninnge mun sɛsɛ su-ɔ? ( 1 Zan 2:​15-17 )",Baoulé,AfriSpeech,10.377,train,bci
AfriSpeech/baoule_bci,"11. ?Be wun wlawlalɛ nin be wun klanman yolɛ’n nun’n, wafa sɛ yɛ yasua’n nin bla’n be kwla kle kɛ be yo ninnge mun sɛsɛ su-ɔ? (An nian foto mun wie.)",Baoulé,AfriSpeech,12.033,train,bci
AfriSpeech/baoule_bci,12. ?Ngue ti yɛ ɔ fata kɛ yasua’n nin bla’n be nian nun kpa naan b’a fa ninnge nga bé yó be be aja’n i bo’n i wun ajalɛ-ɔ?,Baoulé,AfriSpeech,12.933,train,bci
AfriSpeech/baoule_bci,13. ?Wafa sɛ yɛ yasua nin bla’n be kwla nian Zoova i ajalɛ’n su-ɔ?,Baoulé,AfriSpeech,8.491,train,bci
AfriSpeech/baoule_bci,"14. ?Kɛ yasua nin bla wie’m bé síesíe be aja’n, ngue yɛ ɔ kwla yo kekle man be-ɔ?",Baoulé,AfriSpeech,8.498,train,bci
AfriSpeech/baoule_bci,"15. Kɛ yasua’n nin bla’n bé síesíe be aja’n, ngue ti yɛ ɔ fata kɛ be srɛ Ɲanmiɛn-ɔn?",Baoulé,AfriSpeech,10.049,train,bci
AfriSpeech/baoule_bci,"16-17. ?Kɛ bé síesíe be aja’n, wafa sɛ yɛ yalɛ kokolɛ’n kwla uka be-ɔ?",Baoulé,AfriSpeech,12.018,train,bci
AfriSpeech/baoule_bci,"18. ?Ngue yɛ amun kwla yo naan amun aja cɛn’n nun’n, ninnge’m b’a yoman sukusuku-ɔ? ( 1 Korɛntifuɛ Mun 14:40 ) (An nian foto’n wie.)",Baoulé,AfriSpeech,9.382,train,bci
AfriSpeech/baoule_bci,"20. ?Kɛ yasua’n nin bla’n bé síesíe be aja cɛn’n, ngue yɛ ɔ fataman kɛ be wla fi su-ɔ?",Baoulé,AfriSpeech,9.198,train,bci
AfriSpeech/baoule_bci,19. ?Ngue yɛ amun kwla yo naan b’a yoman ninnge mun sukusuku amun aliɛ diwlɛ lɔ-ɔ?,Baoulé,AfriSpeech,10.54,train,bci
AfriSpeech/baoule_bci,"Sɛ amun dun mmua siesie amun wun kpa’n, ninnge’m be su yoman sukususu. (An nian ndɛ kpɔlɛ 18 nun.)",Baoulé,AfriSpeech,25.963,train,bci
AfriSpeech/baoule_bci,"“Aniaan bla kun m’ɔ suan Konin m’ɔ le afuɛ 83 seli kɛ: “Kɛ min wla kpɛn min laa nun’n, mɔ n bu ninnge nga n yoli be laa’n be akunndan’n, i sɔ’n bo min nuan. Sanngɛ kpɛnngbɛn’n ti’n, n kwlá yoman ninnge mun kɛ laa’n sa kun.”",Baoulé,AfriSpeech,15.794,train,bci
AfriSpeech/baoule_bci,"Atrɛkpa’n, ɔ kusu a kwlá yoman ninnge mun kɛ laa’n sa kun. Nán andɛ sa yɛ a su Zoova-ɔ. Sanngɛ kɛ mɔ a kwlá yoman ninnge mun kɛ laa’n sa kun’n ti’n, atrɛkpa’n ɔ sa sin bubu wɔ. I wie yɛle kɛ, kɔlɛ’n a fa ninnge nga a yo be andɛ’n fa sunnzun laa liɛ mun. ?Sɛ ɔ ti sɔ’n, ngue yɛ ɔ kwla uka wɔ-ɔ?",Baoulé,AfriSpeech,22.219,train,bci
AfriSpeech/baoule_bci,BU LIKE NGA ZOOVA KLO KƐ A YO’N I AKUNNDAN,Baoulé,AfriSpeech,3.34,train,bci
AfriSpeech/baoule_bci,Usa ɔ wun kɛ: ‘?Ngue yɛ Zoova kunndɛ kɛ n yo-ɔ?’ Ndɛ ng’ɔ o Mmla’n 6:5 nun’n kwla gua ɔ awlɛn su nzue. Ɔ se kɛ: “Fa ɔ awlɛn’n kwlaa nin ɔ nguan’n kwlaa nin ɔ wunmiɛn’n kwlaa fa klo Zoova m’ɔ ti ɔ Ɲanmiɛn’n.”,Baoulé,AfriSpeech,17.256,train,bci
AfriSpeech/baoule_bci,"Ndɛ mma sɔ’n kle kɛ Zoova klo kɛ a fa ɔ awlɛn’n kwlaa nin ɔ nguan’n kwlaa nin ɔ wunmiɛn’n kwlaa fa su i. Ndɛ sɔ’n kwla uka ɔ naan w’a faman ɔ wun w’a sunnzunman ɔ wiengu mun, annzɛ kusu w’a faman ninnge nga a kwla yo be andɛ’n w’a sunnzunman laa liɛ mun.",Baoulé,AfriSpeech,19.061,train,bci
AfriSpeech/baoule_bci,A KWLA FA LIKE NGA A SI I’N UKA Ɔ WIENGU MUN,Baoulé,AfriSpeech,3.951,train,bci
AfriSpeech/baoule_bci,"Ɔ ti su kɛ kpɛnngbɛn’n ti’n, a kwlá yoman ninnge mun kɛ laa’n sa kun. Sanngɛ bu ninnge kpanngban nga a kwla yo be man ɔ wiengu mun’n be akunndan. I kpa bɔbɔ’n, ninnge wie mɔ a kwlá yoman be laa’n, kɛ é sé yɛ’n a kwla yo be. I wie yɛle kɛ:",Baoulé,AfriSpeech,18.223,train,bci
AfriSpeech/baoule_bci,"A kwla fa like nga a si i’n kle ɔ wiengu mun. I lɛ nun’n, bu ndɛ wie mɔ laa sran wie’m be kannin m’ɔ o Biblu’n nun’n, be akunndan.",Baoulé,AfriSpeech,8.808,train,bci
AfriSpeech/baoule_bci,"Famiɛn Davidi seli kɛ: “Laa’n, n ti gbanflɛn yɛ siɛn’n m’an yo oke, sanngɛ n nin-a wunman kɛ b’a yi sran kpa’n i ase le, yɛ n nin-a wunman kɛ i mma’m be su kunndɛ aliɛ sin le.”— Jue. 37:25 .",Baoulé,AfriSpeech,18.884,train,bci
AfriSpeech/baoule_bci,"Zozie seli kɛ: “Siɛn’n, amun nian! Ɔ cɛ kan’n ń wú. Amun bɔbɔ amun si amun klun lɔ jrɛiin kɛ nda nga Zoova tali amun’n, i nun ndɛ ba kun sa nunman lɛ mɔ w’a kpɛnman su-ɔ. Be kwlaa be kpɛnnin su kpan. Ɔ leman ndɛ ba kun sa mɔ w’a kpɛnman su-ɔ.”— Zoz. 23:14 .",Baoulé,AfriSpeech,24.792,train,bci
AfriSpeech/baoule_bci,"Atrɛkpa’n, w’a kan ndɛ kɛ ngalɛ’n sa wie le. Nán ngbɛn ti yɛ Davidi nin Zozie be kannin ndɛ sɔ mun-ɔn. Kɛ be sɔli Zoova sulɛ lele’n, sa nga be wunnin be’n, ɔ nin ndɛ nga be tili be’n ti yɛ be kannin sɔ-ɔ.",Baoulé,AfriSpeech,15.09,train,bci
AfriSpeech/baoule_bci,ZOOVA BU LIKE KWLAA NGA AMUN YO MƐN I’N I LIKE DAN,Baoulé,AfriSpeech,4.435,train,bci
AfriSpeech/baoule_bci,"Ɔ kusu kannzɛ a kwlá yoman ninnge mun kɛ laa’n sa’n, sanngɛ lafi su kɛ Zoova bu like kwlaa nga a yo mɛn i’n i like dan. Afin Ɲanmiɛn “klo kɛ like nga sran kun le i’n yɛ ɔ fa mɛn i-ɔ, nán like nga sran’n lemɛn i’n yɛ ɔ klo kɛ ɔ fa mɛn i-ɔ.”— 2 Kor. 8:12 .",Baoulé,AfriSpeech,22.556,train,bci
AfriSpeech/baoule_bci,"Ɔ maan fa ɔ ɲin sie i like nga a kwla yo’n su. Ɔ ti su kɛ a kwlá faman blɛ kpanngban boman jasin fɛ’n. Sanngɛ a kwla bu jasin fɛ bolɛ wafawafa nga ɔ wunmiɛn ju nun’n be bolɛ’n i akunndan. Annzɛ kusu a kwla flɛ aniaan wie mun annzɛ a kwla klɛ be fluwa kan fa wla be fanngan. Kɛ aniaan kun m’ɔ su Zoova w’a cɛ’n ɔ kle i niaan’m be kɛ ɔ klo be’n, i sɔ’n wla be fanngan dan.",Baoulé,AfriSpeech,26.637,train,bci
AfriSpeech/baoule_bci,"Kannzɛ amun leman wunmiɛn kun’n, sanngɛ an kwla yo ninnge kpanngban Zoova i sulɛ’n nun. Kanngan kuku nga be flɛ i kɛ “ Ɔ deli bla kun ” nun naan nian sa kun m’ɔ juli sran ble mɛn’n i wia afiliɛ lɔ lika’n nun’n.",Baoulé,AfriSpeech,14.844,train,bci
AfriSpeech/baoule_bci,"LIKE NGA A KWLA YO’N, MIAN Ɔ ƝIN YO I TITI",Baoulé,AfriSpeech,3.645,train,bci
AfriSpeech/baoule_bci,"Fluwa sifuɛ wie’m be sieli i nzɔliɛ kɛ sran oke nga be uka be wiengu mun’n, be tɔman tukpacɛ tikatika, akunndan nga be bu’n ti weiin, yɛ be cɛ kan.",Baoulé,AfriSpeech,11.439,train,bci
AfriSpeech/baoule_bci,"Ninnge kpakpa nga amun yo be’n, be kwlá yoman naan oke yolɛ’n i sin afɛ’n w’a wie. Ɲanmiɛn Sielɛ’n i kunngba cɛ yɛ ɔ kwla yo naan oke yolɛ’n nin wie’n mɔ Adan fa cɛli e kɛ aja like sa’n, b’a wie mlɔnmlɔnmlɔn-ɔn.— Rɔm. 5:12 .",Baoulé,AfriSpeech,16.197,train,bci
AfriSpeech/baoule_bci,"Sanngɛ dɔ nga su bɔbɔ’n, ukalɛ mɔ a uka ɔ wiengu mun naan b’a si Zoova’n, ɔ nin ninnge kwlaa nga a yo be Zoova i sulɛ’n nun’n, be uka ɔ naan w’a lafi Ɲanmiɛn su kpa titi. Yɛ i kpa bɔbɔ’n, i sɔ’n kwla yo maan ɔ kplo’n nun sanndi ɔ kan. Lafi su kɛ Zoova bu junman nga a di mɛn i’n i like dan. Asa’n, wafa nga a lafi Ɲanmiɛn su’n kusu wla asɔnun’n nunfuɛ’m be fanngan kpa.",Baoulé,AfriSpeech,24.643,train,bci
AfriSpeech/baoule_bci,Ɔ deli bla kun,Baoulé,AfriSpeech,17.815,train,bci
AfriSpeech/baoule_bci,"Cɛn kun mɔ bla kun sín e kakaklolo kun i ɲrun lɛ’n, aniaan bla oke kun yoli i like. Kpɛkun ɔ usali bla’n sɛ ɔ kwla kanngan Biblu’n nun ndɛ mma kun nun kle i-o. Ɔ kanngannin Zeremin 29:11 nun kleli i. Ndɛ mma sɔ’n se kɛ fɔundi yɛ Zoova kunndɛ kɛ sran’m be di-ɔ, ɔ kunndɛman kɛ be wun ɲrɛnnɛn. Kpɛkun aniaan bla’n usali bla’n kɛ: “?Zoova kunndɛ kɛ ɔ ɲrun lɔ’n yo sɛ?”",Baoulé,AfriSpeech,29.368,train,bci
AfriSpeech/baoule_bci,"Zoova yoli maan Simeɔn wunnin Zezi i nɔnman nun. I kpa bɔbɔ’n, ɔ sinnin Simeɔn i lika seli kɛ Zezi yɛ ɔ́ wá káci Mesi’n niɔn.",Baoulé,AfriSpeech,21.055,train,bci
AfriSpeech/baoule_bci,"Sɛ w’a yo oke-o, annzɛ a nin a yoman oke-o, a kwla fa kakaklolo’n bo jasin fɛ’n wie.",Baoulé,AfriSpeech,6.751,train,bci
AfriSpeech/baoule_bci,"?A kanngannin afuɛ nga nun Sasafuɛ Tranwlɛ’n i nun ndɛ’m be nun kpa? Sɛ ɔ ti sɔ’n, tɛ kosan nga’m be su:",Baoulé,AfriSpeech,7.739,train,bci
AfriSpeech/baoule_bci,"?Kɛ be yo e sa’n, ngue yɛ e kwla yo naan y’a yaci y’a cɛ-ɔ?",Baoulé,AfriSpeech,5.322,train,bci
AfriSpeech/baoule_bci,?Ngue ti yɛ e manman Zoova-ɔ?,Baoulé,AfriSpeech,3.501,train,bci
AfriSpeech/baoule_bci,"E manman Zoova afin e klo i yɛ e ɲin yi i dan. Asa’n, e mɛnmɛn i afin e kunndɛ kɛ e wiengu’m be si i.— w25.01, b. 3 .",Baoulé,AfriSpeech,17.442,train,bci
AfriSpeech/baoule_bci,?Ajalɛ kpa benin yɛ Marki kle gbanflɛn mun-ɔn?,Baoulé,AfriSpeech,5.024,train,bci
AfriSpeech/baoule_bci,"Sɛ be yo e sa’n, nán e ɲin kpa wafa nga e wun yo e’n su. Yɛ kusu nán e fa sa nga be yo e’n e sie e klun. I liɛ’n e nin e wiengu mun é trán klanman.— w25.02, b. 15-16 .",Baoulé,AfriSpeech,21.404,train,bci
AfriSpeech/baoule_bci,"Marki kplinnin su kɛ ɔ́ dí junman asɔnun’n nun. Kannzɛ sa kun m’ɔ juli’n yoli i ya’n, sanngɛ w’a yaciman Ɲanmiɛn junman’n i dilɛ. Ɔ nin akoto Pɔlu nin aniaan wie mun ekun mɔ be ɲin w’a ti Ɲanmiɛn sulɛ’n nun’n be afiɛn’n mantannin kpa.— w25.04, b. 27 .",Baoulé,AfriSpeech,27.496,train,bci
AfriSpeech/baoule_bci,Kɛ Zezi srɛ́ Ɲanmiɛn’n ɔ seli kɛ: “N yoli maan be sili ɔ dunman’n.” ?Ndɛ sɔ’n i bo’n yɛle benin? ( Zan 17:26 ),Baoulé,AfriSpeech,13.288,train,bci
AfriSpeech/baoule_bci,"?Sɛ e ti wun ase kanfuɛ’n, ngue yɛ é wún i wlɛ-ɔ?",Baoulé,AfriSpeech,4.64,train,bci
AfriSpeech/baoule_bci,"É wún i wlɛ kɛ e siman ninnge wie mun. I wie yɛle kɛ e siman cɛn nga mɛn’n wíe’n, yɛ e siman like nga Zoova kwla yo’n. Asa’n, e siman sa ng’ɔ́ jú ainman’n, yɛ e wunman wafa nga Zoova si e’n i wlɛ kpa.— w25.06, b 15-18 .",Baoulé,AfriSpeech,26.187,train,bci
AfriSpeech/baoule_bci,?É yó sɛ naan y’a ɲan ndɛ wie mɔ e kanngan nun’n annzɛ nzra nun ijɔlɛ kun i su ye?,Baoulé,AfriSpeech,6.663,train,bci
AfriSpeech/baoule_bci,"E kwla usa e wun kɛ: ‘?Wafa sɛ yɛ be yiyili ndɛ’n nun naan ndɛ tiefuɛ’n w’a fa su-ɔ?’ ‘?Sunnzun ase kun o nun mɔ n kwla fa kle sran kun i like-ɔ?’ ‘?Wan yɛ ndɛ sɔ’n kwla yo i fɛ-ɔ?’— w25.07, b. 19 .",Baoulé,AfriSpeech,25.551,train,bci
AfriSpeech/baoule_bci,"?Ngue yɛ Davidi i sa tɛ mɔ Zoova yaci cɛli i’n, ɔ kle e Zoova su-ɔ?",Baoulé,AfriSpeech,6.702,train,bci
AfriSpeech/baoule_bci,"Davidi yoli sa tɛtɛ wie mun. Sanngɛ kɛ ɔ wlali sa tɛtɛ sɔ’m be ase, m’ɔ kacili i akunndan’n, Zoova yaci cɛli i. ( 1 Fam. 9:​4, 5 ) Kɛ Zoova yaci sa cɛ’n, ɔ boman su diman jɔlɛ kun.— w25.08, b. 17 .",Baoulé,AfriSpeech,22.837,train,bci
AfriSpeech/baoule_bci,"?Sɛ e kle sran kun i Biblu’n nun like naan ndɛ wie i wlɛ wunlɛ ti kekle mɛn i’n, ngue yɛ e kwla yo-ɔ?",Baoulé,AfriSpeech,7.462,train,bci
AfriSpeech/baoule_bci,"Sɛ ndɛ wie i wlɛ wunlɛ ti kekle mɛn i’n, maan e wɔ e ɲrun. Kpɛkun blɛ uflɛ nun’n, e kwla sa e sin e koko su yalɛ ekun.— w25.09, b. 24 .",Baoulé,AfriSpeech,17.979,train,bci
AfriSpeech/baoule_bci,?Wafa sɛ yɛ ‘sa tɛ yolɛ’n laka sran-ɔn’? ( Ebr. 3:13 ),Baoulé,AfriSpeech,7.245,train,bci
AfriSpeech/baoule_bci,"Fɔ m’ɔ o e nun’n ti’n e yo sa tɛ. Asa’n, ɔ kwla yo maan cɛn kunngun’n e bu i kɛ Zoova kloman e.— w25.10, b. 16 .",Baoulé,AfriSpeech,17.312,train,bci
AfriSpeech/baoule_bci,?Ninnge nsan benin mun yɛ e kwla yo be naan y’a tu e klun y’a srɛ Zoova-ɔ?,Baoulé,AfriSpeech,5.535,train,bci
AfriSpeech/baoule_bci,?Wafa sɛ yɛ e kwla uka aniaan nga b’a yo oke’n mun-ɔn?,Baoulé,AfriSpeech,4.657,train,bci
AfriSpeech/baoule_bci,"Maan e nian be osu, annzɛ e flɛ be telefɔnun nun. Kɛ bé kɔ́ dɔɔtrɔ’n maan e ko sunman be. Yɛ maan e nin be e bo jasin fɛ’n.— w25.11, b. 6-7 .",Baoulé,AfriSpeech,19.345,train,bci
AfriSpeech/baoule_bci,?Ngue ɔ fata kɛ yasua kun nin bla kun be yo naan ninnge nga bé yó be be aja cɛn’n nun’n b’a manman Zoova-ɔ?,Baoulé,AfriSpeech,9.113,train,bci
AfriSpeech/baoule_bci,NDƐ NGA E KWLA SUAN BE SU LIKE’N,Baoulé,AfriSpeech,4.022,train,bci
AfriSpeech/baoule_bci,Like nga a kwla yo naan w’a lafi su kpa kɛ Zoova kwla de wɔ’n,Baoulé,AfriSpeech,5.682,train,bci
AfriSpeech/baoule_bci,Kanngan Kalɛ 13:25–14:4 nun naan nian wafa nga Izraɛlifuɛ’m be kleli kɛ be lafiman Zoova su’n.,Baoulé,AfriSpeech,14.255,train,bci
AfriSpeech/baoule_bci,"Fa ɔ ɲin sie i ndɛ’n i ɲrun nin i sin’n su. ?Kɛ Izraɛlifuɛ’m bé fín Ezipti lɔ bé fíte’n, ngue ti yɛ be lafili su kɛ Zoova kwla de be-ɔ? ( Jue. 78:12-16, 43-53 ) ?Ngue ti yɛ b’a lafimɛn i su kun-ɔn? ( Mml. 1:26-28 ) ?Wafa sɛ yɛ Zozie nin Kalɛbu be kleli kɛ be lafi Zoova su-ɔ?— Kal. 14:6-9 .",Baoulé,AfriSpeech,21.939,train,bci
AfriSpeech/baoule_bci,Afɔtuɛ nga ndɛ sɔ’n man wɔ’n. Usa ɔ wun kɛ:,Baoulé,AfriSpeech,4.831,train,bci
AfriSpeech/baoule_bci,Bu ndɛ’n i su akunndan kpa. ?Ngue yɛ sɛ ɔ ti kɛ Izraɛlifuɛ’m be yoli’n nn be lafili Zoova su kpa-ɔ? ( Jue. 9:10; 22:4; 78:11 ) ?Ngue ti yɛ ɔ ti cinnjin kɛ e ɲin yi Zoova naan y’a kwla lafi i su-ɔ?— Kal. 14:11 .,Baoulé,AfriSpeech,16.428,train,bci
AfriSpeech/baoule_bci,‘?Sa benin wie’m be nun yɛ Zoova i sulafilɛ’n kwla yo kekle man min dan-ɔn?’,Baoulé,AfriSpeech,5.387,train,bci
AfriSpeech/baoule_bci,"‘?Ngue yɛ n kwla yo naan kɛ ɔ fɛ i andɛ’n, m’an lafi Zoova su kpa-ɔ?’",Baoulé,AfriSpeech,6.225,train,bci
AfriSpeech/baoule_bci,"‘?Kɛ n bu ɲrɛnnɛn dan’n m’ɔ su mantan koko’n i akunndan’n, ngue yɛ n kwla lafi su-ɔ?’— Lik. 21:​25-28 .",Baoulé,AfriSpeech,6.892,train,bci
AfriSpeech/baoule_bci,?É yó sɛ naan y’a kpalo akunndan tɛtɛ nga be bubu e sa sin’n?,Baoulé,AfriSpeech,5.085,train,bci
AfriSpeech/baoule_bci,"AFUƐ 2026, MARSI 9-15",Baoulé,AfriSpeech,9.273,train,bci
AfriSpeech/baoule_bci,JUE 45 Min klun lɔ akunndan’n,Baoulé,AfriSpeech,4.435,train,bci
AfriSpeech/baoule_bci,"“Ee, n fɛ-o!” — RƆM. 7:24 .",Baoulé,AfriSpeech,8.011,train,bci
AfriSpeech/baoule_bci,Like nga e kwla yo naan y’a kpalo akunndan tɛtɛ nga be bubu e sa sin’n.,Baoulé,AfriSpeech,5.414,train,bci
AfriSpeech/baoule_bci,?NGUE TI YƐ PƆLU I SA SIN BUBULI I CƐN KUNNGUN-ƆN?,Baoulé,AfriSpeech,6.598,train,bci
AfriSpeech/baoule_bci,"4 Sa ng’ɔ yoli be laa’n. Sa tɛtɛ nga Pɔlu yoli be laa’n ka naan w’a kaci Klisifuɛ’n, be yoli i nsisɔ. I wie yɛle kɛ, kɛ bé kún Etiɛnin m’ɔ ti Ɲanmiɛn i sufuɛ kpa’n, nn Pɔlu o lɛ, yɛ i sɔ’n yoli i fɛ. ( Yol. 7:58; 8:1 ) Asa’n, Pɔlu yɛ ɔ dunnin be nga be kleli Klisifuɛ’m be ɲrɛnnɛn lele’n be ɲrun mmua-ɔ.— Yol. 8:3; 26:9-11 .",Baoulé,AfriSpeech,25.919,train,bci
AfriSpeech/baoule_bci,?NGUE YƐ PƆLU YOLI NAAN W’A JRAN KEKLE-Ɔ?,Baoulé,AfriSpeech,4.02,train,bci
AfriSpeech/baoule_bci,?KƐ AKUNNDAN TƐTƐ’M BE BA E TI NUN’N É YÓ SƐ NAAN Y’A KPALO BE?,Baoulé,AfriSpeech,5.429,train,bci
AfriSpeech/baoule_bci,MAAN E LAFI SU KƐ ZOOVA YRÁ E SU,Baoulé,AfriSpeech,3.538,train,bci
AfriSpeech/baoule_bci,?Ngue yɛ ɔ ukali Pɔlu naan w’a su Zoova aklunjɔɛ su titi-ɔ?,Baoulé,AfriSpeech,5.435,train,bci
AfriSpeech/baoule_bci,?Ngue ti yɛ Pɔlu i sa sin bubuli i yɛ i wla boli i wun cɛn kunngun-ɔn?,Baoulé,AfriSpeech,6.364,train,bci
AfriSpeech/baoule_bci,1-2. (1) ?Wafa sɛ yɛ Pɔlu i wun yoli i cɛn kunngun-ɔn? (2) ?Ngue ti yɛ e kwla se kɛ Pɔlu i su ndɛ nga i bɔbɔ klɛli’n ti e liɛ wie-ɔ? ( Rɔmunfuɛ Mun 7:21-24 ),Baoulé,AfriSpeech,18.403,train,bci
AfriSpeech/baoule_bci,3. ?Kosan benin mun yɛ é wá tɛ́ be su like suanlɛ nga nun-ɔn? (An nian “Ndɛ wie’m be nun yiyilɛ” nun wie.),Baoulé,AfriSpeech,7.319,train,bci
AfriSpeech/baoule_bci,"?Kɛ akunndan tɛtɛ’m be ba e ti nun mɔ e sa sin bubu e’n, ngue yɛ e kwla yo-ɔ?",Baoulé,AfriSpeech,6.368,train,bci
AfriSpeech/baoule_bci,4. ?Sa benin yɛ ɔ yoli Pɔlu i nsisɔ-ɔ?,Baoulé,AfriSpeech,6.184,train,bci
AfriSpeech/baoule_bci,"5. ?Kɛ Pɔlu buli sa ng’ɔ yoli be laa’n be akunndan’n, wafa sɛ yɛ i wun yoli i-ɔ?",Baoulé,AfriSpeech,10.399,train,bci
AfriSpeech/baoule_bci,6. ?Sa benin ekun yɛ ɔ kleli Pɔlu i yalɛ dan-ɔn? (An nian ja ngua lɔ ndɛ’n wie.),Baoulé,AfriSpeech,7.053,train,bci
AfriSpeech/baoule_bci,"7. ?Pɔlu i fɔnlɛ’m be ti’n, wafa sɛ yɛ i wun yoli i-ɔ? ( Rɔmunfuɛ Mun 7:18, 19 )",Baoulé,AfriSpeech,7.495,train,bci
AfriSpeech/baoule_bci,JUE 34 Ń nánti seiin titi,Baoulé,AfriSpeech,3.947,train,bci
AfriSpeech/baoule_bci,8. ?Ngue yɛ Pɔlu yoli naan i nzuɛn’n w’a yo kpa w’a tra laa-ɔ?,Baoulé,AfriSpeech,9.438,train,bci
AfriSpeech/baoule_bci,11. ?Ngue ti yɛ Pɔlu i su ndɛ’n wla e fanngan-ɔn?,Baoulé,AfriSpeech,7.659,train,bci
AfriSpeech/baoule_bci,9-10. ?Ngue yɛ ɔ ukali Pɔlu-ɔ? ( Efɛzifuɛ Mun 1:7 ) (An nian desɛn’n wie.),Baoulé,AfriSpeech,7.504,train,bci
AfriSpeech/baoule_bci,12. ?Ngue yɛ ɔ kwla uka e naan y’a kpalo akunndan tɛtɛ nga be ba e ti nun’n niɔn?,Baoulé,AfriSpeech,9.747,train,bci
AfriSpeech/baoule_bci,"13-14. ?Kɛ aniaan wie’m be yo ninnge ng’ɔ fata kɛ e yo be naan e nin Ɲanmiɛn e afiɛn w’a mantan kpa’n, i su ye benin yɛ be ɲɛnnin i-ɔ?",Baoulé,AfriSpeech,15.028,train,bci
AfriSpeech/baoule_bci,"16. ?Ngue yɛ ɔ kwla uka e naan y’a si sa nga ti yɛ akunndan tɛtɛ’m be ba e ti nun’n niɔn? ( Jue Mun 139:1-4, 23, 24 )",Baoulé,AfriSpeech,9.771,train,bci
AfriSpeech/baoule_bci,"15. ?Sɛ akunndan tɛtɛ’m be ba e ti nun tikatika’n, ngue yɛ ɔ fata kɛ e yo-ɔ? An fa sunnzun ase kun be yiyi nun.",Baoulé,AfriSpeech,10.975,train,bci
AfriSpeech/baoule_bci,18. ?Ndɛ benin wie mun yɛ aniaan wie’m be suannin be su like-ɔ?,Baoulé,AfriSpeech,8.388,train,bci
AfriSpeech/baoule_bci,17. ?Ndɛ akpasua benin mun yɛ sɛ e suan su like’n é ɲán su ye-ɔ? (An nian foto’n wie.),Baoulé,AfriSpeech,10.715,train,bci
AfriSpeech/baoule_bci,19. (1) ?Wafa sɛ yɛ e wun yó e cɛn kunngun-ɔn? (2) ?Yɛ ngue yɛ e kwla lafi su-ɔ?,Baoulé,AfriSpeech,12.906,train,bci
AfriSpeech/baoule_bci,20. ?Ngue yɛ w’a fua kpa kɛ á yó-ɔ?,Baoulé,AfriSpeech,7.072,train,bci
AfriSpeech/baoule_bci,"Sa tɛtɛ nga Pɔlu yoli be laa’n ti’n, i akunndan’n buli i fɔ. Sanngɛ e ti kpɔlɛ tɛ’n i su akunndan bulɛ’n ukɛli i naan i wla w’a gua ase. (An nian ndɛ kpɔlɛ 9-10 nun.)",Baoulé,AfriSpeech,29.275,train,bci
AfriSpeech/baoule_bci,Kunndɛ ndɛ akpasua nga be kwla uka wɔ naan w’a kpalo akunndan tɛtɛ nga be ba ɔ ti nun’n. (An nian ndɛ kpɔlɛ 17 nun.),Baoulé,AfriSpeech,23.771,train,bci
AfriSpeech/baoule_bci,"AFUƐ 2026, MARSI 16-22",Baoulé,AfriSpeech,8.896,train,bci
AfriSpeech/baoule_bci,?Ngue ti yɛ e ti kpɔlɛ tɛ’n ti cinnjin man e-ɔ?,Baoulé,AfriSpeech,4.065,train,bci
AfriSpeech/baoule_bci,"“?Wan yɛ ɔ́ dé min min wunnɛn mɔ i ti’n ń wú’n, i sa nun-ɔn?” — RƆM. 7:24 .",Baoulé,AfriSpeech,14.346,train,bci
AfriSpeech/baoule_bci,JUE 20 A fali ɔ awlɛn su Ba’n mannin,Baoulé,AfriSpeech,4.881,train,bci
AfriSpeech/baoule_bci,"E ti kpɔlɛ tɛ’n ti’n, Zoova kwla yaci e sa tɛ mun cɛ e, e kwla lafi su kɛ cɛn wie lele’n e liɛ’n yó ye, yɛ e nin Ɲanmiɛn e kwla siesie e afiɛn.",Baoulé,AfriSpeech,11.399,train,bci
AfriSpeech/baoule_bci,"WIENUN-ƆN, sua kun w’a bubu w’a gua sran kun su. I ɲin te o su, sanngɛ ɔ kwlá fiteman. Saan kpanlɛ cɛ yɛ ɔ kwla kpan naan sɛ sran’m be ti i ngan’n b’a kwla de i-ɔ.",Baoulé,AfriSpeech,14.361,train,bci
AfriSpeech/baoule_bci,"E TI KPƆLƐ TƐ’N TI’N, ƝANMIƐN KWLA YACI E SA TƐ MUN CƐ E",Baoulé,AfriSpeech,5.294,train,bci
AfriSpeech/baoule_bci,"5 E kwlaa e yoli sa wie m’ɔ yo e nsisɔ-ɔ. Annzɛ kusu e kannin ndɛ wie m’ɔ yo e nsisɔ-ɔ. Biblu’n se kɛ: “Sɛ e se kɛ: ‘Sa tɛ kaan sa nunman e wun’n,’ nn e su laka e bɔbɔ e wun, yɛ nn e timan nanwlɛfuɛ.”— 1 Zan 1:8 .",Baoulé,AfriSpeech,21.85,train,bci
AfriSpeech/baoule_bci,"6 Zoova kwla jran e ti kpɔlɛ tɛ’n su naan w’a yaci e sa tɛ mun w’a cɛ e. ( Efɛ. 1:7 ) Sanngɛ nán kɛ sa tɛ nga e yo be’n, be yoman Zoova i like fi ti-ɔ. Zoova kloman kɛ e yo sa tɛ. ( Eza. 59:2 ) Ɔ maan kɛ m’ɔ yo sa i nuan su sɛsɛ’n ti’n, ɔ fata kɛ ɔ jran like kun su naan w’a kwla yaci e sa tɛ mun w’a cɛ e.",Baoulé,AfriSpeech,23.508,train,bci
AfriSpeech/baoule_bci,E TI KPƆLƐ TƐ’N TI’N CƐN WIE LELE’N E SU YOMAN SA TƐ YOFUƐ KUN,Baoulé,AfriSpeech,6.545,train,bci
AfriSpeech/baoule_bci,E TI KPƆLƐ TƐ’N TI’N E NIN ƝANMIƐN E AFIƐN KWLA SƐ EKUN,Baoulé,AfriSpeech,4.44,train,bci
AfriSpeech/baoule_bci,E TI KPƆLƐ TƐ’N KLE KƐ ZOOVA SI AUNNVƆƐ DAN,Baoulé,AfriSpeech,4.568,train,bci
AfriSpeech/baoule_bci,Zoova kwla yaci e sa tɛ mun cɛ e-ɔ?,Baoulé,AfriSpeech,4.215,train,bci
AfriSpeech/baoule_bci,e kwla lafi su kɛ e su yoman sa tɛ yofuɛ kun-ɔn?,Baoulé,AfriSpeech,4.425,train,bci
AfriSpeech/baoule_bci,1-2. ?Ngue ti yɛ ɔ fata kɛ be de e-ɔ? ( Rɔmunfuɛ Mun 7:22-24 ) (An nian desɛn’n wie.),Baoulé,AfriSpeech,6.526,train,bci
AfriSpeech/baoule_bci,3. ?E ti kpɔlɛ tɛ’n i su ye benin yɛ e ɲɛn i-ɔ?,Baoulé,AfriSpeech,8.92,train,bci
AfriSpeech/baoule_bci,e nin Zoova e afiɛn kwla sɛ ekun-ɔn?,Baoulé,AfriSpeech,3.663,train,bci
AfriSpeech/baoule_bci,4-5. ?Ngue ti yɛ e ti kpɔlɛ tɛ’n ti cinnjin man e kwlakwla-ɔ? ( Akunndanfuɛ’n 7:20 ),Baoulé,AfriSpeech,7.684,train,bci
AfriSpeech/baoule_bci,JUE 19 E Min’n i nnɔsua nun aliɛ’n,Baoulé,AfriSpeech,8.792,train,bci
AfriSpeech/baoule_bci,6-7. ?Ngue su yɛ Ɲanmiɛn kwla jran naan w’a yaci e sa tɛ mun w’a cɛ e-ɔ? (An nian desɛn’n wie.),Baoulé,AfriSpeech,8.425,train,bci
AfriSpeech/baoule_bci,"8. .?Kɛ é síesíe e wun naan y’a tran e wla kpɛnlɛ aɲia’n i bo’n, ngue yɛ e kwla bu su akunndan-ɔn?",Baoulé,AfriSpeech,10.376,train,bci
AfriSpeech/baoule_bci,"10. ?Kɛ Adan nin Ɛvu be yoli sa tɛ’n, wafa sɛ yɛ be wun yoli be-ɔ?",Baoulé,AfriSpeech,8.191,train,bci
AfriSpeech/baoule_bci,9. ?Ngue yɛle “sa tɛ’n” mɔ Biblu’n kɛn i ndɛ’n? ( Jue Mun 51:5 ),Baoulé,AfriSpeech,7.796,train,bci
AfriSpeech/baoule_bci,"11. ?Kɛ mɔ e ti sa tɛ yofuɛ’n ti’n, ɔ ju wie’n wafa sɛ yɛ e wun yo e-ɔ?",Baoulé,AfriSpeech,9.137,train,bci
AfriSpeech/baoule_bci,"12. ?E ti kpɔlɛ tɛ’n ti’n, ngue yɛ e lafi su-ɔ?",Baoulé,AfriSpeech,7.548,train,bci
AfriSpeech/baoule_bci,"13. ?Kɛ é síesíe e wun naan y’a yo e Wla kpɛnlɛ aɲia’n afuɛ nga’n, ngue ekun yɛ e kwla bu su akunndan-ɔn?",Baoulé,AfriSpeech,12.05,train,bci
AfriSpeech/baoule_bci,"14. (1) ?Kɛ Adan nin Ɛvu be yoli sa tɛ’n, e nin Ɲanmiɛn e afiɛn yoli sɛ? (2) ?Yɛ ngue ti-ɔ?",Baoulé,AfriSpeech,14.261,train,bci
AfriSpeech/baoule_bci,"16. ?Kɛ é síesíe e wun naan y’a yo e Wla kpɛnlɛ aɲia’n afuɛ nga’n, ngue ekun yɛ e kwla bu su akunndan-ɔn? (An nian desɛn’n wie.)",Baoulé,AfriSpeech,10.87,train,bci
AfriSpeech/baoule_bci,15. ?Wafa sɛ yɛ Zezi i wie’n kwla yo maan klɔ sran mun nin Ɲanmiɛn be afiɛn kwla sɛ ekun-ɔn?,Baoulé,AfriSpeech,9.213,train,bci
AfriSpeech/baoule_bci,"Ɔ fata kɛ be de sran mɔ sua w’a bubu w’a guɛ i su’n. I wafa kunngba’n, ɔ fata kɛ be de e sa tɛ’n i sa nun. (An nian ndɛ kpɔlɛ 1-2 nun.)",Baoulé,AfriSpeech,21.811,train,bci
AfriSpeech/baoule_bci,"17. ?Wafa sɛ yɛ e ti kpɔlɛ tɛ’n kle weiin kɛ Zoova si ‘aunnvɔɛ dan-ɔn’? ( Efɛzifuɛ Mun 2:4, 5 )",Baoulé,AfriSpeech,9.795,train,bci
AfriSpeech/baoule_bci,"18. ?Kɛ é bú e ti kpɔlɛ tɛ’n i su ye nga e ɲɛn i’n i su akunndan’n, ngue yɛ ɔ fataman kɛ e ɲin kpa su-ɔ?",Baoulé,AfriSpeech,11.379,train,bci
AfriSpeech/baoule_bci,"Tɛ nga Izraɛlifuɛ’m be yili be’n, be fa klɔ sran’m be ɲin sie i tɛ kun mɔ bé wá ɲán su ye dan’n i su. Tɛ sɔ’n yɛle nga Zezi fɛli i wun yili’n. (An nian ndɛ kpɔlɛ 6-7 nun.)",Baoulé,AfriSpeech,22.606,train,bci
AfriSpeech/baoule_bci,Zezi i wie’n i ngunmin su yɛ Zoova kwla jran naan ɔ nin klɔ sran’m be afiɛn w’a sɛ ekun-ɔn. (An nian ndɛ kpɔlɛ 16 nun.),Baoulé,AfriSpeech,26.616,train,bci
AfriSpeech/baoule_bci,"AFUƐ 2026, MARSI 23-29",Baoulé,AfriSpeech,9.267,train,bci
AfriSpeech/baoule_bci,JUE 18 E si e ti kpɔlɛ tɛ’n i su ye,Baoulé,AfriSpeech,5.069,train,bci
AfriSpeech/baoule_bci,?Á yó sɛ naan w’a kle kɛ a si e ti kpɔlɛ tɛ’n i su ye?,Baoulé,AfriSpeech,6.021,train,bci
AfriSpeech/baoule_bci,Like nga e tinuntinun e kwla yo fa kle kɛ e si e ti kpɔlɛ tɛ’n i su ye’n.,Baoulé,AfriSpeech,5.644,train,bci
AfriSpeech/baoule_bci,"“Sɛ klolɛ nga Klisi’n fa klo e’n ti sran’n, nn é sé kɛ ɔ sie e mlɔnmlɔn.” — 2 KOR. 5:14 .",Baoulé,AfriSpeech,13.772,train,bci
AfriSpeech/baoule_bci,"?SƐ SUA bu guali e su naan sran kun wa deli e’n, e su seman kɛ sran sɔ’n ti yɛ e te o nguan nun-ɔn? Kannzɛ bɔbɔ ɔ deli sran wie mun ekun’n, sanngɛ e liɛ’n é kúnndɛ kɛ é klé i kɛ e si ye naan e wla su fiman delɛ m’ɔ deli e’n su.",Baoulé,AfriSpeech,18.519,train,bci
AfriSpeech/baoule_bci,BIBLU’N NUN LIKE SUANFUƐ MUN,Baoulé,AfriSpeech,3.316,train,bci
AfriSpeech/baoule_bci,BE NGA B’A YO BE BATƐMUN’N,Baoulé,AfriSpeech,4.152,train,bci
AfriSpeech/baoule_bci,BE NGA BE TRANMAN AƝIA’M BE BO KUN’N,Baoulé,AfriSpeech,3.853,train,bci
AfriSpeech/baoule_bci,?WAFA SƐ YƐ SRAN AKPASUA FANUNFANUN NSAN NGA’M BE KWLA KLE KƐ BE SI E TI KPƆLƐ TƐ’N I SU YE-Ɔ?,Baoulé,AfriSpeech,5.509,train,bci
AfriSpeech/baoule_bci,"18 ?Wafa sɛ yɛ a kwla kle kɛ a si ye-ɔ? Atrɛkpa’n, like nga á yó’n nin sran uflɛ liɛ’n su yoman kun. Sanngɛ a kwla lafi su kɛ Zoova yrá like nga ɔ bɔbɔ nin sran miliɔn kpanngban mɔ be kle kɛ ‘be timan be bɔbɔ be liɛ kun, sanngɛ be ti sran ng’ɔ wuli be ti’n i liɛ’n,’ bé yó’n i su.— 2 Kor. 5:15",Baoulé,AfriSpeech,26.229,train,bci
AfriSpeech/baoule_bci,3. ?Ngue ti yɛ wafa nga sran kun klé kɛ ɔ si e ti kpɔlɛ tɛ’n i su ye’n ɔ nin sran uflɛ liɛ’n ɔ su yoman kun-ɔn?,Baoulé,AfriSpeech,13.08,train,bci
AfriSpeech/baoule_bci,"1-2. (1) ?E ti tɛ mɔ Zezi fɛli i wun yili’n ti’n, ngue yɛ ɔ fata kɛ e yo-ɔ? (2) ?Yɛ ngue ti yɛ ɔ fata kɛ e yo sɔ-ɔ? ( 2 Korɛntifuɛ Mun 5 : 14, 15 ) (An nian desɛn’n wie.)",Baoulé,AfriSpeech,15.521,train,bci
AfriSpeech/baoule_bci,Be nga be tranman aɲia’m be bo kun’n,Baoulé,AfriSpeech,3.278,train,bci
AfriSpeech/baoule_bci,JUE 14 E manman asiɛ’n i Siefuɛ uflɛuflɛ’n,Baoulé,AfriSpeech,4.836,train,bci
AfriSpeech/baoule_bci,4. ?Ngue ti yɛ e kwla se kɛ Zoova i ɲin kpaman Biblu’n nun like suanfuɛ’m be su-ɔ?,Baoulé,AfriSpeech,10.477,train,bci
AfriSpeech/baoule_bci,5. ?Wafa sɛ yɛ Biblu’n nun like suanfuɛ’m be kwla nanti ndɛ ng’ɔ o Filipufuɛ Mun 3:16 nun’n su-ɔ?,Baoulé,AfriSpeech,10.748,train,bci
AfriSpeech/baoule_bci,"7. ?Ngue yɛ gbanflɛn nin talua nga be awlofuɛ’m be su Zoova’n, be kwla bu i akunndan-ɔn?",Baoulé,AfriSpeech,9.329,train,bci
AfriSpeech/baoule_bci,"6. ?Sɛ Biblu’n nun ndɛ wie i su falɛ annzɛ nzuɛn tɛ wie i ase wlalɛ ti kekle man Biblu’n nun like suanfuɛ kun’n, ngue yɛ ɔ kwla yo-ɔ? ( Mmla’n 30 : 11-14 ) (An nian foto’n wie.)",Baoulé,AfriSpeech,12.641,train,bci
AfriSpeech/baoule_bci,"8. ?Wafa sɛ yɛ be nga b’a yo batɛmun’n, be kleli kɛ be lafi e ti kpɔlɛ tɛ’n su-ɔ?",Baoulé,AfriSpeech,10.511,train,bci
AfriSpeech/baoule_bci,"9. ?Sɛ Klisifuɛ kun w’a niɛnmɛn i wun su’n, sa benin yɛ ɔ kwla ju i su-ɔ?",Baoulé,AfriSpeech,7.875,train,bci
AfriSpeech/baoule_bci,"11-12. ?Sɛ ɔ ju wie’n, e suman Zoova juejue su’n i sɔ’n kle kɛ i wawɛ’n nunman e su kun? An yiyi nun. (An nian foto’n wie.)",Baoulé,AfriSpeech,13.892,train,bci
AfriSpeech/baoule_bci,"10. ?Wafa sɛ yɛ e kwla nanti afɔtuɛ nga akoto Pɔlu mannin Timote’n su-ɔ? ( 1 Timote 4 : 13, 15 )",Baoulé,AfriSpeech,8.348,train,bci
AfriSpeech/baoule_bci,14. ?Ngue ti yɛ aniaan wie’m be tranman aɲia’m be bo kun-ɔn?,Baoulé,AfriSpeech,7.165,train,bci
AfriSpeech/baoule_bci,13. ?Wafa sɛ yɛ e kwla ‘bu e klun lɔ titi e nian sɛ e te nanti kɛ Klisifuɛ sa-ɔ’?,Baoulé,AfriSpeech,11.424,train,bci
AfriSpeech/baoule_bci,"15. ?Wafa sɛ yɛ Zoova kle kɛ i sufuɛ nga b’a mlin’n be ndɛ lo i-ɔ? ( Ezekiɛli 34 : 11, 12, 16 )",Baoulé,AfriSpeech,8.449,train,bci
AfriSpeech/baoule_bci,16. ?Ngue yɛ ɔ kwla uka sran kun naan w’a sɛ i sin Zoova wun-ɔn? (An nian foto’n wie.),Baoulé,AfriSpeech,8.45,train,bci
AfriSpeech/baoule_bci,"17-18. ?Kɛ e Wla Kpɛnlɛ aɲia’n mántan koko’n, ngue yɛ e kwla yo-ɔ?",Baoulé,AfriSpeech,10.308,train,bci
AfriSpeech/baoule_bci,Zoova seman e kɛ e yo like nga e kwlá yoman’n. Ɔ́ úka ɔ naan w’a kwla nanti i mmla’m be su. (An nian ndɛ kpɔlɛ 6 nun.),Baoulé,AfriSpeech,27.413,train,bci
AfriSpeech/baoule_bci,"Ninnge nga be kwla uka ɔ naan a nin Zoova amun afiɛn w’a mantan’n, yo be titi. Kannzɛ bɔbɔ ɔ ju wie’n be yolɛ yoman ɔ fɛ’n, mian ɔ ɲin yo be. (An nian ndɛ kpɔlɛ 11-12 nun.)",Baoulé,AfriSpeech,27.488,train,bci
AfriSpeech/baoule_bci,Usa ɔ wun kɛ: “?Ngue yɛ n kwla yo i dɔ nga su naan e nin Zoova y’a ‘siesie e afiɛn-ɔn’?” (An nian ndɛ kpɔlɛ 16 nun.),Baoulé,AfriSpeech,24.727,train,bci
AfriSpeech/baoule_bci,JUE 76 ?I sɔ’n yo wɔ sɛ?,Baoulé,AfriSpeech,4.009,train,bci
AfriSpeech/baoule_bci,"AFUƐ 2026, MARSI 30–AVRILI 5",Baoulé,AfriSpeech,10.21,train,bci
AfriSpeech/baoule_bci,Maan ndɛ nanwlɛ nga é kán’n ɔ yo fɛ,Baoulé,AfriSpeech,3.905,train,bci
AfriSpeech/baoule_bci,"“Zoova, Ɲanmiɛn m’ɔ di nanwlɛ’n.” — JUE. 31:5 .",Baoulé,AfriSpeech,10.151,train,bci
AfriSpeech/baoule_bci,Wafa nga e kwla kan ndɛ nanwlɛ m’ɔ o Biblu’n nun e kle sran mun naan b’a ɲan su ye dan’n.,Baoulé,AfriSpeech,7.932,train,bci
AfriSpeech/baoule_bci,?NIN YƐ E KWLA WUN NDƐ NANWLƐ’N NIƆN?,Baoulé,AfriSpeech,3.082,train,bci
AfriSpeech/baoule_bci,"4 Nanwlɛ’n i bo’n wo Zoova sa nun. Ndɛ kwlaa ng’ɔ kan’n ti nanwlɛ. I wie yɛle kɛ sa ng’ɔ ti kpa’n ɔ nin ng’ɔ ti tɛ’n, be su ndɛ ng’ɔ kannin’n ti nanwlɛ. ( Jue. 19:9; 119:142, 151 ) Sa kwlaa ng’ɔ se kɛ bé jú’n be ju sakpa. ( Eza. 55:10, 11 ) Ɔ yia nda kwlaa ng’ɔ ta be’n be nuan. ( Kal. 23:19 ) I kpa bɔbɔ’n, Zoova kwlá buaman ato le. ( Ebr. 6:18 ) I sɔ’n ti yɛ Biblu’n se kɛ Zoova ti “Ɲanmiɛn m’ɔ di nanwlɛ’n” niɔn.— Jue. 31:5 .",Baoulé,AfriSpeech,29.044,train,bci
AfriSpeech/baoule_bci,?NGUE TI YƐ E KAN NDƐ NANWLƐ’N E KLE SRAN MUN-ƆN?,Baoulé,AfriSpeech,4.145,train,bci
AfriSpeech/baoule_bci,"8 ?Ngue yɛ ndɛ sɔ’n kle e-ɔ? Sa nga ti yɛ e kan ndɛ nanwlɛ’n e kle sran mun’n, ɔ ti Zoova i cinnjin. Ɔ ti cinnjin kɛ e kan Zoova i su ndɛ nanwlɛ’n e kle sran mun, afin e klo i. Yɛ sɛ sran’m be waan bé mánmán e jasin fɛ mɔ e bo’n ti’n, maan e kle be kɛ Zoova yɛ ɔ fata kɛ be mɛnmɛn i-ɔ.— Mat. 5:16 ; an nian Sa Nga Be Yoli’n 14:12-15 .",Baoulé,AfriSpeech,22.31,train,bci
AfriSpeech/baoule_bci,?WAFA SƐ YƐ Ɔ FATA KƐ E KAN NDƐ NANWLƐ’N NIƆN?,Baoulé,AfriSpeech,3.95,train,bci
AfriSpeech/baoule_bci,"11 Kɛ é fá ndɛ ng’ɔ o Biblu’n nun’n é klé sran mun’n, ɔ fata kɛ ndɛ ng’ɔ fin e nuan fite’n ɔ yo fɛ, kɛ nga Pɔlu fa kannin’n sa. Biblu’n se kɛ ndɛ nanwlɛ m’ɔ o Biblu’n bɔbɔ nun’n, ɔ ti kɛ tokofi m’ɔ la kpa’n sa. Ɔ kwla yo maan sran wafa nga sran kun ti i klun lɔ’n nin i nzuɛn’n, be ɲin fite weiin. ( Ebr. 4:12 ) Sanngɛ sɛ y’a faman Biblu’n y’a diman junman ngwlɛlɛ su’n, e kwla kpɛ ndɛnngan ba yɛ sran’m be kwla fa e wun ya. ?Wafa sɛ yɛ i sɔ sa’n kwla ju-ɔ?",Baoulé,AfriSpeech,29.678,train,bci
AfriSpeech/baoule_bci,?BLƐ BENIN NUN YƐ Ɔ FATA KƐ E KAN NDƐ NANWLƐ’N NIƆN?,Baoulé,AfriSpeech,4.02,train,bci
AfriSpeech/baoule_bci,"14 Ndɛ ng’ɔ fin Zezi i nuan fiteli’n, ɔ yoli i sɔnnzɔnfuɛ’m be fɛ titi. Asa’n ɔ kleli be like kpanngban kpa. ( Mar. 6:34 ) Sanngɛ ninnge kpanngban wie mun ekun be o lɛ’n, be siman be. Zezi w’a seman kɛ san fii ɔ́ klé be like kwlaa ng’ɔ si i’n. Ɔ si kɛ nán blɛ sɔ’n nun yɛ ɔ fata kɛ ɔ kle be ndɛ nanwlɛ wie mun-ɔn. I kpa bɔbɔ’n, ɔ seli kɛ be ti kwlá sɔnman ndɛ nanwlɛ sɔ’m be bo. ( Zan 16:12 ) ?Ngue yɛ i sɔ’n kle e-ɔ?",Baoulé,AfriSpeech,29.686,train,bci
AfriSpeech/baoule_bci,?NGUE YƐ BIBLU’N NUN NDƐ MMA NGA’M BE KLELI WƆ-Ɔ?,Baoulé,AfriSpeech,4.042,train,bci
AfriSpeech/baoule_bci,Kolɔsufuɛ Mun 4:6,Baoulé,AfriSpeech,4.05,train,bci
AfriSpeech/baoule_bci,Sa Nga Be Yoli’n 17:27,Baoulé,AfriSpeech,4.714,train,bci
AfriSpeech/baoule_bci,Ɲanndra Mun 25:11,Baoulé,AfriSpeech,4.014,train,bci
AfriSpeech/baoule_bci,1. ?Ngue yɛ ɔ fata kɛ sran kun yo kwlaa naan w’a kaci Zoova i sufuɛ-ɔ?,Baoulé,AfriSpeech,7.427,train,bci
AfriSpeech/baoule_bci,3. ?Ngue yɛ é wá kɛ́n i ndɛ like suanlɛ nga nun-ɔn?,Baoulé,AfriSpeech,7.008,train,bci
AfriSpeech/baoule_bci,2. (1) ?Zezi i su ndɛ benin yɛ i kpɔfuɛ mun bɔbɔ be kannin-ɔn? (2) ?Wafa sɛ yɛ sran’m be sɔli ndɛ nanwlɛ mɔ Zezi kannin’n nun-ɔn?,Baoulé,AfriSpeech,12.552,train,bci
AfriSpeech/baoule_bci,4. ?Ngue ti yɛ e kwla se kɛ nanwlɛ’n i bo’n wo Zoova sa nun-ɔn?,Baoulé,AfriSpeech,7.068,train,bci
AfriSpeech/baoule_bci,JUE 160 “Jasin fɛ”!,Baoulé,AfriSpeech,3.839,train,bci
AfriSpeech/baoule_bci,5. ?Ngue ti yɛ ɔ fataman kɛ e bu i kɛ klɔ sran’m bé kwlá siman Ɲanmiɛn Zoova “m’ɔ di nanwlɛ’n” niɔn? An yiyi nun. ( Sa Nga Be Yoli’n 17:27 ),Baoulé,AfriSpeech,10.975,train,bci
AfriSpeech/baoule_bci,"6. (1) ?Ndɛ nanwlɛ mɔ be o Biblu’n nun’n, i wie yɛle benin? (2) ?Yɛ ngue ti yɛ silɛ mɔ e si ndɛ sɔ mun’n, ɔ yo e fɛ dan-ɔn?",Baoulé,AfriSpeech,16.621,train,bci
AfriSpeech/baoule_bci,"7-8. ?Sa nga ti yɛ e kan ndɛ nanwlɛ’n e kle sran mun’n, ɔ ti cinnjin? An fa sa kun yiyi nun. ( Marki 3:11, 12 ) (An nian foto mun wie.)",Baoulé,AfriSpeech,12.059,train,bci
AfriSpeech/baoule_bci,"10. ?Kɛ be se kɛ maan ndɛ ng’ɔ fin e nuan fite’n, ‘ɔ yo fɛ’n,’ ndɛ sɔ’n i bo’n yɛle benin? ( Kolɔsufuɛ Mun 4:6 )",Baoulé,AfriSpeech,9.441,train,bci
AfriSpeech/baoule_bci,9. (1) ?Ngue yɛ ɔ fata kɛ e nian e wun su naan y’a yoman-ɔn? (2) ?Yɛ ngue ti yɛ ɔ fataman kɛ e yo sɔ-ɔ?,Baoulé,AfriSpeech,14.591,train,bci
AfriSpeech/baoule_bci,11-12. ?Ngue ti yɛ ɔ fata kɛ e nian wafa nga e kan ndɛ nanwlɛ’n e kle sran mun’n su-ɔ? An fa sa kun yiyi nun. (An nian foto mun wie.),Baoulé,AfriSpeech,9.082,train,bci
AfriSpeech/baoule_bci,"13. ?É yó sɛ naan ndɛ ng’ɔ fin e nuan fite’n, w’a yo kɛ b’a gua nun njin sa?",Baoulé,AfriSpeech,8.464,train,bci
AfriSpeech/baoule_bci,"14. ?I nun mɔ Zezi o asiɛ’n su’n, ɔ kleli i sɔnnzɔnfuɛ’m be like kwlaa ng’ɔ si i’n? An yiyi nun.",Baoulé,AfriSpeech,10.462,train,bci
AfriSpeech/baoule_bci,15. ?Ɔ fata kɛ e ka lɛ e kle sran mun like kwlaa nga e si i’n? An yiyi nun. ( Ɲanndra Mun 25:11 ) (An nian foto’n wie.),Baoulé,AfriSpeech,8.949,train,bci
AfriSpeech/baoule_bci,16. ?Wafa sɛ yɛ e kwla uka Biblu’n nun like suanfuɛ mun naan b’a ‘nanti ndɛ nanwlɛ’n i atin’n su-ɔ’?,Baoulé,AfriSpeech,8.777,train,bci
AfriSpeech/baoule_bci,"Bu blɛ nga a kan ndɛ nanwlɛ’n kle sran’n, ɔ nin ndɛ nga i ti kwla suɛn i bo’n be akunndan. Sɛ a yo sɔ’n, á klé kɛ a nian Zezi i ajalɛ’n su. (An nian ndɛ kpɔlɛ 15 nun.)",Baoulé,AfriSpeech,26.459,train,bci
AfriSpeech/baoule_bci,"Maan ɔ yo wɔ kɛ, kɛ sa’m bé jú’n nn a o lɛ sa",Baoulé,AfriSpeech,4.005,train,bci
AfriSpeech/baoule_bci,"Biblu’n kan sa kpanngban kpa mɔ be juli sakpasakpa’n be ndɛ, yɛ sa sɔ’m be man e afɔtuɛ cinnjin wie mun. Sɛ a bu sa sɔ’m be su akunndan naan ɔ yo wɔ kɛ kɛ bé jú’n a wunnin nun sa’n, a kwla wun ndɛ nga a kanngan nun’n i wlɛ kpa, yɛ a kwla ɲan su ye kusu. Ninnge nga be kwla uka wɔ naan w’a kwla yo sɔ’n be wie yɛ:",Baoulé,AfriSpeech,23.325,train,bci
AfriSpeech/baoule_bci,"Maan ɔ yo wɔ kɛ, kɛ sa sɔ’n jú’n nn a o lɛ sa. Mian ɔ ɲin naan wun akunndan nga sran nga be kan be ndɛ’n be buli’n, ɔ nin wafa nga be wun yoli be’n be wlɛ. I lɛ nun’n a kwla usa ɔ wun kɛ: ‘?Ngue ti yɛ sran’n kannin ndɛ sɔ’n niɔn, annzɛ ɔ yoli sa sɔ’n niɔn? ?Sɛ ɔ ti min’n, nn akunndan benin yɛ ń bú-ɔ, annzɛ wafa sɛ yɛ min wun yó min-ɔn?’",Baoulé,AfriSpeech,23.751,train,bci
AfriSpeech/baoule_bci,"Yi i desɛn. Kannzɛ bɔbɔ a siman desɛn yi kpa’n, sanngɛ sɛ a yi ndɛ nga a kanngan nun’n i desɛn’n, i sɔ’n úka wɔ naan w’a yo wɔ kɛ, kɛ sa’n jú’n nn a o lɛ sa. Asa’n i sɔ’n úka wɔ naan ɔ wla w’a kpɛn ndɛ’m be su.",Baoulé,AfriSpeech,16.83,train,bci
AfriSpeech/baoule_bci,"AFUƐ 2026, AVRILI 13-19",Baoulé,AfriSpeech,7.094,train,bci
AfriSpeech/baoule_bci,JUE 52 Klistfuɛ’m be wun Ɲanmiɛn fa manlɛ,Baoulé,AfriSpeech,5.321,train,bci
AfriSpeech/baoule_bci,?A wun batɛmun yolɛ’n i cinnjin m’ɔ ti’n i wlɛ?,Baoulé,AfriSpeech,3.879,train,bci
AfriSpeech/baoule_bci,“Amun yo maan [ … ] be kaci min sɔnnzɔnfuɛ. Amun yo be batɛmun.” — MAT. 28:19 .,Baoulé,AfriSpeech,10.446,train,bci
AfriSpeech/baoule_bci,"Sa nga ti yɛ be yo batɛmun’n, nin i cinnjin m’ɔ ti’n, ɔ nin wafa nga be yo batɛmun’n.",Baoulé,AfriSpeech,7.453,train,bci
AfriSpeech/baoule_bci,?NGUE YƐ BATƐMUN MƆ BE YO SRAN KUN’N Ɔ KLE-Ɔ?,Baoulé,AfriSpeech,5.382,train,bci
AfriSpeech/baoule_bci,?WAFA SƐ YƐ BE YO BATƐMUN’N NIƆN?,Baoulé,AfriSpeech,3.985,train,bci
AfriSpeech/baoule_bci,“SIƐ’N NIN BA’N NIN ƝANMIƐN WAWƐ’N BE DUNMAN NUN”,Baoulé,AfriSpeech,5.24,train,bci
AfriSpeech/baoule_bci,?AMÚN TƐ́ SU SƐ?,Baoulé,AfriSpeech,3.036,train,bci
AfriSpeech/baoule_bci,"15 Sɛ b’a yo wɔ batɛmun’n, mian ɔ ɲin naan wun ‘batɛmun wafawafa’m’ c be su ndɛ kwlaa i wlɛ kpa. Yɛ nda nga a tali Zoova kɛ á yó i klun sa’n, mian ɔ ɲin di su. ?Yɛ sɛ be nin-a yoman ɔ batɛmun’n nin? Atrɛkpa’n, like wie ti yɛ a nin-a kwlá fɛmɛn i sɔ ajalɛ’n niɔn. Like suanlɛ ng’ɔ́ bá lɛ’n nun’n, é wá kán ninnge nga a kwla mian ɔ ɲin yo be titi naan kɛ ɔ́ kɔ́ i ɲrun’n, b’a kwla yo wɔ batɛmun’n be ndɛ.",Baoulé,AfriSpeech,24.706,train,bci
AfriSpeech/baoule_bci,"?Kɛ be ko yo sran kun i batɛmun’n, ngue yɛ i sɔ’n kle-ɔ?",Baoulé,AfriSpeech,5.694,train,bci
AfriSpeech/baoule_bci,?Kosan benin mun yɛ be fa usa be nga bé wá yó be batɛmun’n niɔn??Yɛ ngue ti yɛ be usa be kosan sɔ mun-ɔn?,Baoulé,AfriSpeech,8.474,train,bci
AfriSpeech/baoule_bci,1. ?Ngue yɛ ɔ kle kɛ batɛmun yolɛ’n ti Biblu’n nun ndɛ cinnjin kun-ɔn?,Baoulé,AfriSpeech,8.184,train,bci
AfriSpeech/baoule_bci,"?Kɛ be se kɛ be yo batɛmun ‘Siɛ’n nin Ba’n nin Ɲanmiɛn wawɛ’n be dunman nun’n,’ i bo’n yɛle benin?",Baoulé,AfriSpeech,6.339,train,bci
AfriSpeech/baoule_bci,JUE 161 N klo kpa kɛ ń yó ɔ klun sa’n,Baoulé,AfriSpeech,5.769,train,bci
AfriSpeech/baoule_bci,2. ?Ngue ti yɛ ɔ ti cinnjin kɛ e wun batɛmun yolɛ’n i su ndɛ’n i wlɛ kpa-ɔ?,Baoulé,AfriSpeech,8.155,train,bci
AfriSpeech/baoule_bci,"3. ?Kɛ be ko yo sran kun i batɛmun’n, ngue yɛ i sɔ’n kle i wiengu mun-ɔn?",Baoulé,AfriSpeech,8.725,train,bci
AfriSpeech/baoule_bci,"5. ?Ngue ti yɛ e kwla se kɛ ninnge ng’ɔ fata kɛ sran kun yo be naan b’a kwla yo i batɛmun’n, be ti kɛ junman nga Nowe dili’n sa-ɔ? ( 1 Piɛli 3:​18-21 )",Baoulé,AfriSpeech,12.451,train,bci
AfriSpeech/baoule_bci,"4. ?Kɛ bé yó sran kun i batɛmun m’ɔ mlɔn nzue’n nun, kpɛkun i sin’n ɔ fin nzue’n nun fite’n ngue yɛ i sɔ’n kle-ɔ? (An nian foto’n wie.)",Baoulé,AfriSpeech,11.214,train,bci
AfriSpeech/baoule_bci,7. ?Wafa sɛ yɛ ɔ fata kɛ be yo sran kun i batɛmun-ɔn?,Baoulé,AfriSpeech,7.672,train,bci
AfriSpeech/baoule_bci,6. ?Wafa sɛ yɛ batɛmun yolɛ’n kwla de e-ɔ?,Baoulé,AfriSpeech,6.645,train,bci
AfriSpeech/baoule_bci,8. (1) ?Kosan benin mun yɛ be fa usa be nga be su wa yo be batɛmun’n niɔn? (2) ?Yɛ ngue ti yɛ be usa be kosan sɔ mun-ɔn? ( Sa Nga Be Yoli’n 2:​38-42 ) (An nian foto’n wie.),Baoulé,AfriSpeech,17.592,train,bci
AfriSpeech/baoule_bci,9. ?Ajalɛ benin yɛ ɔ fata kɛ sran kun fa be naan Ɲanmiɛn i klun w’a jɔ i wun-ɔn?,Baoulé,AfriSpeech,9.549,train,bci
AfriSpeech/baoule_bci,"10. ?Sɛ a o Ɲanmiɛn sulɛ wafa wie nun laa naan be yoli wɔ batɛmun lɔ’n, ngue yɛ ɔ fata kɛ a yo-ɔ?",Baoulé,AfriSpeech,9.84,train,bci
AfriSpeech/baoule_bci,"11. ?Kɛ be se kɛ be yo batɛmun ‘Siɛ’n nin Ba’n nin Ɲanmiɛn wawɛ’n be dunman nun’n,’ i bo’n yɛle benin? ( Matie 28:​18-20 )",Baoulé,AfriSpeech,11.868,train,bci
AfriSpeech/baoule_bci,"13. ?Kɛ be yo e batɛmun Ba’n i dunman nun’n, ngue yɛ i sɔ’n kle-ɔ? (An nian foto  wie.)",Baoulé,AfriSpeech,9.091,train,bci
AfriSpeech/baoule_bci,12. ?Kɛ be yo e batɛmun Siɛ’n i dunman nun’n ngue yɛ i sɔ’n kle-ɔ? ( Sa Nglo Yilɛ 4:11 ) (An nian foto  wie.),Baoulé,AfriSpeech,7.869,train,bci
AfriSpeech/baoule_bci,15. ?Ngue yɛ ɔ fata kɛ e mian e ɲin e yo-ɔ?,Baoulé,AfriSpeech,7.536,train,bci
AfriSpeech/baoule_bci,14. (1) ?Kɛ be yo e batɛmun Ɲanmiɛn wawɛ’n i dunman nun’n ngue yɛ i sɔ’n kle-ɔ? (An nian foto  wie.) (2) ?Batɛmun benin ekun yɛ be yo be nga be kpali be sieli be ngunmin’n niɔn? (An nian kuku “ Be yo be nga be kpali be sieli be ngunmin’n be batɛmun wie mun ekun ” i nun wie.),Baoulé,AfriSpeech,18.551,train,bci
AfriSpeech/baoule_bci,Be yo be nga be kpali be sieli be ngunmin’n be batɛmun wie mun ekun,Baoulé,AfriSpeech,7.425,train,bci
AfriSpeech/baoule_bci,Be yo Klisifuɛ nga be kpali be sieli be ngunmin’n be batɛmun wie mun ekun uka nga be yoli be nzue’n nun laa’n su.,Baoulé,AfriSpeech,8.186,train,bci
AfriSpeech/baoule_bci,"Be yo be “batɛmun Klisi i dunman nun.” Yɛle kɛ be nin Klisi be afiɛn mantan dan ti’n, Biblu’n flɛ be kɛ Klisi i wunnɛn. ( Gal. 3:​27, 28; 1 Kor. 12:27 )",Baoulé,AfriSpeech,10.586,train,bci
AfriSpeech/baoule_bci,"Kɛ Ɲanmiɛn kpa be kɛ be nin Klisi be ko di famiɛn ɲanmiɛn su lɔ’n, ɔ fɛ i wawɛ’n yo be batɛmun. ( Mat. 3:11 )",Baoulé,AfriSpeech,6.687,train,bci
AfriSpeech/baoule_bci,Be yo be batɛmun naan be wu kɛ Klisi sa wie. Yɛle kɛ be nanti Zezi i ajalɛ’n su lele be fa wu. Kpɛkun Ɲanmiɛn cɛn be naan be tran ɲanmiɛn su lɔ. ( Rɔm. 6:​3-5 ),Baoulé,AfriSpeech,13.502,train,bci
AfriSpeech/baoule_bci,"Kɛ be ko yo ɔ batɛmun’n, fa ndɛ nga Siɛ’n (An nian ndɛ kpɔlɛ 12 nun.)",Baoulé,AfriSpeech,18.818,train,bci
AfriSpeech/baoule_bci,"Kɛ be ko yo ɔ batɛmun’n, fa ndɛ nga Ba’n kan’n su titi. (An nian ndɛ kpɔlɛ 13 nun.)",Baoulé,AfriSpeech,19.783,train,bci
AfriSpeech/baoule_bci,"Kɛ be ko yo ɔ batɛmun’n, fa atin nga Ɲanmiɛn wawɛ’n kle wɔ’n su titi. (An nian ndɛ kpɔlɛ 14 nun.)",Baoulé,AfriSpeech,19.569,train,bci
AfriSpeech/baoule_bci,"AFUƐ 2026, AVRILI 20-26",Baoulé,AfriSpeech,7.504,train,bci
AfriSpeech/baoule_bci,Mian ɔ ɲin yo like kwlaa ng’ɔ fata kɛ a yo naan b’a kwla yo wɔ batɛmun’n,Baoulé,AfriSpeech,5.645,train,bci
AfriSpeech/baoule_bci,JUE 49 E yo maan Zoova i klun jɔ,Baoulé,AfriSpeech,4.518,train,bci
AfriSpeech/baoule_bci,“Blɛ kpa sɔ’n i nun yɛ e o yɛ.” — 2 KOR. 6:2 .,Baoulé,AfriSpeech,10.678,train,bci
AfriSpeech/baoule_bci,Dɔ nga su yɛ ɔ fata kɛ a fa ɔ wun mantan Zoova kpa naan be yo wɔ batɛmun-ɔn.,Baoulé,AfriSpeech,5.999,train,bci
AfriSpeech/baoule_bci,SA NGA TI YƐ SRAN WIE’M BE TE SISI BE BO’N,Baoulé,AfriSpeech,4.164,train,bci
AfriSpeech/baoule_bci,NÁN Ɔ WLA FI SU KƐ MƐN’N I AWIELIƐ’N W’A MANTAN KOKO,Baoulé,AfriSpeech,4.508,train,bci
AfriSpeech/baoule_bci,"10 Sa nga ti yɛ sran wie’m be te sisi be bo naan b’a ɔ be ɲrun naan b’a kwla yo be batɛmun’n, i kun ekun yɛle kɛ be bu i kɛ nán icra’n yɛ mɛn’n wíe-ɔ. ?Sanngɛ i sɔ akunndan mɔ be bu’n, ɔ ti kpa? Zezi seli i sɔnnzɔnfuɛ’m be kɛ: “Maan amun ɲin tran su. Afin dɔ nga amun sunnzunman’n, i su yɛ sran Wa’n bá-ɔ.”— Lik. 12:40 .",Baoulé,AfriSpeech,28.343,train,bci
AfriSpeech/baoule_bci,SƐ A FA AJALƐ DƆ NGA SU’N Á ƝÁN SU YE DAN,Baoulé,AfriSpeech,5.609,train,bci
AfriSpeech/baoule_bci,?Ngue ti yɛ ɔ fataman kɛ e sisi e bo lele naan b’a yo e batɛmun-ɔn?,Baoulé,AfriSpeech,5.103,train,bci
AfriSpeech/baoule_bci,?Ngue ti yɛ sran wie’m be te sisi be bo naan b’a yo be batɛmun-ɔn?,Baoulé,AfriSpeech,4.964,train,bci
AfriSpeech/baoule_bci,1. (1) ?Kɛ be yo e batɛmun’n i su ye nga e ɲan be’n be wie yɛle benin? (2) ?Ngue yɛ é wá kɛ́n i ndɛ like suanlɛ nga nun-ɔn?,Baoulé,AfriSpeech,15.694,train,bci
AfriSpeech/baoule_bci,2. ?Ngue ti yɛ sran wie’m be te sisi be bo naan b’a yo be batɛmun-ɔn?,Baoulé,AfriSpeech,8.264,train,bci
AfriSpeech/baoule_bci,?Blɛ benin nun yɛ ɔ fata kɛ sran kun yo like kwlaa ng’ɔ fata kɛ ɔ yo naan b’a yo i batɛmun’n niɔn?,Baoulé,AfriSpeech,7.014,train,bci
AfriSpeech/baoule_bci,3. ?Ngue ekun ti yɛ sran wie’m be nin-a faman ajalɛ kɛ be yo be batɛmun-ɔn? (An nian desɛn’n wie.),Baoulé,AfriSpeech,8.895,train,bci
AfriSpeech/baoule_bci,4. ?Ngue ekun ti yɛ sran wie’m be te sisi be bo naan b’a yo be batɛmun-ɔn? (An nian foto’n wie.),Baoulé,AfriSpeech,10.072,train,bci
AfriSpeech/baoule_bci,JUE 38 Ɔ́ wlá ɔ fanngan,Baoulé,AfriSpeech,3.797,train,bci
AfriSpeech/baoule_bci,"5. ?Sɛ e su bu batɛmun yolɛ’n i akunndan’n, ngue su yɛ ɔ fata kɛ e fa e ɲin e sie-ɔ? ( Matie 13:​44-46 )",Baoulé,AfriSpeech,10.265,train,bci
AfriSpeech/baoule_bci,6. ?É yó sɛ naan y’a yo sran mɔ i awlɛn ti kpa-ɔ?,Baoulé,AfriSpeech,9.064,train,bci
AfriSpeech/baoule_bci,9. ?Ngue ti yɛ sran wie’m be te sisi be bo naan b’a yo be batɛmun-ɔn?,Baoulé,AfriSpeech,8.794,train,bci
AfriSpeech/baoule_bci,7-8. ?Ngue ti yɛ gbanflɛn nin talua wie’m be kɔman be ɲrun naan b’a yo be batɛmun-ɔn? (An nian foto’n wie.),Baoulé,AfriSpeech,8.966,train,bci
AfriSpeech/baoule_bci,10. ?Ngue ti yɛ sran wie’m be te sisi be bo naan b’a yo be batɛmun-ɔn?,Baoulé,AfriSpeech,8.43,train,bci
AfriSpeech/baoule_bci,"11. ?Kɛ nga Jue Mun 119:60 fa kan’n sa’n, kɛ e ko si Zoova’n, ngue yɛ e kunndɛ kɛ é yó-ɔ?",Baoulé,AfriSpeech,13.349,train,bci
AfriSpeech/baoule_bci,"12. ?Ngue yɛ viɲin fie’n i su ɲanndra nga Zezi buli’n, ɔ kle e-ɔ?",Baoulé,AfriSpeech,9.249,train,bci
AfriSpeech/baoule_bci,13. ?Ngue yɛ Lɔtu i yi’n i su ndɛ’n kle e-ɔ?,Baoulé,AfriSpeech,8.23,train,bci
AfriSpeech/baoule_bci,14. ?Ngue ti yɛ ɔ fata kɛ a fa ɔ ɲin sie i wafa nga mɛn’n i awieliɛ’n i su ndɛ nga Biblu’n kannin’n ɔ kpɛn su’n i su-ɔ?,Baoulé,AfriSpeech,11.723,train,bci
AfriSpeech/baoule_bci,15. ?Wafa sɛ yɛ e kwla buabua e wun e minndɛ Zoova i cɛn’n niɔn? ( 2 Piɛli 3:​10-13 ),Baoulé,AfriSpeech,8.484,train,bci
AfriSpeech/baoule_bci,"16. ?Blɛ benin nun yɛ ɔ fata kɛ sran kun yo like kwlaa ng’ɔ fata kɛ ɔ yo naan b’a yo i batɛmun’n niɔn? ( 2 Korɛntifuɛ Mun 6:​1, 2 ) (An nian desɛn’n nin foto’n wie.)",Baoulé,AfriSpeech,12.015,train,bci
AfriSpeech/baoule_bci,"Kɛ Pɔlu nin Silasi be boli jasin fɛ’n kleli bisua sunianfuɛ nin i awlofuɛ mun’n, be ‘ka lɛ be yoli be batɛmun.’ (An nian ndɛ kpɔlɛ 3 nun.)",Baoulé,AfriSpeech,22.487,train,bci
AfriSpeech/baoule_bci,17. ?Ngue yɛ a kwla lafi su-ɔ?,Baoulé,AfriSpeech,6.103,train,bci
AfriSpeech/baoule_bci,Sran wie’m be kunndɛ kɛ Ɲanmiɛn i klun jɔ be wun. Sanngɛ be bu ninnge ng’ɔ fata kɛ be yaci be yolɛ naan b’a kwla su Ɲanmiɛn’n be akunndan dan ngboko. (An nian ndɛ kpɔlɛ 4 nun.),Baoulé,AfriSpeech,28.216,train,bci
AfriSpeech/baoule_bci,Sɛ a nin ɔ si nin ɔ nin be koko batɛmun yolɛ’n i su yalɛ’n ɔ ti kpa. (An nian ndɛ kpɔlɛ 8 nun.),Baoulé,AfriSpeech,21.259,train,bci
AfriSpeech/baoule_bci,"AFUƐ 2026, AVRILI 27–MƐ 3",Baoulé,AfriSpeech,6.574,train,bci
AfriSpeech/baoule_bci,"?Kɛ be ko yo ɔ batɛmun’n, á yó sɛ naan sɛ sa wie sanngan ɔ akunndan’n w’a jran kekle?",Baoulé,AfriSpeech,6.846,train,bci
AfriSpeech/baoule_bci,JUE 99 E niaan kpanngban kpa mun,Baoulé,AfriSpeech,4.626,train,bci
AfriSpeech/baoule_bci,“Maan min ja’m be ka wɔ atin’m be su.” — JUE. 17:5 .,Baoulé,AfriSpeech,8.293,train,bci
AfriSpeech/baoule_bci,"Wafa nga Klisifuɛ nga be yoli be batɛmun ɔ nin-a cɛman’n, be kwla siesie be wun naan sa wie w’a sannganman be akunndan’n.",Baoulé,AfriSpeech,8.343,train,bci
AfriSpeech/baoule_bci,"E SI kɛ sa kekle’m bé tɔ́ e su Satan i mɛn nga nun. I kpa bɔbɔ’n Zezi seli i sɔnnzɔnfuɛ’m be kɛ: “Saan like mɔ sran ja kpla su’n, ɔ́ trán atin’n nun.” ( Mat. 18:7 ) I sɔ’n ti’n, ɔ fata kɛ e buabua e wun e sie sa kekle nga be kwla tɔ e su’n be ti. Sa kekle sɔ’m be nun kun yɛle kɛ ndɛ kwla tɔ e nin e wiengu Klisifuɛ mun e afiɛn.",Baoulé,AfriSpeech,25.852,train,bci
AfriSpeech/baoule_bci,SƐ ANIAAN KUN YO Ɔ SA WIE M’Ɔ YO Ɔ YA’N,Baoulé,AfriSpeech,3.669,train,bci
AfriSpeech/baoule_bci,"SƐ KPƆCILƐ MƆ A KPƆCILI NINNGE WIE MUN’N, Ɔ SU YO WƆ NSISƆ’N",Baoulé,AfriSpeech,5.42,train,bci
AfriSpeech/baoule_bci,SƐ SRAN KUN YACI ZOOVA I SULƐ’N,Baoulé,AfriSpeech,5.969,train,bci
AfriSpeech/baoule_bci,"16 Asa’n nán ɔ wla fi su kɛ Zoova tu be ng’ɔ klo be’n be fɔ. ( Ebr. 12:6 ) Ɔ kunndɛ kɛ be kwlaa nga be tuli be asɔnun’n nun’n, be kaci be nzuɛn’n naan be sa be sin. ( 2 Piɛ. 3:9 ) Ɔ maan sɛ be tuli sran kun mɔ a nin i be afiɛn mantan’n asɔnun’n nun’n, lafi su kɛ asɔnun kpɛnngbɛn’m bé yó like kwlaa nga be kwla yo naan b’a ukɛ i naan w’a sɛ i sin’n.— 2 Tim. 2:​24, 25 .",Baoulé,AfriSpeech,23.524,train,bci
AfriSpeech/baoule_bci,?WAFA SƐ YƐ E KWLA BUABUA E WUN E SIE NAAN Y’A JRAN KEKLE SA NGA’M BE NUN-ƆN?,Baoulé,AfriSpeech,7.876,train,bci
AfriSpeech/baoule_bci,Sɛ ninnge nga e kpɔcili be’n be su yo e nsisɔ’n,Baoulé,AfriSpeech,6.022,train,bci
AfriSpeech/baoule_bci,Sɛ aniaan kun yo e sa wie m’ɔ yo e ya’n,Baoulé,AfriSpeech,5.255,train,bci
AfriSpeech/baoule_bci,1-2. ?Wafa sɛ yɛ e kwla buabua e wun e sie naan sɛ sa wie sanngan e akunndan’n y’a yaciman Zoova i sulɛ-ɔ? An fa sa kun yiyi nun.,Baoulé,AfriSpeech,13.271,train,bci
AfriSpeech/baoule_bci,"3. ?Kɛ be yo sran kun i batɛmun’n, sa benin yɛ ɔ kwla sɛnngɛn i akunndan-ɔn?",Baoulé,AfriSpeech,8.256,train,bci
AfriSpeech/baoule_bci,"4. ?Dɔ nga su’n, ngue yɛ a kwla yo naan sɛ cɛn kun’n aniaan kun yo wɔ sa’n, ɔ sa sin w’a bubuman wɔ-ɔ? ( Efɛzifuɛ Mun 4:32 )",Baoulé,AfriSpeech,12.497,train,bci
AfriSpeech/baoule_bci,Sɛ be tu sran kun asɔnun’n nun’n,Baoulé,AfriSpeech,5.039,train,bci
AfriSpeech/baoule_bci,JUE 154 Klolɛ’n wieman le,Baoulé,AfriSpeech,6.001,train,bci
AfriSpeech/baoule_bci,"5. ?Sɛ be yo e sa wie m’ɔ yo e ya’n, ndɛ benin yɛ Biblu’n kan m’ɔ kwla uka e-ɔ? ( Ɲanndra Mun 19:11 ) (An nian foto mun wie.)",Baoulé,AfriSpeech,9.388,train,bci
AfriSpeech/baoule_bci,6. ?Ngue yɛ e kwla yo naan e nin e niaan nga be o asɔnun’n nun’n e afiɛn w’a sɛ kpa-ɔ?,Baoulé,AfriSpeech,10.018,train,bci
AfriSpeech/baoule_bci,7. ?Ngue ti yɛ Klisifuɛ kun kwla kunndɛ kɛ ɔ́ sɛ́ i sin yó ninnge ng’ɔ kpɔcili be’n ekun-ɔn?,Baoulé,AfriSpeech,11.021,train,bci
AfriSpeech/baoule_bci,"9. ?Wafa sɛ yɛ akoto Pɔlu buli ninnge ng’ɔ kpɔcili be’n niɔn? ( Filipufuɛ Mun 3:​7, 8, 13 )",Baoulé,AfriSpeech,6.965,train,bci
AfriSpeech/baoule_bci,8. ?Ngue yɛ Abraamun nin Sara be ajalɛ’n kle e-ɔ?,Baoulé,AfriSpeech,7.899,train,bci
AfriSpeech/baoule_bci,11. ?Ngue yɛ Rozumari i su ndɛ’n kle e-ɔ?,Baoulé,AfriSpeech,7.821,train,bci
AfriSpeech/baoule_bci,"10. ?Ngue yɛ ɔ fata kɛ e bu i akunndan tikatika-ɔ? ( Marki 10:​29, 30 ) (An nian foto mun wie.)",Baoulé,AfriSpeech,8.074,train,bci
AfriSpeech/baoule_bci,"13. ?Wafa sɛ yɛ e kwla buabua e wun dɔ nga su naan sɛ sran kun mɔ e nin i e afiɛn mantan’n, ɔ yaci Zoova sulɛ’n, e sa sin w’a bubuman e-ɔ?",Baoulé,AfriSpeech,14.749,train,bci
AfriSpeech/baoule_bci,12. ?Sa benin yɛ ɔ kwla ju asɔnun’n nun m’ɔ kwla sanngan e akunndan’n niɔn?,Baoulé,AfriSpeech,9.678,train,bci
AfriSpeech/baoule_bci,14. ?Ajalɛ kpa benin yɛ akoto Piɛli kleli e-ɔ? ( Zan 6:​66-68 ),Baoulé,AfriSpeech,7.728,train,bci
AfriSpeech/baoule_bci,15. ?Ngue yɛ Emili i su ndɛ’n kle wɔ-ɔ?,Baoulé,AfriSpeech,8.468,train,bci
AfriSpeech/baoule_bci,16. ?Ngue yɛ ɔ fataman kɛ e wla fi su-ɔ? (An nian foto’n wie.),Baoulé,AfriSpeech,8.794,train,bci
AfriSpeech/baoule_bci,17. ?Ngue yɛ e kwla lafi su-ɔ?,Baoulé,AfriSpeech,8.025,train,bci
AfriSpeech/baoule_bci,"Sɛ ndɛ o a nin aniaan kun amun afiɛn’n, yiɛ i naan amun bo jasin fɛ’n likawlɛ. (An nian ndɛ kpɔlɛ 5 nun.)",Baoulé,AfriSpeech,29.812,train,bci
AfriSpeech/baoule_bci,Ba’m be ti “aja like m’ɔ fin Zoova-ɔ”,Baoulé,AfriSpeech,12.823,train,bci
AfriSpeech/baoule_bci,"?KƐ BE kan “aja like” i ndɛ’n, ngue yɛ a bu i akunndan-ɔn? Atrɛkpa’n sika, annzɛ asiɛ annzɛ sua, annzɛ like uflɛ mɔ ɔ osufuɛ kun fa cɛli wɔ’n, i akunndan yɛ a bu-ɔ. I kwlaa yoli-o, aja like’n ti like cinnjin kpa. Yɛ sɛ a ɲan aja like’n, á níɛn i lika kpa.",Baoulé,AfriSpeech,23.32,train,bci
AfriSpeech/baoule_bci,"Biblu’n se kɛ ba’m be ti “aja like m’ɔ fin Zoova-ɔ.” ( Jue. 127:3 ) Ɔ maan siɛ nin niɛn nga be ti Klisifuɛ’n, be wun i wlɛ kɛ be mma’m be ti like cinnjin kpa mɔ be Si Ɲanmiɛn fa cɛli be-ɔ, naan ɔ fata kɛ be mian be ɲin kpa naan ba sɔ’m be wun kpaja be, be di aklunjɔɛ, yɛ be nin i be afiɛn mantan kpa.",Baoulé,AfriSpeech,25.471,train,bci
AfriSpeech/baoule_bci,"Ndɛ nga be osufuɛ nin be mantanfuɛ’m be kan’n. Lika wie’m be nun’n, siɛ nin niɛn nga be le ba kpanngban’n, sran’m be ɲin yi be dan. I sɔ’n ti’n, yasua kun nin i yi be kwla se be wun kɛ ɔ fata kɛ be kusu be wu ba kpanngban wie, kɛ ɔ ko yo naan be osufuɛ mun annzɛ be mantanfuɛ’m b’a kanman be wun ndɛ tɛ’n ti. Kusu nn wie liɛ’n be su kwlá nianman ba kpanngban sɔ’m be lika kpa.",Baoulé,AfriSpeech,28.624,train,bci
AfriSpeech/baoule_bci,LIKE NGA ZOOVA KUNNDƐ KƐ SIƐ NIN NIƐN’M BE YO’N,Baoulé,AfriSpeech,3.562,train,bci
AfriSpeech/baoule_bci,"Ndɛ nga Biblu’n kan’n: “Sran ng’ɔ niɛnmɛn i fuɛ’m be lika’n, i li sɛ ɔ niɛnmɛn i awlofuɛ’m be lika’n, nn ndɛ nga e lafi su’n, ɔ lafiman su kun, yɛ i tɛ liɛ’n tra sran ng’ɔ lafiman Ɲanmiɛn su’n.”— 1 Tim. 5:8 .",Baoulé,AfriSpeech,20.196,train,bci
AfriSpeech/baoule_bci,"An kle be like naan be si Zoova. Ɔ fata kɛ siɛ nin niɛn nga be ti Klisifuɛ’n, be kle be mma’m be like naan be klo Zoova naan be su i. Zoova ɲrun’n, ninnge ng’ɔ fata kɛ siɛ nin niɛn’m be kle be mma mun’n, be nun cinnjin kpafuɛ’n yɛ ɔ o lɛ-ɔ.— Mml. 6:​6, 7 .",Baoulé,AfriSpeech,18.097,train,bci
AfriSpeech/baoule_bci,Ndɛ nga Biblu’n kan’n: “An nian Zoova i mmla’n nin i afɔtuɛ’m be su ta be.”— Efɛ. 6:4 .,Baoulé,AfriSpeech,10.359,train,bci
AfriSpeech/baoule_bci,"Ndɛ nga Biblu’n kan’n: “Sran ng’ɔ bo i ɲin ase yo like’n, like ng’ɔ sunnzun kɛ ɔ́ yó’n, ɔ́ yó ye, sanngɛ be kwlaa nga be kpli yo like’n, bé dí yalɛ.”— Ɲan. 21:5 .",Baoulé,AfriSpeech,15.928,train,bci
AfriSpeech/baoule_bci,"“?Amun nun onin yɛ sɛ i waan ɔ́ kplán sua fleiin kun’n, ɔ tranman ase bumɛn i sika’n i akunndan ka-ɔ? ?Sɛ i sika’n ju sua’n i kplanlɛ naan ɔ kwla wie i kplan’n, ɔ su wunmɛn i wlɛ?”— Lik. 14:28 .",Baoulé,AfriSpeech,19.689,train,bci
AfriSpeech/baoule_bci,"Amun fa amun wla guɛ i Zoova su. Sɛ amun su bu ba wulɛ’n i akunndan’n, annzɛ sɛ amun le ba’n, maan ɔ tran amun klun titi kɛ Zoova i mmla’m be ti cinnjin tra wafa nga sran’m be yo ninnge mun amun asa’n su lɔ’n.",Baoulé,AfriSpeech,18.039,train,bci
AfriSpeech/baoule_bci,"Ndɛ nga Biblu’n kan’n: “Fa ɔ wla’n kwlaa guɛ i Zoova su, nán lafi ɔ bɔbɔ ɔ akunndan liɛ’n su. Like kwlaa nga á yó’n, bu i akunndan, yɛ i kusu bó ɔ ɲrun atin.”— Ɲan. 3:​5, 6 .",Baoulé,AfriSpeech,18.709,train,bci
AfriSpeech/baoule_bci,"“Laa’n, n ti gbanflɛn yɛ siɛn’n m’an yo oke, sanngɛ n nin-a wunman kɛ b’a yi sran kpa’n i ase le, yɛ n nin-a wunman kɛ i mma’m be su kunndɛ aliɛ sin le.”— Jue. 37:25 .",Baoulé,AfriSpeech,17.93,train,bci
AfriSpeech/baoule_bci,"“Amun dun mmua kunndɛ Ɲanmiɛn Sielɛ’n nin i sa nuan su sɛsɛ yolɛ’n titi, i sin’n, ɔ́ fá ninnge kwlaa sɔ mun úka su mán amun.”— Mat. 6:33 .",Baoulé,AfriSpeech,14.904,train,bci
AfriSpeech/baoule_bci,Ɔ yoman be nsisɔ,Baoulé,AfriSpeech,4.399,train,bci
AfriSpeech/baoule_bci,?Amun wiengu’m be jran amun wun kɛ amun wu ba kpanngban?,Baoulé,AfriSpeech,5.38,train,bci
AfriSpeech/baoule_bci,"?Ba kpanngban mɔ amun lemɛn i’n ti’n, amun wun amun ɲrun annzɛ Ɲanmiɛn sulɛ’n ti kekle man amun?",Baoulé,AfriSpeech,7.25,train,bci
AfriSpeech/baoule_bci,"Zeremin seli kɛ: “Cɛcɛ. I kpa bɔbɔ’n, kɛ mɔ e leman ba kpanngban’n ti’n, e nin min yi e kwla niannin e awlofuɛ’m be lika kpa, yɛ e kwla suli Ɲanmiɛn kpa. Min si nin min nin be wuli ba kpanngban. Yɛ n wunnin kɛ, kɛ ɔ ko yo naan b’a man e ninnge nga e sa mian be wun’n naan kusu b’a wla e suklu’n, ɔ yoli kekle mannin be.”",Baoulé,AfriSpeech,27.746,train,bci
AfriSpeech/baoule_bci,?Wafa sɛ yɛ amun mma’m be bu ajalɛ nga amun fali’n niɔn?,Baoulé,AfriSpeech,5.423,train,bci
AfriSpeech/baoule_bci,Aniaan bian kun m’ɔ suan Filipu’n seli kɛ: “E mma’m be di aklunjɔɛ. Afin be wun kɛ be wunman be ɲrun kɛ be wiengu nga be si nin be nin’m be wuli ba kpanngban’n be liɛ’n sa. Afin siɛ nin niɛn sɔ’m be kwlá nianman ba kwlaa sɔ’m be lika kpa.”,Baoulé,AfriSpeech,20.477,train,bci
AfriSpeech/baoule_bci,"?Kɛ amun fali ajalɛ kɛ amun wuman ba kpanngban’n, amun ɲannin su mmlusuɛ?",Baoulé,AfriSpeech,5.913,train,bci
AfriSpeech/baoule_bci,"Zeremin seli kɛ: “Ajalɛ nga e fali’n ti’n, e kwla niannin e mma’m be lika kpa. Min junman mɔ n ɲan nun sika lɔun kpa’n, ɔ fili min sa i afuɛ nsan yɛ. Sanngɛ e fɛman dan. Afin kɛ mɔ y’a sɔnman’n ti’n, e mianman sika kpanngban wun. Sika kan nga e ɲɛn i’n ɔ ju e kwlaa.”",Baoulé,AfriSpeech,25.238,train,bci
AfriSpeech/baoule_bci,Amun nian ba’m be tinuntinun be lika.,Baoulé,AfriSpeech,22.934,train,bci
AfriSpeech/baoule_bci,"Aniaan bian kun m’ɔ suan Rafaɛli’n seli kɛ: “N wunnin kɛ ndɛ ng’ɔ o Jue Mun 34:10 nun’n ti nanwlɛ sakpa. Ɔ se kɛ: ‘Be nga be kunndɛ Zoova’n, be su mianman like kpa fi wun.’ Like kwlaa nga min bɔbɔ nin min awlofuɛ mun e miɛn i wun’n, Zoova fa mannin e.”",Baoulé,AfriSpeech,26.966,train,bci
AfriSpeech/baoule_bci,?Ndɛ benin yɛ amun kunndɛ kɛ amún kán klé be nga be ti siɛ nin niɛn kɛ amun sa’n niɔn?,Baoulé,AfriSpeech,6.304,train,bci
AfriSpeech/baoule_bci,Ba nga amun kunndɛ kɛ amún wú be’n amun dun mmua koko su yalɛ.,Baoulé,AfriSpeech,15.388,train,bci
AfriSpeech/baoule_bci,Fluwa’n nun kannganfuɛ’m be kosan mun,Baoulé,AfriSpeech,3.135,train,bci
AfriSpeech/baoule_bci,"?Blɛ benin nun yɛ nvlenvle’m bé wá sé kɛ ‘e su di fɔundi, srɛ kunman e kun-ɔn’?",Baoulé,AfriSpeech,23.984,train,bci
AfriSpeech/baoule_bci,"Sanngɛ kɛ e wa buli ndɛ sɔ’n i su akunndan kpa’n, e wunnin kɛ be kwla wun ndɛ sɔ’n i wlɛ wafa uflɛ. Yɛle kɛ atrɛkpa’n, kɛ be ko nunnun Ɲanmiɛn sulɛ wafa nga be timan su’n i sin yɛ sran’m bé wá sé kɛ ‘be su di fɔundi, srɛ kunman be kun-ɔn.’ ?Ngue ti yɛ e kwla se sɔ-ɔ? Maan e fa e ɲin e sie i kosan nga’m be su.",Baoulé,AfriSpeech,23.595,train,bci
AfriSpeech/baoule_bci,Sro Ɲanmiɛn kɛ Abdiasi sa,Baoulé,AfriSpeech,3.221,train,bci
AfriSpeech/baoule_bci,"Sanngɛ nán blɛ nga i nun yɛ nvle’m bé wá sé kɛ ‘be su di fɔundi, srɛ kunman be kun’n,’ yɛ ɔ ti cinnjin dan-ɔn. Sanngɛ wafa nga e nin Ɲanmiɛn e nanti’n yɛ ɔ fata kɛ ɔ yo e cinnjin dan-ɔn. Maan “e ɲin tran su, yɛ e bu akunndan kpa titi.” I liɛ’n, sɛ wafa nga sa sɔ’m bé wá ju’n ɔ́ yó sɛ yó sɛ-o, e liɛ’n y’a dun mmua y’a buabua e wun y’a sie.— 1 Tes. 5:6 .",Baoulé,AfriSpeech,29.549,train,bci
AfriSpeech/baoule_bci,"AFUƐ 2026, MƐ 4-10",Baoulé,AfriSpeech,11.629,train,bci
AfriSpeech/baoule_bci,"?Ngue yɛ bian sɔ’n i su ndɛ’n kle wɔ-ɔ? Abdiasi sro Akabu. Sanngɛ ɔ sro Zoova tra bian sɔ’n. I sɔ’n ti’n, yakpa su’n ɔ fɛli i nguan’n sieli i wie nuan naan w’a kwla de i niaan mun. Sɛ ɔ kusu be tannin amun Ɲanmiɛn sulɛ amun asa’n su lɔ’n, mian ɔ ɲin naan sro Zoova kɛ Abdiasi sa. I liɛ’n, á kwlá yó yakpafuɛ. Yɛ á kwlá úka ɔ niaan nga kekle o be su’n.",Baoulé,AfriSpeech,29.96,train,bci
AfriSpeech/baoule_bci,JUE 53 E siesie e wun naan e ko bo jasin fɛ’n,Baoulé,AfriSpeech,5.163,train,bci
AfriSpeech/baoule_bci,?É yó sɛ naan y’a si sran’m be like kle kpa jasin fɛ’n i bolɛ’n nun?,Baoulé,AfriSpeech,4.502,train,bci
AfriSpeech/baoule_bci,"“Bo jasin fɛ’n [ ... ] , tra wɔ awlɛn, yɛ yo i kɛ sran m’ɔ si like kle’n ɔ fa yo’n sa.” — 2 TIM. 4:2 .",Baoulé,AfriSpeech,11.607,train,bci
AfriSpeech/baoule_bci,"Like nsan mɔ e kwla yo be naan e jasin fɛ bolɛ’n nun’n, y’a si sran’m be like kle kpa’n.",Baoulé,AfriSpeech,5.502,train,bci
AfriSpeech/baoule_bci,MAAN E KLE BE KƐ BE NDƐ LO E,Baoulé,AfriSpeech,4.004,train,bci
AfriSpeech/baoule_bci,"KƐ É KLÉ LIKE’N, MAAN E JRAN ƝANMIƐN NDƐ’N SU",Baoulé,AfriSpeech,4.868,train,bci
AfriSpeech/baoule_bci,MAAN E FA BE ƝIN E SIE I ZOOVA SU,Baoulé,AfriSpeech,4.376,train,bci
AfriSpeech/baoule_bci,"13 Like ng’ɔ ti e cinnjin’n yɛle kɛ é úka sran mun naan be si Zoova naan be fa be wun be mɛntɛn i. ( Zak. 4:8 ) I lɛ nun’n, e ti kɛ sran kun m’ɔ fa tɔsu kpaja sran kun m’ɔ o ble nun’n i su naan b’a kwla wun i’n sa. Yɛle kɛ, kɛ é klé sran’m be like’n, Zoova su yɛ ɔ fata kɛ e fa be ɲin e sie-ɔ, nán e bɔbɔ e su-ɔ.",Baoulé,AfriSpeech,21.628,train,bci
AfriSpeech/baoule_bci,MAAN E MIAN E ƝIN TITI NAAN E SI LIKE KLE KPA,Baoulé,AfriSpeech,3.512,train,bci
AfriSpeech/baoule_bci,sran nga e bo jasin’n e kle be’n be ndɛ lo e-ɔ?,Baoulé,AfriSpeech,3.874,train,bci
AfriSpeech/baoule_bci,?WAFA SƐ YƐ E KWLA KLE KƐ ...,Baoulé,AfriSpeech,3.323,train,bci
AfriSpeech/baoule_bci,"16 Ninnge nga be man e aklunjɔɛ dan’n be nun kun yɛle Zoova i su ndɛ mɔ e kle sran mun’n. Mɛn uflɛ’n nun lɔ’n, é wá klé sran kpanngban kpa be Biblu’n nun like. I sɔ’n ti’n, kɛ é bó jasin fɛ’n, maan e kle kɛ sran’m be ndɛ lo e, maan e jran Ɲanmiɛn Ndɛ’n su e kle be like, yɛ maan e fa be ɲin e sie i Zoova su. Sɛ e yo sɔ kɔ e ɲrun titi’n, é yó jasin bofuɛ m’ɔ si like kle kpa-ɔ.",Baoulé,AfriSpeech,26.18,train,bci
AfriSpeech/baoule_bci,1. (1) ?Ngue yɛ ɔ fata kɛ e suɛn i yolɛ-ɔ? (2) ?Yɛ ngue ti yɛ ɔ fata kɛ e yo sɔ-ɔ? ( 2 Timote 4:2 ) (An nian desɛn’n wie.),Baoulé,AfriSpeech,14.104,train,bci
AfriSpeech/baoule_bci,2. ?Ngue ti yɛ aniaan wie’m be se be wun kɛ be kwlá siman sran’m be like kle-ɔ?,Baoulé,AfriSpeech,8.904,train,bci
AfriSpeech/baoule_bci,"3. ?Ngue ti yɛ like nga Zezi kleli’n, ɔ wluwluli i ndɛ tiefuɛ’m be wun-ɔn?",Baoulé,AfriSpeech,8.959,train,bci
AfriSpeech/baoule_bci,Zoova su yɛ e fa sran’m be ɲin e sie-ɔ?,Baoulé,AfriSpeech,3.247,train,bci
AfriSpeech/baoule_bci,JUE 65 E wɔ e ɲrun titi!,Baoulé,AfriSpeech,3.734,train,bci
AfriSpeech/baoule_bci,4. ?Wafa sɛ yɛ e kwla kle kɛ sran’m be ndɛ lo e-ɔ? (An nian foto mun wie.),Baoulé,AfriSpeech,6.712,train,bci
AfriSpeech/baoule_bci,5. ?Ngbaciɛ benin yɛ ɔ o Zezi nin Farizifuɛ’m be afiɛn-ɔn? ( Matie 11:​28-30 ),Baoulé,AfriSpeech,8.963,train,bci
AfriSpeech/baoule_bci,"6. ?Wafa sɛ yɛ e kwla kle be nga be kpalo jasin fɛ’n annzɛ be tanndan e ɲrun’n, be kɛ e klo be naan e bu be sran-ɔn?",Baoulé,AfriSpeech,12.024,train,bci
AfriSpeech/baoule_bci,"7. ?Kɛ Zezi klé sran’m be like’n, ngue yɛ ɔ kle kɛ ɔ jrannin Ɲanmiɛn Ndɛ’n su-ɔ? ( Zan 7:​14-16 )",Baoulé,AfriSpeech,8.776,train,bci
AfriSpeech/baoule_bci,8. ?Wafa sɛ yɛ Piɛli niannin Zezi i ajalɛ’n su-ɔ?,Baoulé,AfriSpeech,8.255,train,bci
AfriSpeech/baoule_bci,"9. ?Kɛ é klé sran’m be like’n, ngue ti yɛ ɔ fata kɛ e jran Ɲanmiɛn Ndɛ’n su-ɔ?",Baoulé,AfriSpeech,9.312,train,bci
AfriSpeech/baoule_bci,10. ?É yó sɛ naan y’a fa sran nga e kle i like’n i ɲin y’a sie i Ɲanmiɛn Ndɛ’n su?,Baoulé,AfriSpeech,9.703,train,bci
AfriSpeech/baoule_bci,11-12. (1) ?Wafa sɛ yɛ e kwla kle kɛ e tra e awlɛn sran nga e kle i like’n i wun-ɔn? ( Sa Nga Be Yoli’n 17:​1-4 ) (An nian foto’n wie.) (2) ?Biblu’n i su ndɛ benin yɛ sran wie’m be simɛn i-ɔ? (3) ?Yɛ wafa sɛ yɛ e kwla uka be-ɔ?,Baoulé,AfriSpeech,20.926,train,bci
AfriSpeech/baoule_bci,"13. ?Kɛ é klé sran’m be like’n, wan su yɛ ɔ fata kɛ e fa be ɲin e sie-ɔ? An fa sunnzun ase kun be yiyi nun.",Baoulé,AfriSpeech,12.28,train,bci
AfriSpeech/baoule_bci,14. ?Wafa sɛ yɛ e kwla uka like suanfuɛ’n naan w’a kunndɛ kpa kɛ ɔ́ yó sa ng’ɔ jɔ Zoova klun’n niɔn?,Baoulé,AfriSpeech,10.634,train,bci
AfriSpeech/baoule_bci,15. ?Ngue yɛ e kwla yo naan e sa w’a tɔ sran’m be like klelɛ’n nun-ɔn?,Baoulé,AfriSpeech,7.844,train,bci
AfriSpeech/baoule_bci,"Zezi nin i sɔnnzɔnfuɛ kɛ akoto Pɔlu nin Baanabasi sa’n, be ajalɛ’n kwla uka e naan y’a si sran’m be like kle kpa. (An nian ndɛ kpɔlɛ 1 nun.)",Baoulé,AfriSpeech,23.725,train,bci
AfriSpeech/baoule_bci,"16. ?Sɛ e mian e ɲin titi naan e sa tɔ sran’m be like klelɛ’n nun kpa’n, i su ye benin yɛ é ɲɛ́n i-ɔ?",Baoulé,AfriSpeech,10.564,train,bci
AfriSpeech/baoule_bci,Maan e fa e wla e gua Zoova m’ɔ Sie Like Kwlakwla’n i su,Baoulé,AfriSpeech,5.171,train,bci
AfriSpeech/baoule_bci,"AFUƐ 2026, MƐ 11-17",Baoulé,AfriSpeech,7.734,train,bci
AfriSpeech/baoule_bci,"Sran ng’ɔ si like kle kpa’n, ɔ sie i su kpa sran’m be nuan bo yɛ ɔ ijɔman dan. (An nian ndɛ kpɔlɛ 11-12 nun.)",Baoulé,AfriSpeech,23.218,train,bci
AfriSpeech/baoule_bci,JUE 7 Zoova yɛ ɔ man e wunmiɛn-ɔn,Baoulé,AfriSpeech,3.879,train,bci
AfriSpeech/baoule_bci,"‘Zoova, ɔ kunngba cɛ yɛ a o Like Kwlaa Ti Su asiɛ wunmuan’n su-ɔ.’ — JUE. 83:18 .",Baoulé,AfriSpeech,10.714,train,bci
AfriSpeech/baoule_bci,"Like nga ti yɛ e kwla lafi su kpa kɛ Zoova yɛ ɔ Sie Like Kwlakwla’n, naan sɛ andɛ annzɛ e ɲrun lɔ’n kekle tɔ e su’n, ɔ́ úka e’n.",Baoulé,AfriSpeech,8.911,train,bci
AfriSpeech/baoule_bci,"2 ‘Lika’n w’a yo kekle.’ ( 2 Tim. 3:1 ) Ɔ maan sa kekle’m be tɔ e su. Kɛ ɔ yo sɔ’n, kɛ ɔ yo naan e fa e wla gua Zoova su’n ɔ kwla yo kekle. Kɛ sa’m be lɔngɔ be wiengu su be tɔ e su’n, e wla mɔ bo e wun dan’n ti’n e se e wun kɛ e su kwlá jranman kekle. Sa wie mɔ be tɔli Zoova i sufuɛ wie’m be su’n ti’n, b’a lafiman su kpa kun kɛ be ndɛ lo Zoova.",Baoulé,AfriSpeech,29.27,train,bci
AfriSpeech/baoule_bci,SATAN FƐLI I WUN WLALI BE NUN,Baoulé,AfriSpeech,4.011,train,bci
AfriSpeech/baoule_bci,ZOOVA KLELI I LIKE NG’Ɔ KWLA YO’N Ɔ NIN NG’Ɔ KWLÁ YOMAN’N,Baoulé,AfriSpeech,5.3,train,bci
AfriSpeech/baoule_bci,9 Like klikli nga Satan fa yoli Zɔbu’n ɔ kpili ase. Zɔbu w’a yaciman Zoova sulɛ. ( Zɔb. 1:22 ) Sanngɛ Satan wá kúnndɛ kɛ ɔ́ yó like uflɛ ekun naan Zɔbu yaci i sulɛ.,Baoulé,AfriSpeech,13.885,train,bci
AfriSpeech/baoule_bci,ZOOVA YOLI MAAN ZƆBU W’A WUNMAN ƝRƐNNƐN KUN,Baoulé,AfriSpeech,4.471,train,bci
AfriSpeech/baoule_bci,ZOOVA KLO I SUFUƐ NGA BE NIN I NANTI KLANMAN’N,Baoulé,AfriSpeech,6.813,train,bci
AfriSpeech/baoule_bci,"16 Zɔbu cɛli kpa, i sin naan w’a wu. Sanngɛ Zoova kwla cɛn i, afin ɔ sie like kwlakwla yɛ ɔ kwla like kwlaa yo. ( Mml. 32:39 ) Ɔ maan sran fi kwlá yoman naan w’a cɛnman be ng’ɔ klo be’n. Yɛ ɔ́ wá yó i sɔ’n blɛ ng’ɔ sieli’n nun.— Rɔm. 8:​38, 39 .",Baoulé,AfriSpeech,19.004,train,bci
AfriSpeech/baoule_bci,MAAN E FA E WLA’N KWLAA E GUA ZOOVA SU,Baoulé,AfriSpeech,4.519,train,bci
AfriSpeech/baoule_bci,?WAFA SƐ YƐ ZƆBU I SU NDƐ’N KLE KƐ ...,Baoulé,AfriSpeech,4.057,train,bci
AfriSpeech/baoule_bci,Zoova kunndɛ kpa kɛ ɔ́ yrɛ́ i sufuɛ nanwlɛfuɛ’m be su-ɔ?,Baoulé,AfriSpeech,4.32,train,bci
AfriSpeech/baoule_bci,Zoova yɛ ɔ sie like kwlakwla-ɔ?,Baoulé,AfriSpeech,3.818,train,bci
AfriSpeech/baoule_bci,1. ?Sa kekleekle benin mun yɛ be tɔli Zɔbu su-ɔ?,Baoulé,AfriSpeech,6.907,train,bci
AfriSpeech/baoule_bci,"2-3. (1) ?Kɛ kekle o e su’n, akunndan benin yɛ e kwla bu-ɔ? (2) ?Like nɲɔn benin yɛ Zɔbu fluwa’n kle e mɔ é wá fá e ɲin síe be su-ɔ?",Baoulé,AfriSpeech,17.971,train,bci
AfriSpeech/baoule_bci,"4. ?Kɛ Zoova nin i anzi’m bé yó aɲia’n, sa benin yɛ ɔ juli-ɔ?",Baoulé,AfriSpeech,7.988,train,bci
AfriSpeech/baoule_bci,5. ?Ngue yɛ ndɛ nga be kannin be aɲia nga be yoli i ɲanmiɛn su lɔ’n i bo’n be kle e-ɔ?,Baoulé,AfriSpeech,10.357,train,bci
AfriSpeech/baoule_bci,e kwla fa e wla’n kwlaa e gua Zoova m’ɔ sie like kwlakwla’n i su-ɔ?,Baoulé,AfriSpeech,5.918,train,bci
AfriSpeech/baoule_bci,"6. ?Ngue yɛ ɔ kle kɛ Zoova yɛ ɔ tinngɛ aɲia nga be yoli i ɲanmiɛn su lɔ’n niɔn? ( Zɔbu 1:​7, 8 )",Baoulé,AfriSpeech,8.366,train,bci
AfriSpeech/baoule_bci,JUE 153 Wla min yakpa,Baoulé,AfriSpeech,3.898,train,bci
AfriSpeech/baoule_bci,"7. ?Kɛ nga e fa wun i Zɔbu 1:​10, 11 nun’n sa’n, sulɛ mɔ sran’m be su Ɲanmiɛn’n i su ndɛ benin yɛ Satan kannin-ɔn?",Baoulé,AfriSpeech,14.412,train,bci
AfriSpeech/baoule_bci,8-9. (1) ?Ngue yɛ Zoova seli Satan kɛ nán ɔ yo-ɔ? (2) ?Yɛ ngue ti yɛ ɔ seli i sɔ-ɔ? ( Zɔbu 1:12 ) (An nian desɛn’n wie.),Baoulé,AfriSpeech,14.844,train,bci
AfriSpeech/baoule_bci,10. ?Ngue ti yɛ Zoova mannin Satan i atin kɛ ɔ kle Zɔbu i ɲrɛnnɛn ekun-ɔn? ( Zɔbu 2:​2-6 ),Baoulé,AfriSpeech,9.744,train,bci
AfriSpeech/baoule_bci,"11. ?Kɛ Zoova yoli maan Zɔbu w’a wunman ɲrɛnnɛn kun’n, wafa sɛ yɛ ɔ yrɛli i su-ɔ? ( Zɔbu 42:​10-13 )",Baoulé,AfriSpeech,12.089,train,bci
AfriSpeech/baoule_bci,12. An kan wafa nga Zoova deli i sufuɛ wie mun’n i ndɛ.,Baoulé,AfriSpeech,8.184,train,bci
AfriSpeech/baoule_bci,"13. ?Kɛ sa’m be o e su’n, ngue yɛ e kwla lafi su-ɔ? (An nian foto mun nin desɛn’n wie.)",Baoulé,AfriSpeech,9.625,train,bci
AfriSpeech/baoule_bci,14-15. (1) ?Wafa sɛ yɛ Zoova bu yralɛ m’ɔ́ wá yrɛ́ i sufuɛ’m be su’n niɔn? ( Zɔbu 14:15 ) (An nian desɛn’n wie.),Baoulé,AfriSpeech,11.973,train,bci
AfriSpeech/baoule_bci,16. ?Ngue ekun ti yɛ e lafi su kɛ Zoova sie like kwlakwla-ɔ?,Baoulé,AfriSpeech,8.878,train,bci
AfriSpeech/baoule_bci,17. ?Ngue yɛ ɔ kle kɛ like kwlaa nga Satan yoli naan ɔ́ núnnún Zoova i sufuɛ mun’n ɔ kpili ase-ɔ?,Baoulé,AfriSpeech,11.164,train,bci
AfriSpeech/baoule_bci,"18. ?Kɛ e bu sa nga bé wá jú e ɲrun lɔ’n be akunndan’n, ngue ti yɛ ɔ fataman kɛ srɛ kun e-ɔ?",Baoulé,AfriSpeech,9.056,train,bci
AfriSpeech/baoule_bci,Zoova mannin Satan i atin naan ɔ kle kɛ ndɛ ng’ɔ kannin’n ti nanwlɛ anzi’m be kwlaa be ɲrun. (An nian ndɛ kpɔlɛ 8-9 nun.),Baoulé,AfriSpeech,20.806,train,bci
AfriSpeech/baoule_bci,19. ?Ninnge kpakpa benin mun yɛ Zoova wá yó mán be nga be fa be wla’n kwlaa guɛ i su’n niɔn? (An nian desɛn’n wie.),Baoulé,AfriSpeech,9.708,train,bci
AfriSpeech/baoule_bci,20. ?Ngue yɛ w’a fua kpa kɛ á yó-ɔ?,Baoulé,AfriSpeech,7.456,train,bci
AfriSpeech/baoule_bci,"Kɛ Zɔbu jrannin kekle lele’n, i agualiɛ su’n Zoova yrɛli i nin i yi be su dan. (An nian ndɛ kpɔlɛ 14-15 nun.)",Baoulé,AfriSpeech,20.719,train,bci
AfriSpeech/baoule_bci,?Á yó sɛ naan w’a sieman ɔ ɲin nɲɔnnɲɔn?,Baoulé,AfriSpeech,3.13,train,bci
AfriSpeech/baoule_bci,"AFUƐ 2026, MƐ 18-24",Baoulé,AfriSpeech,6.525,train,bci
AfriSpeech/baoule_bci,JUE 35 Maan ‘e wun ninnge cinnjin kpafuɛ’m be wlɛ’,Baoulé,AfriSpeech,5.544,train,bci
AfriSpeech/baoule_bci,“Maan amun wun Zoova i klun sa’n i wlɛ titi.” — EFƐ. 5:17 .,Baoulé,AfriSpeech,9.682,train,bci
AfriSpeech/baoule_bci,Ninnge wie’m be kwla yo maan e sie e ɲin nɲɔnnɲɔn. ?Ɔ maan é yó sɛ naan y’a fa Zoova i sulɛ’n y’a sie i like kwlaa ɲrun?,Baoulé,AfriSpeech,9.867,train,bci
AfriSpeech/baoule_bci,NINNGE NGA BE KWLA YO MAAN E SIE E ƝIN NƝƆNNƝƆN’N,Baoulé,AfriSpeech,3.315,train,bci
AfriSpeech/baoule_bci,"5 Asa’n, politiki yolɛ’n nun ndɛnnganndɛnngan mun, nin sika ndɛ mɔ w’a yo kekle’n, nin tukpacɛ mɔ b’a tru mɛn’n nun’n, ɔ nin alɛ mɔ be kun be titi’n be ti’n, e nun sunman e wunman e wun fɛ. ( 2 Tim. 3:1 ) Kɛ sa kɛ ngalɛ’n sa’m be tɔ e su’n, ngokɔɛ’n ti’n e kwlá buman like uflɛ i akunndan kun.",Baoulé,AfriSpeech,20.109,train,bci
AfriSpeech/baoule_bci,WAFA NGA ZEZI JRANNIN KEKLE NAAN W’A SIEMƐN I ƝIN NƝƆNNƝƆN’N,Baoulé,AfriSpeech,4.323,train,bci
AfriSpeech/baoule_bci,?NGUE YƐ E KWLA YO NAAN Y’A SIEMAN E ƝIN NƝƆNNƝƆN-ƆN?,Baoulé,AfriSpeech,3.713,train,bci
AfriSpeech/baoule_bci,"?KƐ Ɔ KO YO NAAN Y’A SIEMAN E ƝIN NƝƆNNƝƆN’N, NGUE TI YƐ Ɔ FATA KƐ ...",Baoulé,AfriSpeech,3.744,train,bci
AfriSpeech/baoule_bci,e mian e ɲin e bu akunndan nga Zoova bu’n wie-ɔ?,Baoulé,AfriSpeech,3.761,train,bci
AfriSpeech/baoule_bci,e tu e klun e yo ninnge ng’ɔ fata kɛ e yo be Zoova i sulɛ’n nun’n niɔn?,Baoulé,AfriSpeech,4.634,train,bci
AfriSpeech/baoule_bci,1-2. ?Wafa sɛ yɛ like kun m’ɔ ti cinnjin’n kwla yo maan e sie e ɲin nɲɔnnɲɔn-ɔn?,Baoulé,AfriSpeech,9.921,train,bci
AfriSpeech/baoule_bci,3. ?Ngue yɛ é wá wún i like suanlɛ nga nun m’ɔ́ úka e-ɔ?,Baoulé,AfriSpeech,5.597,train,bci
AfriSpeech/baoule_bci,e fa e ɲin e sie i like ng’ɔ ti cinnjin kpafuɛ’n su-ɔ?,Baoulé,AfriSpeech,3.519,train,bci
AfriSpeech/baoule_bci,JUE 129 É trá e awlɛn titi,Baoulé,AfriSpeech,5.151,train,bci
AfriSpeech/baoule_bci,4-6. ?Sa benin mun yɛ be kwla yo maan e sie e ɲin nɲɔnnɲɔn Zoova i sulɛ’n nun-ɔn?,Baoulé,AfriSpeech,7.905,train,bci
AfriSpeech/baoule_bci,"7. ?Zezi blɛ su’n, ninnge benin mun yɛ be kwla yo maan ɔ sie i ɲin nɲɔnnɲɔn-ɔn?",Baoulé,AfriSpeech,8.436,train,bci
AfriSpeech/baoule_bci,8. ?Ngue yɛ ɔ ukali Zezi naan w’a siemɛn i ɲin nɲɔnnɲɔn Zoova i sulɛ’n nun-ɔn?,Baoulé,AfriSpeech,7.109,train,bci
AfriSpeech/baoule_bci,9. ?É yó sɛ naan y’a “wun Zoova i klun sa’n i wlɛ titi”? ( Efɛzifuɛ Mun 5:17 ),Baoulé,AfriSpeech,7.984,train,bci
AfriSpeech/baoule_bci,10. ?É yó sɛ naan y’a si akunndan nga Zoova bu’n?,Baoulé,AfriSpeech,6.287,train,bci
AfriSpeech/baoule_bci,11. ?Ngue yɛ Zoova kunndɛ-ɔ?,Baoulé,AfriSpeech,5.464,train,bci
AfriSpeech/baoule_bci,"12. ?Kannzɛ sa’m be ju mɛn’n nun’n, ngue yɛ e kwla yo naan y’a di aklunjɔɛ-ɔ? ( Matie 5:3 )",Baoulé,AfriSpeech,6.897,train,bci
AfriSpeech/baoule_bci,13. ?Wafa sɛ yɛ ‘e kwla fa e blɛ’n e yo ninnge nga be ti cinnjin’n’ niɔn?,Baoulé,AfriSpeech,8.09,train,bci
AfriSpeech/baoule_bci,"14. ?Kɛ e tu e klun e yo ninnge ng’ɔ fata kɛ e yo be Zoova i sulɛ’n nun’n, i su ye benin yɛ e ɲɛn i-ɔ? (An nian foto’n wie.)",Baoulé,AfriSpeech,11.115,train,bci
AfriSpeech/baoule_bci,"15. ?Kɛ e yo ninnge mun ngwlɛlɛ su’n, i su ye benin yɛ e ɲɛn i-ɔ? ( 1 Piɛli 4:7 )",Baoulé,AfriSpeech,7.003,train,bci
AfriSpeech/baoule_bci,"16. ?Kɛ ɔ ka kan bé wá kún Zezi’n, ngue yɛ ɔ yoli i cinnjin-ɔn?",Baoulé,AfriSpeech,8.382,train,bci
AfriSpeech/baoule_bci,17. (1) ?Ngue ti yɛ sran sunman be kɔ rezo sosio’m be su-ɔ? (2) ?Wafa sɛ yɛ i sɔ’n kwla yo maan e sie e ɲin nɲɔnnɲɔn Zoova i sulɛ’n nun-ɔn? (An nian foto’n wie.),Baoulé,AfriSpeech,15.333,train,bci
AfriSpeech/baoule_bci,"18. ?Sɛ e waan é yíyí e ɲin su’n, ngue ti yɛ ɔ fata kɛ e yo ninnge mun ngwlɛlɛ su-ɔ?",Baoulé,AfriSpeech,10.16,train,bci
AfriSpeech/baoule_bci,"19. ?Sɛ be ɲin su yiyilɛ’n ti e cinnjin dan’n, wafa sɛ yɛ i bo’n kwla gua-ɔ?",Baoulé,AfriSpeech,10.054,train,bci
AfriSpeech/baoule_bci,"20. ?Sɛ e kpalo ninnge nga be kwla yo maan e sie e ɲin nɲɔnnɲɔn’n, i su ye benin yɛ é ɲɛ́n i-ɔ?",Baoulé,AfriSpeech,9.443,train,bci
AfriSpeech/baoule_bci,"Sɛ e yo ninnge mun ngwlɛlɛ su’n, e su faman rezo sosio’m be su kɔlɛ’n nin be ɲin su yiyilɛ ninnge mun e ciciman e ti. (An nian ndɛ kpɔlɛ 17 nun.)",Baoulé,AfriSpeech,24.459,train,bci
AfriSpeech/baoule_bci,"AFUƐ 2026, MƐ 25-31",Baoulé,AfriSpeech,8.267,train,bci
AfriSpeech/baoule_bci,"“Sran ng’ɔ fa akunndan nanti sa kun nun’n, i bo’n gúa kpa mɛ́n i.” — ƝAN. 16:20 .",Baoulé,AfriSpeech,10.837,train,bci
AfriSpeech/baoule_bci,"JUE 135 Zoova waan: “Min wa, fa akunndan nanti”",Baoulé,AfriSpeech,6.25,train,bci
AfriSpeech/baoule_bci,Sɛ a fa akunndan nanti’n ‘i bo’n gúa kpa mán’ wɔ,Baoulé,AfriSpeech,5.518,train,bci
AfriSpeech/baoule_bci,"Sa kekle’m be nun’n, sɛ e fa blɛ bu akunndan kpa’n é kwlá yó sa ng’ɔ ti kpa’n.",Baoulé,AfriSpeech,7.915,train,bci
AfriSpeech/baoule_bci,"NÁN TU Ɔ WUN, YO WUN ASE KANFUƐ",Baoulé,AfriSpeech,5.692,train,bci
AfriSpeech/baoule_bci,"3 Kɛ ɔ ko yo naan y’a yo sa ng’ɔ ti su’n, ɔ fataman kɛ e tu e wun. ( 1 Piɛ. 5:5 ) I lɛ nun’n, sɛ e ti akunndanfuɛ’n, i sɔ’n kwla uka e kpa. Bian kun mɔ be flɛ i Naaman m’ɔ tran Siri’n i su ndɛ’n kle sɔ. Nvle sɔ’n wo Izraɛli nvle’n i nglo lɔ lika’n nun. Naaman ti sran dan, ɔ ti Sirifuɛ’m be sonja’m be su kpɛn. Sanngɛ tukpacɛ tɛ kpa kun yoli i. Tukpacɛ sɔ’n yɛle kokowe’n.— 2 Fam. 5:1 .",Baoulé,AfriSpeech,29.254,train,bci
AfriSpeech/baoule_bci,"NÁN Ɔ AWLƐN YO FUFU, YO WƐƐTƐFUƐ",Baoulé,AfriSpeech,4.789,train,bci
AfriSpeech/baoule_bci,"8 Sɛ e ti akunndanfuɛ’n, i sɔ’n kwla uka e naan sɛ sran wie yo e sa wie m’ɔ yo e ya’n, y’a tɛmɛn i su ya su. Sanngɛ nanwlɛ, i sɔ yolɛ’n timan pɔpɔ. I li sɛ ɔ kannin e ndɛ tɛ annzɛ ɔ buli e lufle’n, yɛ i sɔ yolɛ’n kwla yo kekle kpa-ɔ. ( Efɛ. 4:26 ) I sɔ’n ti’n, maan e fa e ɲin e sie i wafa nga sa kun nun’n, Davidi nin Abigaili be yoli akunndanfuɛ’n i su.",Baoulé,AfriSpeech,27.805,train,bci
AfriSpeech/baoule_bci,"NÁN YO SRONGBLE, LAFI ZOOVA SU",Baoulé,AfriSpeech,5.972,train,bci
AfriSpeech/baoule_bci,MAAN E YO AKUNNDANFUƐ TITI,Baoulé,AfriSpeech,4.183,train,bci
AfriSpeech/baoule_bci,?WAFA SƐ YƐ E KWLA KLE KƐ E TI AKUNNDANFUƐ KƐ ...,Baoulé,AfriSpeech,4.257,train,bci
AfriSpeech/baoule_bci,Davidi nin Abigaili be sa-ɔ?,Baoulé,AfriSpeech,3.186,train,bci
AfriSpeech/baoule_bci,"18 Maan e srɛ Zoova titi naan ɔ uka e naan e yo akunndanfuɛ. ( Jue. 14:2 ) I liɛ’n, e su yaciman ‘ngwlɛlɛ atin’n i su nantilɛ.’ ( Ɲan. 21:16 ) Kpɛkun é fúa kpa kɛ sa kwlaa nun nin blɛ kwlaa nun’n, é yó akunndanfuɛ. Ɔ maan like kwlaa nga é yó’n ‘i bo’n gúa kpa mán e.’",Baoulé,AfriSpeech,22.752,train,bci
AfriSpeech/baoule_bci,"1-2. (1) ?Kɛ be se kɛ sran kun ti akunndanfuɛ’n, i bo’n yɛle benin? (2) ?Yɛ wafa yɛ sɛ nzuɛn sɔ’n kwla uka e-ɔ?",Baoulé,AfriSpeech,16.01,train,bci
AfriSpeech/baoule_bci,3. ?Wan yɛle Naaman?,Baoulé,AfriSpeech,6.535,train,bci
AfriSpeech/baoule_bci,"4. ?Wafa sɛ yɛ Naaman kleli kɛ, kɛ be kan ndɛ kle i’n ɔ bu i sin-ɔn?",Baoulé,AfriSpeech,11.151,train,bci
AfriSpeech/baoule_bci,"5. ?Kɛ Naaman juli Izraɛli lɔ’n, sa benin yɛ ɔ juli-ɔ?",Baoulé,AfriSpeech,10.043,train,bci
AfriSpeech/baoule_bci,"6. (1) ?Atrɛkpa’n, ngue ti yɛ Naaman waan ɔ faman Elize i ndɛ’n su-ɔ? (2) ?Sa sɔ’n nun’n, wafa sɛ yɛ Naaman i sufuɛ’m be kleli kɛ be ti akunndanfuɛ-ɔ? (3) ?Yɛ wafa sɛ yɛ i bo’n guali-ɔ? ( 2 Famiɛn Mun 5:​13, 14 )",Baoulé,AfriSpeech,24.337,train,bci
AfriSpeech/baoule_bci,JUE 42 Ɲanmiɛn i sufuɛ’n i srɛlɛ’n,Baoulé,AfriSpeech,5.073,train,bci
AfriSpeech/baoule_bci,7. ?Ngue yɛ Naaman i su ndɛ’n kle e-ɔ? ( Ɲanndra Mun 22:4 ) (An nian desɛn mun wie.),Baoulé,AfriSpeech,7.53,train,bci
AfriSpeech/baoule_bci,9. ?Ngue sa yɛ Nabali yoli Davidi-ɔ?,Baoulé,AfriSpeech,7.145,train,bci
AfriSpeech/baoule_bci,"8. ?Sa benin’m be nun yɛ kɛ ɔ yo naan e yo wɛtɛɛfuɛ’n, ɔ kwla yo kekle-ɔ?",Baoulé,AfriSpeech,9.421,train,bci
AfriSpeech/baoule_bci,"10. ?Wafa sɛ yɛ Davidi nin Abigaili be kleli kɛ be ti akunndanfuɛ-ɔ? ( 1 Samiɛli 25:​32, 33 ) (An nian desɛn’n wie.)",Baoulé,AfriSpeech,9.065,train,bci
AfriSpeech/baoule_bci,"11. ?Wafa sɛ yɛ sɛ e ti akunndanfuɛ’n, i sɔ’n kwla uka e-ɔ? ( Ɲanndra Mun 19:11 )",Baoulé,AfriSpeech,9.407,train,bci
AfriSpeech/baoule_bci,"13. ?Sɛ sa wie ti’n srɛ kun e’n, ngue ti yɛ ɔ fata kɛ e yo akunndanfuɛ-ɔ?",Baoulé,AfriSpeech,10.062,train,bci
AfriSpeech/baoule_bci,12. ?Wafa sɛ yɛ e wiengu’m be kwla uka e naan y’a yo wɛtɛɛfuɛ nin akunndanfuɛ-ɔ?,Baoulé,AfriSpeech,9.596,train,bci
AfriSpeech/baoule_bci,"14. ?Kɛ Zoova mannin Zonasi i junman’n, ngue ti yɛ srɛ kunnin i-ɔ?",Baoulé,AfriSpeech,9.325,train,bci
AfriSpeech/baoule_bci,15. ?Ngue yɛ ɔ ukali Zonasi naan w’a lafi Zoova su kpa-ɔ? ( Zonasi 2:​6-9 ),Baoulé,AfriSpeech,7.556,train,bci
AfriSpeech/baoule_bci,"16. ?Sɛ sa wie ti’n srɛ kun e’n, ngue yɛ ɔ kwla uka e-ɔ? ( Ɲanndra Mun 29:25 ) (An nian foto mun wie.)",Baoulé,AfriSpeech,8.479,train,bci
AfriSpeech/baoule_bci,17. ?É yó sɛ naan y’a yo akunndanfuɛ?,Baoulé,AfriSpeech,7.299,train,bci
AfriSpeech/baoule_bci,18. ?Ngue yɛ w’a fua kpa kɛ á yó-ɔ?,Baoulé,AfriSpeech,7.225,train,bci
AfriSpeech/baoule_bci,"Kɛ mɔ Davidi nin Abigaili be yoli akunndanfuɛ’n ti’n, sran w’a wuman. (An nian ndɛ kpɔlɛ 10 nun.)",Baoulé,AfriSpeech,25.361,train,bci
AfriSpeech/baoule_bci,"‘Kɛ sran’m be kpɔ amun’n, amun liɛ su ti ye.’ — LIK. 6:22 .",Baoulé,AfriSpeech,8.287,train,bci
AfriSpeech/baoule_bci,?Kɛ sran’m be kpɔ e’n ngue ti yɛ e kwla di aklunjɔɛ-ɔ?,Baoulé,AfriSpeech,3.447,train,bci
AfriSpeech/baoule_bci,"AFUƐ 2026, ZUƐN 1-7",Baoulé,AfriSpeech,6.64,train,bci
AfriSpeech/baoule_bci,JUE 111 E aklunjuɛ’n i bo’n,Baoulé,AfriSpeech,4.643,train,bci
AfriSpeech/baoule_bci,"Kannzɛ Zoova i sulɛ’n ti’n, sran’m be kpɔ e’n e kwla di aklunjɔɛ.",Baoulé,AfriSpeech,4.82,train,bci
AfriSpeech/baoule_bci,?NGUE TI YƐ SRAN’M BE KPƆ E-Ɔ?,Baoulé,AfriSpeech,3.047,train,bci
AfriSpeech/baoule_bci,SA NGA TI YƐ KƐ BE KPƆ E’N E KWLA DI AKLUNJƆƐ’N,Baoulé,AfriSpeech,10.012,train,bci
AfriSpeech/baoule_bci,"13 Kɛ be kpɔ e’n, Zoova nin e niaan’m be klolɛ’n kwla uka e naan y’a jran kekle. Lele mɔ Zezi fá wú’n w’a yaciman i Si i klolɛ le. Asa’n, Zezi kloli i janvuɛ mun wie. ( Zan 13:1; 15:13 ) Kɛ Zezi sa’n, sɛ e klo Zoova nin e niaan mun’n é kwlá jrán kpɔlɛ mɔ sran’m be kpɔ e’n i ɲrun kekle. ?Wafa sɛ? Maan e fa e ɲin sie i akoto Pɔlu i su ndɛ’n su naan y’a wun i wlɛ.",Baoulé,AfriSpeech,24.402,train,bci
AfriSpeech/baoule_bci,"17 Ka naan b’a kun Zezi’n, kɔnguɛ’n ɔ seli i sɔnnzɔnfuɛ’m be kɛ: “Sran ng’ɔ klo min’n, min Si kusu kló i wie. Ń kló i.” ( Zan 14:21 ) Cɛn wie lele’n sran’m be su kpɔman e Zoova mɔ e su i’n ti. Sanngɛ klolɛ cɛ yɛ bé kló e-ɔ. Nanwlɛ, e ɲin o blɛ sɔ’n i sin kpa! (2  Tes. 1:​6-8) Sanngɛ dɔ nga su’n, nán e wla fi sa nga ti yɛ kannzɛ be kpɔ e’n e kwla di aklunjɔɛ’n be su.",Baoulé,AfriSpeech,26.888,train,bci
AfriSpeech/baoule_bci,?Wafa sɛ yɛ klolɛ mɔ e klo e wiengu’n ɔ ti dan tra kpɔlɛ mɔ sran’m be kpɔ e’n niɔn?,Baoulé,AfriSpeech,4.942,train,bci
AfriSpeech/baoule_bci,1. ?Ngue ndɛ yɛ Zezi kannin m’ɔ kwla bo e nuan-ɔn?,Baoulé,AfriSpeech,6.593,train,bci
AfriSpeech/baoule_bci,"2-3. (1) ?Sa benin ti yɛ sran’m be kle Klisifuɛ’m be yalɛ-ɔ? (2) ?Kɛ mɔ e si sɔ’n ti’n, wafa sɛ yɛ e nin be nga be kpɔ e’n e tran-ɔn? ( Zan 16:​2, 3 )",Baoulé,AfriSpeech,16.144,train,bci
AfriSpeech/baoule_bci,4. ?Ngue yɛ Zezi nin Etiɛnin be su ndɛ’n kle e-ɔ? (An nian foto’n wie.),Baoulé,AfriSpeech,7.68,train,bci
AfriSpeech/baoule_bci,?Ngue ti yɛ kɛ be kpɔ e’n e kwla di aklunjɔɛ-ɔ?,Baoulé,AfriSpeech,3.784,train,bci
AfriSpeech/baoule_bci,JUE 149 Kwlalɛ jue,Baoulé,AfriSpeech,4.114,train,bci
AfriSpeech/baoule_bci,5. ?Ngue yɛ Sezaa i su ndɛ’n kle e-ɔ?,Baoulé,AfriSpeech,6.183,train,bci
AfriSpeech/baoule_bci,"6. ?Kɛ nga Marki 13:13 fa kan’n sa’n, sa benin ekun ti yɛ sran’m be kpɔ e-ɔ?",Baoulé,AfriSpeech,10.58,train,bci
AfriSpeech/baoule_bci,7-8. ?Sa uflɛ benin ti yɛ be kpɔ e-ɔ? ( Zan 15:​18-20 ) (An nian foto mun wie.),Baoulé,AfriSpeech,6.808,train,bci
AfriSpeech/baoule_bci,11. ?Wafa sɛ yɛ yalɛ nga be kle e’n kwla uka e naan y’a lafi Ɲanmiɛn su kpa-ɔ? An fa sa kun yiyi nun.,Baoulé,AfriSpeech,3.77,train,bci
AfriSpeech/baoule_bci,9-10. (1) ?Wafa sɛ yɛ e kwla kle ekun kɛ e timan mɛn nunfuɛ-ɔ? (2) ?Ajalɛ benin yɛ akoto Pɔlu i su ndɛ’n kle e-ɔ?,Baoulé,AfriSpeech,14.965,train,bci
AfriSpeech/baoule_bci,12. ?Ngue yɛ ɔ ukali aniaan bian kun naan w’a jran yalɛ klelɛ’n i ɲrun kekle-ɔ?,Baoulé,AfriSpeech,7.286,train,bci
AfriSpeech/baoule_bci,13. ?Kɛ be kpɔ e’n ngue yɛ ɔ kwla uka e naan y’a jran kekle-ɔ?,Baoulé,AfriSpeech,6.808,train,bci
AfriSpeech/baoule_bci,"14. ?Kannzɛ Pɔlu si kɛ be kwla kun i’n, ngue yɛ ɔ ukɛli i naan w’a jran kekle-ɔ?",Baoulé,AfriSpeech,8.788,train,bci
AfriSpeech/baoule_bci,"15. ?Wafa sɛ yɛ andɛ’n, aniaan’m be kle kɛ be klo be wiengu-ɔ? (An nian foto’n wie.)",Baoulé,AfriSpeech,8.109,train,bci
AfriSpeech/baoule_bci,16. ?Ngue ti yɛ akoto Piɛli seli kɛ be nga Ɲanmiɛn mɔ be su i ti’n be kle be yalɛ’n be liɛ su ti ye-ɔ? ( 1 Piɛli 4:14 ),Baoulé,AfriSpeech,11.043,train,bci
AfriSpeech/baoule_bci,Zezi nin Etiɛnin be srɛli Ɲanmiɛn mannin be nga be kleli be ɲrɛnnɛn’n. E kusu e kwla yo sɔ wie. (An nian ndɛ kpɔlɛ 4 nun.),Baoulé,AfriSpeech,20.744,train,bci
AfriSpeech/baoule_bci,"17. ?Ka naan b’a kun Zezi’n, kɔnguɛ’n ngue ndɛ yɛ ɔ kan kleli i sɔnnzɔnfuɛ mun-ɔn?",Baoulé,AfriSpeech,8.679,train,bci
AfriSpeech/baoule_bci,Kɛ be tannin e jasin fɛ bolɛ’n bɔbɔ’n aniaan’m be yi be wiengu klolɛ’n i nglo. (An nian ndɛ kpɔlɛ 15 nun.) c,Baoulé,AfriSpeech,25.177,train,bci
AfriSpeech/baoule_bci,Zoova boli min like klelɛ bo min gbanflɛn nun,Baoulé,AfriSpeech,4.422,train,bci
AfriSpeech/baoule_bci,SRAN WIE’M BE SU NDƐ,Baoulé,AfriSpeech,3.737,train,bci
AfriSpeech/baoule_bci,SRAN NG’Ɔ KAN NDƐ’N YƐLE DAVIDI SIPLENIN,Baoulé,AfriSpeech,15.019,train,bci
AfriSpeech/baoule_bci,"Blɛ sɔ’n nun’n, kɛ bé yó Ɲanmiɛn junman dilɛ suklu’n, be dun mmua bo aniaan nga bé dí junman’n be dunman. Kpɛkun kɛ sran kun ti i dunman’n, ɔ tɛ su kɛ: “N o lɛ.” Cɛn kun’n, n seli aniaan kun kɛ ɔ bo min dunman aɲia ng’ɔ́ bá lɛ’n i bo wie. Aniaan’n yoli min mo, sanngɛ w’a usaman min sɛ n wun i sɔ liɛ’n i wlɛ kpa-o.",Baoulé,AfriSpeech,26.18,train,bci
AfriSpeech/baoule_bci,BE KLELI MIN LIKE TITI,Baoulé,AfriSpeech,4.353,train,bci
AfriSpeech/baoule_bci,ATIN BOLƐ JUNMAN’N MAN AKLUNJƆƐ,Baoulé,AfriSpeech,5.027,train,bci
AfriSpeech/baoule_bci,"Kapukasi lɔ tranlɛ’n w’a yoman pɔpɔ. Ayrɛ blɛ nun’n, lika’n jɔ lelele. Blɛ sunman’n e nin Daniɛli e nanti kɔ lika kwlaa. Sanngɛ ninnge nga be mannin min aklunjɔɛ lɔ’n, i kun yɛle kɛ n wunnin aniaan bla kun mɔ be flɛ i Linda Kolu’n. Kɛ ɔ́ kɔ́ i ɲrun’n, n ma jɛli i.",Baoulé,AfriSpeech,21.15,train,bci
AfriSpeech/baoule_bci,BE FA MIN ƆLI SENEGALI,Baoulé,AfriSpeech,4.159,train,bci
AfriSpeech/baoule_bci,"Ninnge nga be kleli e Galaadi suklu’n i bo’n, i kun yɛle wafa nga e nin be nga be le aladio sua nin televiziɔn sua nin zronali mun’n, e kwla koko yalɛ’n. N kloli like nga be kleli e’n i kpa. Blɛ sɔ’n nun’n, n siman kɛ like nga be kle e’n, ɔ́ wá úka min dan. E ɲrun lɔ’n, ń má yíyí i sɔ liɛ’n nun kpa ń klé amun.",Baoulé,AfriSpeech,25.669,train,bci
AfriSpeech/baoule_bci,"Kɛ e wieli Galaadi suklu’n i di’n, w’a cɛman, be fali e nin aniaan bian kun mɔ be flɛ i Maikɔlu Olu’n ɔli Senegali. Nvle sɔ’n o sran ble mɛn’n nun. Blɛ sɔ’n nun’n, jasin bofuɛ nga be o lɔ’n be ti sran kɔe 100.",Baoulé,AfriSpeech,19.335,train,bci
AfriSpeech/baoule_bci,"Kɛ ń má sá min sin ngaliɛ difuɛ’m be awlo lɔ nnɔsua nun’n, aniaan bian Paterakisi mannin min anvelɔpu kun. Kpɛkun ɔ seli min kɛ: “Davidi, Anuannzɛ’n klɛli ɔ fluwa.” Kɛ n ma tikeli anvelɔpu’n su’n, ń nían-ɔn, fluwa nga n klɛli be’n i kun yɛ. I sɔ’n kleli min kɛ kannzɛ Betɛli’n ti kaan-o, annzɛ ɔ ti dan-o, maan n bu i like dan.",Baoulé,AfriSpeech,25.624,train,bci
AfriSpeech/baoule_bci,E YOLI ATIN BOFUƐ NUVO BRƆNSWIKI NIN KEBƐKI LƆ,Baoulé,AfriSpeech,6.052,train,bci
AfriSpeech/baoule_bci,"Kɛ e dili afuɛ kɔe kun lika sɔ’n nun lɔ’n, be seli e kɛ e ko suan asɔnun bo dan kun bo Kebɛki klɔ’n su lɔ. Aniaan nga be o lɔ’n, be klun ti ufue dan. E dili anglo nsiɛn lɔ, kpɛkun be seli e kɛ e ko di akpasua sunianfuɛ junman’n.",Baoulé,AfriSpeech,19.95,train,bci
AfriSpeech/baoule_bci,E WLA KPƐN ANIAAN NGA BE TULI BE KLUN BE DILI JUNMAN’N BE SU,Baoulé,AfriSpeech,5.965,train,bci
AfriSpeech/baoule_bci,"E dili akpasua sunianfuɛ junman’n Kebɛki asa’n su lɔ afuɛ 14. E dili aklunjɔɛ dan. Jasin fɛ nga be boli i Kebɛki lɔ’n ɔ bali nvlɛ kpa. Kɛ e kɔ asɔnun bo’m be nun’n, e wun kɛ awlobo sunman be nunfuɛ’m be su suan Biblu’n nun like naan be yo be batɛmun.",Baoulé,AfriSpeech,21.888,train,bci
AfriSpeech/baoule_bci,"I nun mɔ é dí akpasua sunianfuɛ junman’n, blɛ sunman’n Fue cɛn nglɛmun’n e nin gbanflɛn nin talua kanngan mun yɛ e bo jasin fɛ’n niɔn. I sɔ’n ukali e naan y’a si sa ng’ɔ o be su’n. Kɛ é sé yɛ’n, gbanflɛn nin talua sɔ’m be nun wie’m be ti ngaliɛ difuɛ nvle uflɛ nun, yɛ wie’m be di junman uflɛ wie mun anuannzɛ’n nun.",Baoulé,AfriSpeech,23.911,train,bci
AfriSpeech/baoule_bci,LIKE NGA ANIAAN WIE’M BE KLELI MIN’N,Baoulé,AfriSpeech,3.695,train,bci
AfriSpeech/baoule_bci,"Blɛ sɔ’n nun’n, asɔnun bo wie’m be kwlá yiman sika nga e fa tuali loto kpa’n be manman e. I sɔ’n ti’n, wie liɛ’n kɛ anglo’n wá wíe’n, sika nunman e sa nun kun. Kɛ ɔ ko yo sɔ’n, ɔ fata kɛ e fa e wla’n kwlaa e guɛ i Zoova su. Afin i kunngba yɛ ɔ si kɛ e mian ukalɛ wun-ɔn. Zoova kusu w’a yiman e ase le. Ɔ maan e kwla tuli ajalɛ ɔli asɔnun’m be bo suanlɛ titi.",Baoulé,AfriSpeech,28.48,train,bci
AfriSpeech/baoule_bci,E KO TRANNIN ETAZININ,Baoulé,AfriSpeech,3.143,train,bci
AfriSpeech/baoule_bci,"Kɛ e nin aniaan wun ase kanfuɛ nga be nian fluwa klɛlɛ junman’n su e di junman likawlɛ’n, i sɔ’n ti min cenjele like. Be srɛ Zoova titi kɛ ɔ uka be naan b’a kwla di be junman’n. Yɛ be wun i wlɛ kɛ Zoova i wawɛ’n ti yɛ maan be kwla di be junman’n niɔn, naan nán be bɔbɔ be fanngan nun-ɔn.",Baoulé,AfriSpeech,20.93,train,bci
AfriSpeech/baoule_bci,"E nin min wiengu ngaliɛ difuɛ mun, e o Senegali afuɛ 1967 nun.",Baoulé,AfriSpeech,17.313,train,bci
AfriSpeech/baoule_bci,"Kɛ e jali’n, afuɛ 1969",Baoulé,AfriSpeech,21.155,train,bci
AfriSpeech/baoule_bci,E nin Jɔnun Bar nin i yi Mildrɛdi,Baoulé,AfriSpeech,9.865,train,bci
AfriSpeech/baoule_bci,Ɔ su tinngɛ aniaan wie mɔ be su to anuannzɛ’n i jue mun’n afuɛ 2009 nun.,Baoulé,AfriSpeech,19.226,train,bci
AfriSpeech/baoule_bci,Ɔ su fa Biblu’n cɛcɛ aniaan mun Kore lɔ aɲia dan kun bo afuɛ 2014 nun.,Baoulé,AfriSpeech,16.932,train,bci
AfriSpeech/baoule_bci,"Kɛ n bu afuɛ kɔe 80 nga be sinnin lɛ’n be akunndan’n, n la Ɲanmiɛn ase. N kwla kan ndɛ nga Ɲanmiɛn i sufuɛ kun kannin’n wie. Ɔ seli kɛ: “Ee Ɲanmiɛn, kɛ ɔ fɛ i min kaan nun’n, a kleli min like, yɛ lele nin andɛ’n, n te kan ɔ abonuan sa’m be ndɛ.” ( Jue. 71:17 ) N kunndɛ kɛ ń yó sɔ lele naan m’an wu.",Baoulé,AfriSpeech,29.995,train,bci
AfriSpeech/baoule_bci,“Ɲanmiɛn m’ɔ di nanwlɛ’n” yia nda ng’ɔ ta be’n be nuan titi,Baoulé,AfriSpeech,4.615,train,bci
AfriSpeech/baoule_bci,JUE 8 Zoova ti e fiawlɛ,Baoulé,AfriSpeech,3.924,train,bci
AfriSpeech/baoule_bci,"AFUƐ 2026, ZUƐN 8-14",Baoulé,AfriSpeech,7.135,train,bci
AfriSpeech/baoule_bci,"“Ee Zoova, Ɲanmiɛn m’ɔ di nanwlɛ’n, a kpɔli min ti.” — JUE. 31:5 .",Baoulé,AfriSpeech,10.372,train,bci
AfriSpeech/baoule_bci,E kwla lafi su kɛ Zoova yía nda kwlaa ng’ɔ tali be’n be nuan. Yɛ ɔ cɛ kan’n Ɲanmiɛn Sielɛ’n wá yó maan Satan su lakaman sran’m be kun.,Baoulé,AfriSpeech,9.639,train,bci
AfriSpeech/baoule_bci,SA NGA TI YƐ E KWLA FA E WLA’N E GUA ƝANMIƐN M’Ɔ DI NANWLƐ’N I SU’N,Baoulé,AfriSpeech,5.748,train,bci
AfriSpeech/baoule_bci,"2 Like suanlɛ nga nun’n, é wá kán sa nga ti yɛ e kwla fa e wla’n kwlaa e guɛ i Zoova su’n i ndɛ. I sin’n, é wá wún wafa nga Zoova wá yó naan w’a nunnun Satan i mɛn’n, ɔ nin like ng’ɔ su yo i dɔ nga su naan i klun sa’n w’a kpɛn su’n. I kwlaa sɔ’n wlá e fanngan kpa naan y’a kan Zoova i ndɛ juejue su y’a kle sran mun.",Baoulé,AfriSpeech,21.509,train,bci
AfriSpeech/baoule_bci,ƝANMIƐN M’Ɔ DI NANWLƐ’N Ɔ YIA NDƐ NG’Ɔ KAN’N I NUAN TITI,Baoulé,AfriSpeech,4.94,train,bci
AfriSpeech/baoule_bci,"7 Anzi wie mun nin klɔ sran kpanngban kpa be suli Satan m’ɔ ti suɛn tɔnfuɛ’n i su. Kɛ mɔ be tanndan Ɲanmiɛn ɲrun’n ti’n, be o Satan sin. Sanngɛ blɛ nga Ɲanmiɛn sieli’n nun’n, bé wá núnnún Satan nin be kwlaa nga be o i sin’n.— Dan. 2:44; Rɔm. 16:20 .",Baoulé,AfriSpeech,15.421,train,bci
AfriSpeech/baoule_bci,ƝANMIƐN M’Ɔ DI NANWLƐ’N Ɔ SU YIAYIA BE KWLAA NGA BE KLO NANWLƐ’N,Baoulé,AfriSpeech,4.998,train,bci
AfriSpeech/baoule_bci,E LAFI SU KƐ E ƝRUN LƆ’N YÓ KPA,Baoulé,AfriSpeech,3.156,train,bci
AfriSpeech/baoule_bci,"13 Satan m’ɔ ti suɛn tɔnfuɛ’n w’a fa ya dan kpa. Afin ɔ si kɛ be su wa nunnun i mɛn’n naan “ i blɛ’n w’a sɔnman kun.” ( Ngl. 12:​12, 13 ) Be nga Ɲanmiɛn kpali be mɔ bé kó dí famiɛn ɲanmiɛn su lɔ “mɔ be nanti Ɲanmiɛn i mmla’m be su’n, mɔ be kan Zezi i ndɛ’n,” Satan fɛ i ɲin ci be dan. ( Ngl. 12:17; 14:12 ) Yɛ sran kwlaa ng’ɔ suan be bo’n, Satan fɛ i ɲin ci i wie.",Baoulé,AfriSpeech,29.314,train,bci
AfriSpeech/baoule_bci,"14 Kɛ be ko nunnun Babilɔnin klɔ dan’n, Satan i sran’m bé wá kúnndɛ kɛ bé núnnún Zoova i sufuɛ mun. I lɛ nun yɛ Aamagedɔn alɛ’n bó i bo-ɔ. ( Ngl. 16:​13, 14, 16 ) Zezi nin i sonja nga be o ɲanmiɛn su lɔ’n, bé dé Zoova i sufuɛ mun, kpɛkun bé núnnún Satan i mɛn’n nun ninnge nga be kali lɛ’n. ( Ngl. 19:​19-21 ) Gblɛfuɛ mun, nin klunwifuɛ mun nin sran tɛtɛ’m be kwlaa be su tranman lɛ kun. ( Ngl. 21:8 ) Sran kwlaa sí kɛ Zoova yo sa i nuan su titi naan ɔ di nanwlɛ titi.",Baoulé,AfriSpeech,28.544,train,bci
AfriSpeech/baoule_bci,?Ngue ti yɛ e kwla fa e wla’n e gua “Ɲanmiɛn m’ɔ di nanwlɛ’n” su-ɔ?,Baoulé,AfriSpeech,4.668,train,bci
AfriSpeech/baoule_bci,1. ?Ngue ti yɛ e kwla fa e wla’n e gua Zoova su-ɔ? ( Jue Mun 31:​2-5 ),Baoulé,AfriSpeech,7.847,train,bci
AfriSpeech/baoule_bci,2. ?Ngue yɛ é wá wún i like suanlɛ nga nun-ɔn?,Baoulé,AfriSpeech,6.038,train,bci
AfriSpeech/baoule_bci,?Wafa sɛ yɛ Zoova wá núnnún Satan i mɛn’n niɔn? ?Yɛ ngue yɛ ɔ su yo i dɔ nga su naan i klun sa’n w’a kpɛn su-ɔ?,Baoulé,AfriSpeech,7.772,train,bci
AfriSpeech/baoule_bci,?Ngue ti yɛ e kwla lafi su kɛ e ɲrun lɔ’n yó kpa-ɔ?,Baoulé,AfriSpeech,3.713,train,bci
AfriSpeech/baoule_bci,JUE 2 Ɔ dunman’n yɛle Zoova,Baoulé,AfriSpeech,4.244,train,bci
AfriSpeech/baoule_bci,3. ?Ngue ti yɛ e kwla fa e wla’n kwlaa e guɛ i Zoova su-ɔ?,Baoulé,AfriSpeech,7.508,train,bci
AfriSpeech/baoule_bci,4. ?Ngue ti yɛ e si kɛ Zoova klo e-ɔ?,Baoulé,AfriSpeech,5.683,train,bci
AfriSpeech/baoule_bci,"6. ?Kɛ be yoli ɲin kekle Edɛnin fie’n nun lɔ’n, ngue ndɛ yɛ Zoova kannin-ɔn?",Baoulé,AfriSpeech,7.928,train,bci
AfriSpeech/baoule_bci,"5. (1) ?Kɛ Adan nin Ɛvu be yoli sa tɛ’n, wafa sɛ yɛ Zoova kleli kɛ, kɛ ɔ kan ndɛ kun’n, ɔ yiɛ i nuan-ɔn? (2) ?Ndɛ benin wie mun yɛ Ɲanmiɛn kannin be m’ɔ yiali be nuan-ɔn? (An nian kuku “ Ɲanmiɛn di nanwlɛ titi ” nun.)",Baoulé,AfriSpeech,16.664,train,bci
AfriSpeech/baoule_bci,7. (1) ?Wan mun yɛ be o Satan sin-ɔn? (2) ?Sa benin yɛ ɔ́ wá jú be su-ɔ?,Baoulé,AfriSpeech,11.545,train,bci
AfriSpeech/baoule_bci,"8. ?Afuɛ 1914 nun’n, ngue yɛ Zezi yoli-ɔ? (An nian desɛn’n nin foto mun wie.)",Baoulé,AfriSpeech,7.395,train,bci
AfriSpeech/baoule_bci,9. ?Wan mun yɛ Zoova su yiayia be andɛ-ɔ?,Baoulé,AfriSpeech,5.761,train,bci
AfriSpeech/baoule_bci,"10. ?Wafa sɛ yɛ Zoova uka sran mun naan b’a ɲan be ti Ɲanmiɛn sulɛ wafa nga be timan su’n be sa nun-ɔn? ( Sa Nglo Yilɛ 14:​6, 7 )",Baoulé,AfriSpeech,10.56,train,bci
AfriSpeech/baoule_bci,11. ?Wafa sɛ yɛ e kwla wun Ɲanmiɛn i sufuɛ kpafuɛ’m be wlɛ-ɔ?,Baoulé,AfriSpeech,6.744,train,bci
AfriSpeech/baoule_bci,"12. ?Wafa sɛ yɛ jasin fɛ mɔ e bo’n, ɔ yo maan Zoova i klun sa’n kpɛn su-ɔ?",Baoulé,AfriSpeech,8.594,train,bci
AfriSpeech/baoule_bci,13. (1) ?Wan mun yɛ Satan fɛ i ɲin ci be kpa-ɔ? (2) ?Yɛ ngue ti yɛ Satan yo sɔ-ɔ?,Baoulé,AfriSpeech,11.247,train,bci
AfriSpeech/baoule_bci,"14. ?Kɛ Satan wá kúnndɛ kɛ ɔ́ núnnún Zoova i sufuɛ mun’n, sa benin yɛ ɔ́ jú-ɔ? (An nian desɛn’n wie.)",Baoulé,AfriSpeech,9.205,train,bci
AfriSpeech/baoule_bci,"15. ?Ngue ti yɛ e si kɛ e ɲrun lɔ’n yó kpa-ɔ? ( Ezai 65:​16, 17 ) (An nian desɛn’n wie.)",Baoulé,AfriSpeech,6.896,train,bci
AfriSpeech/baoule_bci,Maan e fa e ɲin e sie i nda nga Zoova tali be m’ɔ yiali be nuan’n be nun wie’m be su:,Baoulé,AfriSpeech,6.588,train,bci
AfriSpeech/baoule_bci,Ɲanmiɛn di nanwlɛ tititi,Baoulé,AfriSpeech,5.021,train,bci
AfriSpeech/baoule_bci,16. ?Ngue ti yɛ e kwla fa e wla’n kwlaa e gua Zoova su-ɔ?,Baoulé,AfriSpeech,7.587,train,bci
AfriSpeech/baoule_bci,"Ɔ tali nda kɛ Mesi’n bá naan ɔ́ dé klɔ sran mun sa tɛ’n nin wie’n be sa nun.— Eza. 53:​11, 12 .",Baoulé,AfriSpeech,7.056,train,bci
AfriSpeech/baoule_bci,"Ɔ tali Moizi i nda kɛ Izraɛlifuɛ’m bé trán be bɔbɔ be asiɛ’n su, naan bé ɲán aliɛ kpakpa’m bé dí i lɔ.— Tul. 3:​6-8; Mml. 27:3 .",Baoulé,AfriSpeech,8.153,train,bci
AfriSpeech/baoule_bci,?Nda nga Zoova tali be mɔ be kpɛnnin su’n i wie ekun o lɛ mɔ a si i-ɔ?,Baoulé,AfriSpeech,5.361,train,bci
AfriSpeech/baoule_bci,Ɔ tali nda kɛ bé wá bó jasin fɛ’n asiɛ wunmuan’n su naan sran’m be si i kwlaa naan mɛn’n i awieliɛ’n w’a ju.— Mat. 24:14 .,Baoulé,AfriSpeech,9.494,train,bci
AfriSpeech/baoule_bci,"Kɛ ɔ fɛ i afuɛ 1914 nun’n, mɛn’n w’a saci tɛtɛ kpa. (An nian ndɛ kpɔlɛ 8 nun.)",Baoulé,AfriSpeech,9.535,train,bci
AfriSpeech/baoule_bci,"Zezi nin i sonja mɔ be o ɲanmiɛn su lɔ’n, be su kun Aamagedɔn alɛ’n naan bé núnnún Ɲanmiɛn i kpɔfuɛ mun. (An nian ndɛ kpɔlɛ 14 nun.)",Baoulé,AfriSpeech,29.978,train,bci
AfriSpeech/baoule_bci,"Mɛn uflɛ’n nun lɔ’n, e wla su kpɛnman sa nga be o e su andɛ’n be su kun. (An nian ndɛ kpɔlɛ 15 nun.)",Baoulé,AfriSpeech,13.015,train,bci
AfriSpeech/baoule_bci,"AFUƐ 2026, ZUƐN 15-21",Baoulé,AfriSpeech,7.346,train,bci
AfriSpeech/baoule_bci,?Wafa sɛ yɛ ɔ fata kɛ e bu sa nga be tɔ e su’n niɔn?,Baoulé,AfriSpeech,3.698,train,bci
AfriSpeech/baoule_bci,"“Ɲrɛnnɛn nin sa kekle’m be tɔ min su, sanngɛ n klo ɔ mmla mun titi.” — JUE. 119:143 .",Baoulé,AfriSpeech,11.574,train,bci
AfriSpeech/baoule_bci,"JUE 122 An jran kekle, nán amun wun usu amun!",Baoulé,AfriSpeech,5.891,train,bci
AfriSpeech/baoule_bci,"Sɛ e bu sa nga be tɔ e su’n be su akunndan kɛ ng’ɔ nin fata’n sa’n, i sɔ’n kwla uka e naan y’a kwla jran be ɲrun kekle.",Baoulé,AfriSpeech,7.781,train,bci
AfriSpeech/baoule_bci,WAFA NG’Ɔ FATA KƐ E BU SA NGA BE TƆ E SU’N,Baoulé,AfriSpeech,3.375,train,bci
AfriSpeech/baoule_bci,"?DƆ NGA su’n, sran wie yoli wɔ sa wie m’ɔ timan su-ɔ? ?Annzɛ Zoova mɔ a su i’n ti’n, ɔ osufuɛ’m be kle wɔ yalɛ annzɛ be tanndan ɔ ɲrun? ?Tukpacɛ wie kle ɔ yalɛ annzɛ kusu kpɛnngbɛn mɔ w’a yo’n ti’n a wunman ɔ wun fɛ? ?Annzɛ kusu ɔ awlɛn su sran wie w’a wu? Kɛ Zoova i sufuɛ sunman sa’n, atrɛkpa’n “ɲrɛnnɛn nin awlabɔɛ ngunmin” yɛ be o ɔ su-ɔ.— Jue. 90:10 .",Baoulé,AfriSpeech,28.798,train,bci
AfriSpeech/baoule_bci,SƐ E BUMAN BE SU AKUNNDAN KƐ Ɔ NIN I FATA’N SA’N I BO’N KWLA GUA TƐ,Baoulé,AfriSpeech,4.585,train,bci
AfriSpeech/baoule_bci,"10 Kannzɛ e si kɛ nán Zoova ti yɛ e wun ɲrɛnnɛn’n, sanngɛ e kwla bu i kɛ e ndɛ lomɛn i. Sɛ e bu i sɔ’n, ɔ cɛman naan e sa sin w’a bubu e. ( Ɲan. 24:10 ) Sa kekle wie’m be tɔli famiɛn Davidi nin Ɲanmiɛn nuan ijɔfuɛ Abakiki be su. Ɔ maan blɛ wie nun’n be usali be wun sɛ Zoova tie be srɛlɛ mun-o. ( Jue. 10:1; Aba. 1:2 ) Ɔ nin i sɔ ngba’n b’a yaciman Ɲanmiɛn srɛlɛ. Zoova tɛli be srɛlɛ’n su yɛ ɔ suannin be bo. Ɔ́ yó i sɔ’n wie mán e.— Jue. 10:17 .",Baoulé,AfriSpeech,28.267,train,bci
AfriSpeech/baoule_bci,"KƐ SA’M BE TƆ E SU’N, NINNGE NGA E KWLA YO BE’N",Baoulé,AfriSpeech,3.495,train,bci
AfriSpeech/baoule_bci,"13 A si sa nga be tɔ e su’n be su ndɛ nga Biblu’n kan’n. Yɛ atrɛkpa’n w’a bo ndɛ sɔ’n su w’a kle sran kun mɔ sa kekle tɔli i su’n i le. Sanngɛ kɛ sa’m be tɔ ɔ bɔbɔ su’n, kɛ ɔ yo naan a bu be su akunndan kɛ ɔ nin i fata’n sa’n, ɔ kwla yo kekle. I wie yɛle kɛ a kwla bu i kɛ Zoova yɛ ɔ su tu ɔ fɔ-ɔ. Annzɛ a kwla bu i kɛ ɔ tieman ɔ srɛlɛ mun. ?Sɛ i sɔ akunndan’n ba ɔ ti nun’n, ngue yɛ a kwla yo-ɔ?",Baoulé,AfriSpeech,25.468,train,bci
AfriSpeech/baoule_bci,?Ngue yɛ ɔ kwla uka e naan y’a bu sa nga be tɔ e su’n be su akunndan kɛ ɔ nin i fata’n sa-ɔ?,Baoulé,AfriSpeech,5.817,train,bci
AfriSpeech/baoule_bci,1-2. ?Ngue yɛ ɔ fata kɛ e yo naan y’a jran sa nga be tɔ e su’n be ɲrun kekle-ɔ? (An nian foto’n wie.),Baoulé,AfriSpeech,9.947,train,bci
AfriSpeech/baoule_bci,?Ngue ti yɛ sɛ e buman sa nga be tɔ e su’n be su akunndan kɛ ɔ nin i fata’n sa’n i bo’n kwla gua tɛ-ɔ?,Baoulé,AfriSpeech,5.803,train,bci
AfriSpeech/baoule_bci,"?Kɛ sa kekle tɔ e su’n, ngue yɛ e kwla yo-ɔ?",Baoulé,AfriSpeech,3.303,train,bci
AfriSpeech/baoule_bci,JUE 150 An mantan Ɲanmiɛn maan ɔ de amun,Baoulé,AfriSpeech,9.941,train,bci
AfriSpeech/baoule_bci,3. ?Ngue ti yɛ e kwlá yoman naan sa kekle’m b’a toman e su-ɔ?,Baoulé,AfriSpeech,7.046,train,bci
AfriSpeech/baoule_bci,4. ?Ngue ekun ti yɛ e wun ɲrɛnnɛn-ɔn?,Baoulé,AfriSpeech,5.856,train,bci
AfriSpeech/baoule_bci,"5. ?Ngue yɛ Akunndanfuɛ’n 7:​13, 14 kle e-ɔ? (An nian desɛn mun wie.)",Baoulé,AfriSpeech,8.416,train,bci
AfriSpeech/baoule_bci,"7. ?Kɛ be kle e yalɛ’n, ngue ti yɛ e kwla di aklunjɔɛ-ɔ?",Baoulé,AfriSpeech,6.785,train,bci
AfriSpeech/baoule_bci,"8. ?Ngue yɛ sɛ e bu i akunndan’n, é kwlá trá e awlɛn lele i awieliɛ-ɔ?",Baoulé,AfriSpeech,8.6,train,bci
AfriSpeech/baoule_bci,"6. ?Ngue ti yɛ Zoova yaci sa’m be lɛ maan be tɔ e su-ɔ? ( Ebre Mun 12:​7, 11 )",Baoulé,AfriSpeech,6.911,train,bci
AfriSpeech/baoule_bci,9. ?Ngue ti yɛ sɛ e buman akunndan ng’ɔ nin i fata’n i bo’n kwla gua tɛ-ɔ?,Baoulé,AfriSpeech,8.219,train,bci
AfriSpeech/baoule_bci,"11. ?Sɛ e buman sa nga be tɔ e su’n be su akunndan kɛ ɔ nin i fata’n sa’n, sa benin yɛ ɔ kwla ju-ɔ?",Baoulé,AfriSpeech,9.891,train,bci
AfriSpeech/baoule_bci,"12. ?Sɛ e buman sa nga be tɔ e su’n be su akunndan kɛ ɔ nin i fata’n sa’n, akunndan benin yɛ e kwla bu-ɔ?",Baoulé,AfriSpeech,9.736,train,bci
AfriSpeech/baoule_bci,10. ?Kɛ sa kekle’m be tɔ e su’n akunndan benin yɛ e kwla bu-ɔ?,Baoulé,AfriSpeech,7.611,train,bci
AfriSpeech/baoule_bci,"13. ?Kɛ sa kekle tɔ e bɔbɔ e su’n, sa benin yɛ ɔ kwla ju-ɔ?",Baoulé,AfriSpeech,7.634,train,bci
AfriSpeech/baoule_bci,"14. ?Kɛ sa kekle o e su’n, ngue yɛ e kwla kɛn i ndɛ e srɛlɛ’n nun-ɔn? ( Filipufuɛ Mun 4:13 )",Baoulé,AfriSpeech,7.831,train,bci
AfriSpeech/baoule_bci,15. ?Ngue yɛ ɔ kwla uka e naan y’a jran sa nga be tɔ e su’n be ɲrun kekle-ɔ? (An nian foto’n wie.),Baoulé,AfriSpeech,7.866,train,bci
AfriSpeech/baoule_bci,Ɔ fata kɛ e bu sa nga be tɔ e su’n be su akunndan ng’ɔ nin i fata’n. I liɛ’n e kwla jran kekle. (An nian ndɛ kpɔlɛ 2 nun.),Baoulé,AfriSpeech,21.533,train,bci
AfriSpeech/baoule_bci,"16. (1) ?Kɛ sa kekle’m be tɔ e su’n, akunndan benin yɛ e kwla bu-ɔ? (2) ?Yɛ ngue yɛ e kwla yo naan y’a kpalo akunndan sɔ mun-ɔn? ( 2 Korɛntifuɛ Mun 10:​4, 5 )",Baoulé,AfriSpeech,14.12,train,bci
AfriSpeech/baoule_bci,"17. ?Kɛ sa kekle tɔ e su’n, ngue yɛ ɔ fata kɛ e yo-ɔ?",Baoulé,AfriSpeech,7.074,train,bci
AfriSpeech/baoule_bci,Yo ɔ liɛ nga a kwla yo naan a nin Zoova amun afiɛn w’a mantan kpa titi’n. (An nian ndɛ kpɔlɛ 15 nun.),Baoulé,AfriSpeech,20.294,train,bci
AfriSpeech/baoule_bci,Maan e nian ‘Ɲanmiɛn m’ɔ fɔnvɔ sran sa kwlaa nun’n’ i ajalɛ’n su,Baoulé,AfriSpeech,6.197,train,bci
AfriSpeech/baoule_bci,"AFUƐ 2026, ZUƐN 22-28",Baoulé,AfriSpeech,10.013,train,bci
AfriSpeech/baoule_bci,"Sɛ e nian Zoova nin i sufuɛ wie’m be ajalɛ’n su’n, é kwlá fɔ́nvɔ e wiengu’m be kpa.",Baoulé,AfriSpeech,7.049,train,bci
AfriSpeech/baoule_bci,"“Fɔnvɔlɛ nga Ɲanmiɛn fa fɔnvɔ e’n, e kusu e kwla fa fɔnvɔ sran uflɛ.” — 2 KOR. 1:4 .",Baoulé,AfriSpeech,12.363,train,bci
AfriSpeech/baoule_bci,JUE 90 Maan e wla e wiengu’m be fanngan,Baoulé,AfriSpeech,5.299,train,bci
AfriSpeech/baoule_bci,SRAN FƆNVƆLƐ’N I SU NDƐ NGA BIBLU’N KAN’N,Baoulé,AfriSpeech,4.613,train,bci
AfriSpeech/baoule_bci,WAFA NGA E KWLA FƆNVƆ E WIENGU MUN’N,Baoulé,AfriSpeech,3.846,train,bci
AfriSpeech/baoule_bci,KƐ Ɔ BƆBƆ A MIAN FƆNVƆLƐ WUN’N,Baoulé,AfriSpeech,4.984,train,bci
AfriSpeech/baoule_bci,"17 E kwlaa e mian fɔnvɔlɛ nin fanngan wlalɛ wun. Afin mɛn’n i awieliɛ blɛ nga nun’n, kɛ aliɛ cɛ́n m’ɔ́ sán’n nn lika’n yó kekle dan. Asa’n Ɲanmiɛn i kpɔfuɛ’m be fa be ɲin ci e tɛtɛ kpa. I sɔ’n ti’n, maan e fua kpa kɛ é fɔ́nvɔ e wiengu titi.",Baoulé,AfriSpeech,20.036,train,bci
AfriSpeech/baoule_bci,?AMÚN TƐ́ SU SƐ?,Baoulé,AfriSpeech,3.504,train,bci
AfriSpeech/baoule_bci,"?Kɛ e mian fɔnvɔlɛ wun’n, ngue yɛ e kwla yo-ɔ?",Baoulé,AfriSpeech,4.856,train,bci
AfriSpeech/baoule_bci,JUE 130 An yaci sran wun sa cɛ i,Baoulé,AfriSpeech,4.646,train,bci
AfriSpeech/baoule_bci,?Wafa sɛ yɛ e kwla fɔnvɔ e wiengu mun-ɔn?,Baoulé,AfriSpeech,4.545,train,bci
AfriSpeech/baoule_bci,1. ?Ngue ti yɛ ɔ fata kɛ e fɔnvɔ e wiengu mun-ɔn?,Baoulé,AfriSpeech,6.932,train,bci
AfriSpeech/baoule_bci,"2. ?Glɛki nun ndɛ mma nga be kacili i Wawle’n nun kɛ “fɔnvɔlɛ’n,” i bo’n yɛle benin?",Baoulé,AfriSpeech,8.998,train,bci
AfriSpeech/baoule_bci,"3. ?Sran fɔnvɔlɛ nun’n, ajalɛ benin yɛ Baanabasi kle e-ɔ? (An nian desɛn’n wie.)",Baoulé,AfriSpeech,8.667,train,bci
AfriSpeech/baoule_bci,"?Biblu’n nun’n, kɛ be kan sran fɔnvɔlɛ’n i ndɛ’n, i bo’n yɛle benin?",Baoulé,AfriSpeech,5.74,train,bci
AfriSpeech/baoule_bci,"4. ?Wafa nga e kwla fɔnvɔ e wiengu mun’n, i kun yɛle benin? ( Rɔmunfuɛ Mun 1:​11, 12 )",Baoulé,AfriSpeech,7.758,train,bci
AfriSpeech/baoule_bci,"6. ?Kɛ é fɔ́nvɔ e wiengu mun’n, wafa sɛ yɛ e kwla nian Zoova i ajalɛ’n su-ɔ? (An nian foto’n wie.)",Baoulé,AfriSpeech,9.511,train,bci
AfriSpeech/baoule_bci,"8. ?Kɛ Lazaa wuli’n, wafa sɛ yɛ Zezi fɔnvɔli Maati nin Mari-ɔ? (An nian foto mun wie.)",Baoulé,AfriSpeech,9.053,train,bci
AfriSpeech/baoule_bci,5. ?Ngue ti yɛ e wiengu’m be fɔnvɔlɛ’n kwla yo kekle man e-ɔ?,Baoulé,AfriSpeech,8.01,train,bci
AfriSpeech/baoule_bci,7. ?Ngue yɛ e kwla yo naan y’a wun like nga e wiengu kun miɛn i wun sakpa’n i wlɛ-ɔ?,Baoulé,AfriSpeech,11.118,train,bci
AfriSpeech/baoule_bci,"9. ?Wafa sɛ yɛ e kwla fa Biblu’n e fɔnvɔ e wiengu mun-ɔn? ( Rɔmunfuɛ Mun 15:​4, 5 )",Baoulé,AfriSpeech,9.112,train,bci
AfriSpeech/baoule_bci,"10. ?Kɛ é wlá sran kun i fanngan’n, ngue ti yɛ ɔ fata kɛ e kan ndɛ e kle i amanniɛn su-ɔ?",Baoulé,AfriSpeech,10.276,train,bci
AfriSpeech/baoule_bci,"12. ?Kɛ sa o e su mɔ e jran kekle’n, wafa sɛ yɛ i sɔ’n kwla uka e niaan mun-ɔn?",Baoulé,AfriSpeech,10.942,train,bci
AfriSpeech/baoule_bci,"11. ?Blɛ sunman’n, ngue yɛ be nga sa o be su’n be miɛn i wun-ɔn? ( 1 Zan 3:18 )",Baoulé,AfriSpeech,9.314,train,bci
AfriSpeech/baoule_bci,"13. ?Kɛ é wlá e wiengu’m be fanngan’n, ngue yɛ ɔ fata kɛ e yo-ɔ?",Baoulé,AfriSpeech,9.332,train,bci
AfriSpeech/baoule_bci,Baanabasi i dunman’n nin i fata. (An nian ndɛ kpɔlɛ 3 nun.),Baoulé,AfriSpeech,17.537,train,bci
AfriSpeech/baoule_bci,"16. (1) ?Kɛ aniaan’m be kunndɛ kɛ bé wlá e fanngan’n, ngue sa yɛ ɔ kwla ju-ɔ? (2) ?Sanngɛ ngue yɛ ɔ fataman kɛ e wla fi su-ɔ?",Baoulé,AfriSpeech,18.534,train,bci
AfriSpeech/baoule_bci,17. ?Ngue yɛ ɔ fata kɛ e fua kpa kɛ é yó-ɔ?,Baoulé,AfriSpeech,8.374,train,bci
AfriSpeech/baoule_bci,"Kɛ ɔ niaan’m bé íjɔ’n, sie ɔ su kpa be nuan bo. Sɛ a yo sɔ’n, á klé kɛ a nian Zoova i ajalɛ’n su. (An nian ndɛ kpɔlɛ 6 nun.)",Baoulé,AfriSpeech,21.288,train,bci
AfriSpeech/baoule_bci,"14-15. ?Sɛ sa wie ti’n e koko annzɛ e wla bo e wun’n, ngue yɛ ɔ fata kɛ e yo-ɔ?",Baoulé,AfriSpeech,11.713,train,bci
AfriSpeech/baoule_bci,"AFUƐ 2026, ZUƐN 29–ZUIE 5",Baoulé,AfriSpeech,11.023,train,bci
AfriSpeech/baoule_bci,JUE 131 ‘Like nga Ɲanmiɛn kan be bo nun’n’,Baoulé,AfriSpeech,6.195,train,bci
AfriSpeech/baoule_bci,Yo naan a nin ɔ yi annzɛ ɔ wun amun afiɛn mantan kpa titi,Baoulé,AfriSpeech,6.194,train,bci
AfriSpeech/baoule_bci,"“Janvuɛ wie o lɛ’n, ɔ fɛ i wun mantan wɔ kpa tra ɔ niaan bɔbɔ.” — ƝAN. 18:24 .",Baoulé,AfriSpeech,14.091,train,bci
AfriSpeech/baoule_bci,"Kɛ yasua kun nin i yi be klo Zoova mɔ be afiɛn mantan kpa’n, be di aklunjɔɛ be aja’n nun.",Baoulé,AfriSpeech,9.604,train,bci
AfriSpeech/baoule_bci,LIKE NGA AN KWLA YO NAAN AMUN A ƝAN JANVUƐ KPA KUN NAAN AMUN A SAN NUN TITITI’N,Baoulé,AfriSpeech,8.581,train,bci
AfriSpeech/baoule_bci,"3 Kwlaa naan y’a fa ajalɛ cinnjin kun’n, ɔ fata kɛ e bu wafa nga i bo’n kwla gua’n, nin i su ye nga e kwla ɲɛn i’n, ɔ nin i sin afɛ nga e kwla wun i’n be akunndan. Kɛ e fa ajalɛ cinnjin kun’n, e kwla isɛ i bo nzuɛn’n cɛ kpa. I sɔ’n ti’n, ɔ fata kɛ e bu i sin kpa naan y’a fa.",Baoulé,AfriSpeech,25.296,train,bci
AfriSpeech/baoule_bci,AMUN YO NINNGE WIE MUN LIKAWLƐ NAAN AMUN AFIƐN MANTAN KPA,Baoulé,AfriSpeech,6.103,train,bci
AfriSpeech/baoule_bci,KƐ NDƐ TƆ AMUN AFIƐN’N AN KA LIKAWLƐ TITI,Baoulé,AfriSpeech,7.251,train,bci
AfriSpeech/baoule_bci,"9 Sɛ a sie like kun i nzɔliɛ i lika m’ɔ sanngan wɔ akunndan’n, annzɛ sɛ ɔ janvuɛ wie fa ɔ ɲin sie i like kun su’n, maan ɔ yo wɔ cinnjin. I liɛ’n, sɛ ɔ fata kɛ amun ja annzɛ nán amun ja’n á kwlá fɛ́ i wun ajalɛ. a Siɛn’n, maan e kan be nga b’a ja bla annzɛ bian’n be ndɛ.",Baoulé,AfriSpeech,23.604,train,bci
AfriSpeech/baoule_bci,"?Sɛ Klisifuɛ kun waan ɔ́ já bla annzɛ bian’n, ngue yɛ ɔ kwla yo naan w’a ɲan sran kun m’ɔ nin i bé ká janvuɛ tititi-ɔ?",Baoulé,AfriSpeech,10.078,train,bci
AfriSpeech/baoule_bci,"?Sɛ ndɛ tɔ yasua kun nin i yi be afiɛn’n, ngue yɛ ɔ kwla uka be naan b’a ka likawlɛ titi-ɔ?",Baoulé,AfriSpeech,7.531,train,bci
AfriSpeech/baoule_bci,"1. ?Ngue ti yɛ e kwla se kɛ janvuɛ kpa nga e le be’n, be ti like kpa m’ɔ fin Zoova-ɔ?",Baoulé,AfriSpeech,11.346,train,bci
AfriSpeech/baoule_bci,2. ?Ngue ti yɛ ɔ ti cinnjin kɛ yasua kun nin i yi be mian be ɲin titi naan be afiɛn mantan kpa-ɔ? ( Matie 19:6 ),Baoulé,AfriSpeech,11.493,train,bci
AfriSpeech/baoule_bci,?Ngue yɛ ɔ kwla uka yasua kun nin i yi naan be afiɛn w’a mantan kpa titi-ɔ?,Baoulé,AfriSpeech,6.648,train,bci
AfriSpeech/baoule_bci,3-4. ?Ngue yɛ ɔ kwla uka sran kun naan w’a ɲan bla annzɛ yasua kpa kun w’a jɛ i-ɔ? ( Ɲanndra Mun 18:22 ),Baoulé,AfriSpeech,11.868,train,bci
AfriSpeech/baoule_bci,"5. ?Sɛ e waan e nin sran kun é sán nun’n, ngue ti yɛ ɔ ti cinnjin kɛ ɔ yo sran mɔ b’a yo i batɛmun-ɔn?",Baoulé,AfriSpeech,12.751,train,bci
AfriSpeech/baoule_bci,"6-7. ?Kɛ aniaan bian kun nin aniaan bla kun bé nían be wiengu nzuɛn’n, kosan benin mun yɛ be kwla fa usa be wun-ɔn?",Baoulé,AfriSpeech,13.465,train,bci
AfriSpeech/baoule_bci,8-9. ?Ngue yɛ ɔ kwla uka be nga be su nian be wiengu nzuɛn’n naan b’a fa ajalɛ ngwlɛlɛ su-ɔ? (An nian foto’n wie.),Baoulé,AfriSpeech,11.653,train,bci
AfriSpeech/baoule_bci,10. ?Ngue ti yɛ ɔ fata kɛ yasua kun nin i yi be yo ninnge wie mun likawlɛ-ɔ?,Baoulé,AfriSpeech,8.061,train,bci
AfriSpeech/baoule_bci,11. ?Ngue yɛ ɔ kwla yo maan ndɛ tɔ yasua kun nin i yi be afiɛn-ɔn?,Baoulé,AfriSpeech,10.062,train,bci
AfriSpeech/baoule_bci,12-13. (1) ?Ajalɛ benin yɛ Klisifuɛ wie’m be fali naan be nin be yi annzɛ be wun b’a yo ninnge wie mun likawlɛ-ɔ? (An nian foto’n wie.) (2) An kan amun yi’n annzɛ amun wun’n i cinnjin m’ɔ ti’n i ndɛ. (An nian kuku “ Ɔ yi annzɛ ɔ wun i cinnjin m’ɔ ti’n .”),Baoulé,AfriSpeech,21.189,train,bci
AfriSpeech/baoule_bci,JUE 132 Y’a kaci sran wunmuan siɛn’n,Baoulé,AfriSpeech,5.027,train,bci
AfriSpeech/baoule_bci,14-15. ?Ngue ti yɛ ɔ fata kɛ yasua kun nin i yi be yo like kwlaa nga be kwla yo’n naan b’a siesie ndɛ nga be tɔ be afiɛn’n niɔn? An fa sunnzun ase kun be yiyi nun.,Baoulé,AfriSpeech,15.811,train,bci
AfriSpeech/baoule_bci,Ɔ yi annzɛ ɔ wun i cinnjin m’ɔ ti’n,Baoulé,AfriSpeech,7.88,train,bci
AfriSpeech/baoule_bci,E sran nga be ti e cinnjin’n be sɔnnin. ?Be nun onin yɛ ɔ fata kɛ ɔ yo e cinnjin kpa-ɔ?— Fip. 1:10 .,Baoulé,AfriSpeech,8.665,train,bci
AfriSpeech/baoule_bci,"17. ?Ngue yɛ ɔ fata kɛ be nga b’a ja bla annzɛ bian’n, ɔ nin be nga be kunndɛ kɛ bé já wie’n be yo naan b’a di aklunjɔɛ-ɔ?",Baoulé,AfriSpeech,12.552,train,bci
AfriSpeech/baoule_bci,"16. ?Kɛ nga 1 Korɛntifuɛ Mun 13:​4-8 fa kan’n sa’n, ngue yɛ ɔ kwla uka be nga ndɛ w’a tɔ be aja’n nun’n niɔn? (An nian foto’n nin kuku “ Ninnge wie mɔ be kwla uka amun naan amun afiɛn w’a mantan kpa’n ” be wie.)",Baoulé,AfriSpeech,16.607,train,bci
AfriSpeech/baoule_bci,"2. E yi’n annzɛ e wun’n. E nin e yi annzɛ e wun’n e ti “sran wunmuan.” Ɔ maan e niɛn i lika kpa kɛ e fa nian e bɔbɔ e wun lika’n sa.— Bob. 2:24; Efɛ. 5:​28, 29, 33 .",Baoulé,AfriSpeech,14.574,train,bci
AfriSpeech/baoule_bci,"1. Zoova. Sran nga ɔ ti e cinnjin tra be ngba’n yɛle Zoova. ( Mat. 6:33; Mar. 12:30 ) E su yoman like ng’ɔ jɔman Zoova i klun’n i le naan e yi annzɛ e wun i klun jɔ e wun.— Yol. 5:29 ; an nian Bo Bolɛ 2:​16, 17; 3:6 .",Baoulé,AfriSpeech,14.846,train,bci
AfriSpeech/baoule_bci,"3. E sran onga mun nin junman nga e di be’n. E si nin i e nin, nin e osufuɛ mun ɔ nin e niaan Klisifuɛ’m be ndɛ lo e. Yɛ junman nga anuannzɛ’n annzɛ asɔnun’n man e’n be ti e cinnjin wie. Sanngɛ sɛ w’a yoman kɛ Zoova sa’n, ɔ fataman kɛ like wie fi annzɛ sran fi ɔ yo e cinnjin tra e yi annzɛ e wun.— 1 Tim. 5:8 .",Baoulé,AfriSpeech,28.367,train,bci
AfriSpeech/baoule_bci,Ninnge wie mɔ be kwla uka amun naan amun afiɛn w’a mantan kpa’n,Baoulé,AfriSpeech,6.857,train,bci
AfriSpeech/baoule_bci,"Zoova i anuannzɛ’n yi fluwa nin video wie mɔ be kwla uka yasua kun nin i yi naan be afiɛn’n w’a mantan kpa. Sɛ bɔbɔ ndɛ kekle tɔ be afiɛn’n, ninnge sɔ’m be kwla uka be wie. ?Amun a fa nga be o yɛ’n, amun a uka amun wun le?",Baoulé,AfriSpeech,17.511,train,bci
AfriSpeech/baoule_bci,Fluwa pɛplɛpɛ Amun awlobo’n kwla di aklunjuɛ,Baoulé,AfriSpeech,3.565,train,bci
AfriSpeech/baoule_bci,Video akpasua Amun kwla di aklunjɔɛ amun aja’n nun,Baoulé,AfriSpeech,4.35,train,bci
AfriSpeech/baoule_bci,"Kɛ amún nían amun wiengu nzuɛn’n, ɔ fata kɛ a si ɔ wiengu kun’n i kpa. (An nian ndɛ kpɔlɛ 8-9 nun.)",Baoulé,AfriSpeech,22.403,train,bci
AfriSpeech/baoule_bci,Ndɛ akpasua “Aja’n nin Awlobo”m’ɔ o jw.org su’n.,Baoulé,AfriSpeech,6.959,train,bci
AfriSpeech/baoule_bci,"Sɛ amun fa blɛ yo ninnge mun likawlɛ titi’n, a nin ɔ yi annzɛ ɔ wun amun afiɛn mántan kpa. (An nian ndɛ kpɔlɛ 12-13 nun.)",Baoulé,AfriSpeech,20.588,train,bci
AfriSpeech/baoule_bci,?Á yó sɛ naan w’a wun sunnzun ase nga be o Biblu’n nun’n be bo?,Baoulé,AfriSpeech,3.549,train,bci
AfriSpeech/baoule_bci,Sunnzun ase kpanngban be o Biblu’n nun. Sanngɛ be nga be kanngan Biblu’n nun’n be nun sunman be wunman sunnzun ase sɔ’m be bo. ( Mat. 13:13 ) ?Ɔ maan ngue yɛ ɔ kwla uka ɔ naan w’a wun sunnzun ase nga be o Biblu’n nun’n be bo-ɔ? Ajalɛ nga’m be kwla uka wɔ kpa.,Baoulé,AfriSpeech,15.26,train,bci
AfriSpeech/baoule_bci,"Bu sa nga be kɛn i ndɛ’n, ɔ nin like nga be fa sunnzun sa sɔ’n be akunndan. I wie yɛle kɛ, Sa Nglo Yilɛ 3:3 nun’n, be fa Zezi i balɛ’n be fa sunnzun awiefuɛ’n i balɛ’n.",Baoulé,AfriSpeech,12.915,train,bci
AfriSpeech/baoule_bci,"Bu wafa nga sa nga be kɛn i ndɛ’n, ɔ nin like nga be fa sunnzun sa sɔ’n be fa be wun’n i akunndan. Mian ɔ ɲin naan wun sa nga ti yɛ be fali like kun be fa sunnzunnin like uflɛ’n i wlɛ.",Baoulé,AfriSpeech,11.587,train,bci
AfriSpeech/baoule_bci,"Wun like nga sunnzun ase sɔ’n kle’n i wlɛ kpa. Sunnzun ase wie’m be o lɛ’n, sɛ y’a nianman e wun kpa’n, e su wunman like nga be kle’n i bo kɛ ng’ɔ nin i fata’n sa. I wie yɛle Zezi i balɛ’n mɔ be fa sunnzunnin awiefuɛ’n i balɛ’n. Sunnzun ase sɔ’n kleman kɛ Zezi bá naan ɔ́ wá wúa sran mun. Sanngɛ i bo’n yɛle kɛ Zezi i balɛ’n ɔ́ fú sran’m be nun, kɛ nga awiefuɛ’n i balɛ’n ɔ fu sran’m be nun’n sa.",Baoulé,AfriSpeech,27.342,train,bci
AfriSpeech/baoule_bci,"AFUƐ 2026, ZUIE 6-12",Baoulé,AfriSpeech,9.21,train,bci
AfriSpeech/baoule_bci,Ɔ ti cinnjin kɛ e wun akunndan nga be o Biblu’n nun mmla’m be sin’n be wlɛ,Baoulé,AfriSpeech,5.811,train,bci
AfriSpeech/baoule_bci,“Amun fa amun wun mɛn i [ … ]. Amun fa ngwlɛlɛ nga amun si i’n be fa di Ɲanmiɛn i junman’n.” — RƆM. 12:1 .,Baoulé,AfriSpeech,12.514,train,bci
AfriSpeech/baoule_bci,JUE 98 Biblu’n fin Ɲanmiɛn,Baoulé,AfriSpeech,4.035,train,bci
AfriSpeech/baoule_bci,"?Kɛ be kan akunndan nga be o Biblu’n nun mmla’m be sin’n i ndɛ’n, i bo’n yɛle benin? ?Kɛ é kánngan Biblu’n nun’n, é yó sɛ naan y’a wun akunndan sɔ’m be wlɛ?",Baoulé,AfriSpeech,11.095,train,bci
AfriSpeech/baoule_bci,"BIBLU’N o lɛ nán andɛ sa-ɔ. Kɛ be boli i klɛlɛ bo’n, i afuɛ kɔe 3.500 yɛ. Yɛ be wieli i klɛ w’a di afuɛ kɔe 2.000. Sanngɛ andɛ nin andɛ’n Ɲanmiɛn i nuan ndɛ m’ɔ o Biblu’n nun’n, ɔ te yo e ye. ( Ebr. 4:12; 2 Tim. 3:​16, 17 ) Andɛ’n sran miliɔn kpanngban kpa be wun kɛ Biblu’n uka be naan b’a wun sa nga be o be su’n be trawlɛ.",Baoulé,AfriSpeech,25.133,train,bci
AfriSpeech/baoule_bci,?NGUE YƐLE AKUNNDAN NGA BE O BIBLU’N NUN MMLA’M BE SIN’N?,Baoulé,AfriSpeech,4.354,train,bci
AfriSpeech/baoule_bci,"3 ?Kɛ be kan akunndan nga be o Biblu’n nun mmla’m be sin’n be ndɛ’n, i bo’n yɛle benin? ?Ngue ti yɛ be ti cinnjin man e andɛ-ɔ? ?Kɛ é kánngan Biblu’n nun’n, é yó sɛ naan y’a wun akunndan nga be o Biblu’n nun mmla’m be sin’n be wlɛ? Like suanlɛ nga nun’n, é wá tɛ́ kosan sɔ’m be su. Asa’n é wá wún wafa nga Zezi ukali sran mun naan b’a wun akunndan nga be o Biblu’n nun mmla wie’m be sin’n be wlɛ.",Baoulé,AfriSpeech,26.301,train,bci
AfriSpeech/baoule_bci,Ɔ TI CINNJIN KƐ E WUN AKUNNDAN NGA BE O BIBLU’N NUN MMLA’M BE SIN’N BE WLƐ,Baoulé,AfriSpeech,5.035,train,bci
AfriSpeech/baoule_bci,?É YÓ SƐ NAAN Y’A WUN AKUNNDAN NGA BE O BIBLU’N NUN MMLA’M BE SIN’N?,Baoulé,AfriSpeech,5.283,train,bci
AfriSpeech/baoule_bci,MAAN E NIAN AKUNNDAN NGA BE O BIBLU’N NUN MMLA’M BE SIN’N SU E NANTI TITI,Baoulé,AfriSpeech,5.058,train,bci
AfriSpeech/baoule_bci,?Ngbaciɛ benin yɛ ɔ o mmla mun nin akunndan ng’ɔ o mmla’m be sin’n be afiɛn-ɔn?,Baoulé,AfriSpeech,6.124,train,bci
AfriSpeech/baoule_bci,?Ngue yɛle akunndan nga be o Biblu’n nun mmla’m be sin’n?,Baoulé,AfriSpeech,4.955,train,bci
AfriSpeech/baoule_bci,1-2. (1) ?Ngue yɛ ɔ kle kɛ nán andɛ sa yɛ Biblu’n o lɛ-ɔ? (2) ?Ngue ti yɛ andɛ nin andɛ’n e te ɲan Biblu’n nun ndɛ’n i su ye-ɔ?,Baoulé,AfriSpeech,15.69,train,bci
AfriSpeech/baoule_bci,3. ?Kosan benin mun yɛ é wá tɛ́ be su like suanlɛ nga nun-ɔn?,Baoulé,AfriSpeech,6.356,train,bci
AfriSpeech/baoule_bci,4. ?Ngue yɛle akunndan nga be o Biblu’n nun mmla’m be sin’n?,Baoulé,AfriSpeech,7.302,train,bci
AfriSpeech/baoule_bci,"5. Ngbaciɛ ng’ɔ o mmla mun nin akunndan ng’ɔ o mmla’m be sin’n be afiɛn’n, an fa sunnzun ase kun be yiyi nun. (An nian foto mun wie.)",Baoulé,AfriSpeech,10.309,train,bci
AfriSpeech/baoule_bci,"Akunndan nga be o mmla wie’m be sin mɔ Zezi boli su’n, amun kan be nun wie’m be ndɛ.",Baoulé,AfriSpeech,5.973,train,bci
AfriSpeech/baoule_bci,JUE 95 Lika’n i kpajalɛ’n w’a uka su,Baoulé,AfriSpeech,4.73,train,bci
AfriSpeech/baoule_bci,6. (1) ?Ngue yɛ Zoova kle e i nuan ndɛ’n nun-ɔn? (2) ?Wafa sɛ yɛ Zoova kleli kɛ ɔ bu e sran-ɔn?,Baoulé,AfriSpeech,11.436,train,bci
AfriSpeech/baoule_bci,"8. ?Kɛ e wun akunndan nga be o Biblu’n nun mmla’m be sin’n be wlɛ mɔ e nian su e nanti’n, i su ye benin yɛ e ɲɛn i-ɔ? ( Rɔmunfuɛ Mun 12:​1, 2 )",Baoulé,AfriSpeech,9.876,train,bci
AfriSpeech/baoule_bci,"9. ?Kɛ e nian akunndan nga be o Biblu’n nun mmla’m be sin’n su e nanti’n, i su ye benin ekun yɛ e ɲɛn i-ɔ? ( Ebre Mun 5:​13, 14 )",Baoulé,AfriSpeech,9.446,train,bci
AfriSpeech/baoule_bci,7. An fa sunnzun ase kun m’ɔ kle kɛ akunndan nga be o Biblu’n nun mmla’m be sin’n be ti cinnjin’n. (An nian desɛn’n wie.),Baoulé,AfriSpeech,8.435,train,bci
AfriSpeech/baoule_bci,10. ?É yó sɛ naan y’a wun akunndan nga be o Biblu’n nun mmla mun annzɛ Biblu’n nun ndɛ’m be sin’n be wlɛ?,Baoulé,AfriSpeech,8.647,train,bci
AfriSpeech/baoule_bci,11. ?Ngue yɛ Zezi yoli naan w’a kle e wafa nga e kwla yo naan y’a wun akunndan nga be o Biblu’n nun mmla’m be sin’n niɔn? (An nian desɛn’n wie.),Baoulé,AfriSpeech,10.273,train,bci
AfriSpeech/baoule_bci,"12. ?Akunndan benin yɛ ɔ o mmla ng’ɔ o Matie 5:​21, 22 nun’n i sin-ɔn? (An nian foto’n wie.)",Baoulé,AfriSpeech,9.719,train,bci
AfriSpeech/baoule_bci,"13. ?Wafa sɛ yɛ e kwla nanti afɔtuɛ nga Zezi mannin’n m’ɔ o Matie 5:​21, 22 nun’n su andɛ-ɔ? (An nian foto’n wie.)",Baoulé,AfriSpeech,10.188,train,bci
AfriSpeech/baoule_bci,"14. ?Akunndan benin yɛ ɔ o mmla ng’ɔ o Matie 5:​27, 28 nun’n i sin-ɔn? (An nian foto’n wie.)",Baoulé,AfriSpeech,9.864,train,bci
AfriSpeech/baoule_bci,"16. ?Akunndan benin yɛ ɔ o mmla ng’ɔ o Matie 5:​43, 44 nun’n i sin-ɔn? (An nian foto’n wie.)",Baoulé,AfriSpeech,10.218,train,bci
AfriSpeech/baoule_bci,"15. ?Wafa sɛ yɛ e kwla nian afɔtuɛ ng’ɔ o Matie 5:​27, 28 nun’n su e nanti andɛ-ɔ? (An nian foto’n wie.)",Baoulé,AfriSpeech,9.783,train,bci
AfriSpeech/baoule_bci,"17. ?Wafa sɛ yɛ e kwla nian afɔtuɛ ng’ɔ o Matie 5:​43, 44 nun’n su e nanti-ɔ? (An nian foto’n wie.)",Baoulé,AfriSpeech,8.91,train,bci
AfriSpeech/baoule_bci,"Mmla kun kwla kaci, sanngɛ akunndan ng’ɔ o mmla sɔ’n i sin’n kwlá kaciman le. (An nian ndɛ kpɔlɛ 5 nun.)",Baoulé,AfriSpeech,26.755,train,bci
AfriSpeech/baoule_bci,Nzɔliɛ nga be o akpɔ’m be nuan’n be kle loto nun cisanfuɛ mun kɛ maan be nian be wun su. Akunndan nga be o Biblu’n nun mmla’m be sin’n be kwla uka e sɔ wie. (An nian ndɛ kpɔlɛ 7 nun.),Baoulé,AfriSpeech,21.447,train,bci
AfriSpeech/baoule_bci,"18. (1) ?Kɛ é fá ajalɛ’n, ngue yɛ ɔ fata kɛ e mian e ɲin e yo-ɔ? (2) ?Ngue yɛ é wá kɛ́n i ndɛ like suanlɛ ng’ɔ́ bá lɛ’n nun-ɔn?",Baoulé,AfriSpeech,14.733,train,bci
AfriSpeech/baoule_bci,"Kɛ Zezi kán Ɲanmiɛn ndɛ’n oka’n su lɔ’n, ɔ kleli e wafa nga e kwla yo naan y’a wun akunndan nga be o Biblu’n nun mmla’m be sin’n. (An nian ndɛ kpɔlɛ 11 nun.)",Baoulé,AfriSpeech,16.781,train,bci
AfriSpeech/baoule_bci,(An nian ndɛ kpɔlɛ 12-13 nun.),Baoulé,AfriSpeech,14.525,train,bci
AfriSpeech/baoule_bci,(An nian ndɛ kpɔlɛ 16-17 nun.),Baoulé,AfriSpeech,14.467,train,bci
AfriSpeech/baoule_bci,(An nian ndɛ kpɔlɛ 14-15 nun.),Baoulé,AfriSpeech,12.693,train,bci
AfriSpeech/baoule_bci,Akunndan nga be o Biblu’n nun mmla’m be sin’n be kwla uka e naan e klun akunndan’n w’a yo kpa,Baoulé,AfriSpeech,5.549,train,bci
AfriSpeech/baoule_bci,"AFUƐ 2026, ZUIE 13-19",Baoulé,AfriSpeech,6.988,train,bci
AfriSpeech/baoule_bci,“Sran kun bɔbɔ yɛ ɔ́ súɛ i trɔ’n niɔn.” — GAL. 6:5 .,Baoulé,AfriSpeech,7.772,train,bci
AfriSpeech/baoule_bci,JUE 127 ?Like benin yɛ sɛ n yo-ɔ ɔ ti su-ɔ?,Baoulé,AfriSpeech,5.409,train,bci
AfriSpeech/baoule_bci,"Sɛ e fa akunndan nga be o Biblu’n nun mmla’m be sin’n e tinngɛ e klun akunndan’n, i sɔ’n úka e naan y’a fa ajalɛ kpa.",Baoulé,AfriSpeech,7.439,train,bci
AfriSpeech/baoule_bci,"3 Biblu’n kle kɛ Adan nin Ɛvu b’a faman be klunklo ajalɛ mɔ be kwla fa’n b’a yoman sa kpa. Be yoli ɲin kekle Zoova su. I sɔ’n kle be bu be ngunmin be wun akunndan, be kloman Zoova, yɛ be siman ye. ( Bob. 3:​1-7 ) Andɛ nin andɛ e te wun ajalɛ nga be fali’n i sin afɛ.— Rɔm. 5:12 .",Baoulé,AfriSpeech,18.106,train,bci
AfriSpeech/baoule_bci,?É YÓ SƐ NAAN E KLUN AKUNNDAN’N W’A YO KPA?,Baoulé,AfriSpeech,3.188,train,bci
AfriSpeech/baoule_bci,?É YÓ SƐ NAAN Y’A WUN AKUNNDAN NGA BE O MMLA’M BE SIN’N NAAN Y’A ƝAN SU YE?,Baoulé,AfriSpeech,5.346,train,bci
AfriSpeech/baoule_bci,MAAN E KLE KƐ E KLUN AKUNNDAN’N TI KPA,Baoulé,AfriSpeech,3.272,train,bci
AfriSpeech/baoule_bci,?É yó sɛ naan e klun akunndan’n w’a uka e naan y’a fa ajalɛ kpa?,Baoulé,AfriSpeech,4.941,train,bci
AfriSpeech/baoule_bci,"1-2. (1) ?Wafa nga Zoova yili Adan nin Ɛvu’n ti’n, ngue yɛ be kwla yo-ɔ? (2) ?Ngue yɛ ɔ fata kɛ be yo naan b’a kle kɛ be si ye-ɔ?",Baoulé,AfriSpeech,14.966,train,bci
AfriSpeech/baoule_bci,3. ?Ngue yɛ Adan nin Ɛvu be fali be klunklo ajalɛ mɔ be kwla fa’n be yoli-ɔ?,Baoulé,AfriSpeech,8.123,train,bci
AfriSpeech/baoule_bci,"JUE 135 Zoova waan: “Min wa, fa akunndan nanti”",Baoulé,AfriSpeech,5.916,train,bci
AfriSpeech/baoule_bci,"4. (1) ?Kɛ nga Galasifuɛ Mun 6:5 fa kan’n sa’n, ngue yɛ ɔ fata kɛ e kwlakwla e yo-ɔ? (2) ?Ngue yɛ é wá kɛ́n i ndɛ like suanlɛ nga nun-ɔn?",Baoulé,AfriSpeech,15.963,train,bci
AfriSpeech/baoule_bci,"?Kɛ é fá ajalɛ’n, wafa sɛ yɛ akunndan nga be o Biblu’n nun mmla’m be sin’n be kwla uka e-ɔ?",Baoulé,AfriSpeech,6.417,train,bci
AfriSpeech/baoule_bci,"5. (1) ?Ngue yɛle e klun akunndan’n? (2) ?Wafa sɛ yɛ e klun akunndan’n uka e-ɔ? ( Rɔmunfuɛ Mun 2:​14, 15 )",Baoulé,AfriSpeech,11.12,train,bci
AfriSpeech/baoule_bci,6. ?Ngue ti yɛ e klun akunndan’n ukaman e kɛ ɔ nin i fata’n sa blɛ kwlaa nun-ɔn?,Baoulé,AfriSpeech,8.591,train,bci
AfriSpeech/baoule_bci,7-8. (1) ?É yó sɛ naan e klun akunndan’n w’a uka e naan y’a fa ajalɛ kpa? (2) ?Wafa sɛ yɛ akunndan nga be o Biblu’n nun mmla’m be sin’n be uka e-ɔ? An fa sunnzun ase kun yiyi nun. (An nian desɛn’n wie.),Baoulé,AfriSpeech,16.616,train,bci
AfriSpeech/baoule_bci,"10. ?Ngue yɛ ɔ fata kɛ e yo naan Ɲanmiɛn i wawɛ’n w’a uka e-ɔ? ( Liki 11:​10, 13 )",Baoulé,AfriSpeech,7.389,train,bci
AfriSpeech/baoule_bci,9. ?Ngue ekun yɛ ɔ kwla uka e naan e klun akunndan’n w’a di junman kpa-ɔ? ( Rɔmunfuɛ Mun 9:1 ),Baoulé,AfriSpeech,7.141,train,bci
AfriSpeech/baoule_bci,11. (1) ?Ngue yɛ ɔ fata kɛ ɔ yo e cinnjin tra like kwlaa-ɔ? (2) ?Ngue yɛ ɔ fata kɛ e yo naan e klun akunndan w’a kwla uka e kpa-ɔ?,Baoulé,AfriSpeech,13.484,train,bci
AfriSpeech/baoule_bci,"12. ?Sɛ e klun akunndan’n kle e atin kpa sakpa’n, ngue yɛ ɔ kwla uka e naan y’a wun i wlɛ-ɔ? ( Efɛzifuɛ Mun 5:10 )",Baoulé,AfriSpeech,8.576,train,bci
AfriSpeech/baoule_bci,14. ?Ngue ti yɛ ɔ ti cinnjin kɛ e jran akunndan nga Zoova bu’n su naan y’a fa ajalɛ-ɔ?,Baoulé,AfriSpeech,8.807,train,bci
AfriSpeech/baoule_bci,"13. ?Ajalɛ falɛ nun’n, ngue yɛ ɔ fataman kɛ e yo-ɔ? An fa su kun yiyi nun.",Baoulé,AfriSpeech,9.661,train,bci
AfriSpeech/baoule_bci,15-16. (1) ?É yó sɛ naan y’a wun akunndan nga be o Biblu’n nun mmla wie’m be sin’n? (2) ?Akunndan benin yɛ be o Biblu’n nun ndɛ mma wie’m be sin mɔ be kwla uka Biblu’n nun like suanfuɛ kun naan w’a yaci siklɛti nɔnlɛ-ɔ?,Baoulé,AfriSpeech,20.549,train,bci
AfriSpeech/baoule_bci,"17. ?Aja siesielɛ’n nun’n, é yó sɛ naan y’a wun akunndan nga be o Biblu’n nun mmla’m be sin mɔ be kwla uka e-ɔ?",Baoulé,AfriSpeech,10.86,train,bci
AfriSpeech/baoule_bci,"18-19. (1) Fluwa benin ekun yɛ ɔ kwla uka e-ɔ? (2) ?Sɛ ɔ fata kɛ e di cɛn kun annzɛ nán e di’n, wafa sɛ yɛ fluwa sɔ’n kwla uka e-ɔ? (An nian kuku “ ?A si wafa nga Zoova bu sa nga mun’n? ” nun.)",Baoulé,AfriSpeech,16.099,train,bci
AfriSpeech/baoule_bci,?A si wafa nga Zoova bu sa nga mun’n?,Baoulé,AfriSpeech,5.54,train,bci
AfriSpeech/baoule_bci,"20. ?Sɛ e klun akunndan’n ti kpa’n, é yo sɛ naan y’a wun i wlɛ?",Baoulé,AfriSpeech,6.871,train,bci
AfriSpeech/baoule_bci,"Be klɛli Biblu’n nun ndɛ mma wie mun e fluwa Biblu’n nun mmla wie mɔ be uka Klisifuɛ mun’n nun. Sɛ e bu Biblu’n nun ndɛ mma sɔ’m be su akunndan’n, é sí akunndan nga Zoova bu i sa fanunfanun wie’m be nun’n. Kɛ é sú Ɲanmiɛn awlo lɔ’n, e kwla kunndɛ akunndan nga be o Biblu’n nun mmla wie’m be sin’n mɔ be kwla uka e sa sɔ’m be nun’n.",Baoulé,AfriSpeech,20.237,train,bci
AfriSpeech/baoule_bci,Akunndan nga be o Biblu’n nun mmla’m be sin’n be ti kɛ nzɔliɛ wie mɔ be kle e kɛ e o atin kpa’n su’n sa. (An nian ndɛ kpɔlɛ 8 nun.),Baoulé,AfriSpeech,20.213,train,bci
AfriSpeech/baoule_bci,"?Sɛ ɔ waan á dí suklu kɔ́ ɔ ɲrun ekun’n, ngue yɛ ɔ kwla uka wɔ naan w’a fa ajalɛ kpa-ɔ?",Baoulé,AfriSpeech,5.635,train,bci
AfriSpeech/baoule_bci,"“Ngwlɛlɛfuɛ’n i liɛ’n, ɔ niɛn i ja kwlaa ng’ɔ tu’n su.” — ƝAN. 14:15 .",Baoulé,AfriSpeech,10.226,train,bci
AfriSpeech/baoule_bci,"AFUƐ 2026, ZUIE 20-26",Baoulé,AfriSpeech,7.204,train,bci
AfriSpeech/baoule_bci,JUE 133 Blɛ mɔ a te yo gbanflɛn’n su Zoova,Baoulé,AfriSpeech,4.97,train,bci
AfriSpeech/baoule_bci,"?Sɛ ɔ waan á dí suklu kɔ́ ɔ ɲrun ekun’n, sa benin mun yɛ ɔ fata kɛ a dun mmua bu be akunndan-ɔn? ?Yɛ wafa sɛ yɛ Biblu’n kwla uka wɔ naan w’a fa ajalɛ kpa-ɔ?",Baoulé,AfriSpeech,10.35,train,bci
AfriSpeech/baoule_bci,"“?KƐ Á wá yó kaklaka’n, junman benin yɛ á dí-ɔ?” Sɛ a ti gbanflɛn annzɛ talua’n, atrɛkpa’n sran’m b’a fa kosan sɔ’n b’a usa wɔ kpɛ sunman. Nanwlɛ, blɛ kwlaa nun Ɲanmiɛn junman dilɛ’n leman wunsu. Sanngɛ ɔ fata kɛ a kunndɛ sika kan naan w’a kwla nian ɔ wun lika. ( 2 Tes. 3:10 ) I lɛ nun’n, atrɛkpa’n w’a bu junman nga a kunndɛ kɛ á dí i cɛn wie lele’n i akunndan.",Baoulé,AfriSpeech,25.143,train,bci
AfriSpeech/baoule_bci,?Ɔ FATA KƐ A DI SUKLU A WƆ Ɔ ƝRUN EKUN?,Baoulé,AfriSpeech,3.486,train,bci
AfriSpeech/baoule_bci,BU SA NGA TI YƐ A KUNNDƐ KƐ Á DÍ SUKLU KƆ́ Ɔ ƝRUN EKUN’N I AKUNNDAN,Baoulé,AfriSpeech,5.308,train,bci
AfriSpeech/baoule_bci,"6 ?Sɛ sran kun kunndɛ kɛ ɔ́ dí suklu kɔ́ i ɲrun ekun’n, ngue yɛ ɔ kwla ukɛ i naan w’a fa ajalɛ kpa-ɔ? Maan ɔ fa wlɛ i srɛlɛ’n nun. ( Zak. 1:5 ) Asa’n maan ɔ bu like nɲɔn be akunndan. I klikli’n nun’n, maan ɔ bu sa nga ti yɛ ɔ kunndɛ kɛ ɔ́ dí suklu kɔ́ i ɲrun ekun’n i akunndan. ( Jue. 26:2 ) I sin’n, maan ɔ bu like trele nga i awlɛn o su kɛ ɔ́ súan’n i akunndan. ( Ɲan. 14:15 ) Maan e yiyi nun kpa.",Baoulé,AfriSpeech,25.74,train,bci
AfriSpeech/baoule_bci,"8 ?Wafa sɛ yɛ ɔ fata kɛ e bu suklu dilɛ’n niɔn? Ɔ fataman kɛ like kun sa yo e cinnjin tra Zoova sulɛ’n. ( Mat. 22:​37, 38; Fip. 3:8 ) I sɔ’n ti’n, maan e wun i wlɛ kɛ, kɛ ɔ ko yo naan y’a nian e wun lika naan y’a kwla tu e klun y’a su Zoova’n, i ti yɛ e di suklu-ɔ.— An kanngan Matie 6:33 nun.",Baoulé,AfriSpeech,29.19,train,bci
AfriSpeech/baoule_bci,BU SUKLU NGA A KUNNDƐ KƐ Á DÍ’N I AKUNNDAN,Baoulé,AfriSpeech,3.75,train,bci
AfriSpeech/baoule_bci,"?Kɛ nga Galasifuɛ Mun 6:5 fa kan’n sa’n, sɛ sran kun waan ɔ́ dí suklu kɔ́ i ɲrun ekun annzɛ ɔ su yoman sɔ’n, wan yɛ ɔ fata kɛ ɔ fɛ i sɔ ajalɛ’n niɔn?",Baoulé,AfriSpeech,10.143,train,bci
AfriSpeech/baoule_bci,?Wafa sɛ yɛ ɔ fata kɛ Klisifuɛ’m be bu suklu dan dilɛ’n niɔn?,Baoulé,AfriSpeech,4.113,train,bci
AfriSpeech/baoule_bci,Tɛ su wa,Baoulé,AfriSpeech,15.247,train,bci
AfriSpeech/baoule_bci,Tɛ su wa,Baoulé,AfriSpeech,7.391,train,bci
AfriSpeech/baoule_bci,Tɛ su wa,Baoulé,AfriSpeech,16.763,train,bci
AfriSpeech/baoule_bci,Tɛ su wa,Baoulé,AfriSpeech,9.853,train,bci
AfriSpeech/baoule_bci,"?Sɛ Klisifuɛ kun waan ɔ́ dí suklu kɔ́ i ɲrun ekun’n, ngue yɛ ɔ fata kɛ ɔ bu i akunndan-ɔn?",Baoulé,AfriSpeech,5.929,train,bci
AfriSpeech/baoule_bci,JUE 45 Min klun lɔ akunndan’n,Baoulé,AfriSpeech,7.107,train,bci
AfriSpeech/baoule_bci,Tɛ su wa,Baoulé,AfriSpeech,9.518,train,bci
AfriSpeech/baoule_bci,Tɛ su wa,Baoulé,AfriSpeech,8.59,train,bci
AfriSpeech/baoule_bci,Tɛ su wa,Baoulé,AfriSpeech,17.356,train,bci
AfriSpeech/baoule_bci,Tɛ su wa,Baoulé,AfriSpeech,13.227,train,bci
AfriSpeech/baoule_bci,Tɛ su wa,Baoulé,AfriSpeech,10.715,train,bci
AfriSpeech/baoule_bci,Tɛ su wa,Baoulé,AfriSpeech,8.404,train,bci
AfriSpeech/baoule_bci,Tɛ su wa,Baoulé,AfriSpeech,7.47,train,bci
AfriSpeech/baoule_bci,Tɛ su wa,Baoulé,AfriSpeech,13.535,train,bci
AfriSpeech/baoule_bci,Tɛ su wa,Baoulé,AfriSpeech,10.641,train,bci
AfriSpeech/baoule_bci,Tɛ su wa,Baoulé,AfriSpeech,9.231,train,bci
AfriSpeech/baoule_bci,Tɛ su wa,Baoulé,AfriSpeech,5.989,train,bci
AfriSpeech/baoule_bci,Tɛ su wa,Baoulé,AfriSpeech,13.832,train,bci
AfriSpeech/baoule_bci,?Ngue ti yɛ n kunndɛ kɛ ń dí suklu ń kɔ́ min ɲrun ekun-ɔn? ( Mat. 6:33; 1 Tim. 6:​8-10 ),Baoulé,AfriSpeech,4.231,train,bci
AfriSpeech/baoule_bci,"?Blɛ nga ń dí i suklu lɔ’n, ɔ nin nga ń fá dí junman nga min suklu klefuɛ’m bé sé min kɛ n di i awlo lɔ’n, ɔ sɔnnin dan? ( Fip. 1:10 )",Baoulé,AfriSpeech,3.816,train,bci
AfriSpeech/baoule_bci,?Ń fá afuɛ nɲɛ naan m’an wie suklu sɔ’n i di? ( Efɛ. 5:​15-17 ),Baoulé,AfriSpeech,7.035,train,bci
AfriSpeech/baoule_bci,?Nin yɛ ń trán-ɔn? ( 1 Kor. 15:33 ),Baoulé,AfriSpeech,3.234,train,bci
AfriSpeech/baoule_bci,"?Like nga min waan ń súan’n, ɔ́ úka min naan m’an ɲan junman, naan m’an kwla nian min wun lika, naan kusu m’an tu min klun m’an su Zoova? ( Aku. 12:13 )",Baoulé,AfriSpeech,3.423,train,bci
AfriSpeech/baoule_bci,"AFUƐ 2026, ZUIE 27–UTU 2",Baoulé,AfriSpeech,7.313,train,bci
AfriSpeech/baoule_bci,JUE 56 Maan nanwlɛ’n lo wɔ,Baoulé,AfriSpeech,3.569,train,bci
AfriSpeech/baoule_bci,"Sɛ a fa ajalɛ kɛ á dí suklu kɔ́ ɔ ɲrun ekun’n, mian ɔ ɲin naan a nin Zoova amun afiɛn mantan kpa titi",Baoulé,AfriSpeech,6.478,train,bci
AfriSpeech/baoule_bci,"“Kan kwlaa nga y’a wɔ e ɲrun y’a ju lɛ’n, maan e fa ajalɛ kunngba’n e wɔ e ɲrun tititi.” — FIP. 3:16 .",Baoulé,AfriSpeech,11.819,train,bci
AfriSpeech/baoule_bci,"Sɛ a fali ajalɛ kɛ á dí suklu kɔ́ ɔ ɲrun ekun’n, afɔtuɛ nnan mɔ be o Biblu’n nun’n be kwla uka wɔ naan a nin Zoova amun afiɛn w’a mantan kpa titi.",Baoulé,AfriSpeech,9.615,train,bci
AfriSpeech/baoule_bci,MIAN Ɔ ƝIN NAAN A NIN ZOOVA AMUN AFIƐN MANTAN KPA TITI,Baoulé,AfriSpeech,3.633,train,bci
AfriSpeech/baoule_bci,"3 Like nga ti yɛ ɔ ti kekle’n. Kɛ á dí suklu kɔ́ ɔ ɲrun ekun’n, kɔlɛ’n a su ɲanman blɛ afin ninnge ng’ɔ fata kɛ a yo be’n be sɔnnin. Kɛ mɔ a kunndɛ kɛ á dí suklu’n i kpa’n ti’n, ɔ cɛman naan ɔ ɲin w’a kpa ninnge nga e yo be Zoova i sulɛ nun’n be su. Be yɛle aɲia’m be bo tranlɛ’n, nin jasin fɛ bolɛ’n, nin Biblu’n nun like suanlɛ’n ɔ nin Ɲanmiɛn srɛlɛ’n.— Ngl. 2:4 .",Baoulé,AfriSpeech,24.91,train,bci
AfriSpeech/baoule_bci,"11 Like nga ti yɛ ɔ ti kekle’n. Suklu dilɛ’n kwla fa ɔ blɛ’n i dan lika. Kɛ bé wá bó amun ta annzɛ sɛ be man amun junman wie m’ɔ fata kɛ amun di i ndɛndɛ’n, i sɔ’n kwla yo maan a su ɲanman ɔ ti. Ɔ maan sɛ a yoman ɔ blɛ’n i cɛcɛ’n, afɛ’n kwla tin ɔ su dan. Kannzɛ ɔ ti cinnjin kɛ a suan fluwa’n sanngɛ ɔ fata kɛ a fa blɛ lo wunmiɛn wie.",Baoulé,AfriSpeech,23.971,train,bci
AfriSpeech/baoule_bci,"18 Cɛn kunngun’n usa ɔ wun kɛ: ‘?E nin min wiengu suklu ba mun e afiɛn su mantan dan? ?Be nzuɛn’n nin be ijɔlɛ wafa’n su sa min? ?Wafa sɛ yɛ Zoova bu i sɔ liɛ’n niɔn?’ ( Jue. 1:1 ) Sɛ a wun kɛ ɔ fata kɛ a kaci ɔ sa’n, fa ajalɛ ndɛndɛ. Yɛle kɛ be nga be klo Zoova kɛ wɔ sa’n, be yɛ ɔ fata kɛ a nin be tra janvuɛ-ɔ. Asa’n, bo jasin fɛ’n kle ɔ wiengu suklu ba mun. Afin wɔ yɛ a kwla uka be kpa naan b’a si ndɛ nanwlɛ’n niɔn.",Baoulé,AfriSpeech,28.986,train,bci
AfriSpeech/baoule_bci,a kwla mian ɔ ɲin naan a nin Zoova amun afiɛn w’a mantan kpa titi-ɔ?,Baoulé,AfriSpeech,4.309,train,bci
AfriSpeech/baoule_bci,"?KWLAA NAAN W’A DI SUKLU W’A WƆ Ɔ ƝRUN EKUN’N, WAFA SƐ YƐ ...",Baoulé,AfriSpeech,4.3,train,bci
AfriSpeech/baoule_bci,"3. ?Kɛ á dí suklu kɔ́ ɔ ɲrun ekun’n, ngue yɛ ɔ kwla yo kekle man wɔ-ɔ?",Baoulé,AfriSpeech,8.384,train,bci
AfriSpeech/baoule_bci,"1-2. (1) ?Sɛ a fali ajalɛ kɛ á dí suklu kɔ́ ɔ ɲrun ekun’n, ngue yɛ ɔ fata kɛ a yo i titi-ɔ? (2) ?Kɛ be se kɛ maan “e fa ajalɛ kunngba’n e wɔ e ɲrun tititi’n” i bo’n yɛle benin? ( Filipufuɛ Mun 3:16 )",Baoulé,AfriSpeech,19.689,train,bci
AfriSpeech/baoule_bci,JUE 87 Amun bla! Amun lo wunmiɛn,Baoulé,AfriSpeech,5.4,train,bci
AfriSpeech/baoule_bci,4. ?Ngue yɛ ɔ kwla uka ɔ naan w’a ‘di e Min’n i junman’n i kpa titi-ɔ’? ( 1 Korɛntifuɛ Mun 15:58 ),Baoulé,AfriSpeech,9.096,train,bci
AfriSpeech/baoule_bci,5. ?Ngue yɛ a kwla yo naan w’a su Zoova kpa titi-ɔ?,Baoulé,AfriSpeech,7.542,train,bci
AfriSpeech/baoule_bci,"6. ?Sɛ Zoova i sulɛ’n te yo ɔ cinnjin’n, kosan benin mun yɛ be kwla uka ɔ naan w’a wun i wlɛ-ɔ? (An nian foto’n wie.)",Baoulé,AfriSpeech,10.607,train,bci
AfriSpeech/baoule_bci,"8. ?Ngue ti yɛ ɔ ti cinnjin kɛ e ‘nian wafa nga e bu akunndan’n su-ɔ’? ( Ɲanndra Mun 5:​1, 2 )",Baoulé,AfriSpeech,8.686,train,bci
AfriSpeech/baoule_bci,9. ?Ngue yɛ a kwla yo naan sran’m b’a saciman ɔ ti nun-ɔn?,Baoulé,AfriSpeech,7.203,train,bci
AfriSpeech/baoule_bci,"7. ?Kɛ é dí suklu kɔ́ e ɲrun ekun’n, wafa sɛ yɛ e akunndan bulɛ wafa’n kwla kaci-ɔ?",Baoulé,AfriSpeech,10.157,train,bci
AfriSpeech/baoule_bci,10. ?Ngue ekun yɛ a kwla yo naan sran’m b’a saciman ɔ ti nun-ɔn?,Baoulé,AfriSpeech,8.015,train,bci
AfriSpeech/baoule_bci,"11. ?Kɛ á dí suklu kɔ́ ɔ ɲrun ekun’n, ngue ti yɛ blɛ ɲanlɛ’n kwla yo kekle man wɔ-ɔ?",Baoulé,AfriSpeech,9.941,train,bci
AfriSpeech/baoule_bci,"12. ?Ninnge benin wie mun yɛ ɔ fata kɛ a yo be-ɔ? ( Efɛzifuɛ Mun 5:​15, 16 )",Baoulé,AfriSpeech,7.479,train,bci
AfriSpeech/baoule_bci,13. ?Ngue yɛ a kwla yo naan w’a ɲan blɛ w’a yo ninnge nga be ti cinnjin’n niɔn?,Baoulé,AfriSpeech,9.366,train,bci
AfriSpeech/baoule_bci,"14. ?Sɛ a siesie ɔ blɛ’n i kpa’n, kosan benin mun yɛ be kwla uka wɔ naan w’a wun i wlɛ-ɔ?",Baoulé,AfriSpeech,9.3,train,bci
AfriSpeech/baoule_bci,"15. ?Kɛ á dí suklu kɔ́ ɔ ɲrun ekun’n, sa benin yɛ ɔ kwla tɔ ɔ su-ɔ?",Baoulé,AfriSpeech,9.959,train,bci
AfriSpeech/baoule_bci,16. ?Ngue yɛ ndɛ ng’ɔ o Ɲanndra Mun 13:20 nun’n kle e-ɔ?,Baoulé,AfriSpeech,8.6,train,bci
AfriSpeech/baoule_bci,17. ?Ngue yɛ a kwla yo naan a nin sran tɛ’m b’a sanman nun-ɔn?,Baoulé,AfriSpeech,7.463,train,bci
AfriSpeech/baoule_bci,18. ?Kosan benin yɛ a kwla fa usa ɔ wun-ɔn? (An nian foto’n wie.),Baoulé,AfriSpeech,6.592,train,bci
AfriSpeech/baoule_bci,Nán maan suklu dilɛ’n yo ɔ cinnjin tra Zoova i sulɛ’n. (An nian ndɛ kpɔlɛ 6 nun.),Baoulé,AfriSpeech,16.676,train,bci
AfriSpeech/baoule_bci,19. ?Wafa sɛ yɛ a kwla siesie ɔ wun naan w’a jran sa nga be tɔ ɔ su suklu lɔ’n be ɲrun kekle-ɔ? An fa sunnzun ase kun be yiyi nun.,Baoulé,AfriSpeech,12.31,train,bci
AfriSpeech/baoule_bci,20. ?Sɛ ‘e te nanti kɛ Klisifuɛ sa’n’ ngue yɛ e kwla yo naan y’a wun i wlɛ-ɔ?,Baoulé,AfriSpeech,9.163,train,bci
AfriSpeech/baoule_bci,Bo jasin fɛ’n kle ɔ wiengu suklu ba mun. (An nian ndɛ kpɔlɛ 18 nun.) e,Baoulé,AfriSpeech,22.22,train,bci
AfriSpeech/baoule_bci,“?Ngue ti yɛ a di ɔ niaan’n i jɔlɛ-ɔ?” — RƆM. 14:10 .,Baoulé,AfriSpeech,8.766,train,bci
AfriSpeech/baoule_bci,Kɛ e wiengu’m be fa ajalɛ’n nán e di be jɔlɛ,Baoulé,AfriSpeech,4.226,train,bci
AfriSpeech/baoule_bci,"AFUƐ 2026, UTU 3-9",Baoulé,AfriSpeech,6.782,train,bci
AfriSpeech/baoule_bci,JUE 113 Ɲanmiɛn i nvle’n nunfuɛ’m be fɔundi’n,Baoulé,AfriSpeech,4.983,train,bci
AfriSpeech/baoule_bci,"?Sɛ ajalɛ nga e wiengu Klisifuɛ’m be fa’n timan e liɛ’n su’n, é yó sɛ naan y’a bu be sran titi?",Baoulé,AfriSpeech,7.536,train,bci
AfriSpeech/baoule_bci,"?AJALƐ wie mɔ a fali’n ti’n, sran wie kannin ɔ wun ndɛ tɛ? ?Annzɛ a kannin ɔ wiengu kun i wun ndɛ ajalɛ kun m’ɔ fali’n ti? E nun sunman é tɛ́ kosan nɲɔn sɔ’m be su kɛ ɛɛn-ɛn.",Baoulé,AfriSpeech,14.175,train,bci
AfriSpeech/baoule_bci,"2 Ɔ ju wie’n, ajalɛ nga e fa be sa wie’m be nun’n, ɔ nin ajalɛ nga e niaan Klisifuɛ kun fa’n, be timan kun. Ɔ fataman kɛ i sɔ’n bo e nuan. Afin e ti fanunfanun. Lika nga e ɲinnin’n, nin wafa nga be tali e’n, ɔ nin sa nga be juli e su’n be ti’n, e akunndan bulɛ wafa’n timan kun. Sanngɛ ɔ fataman kɛ i sɔ’n yo maan e bo w’a yoman kun asɔnun’n nun.— Efɛ. 4:3 .",Baoulé,AfriSpeech,26.043,train,bci
AfriSpeech/baoule_bci,"3 Kɛ e niaan Klisifuɛ kun waan ɔ́ yó like kun mɔ e klun jɔman su’n, e kunndɛ kɛ é sé i kɛ ɔ fa ajalɛ uflɛ. Annzɛ e klo kɛ é bó su é klé sran uflɛ. Afin e niaan sɔ’n i ndɛ lo e. Kɛ mɔ e klo e niaan Klisifuɛ mun’n ti’n, e kunndɛ kɛ be di aklunjɔɛ. ( Ɲan. 17:17 ) Ɔ maan e kloman kɛ be fa ajalɛ wie m’ɔ kwla yo be nsisɔ-ɔ, annzɛ be fa ajalɛ wie m’ɔ kwla saci be nin Zoova be afiɛn-ɔn.",Baoulé,AfriSpeech,27.633,train,bci
AfriSpeech/baoule_bci,"AJALƐ WIE MƆ ANIAAN KUN KWLA FA MƆ I TI’N, E KWLA DI I JƆLƐ’N",Baoulé,AfriSpeech,4.952,train,bci
AfriSpeech/baoule_bci,"5 Sanngɛ wie liɛ’n, kɛ ɔ yo naan e yaci e niaan Klisifuɛ’m be nun naan be fa ajalɛ nga be klo’n, ɔ ti kekle. Like suanlɛ nga nun’n, é wá kán sa nga ti yɛ ɔ fataman kɛ e di e wiengu’m be jɔlɛ ajalɛ nga be fa’n ti’n i ndɛ. Kpɛkun, wafa nga e kwla yo sɔ’n, é kɛ́n i ndɛ wie. ?Sanngɛ ajalɛ benin yɛ aniaan kun kwla fa mɔ i ti’n, e kwla di i jɔlɛ-ɔ? Maan e kan be nun wie’m be ndɛ.",Baoulé,AfriSpeech,26.844,train,bci
AfriSpeech/baoule_bci,?NGUE TI YƐ KƐ E WIENGU’M BE FA AJALƐ’N Ɔ FATAMAN KƐ E DI BE JƆLƐ-Ɔ?,Baoulé,AfriSpeech,5.854,train,bci
AfriSpeech/baoule_bci,?É YÓ SƐ NAAN Y’A DIMAN E WIENGU’M BE JƆLƐ AJALƐ NGA BE FA’N TI?,Baoulé,AfriSpeech,4.823,train,bci
AfriSpeech/baoule_bci,Galasifuɛ Mun 6:1,Baoulé,AfriSpeech,3.402,train,bci
AfriSpeech/baoule_bci,?WAFA SƐ YƐ BIBLU’N NUN NDƐ MMA NGA’M BE KWLA UKA E NAAN KƐ E WIENGU’M BE FA AJALƐ’N Y’A DIMAN BE JƆLƐ-Ɔ?,Baoulé,AfriSpeech,7.579,train,bci
AfriSpeech/baoule_bci,"3. ?Kɛ e niaan Klisifuɛ kun fa ajalɛ kun mɔ e klun jɔman su’n, ngue yɛ e kunndɛ kɛ é yó-ɔ?",Baoulé,AfriSpeech,8.122,train,bci
AfriSpeech/baoule_bci,"1-2. ?Ngue ti yɛ wie liɛ’n, ajalɛ nga e fa’n, ɔ nin nga e niaan Klisifuɛ kun fa’n, be timan kun-ɔn?",Baoulé,AfriSpeech,9.274,train,bci
AfriSpeech/baoule_bci,"4-5. ?Sɛ ajalɛ nga e niaan Klisifuɛ kun kunndɛ kɛ ɔ́ fá’n, ɔ timan e liɛ’n su’n, ngue yɛ ɔ fata kɛ e yo-ɔ?",Baoulé,AfriSpeech,8.97,train,bci
AfriSpeech/baoule_bci,"6-7. Kan ajalɛ wie mɔ aniaan’m be kwla fa mɔ i ti’n e kwla di be jɔlɛ’n, be nun wie’m be ndɛ.",Baoulé,AfriSpeech,7.765,train,bci
AfriSpeech/baoule_bci,"1 Korɛntifuɛ Mun 4:6; 8:​12, 13",Baoulé,AfriSpeech,8.543,train,bci
AfriSpeech/baoule_bci,"JUE 89 Tie, fa su, ɔ liɛ yo ye",Baoulé,AfriSpeech,6.041,train,bci
AfriSpeech/baoule_bci,"8. (1) ?Ngue ti yɛ siɛ annzɛ niɛn kun kwla bu siɛ nin niɛn wie’m be wun akunndan tɛ-ɔ? (2) ?Sɛ e bu e wiengu’m be wun akunndan tɛ’n, wafa sɛ yɛ i bo’n kwla gua-ɔ?",Baoulé,AfriSpeech,14.108,train,bci
AfriSpeech/baoule_bci,9. (1) ?Ngue yɛ e kwlakwla e kunndɛ-ɔ? (2) ?Yɛ ngue yɛ ɔ fata kɛ e nian e wun su naan y’a yoman-ɔn? (An nian desɛn’n wie.),Baoulé,AfriSpeech,10.381,train,bci
AfriSpeech/baoule_bci,"10. (1) ?Kɛ nga Zaki 4:12 fa kan’n sa’n, ngue yɛ e leman atin e yoman-ɔn? (2) ?Yɛ ngue ti-ɔ?",Baoulé,AfriSpeech,12.33,train,bci
AfriSpeech/baoule_bci,11. ?Ngue yɛ e kwla yo naan e bo w’a yo kun asɔnun’n nun-ɔn? (An nian foto’n wie.),Baoulé,AfriSpeech,5.799,train,bci
AfriSpeech/baoule_bci,12-13. ?Sɛ e bu i kɛ aniaan kun su yo “sa wie m’ɔ timan kpa’n” ngue yɛ ɔ fata kɛ e bu i akunndan-ɔn? ( Galasifuɛ Mun 6:1 ; an nian kuku “ Kɛ ɔ timan e liɛ’n su’n ” nun wie.),Baoulé,AfriSpeech,9.823,train,bci
AfriSpeech/baoule_bci,"14. ?Kɛ é fá ajalɛ’n, ngue yɛ e kwla yo naan e nin e niaan mun e bo w’a yo kun titi-ɔ? ( Rɔmunfuɛ Mun 8:​12, 13 )",Baoulé,AfriSpeech,7.781,train,bci
AfriSpeech/baoule_bci,"16. ?Kɛ asɔnun kpɛnngbɛn’m be fa ajalɛ kun’n, ngue yɛ ɔ fata kɛ be tinuntinun be yo-ɔ?",Baoulé,AfriSpeech,7.505,train,bci
AfriSpeech/baoule_bci,15. ?Ngue yɛ asɔnun kpɛnngbɛn’m be kwla yo naan aniaan’m be bo w’a yo kun asɔnun’n nun-ɔn? ( 1 Korɛntifuɛ Mun 4:6 ),Baoulé,AfriSpeech,6.685,train,bci
AfriSpeech/baoule_bci,Kɛ ɔ timan e liɛ’n su’n,Baoulé,AfriSpeech,4.682,train,bci
AfriSpeech/baoule_bci,"17. ?Sɛ e wiengu’m be fa ajalɛ naan e diman be jɔlɛ’n, wafa sɛ yɛ i bo’n gúa-ɔ?",Baoulé,AfriSpeech,6.988,train,bci
AfriSpeech/baoule_bci,"Sɛ e niaan Klisifuɛ kun fa ajalɛ kun m’ɔ timan e liɛ’n su’n, maan e fa kosan nga be o ja ngua lɛ’n e usa e wun. Sɛ e yo sɔ’n, e su buman ajalɛ sɔ m’ɔ fali’n i akunndan sa trilili.— Gal. 6:5 .",Baoulé,AfriSpeech,11.009,train,bci
AfriSpeech/baoule_bci,?Ajalɛ ng’ɔ fali’n i bo’n gúa tɛ??Annzɛ min yɛ n su blɔ ndɛ’n niɔn?,Baoulé,AfriSpeech,4.589,train,bci
AfriSpeech/baoule_bci,?Wafa nga be tɛli i’n annzɛ lika ng’ɔ ɲinnin’n ti yɛ ɔ fɛli i sɔ ajalɛ’n niɔn?,Baoulé,AfriSpeech,4.952,train,bci
AfriSpeech/baoule_bci,?Ajalɛ sɔ m’ɔ fali’n i su ye benin yɛ ɔ kwla ɲɛn i-ɔ?,Baoulé,AfriSpeech,3.761,train,bci
AfriSpeech/baoule_bci,"‘?Like nga i waan ɔ́ yó’n, ‘ɔ timan kpa’? ?Annzɛ min yɛ ɔ timan min liɛ’n su-ɔ?’",Baoulé,AfriSpeech,5.202,train,bci
AfriSpeech/baoule_bci,"Sɛ e kunndɛ kɛ é kɔ́ lika kun’n, atin nga e kwla fa’n sɔnnin. I wafa kunngba’n ɔ le Klisifuɛ kun nin i ajalɛ liɛ m’ɔ kwla fa-ɔ. (An nian ndɛ kpɔlɛ 9 nun.)",Baoulé,AfriSpeech,20.175,train,bci
AfriSpeech/baoule_bci,"Sɛ ɔ su yo like kun m’ɔ timan kpa’n, usa ɔ wun kɛ: ‘?Min yɛ ɔ fata kɛ n fɛ i sie atin kpa’n su-ɔ? ?Annzɛ asɔnun kpɛnngbɛn kun yɛ ɔ le i sɔ yolɛ’n i wun atin-ɔn?’",Baoulé,AfriSpeech,11.354,train,bci
AfriSpeech/baoule_bci,"Kɛ Zoova yili klɔ sran’n, w’a sunnzunman kɛ be fa be wun like kwlaa nun. Sanngɛ ɔ klo kɛ e bo yo kun. (An nian ndɛ kpɔlɛ 11 nun.)",Baoulé,AfriSpeech,26.199,train,bci
AfriSpeech/baoule_bci,Manaɛn fali Zoova i sulɛ’n sieli i like kwlaa ɲrun,Baoulé,AfriSpeech,4.661,train,bci
AfriSpeech/baoule_bci,SRAN KUN MƆ BIBLU’N KƐN I NDƐ’N,Baoulé,AfriSpeech,3.328,train,bci
AfriSpeech/baoule_bci,"Manaɛn ti be nga Klisifuɛ klikli’m be blɛ su’n, be dunnin asɔnun ng’ɔ o Antiɔsu lɔ’n i ɲrun mmua’n be nun kun. Bian sɔ’n ‘nin Erɔdu m’ɔ ti Galile asa’n i siefuɛ’n be dili suklu laa.’ ( Yol. 13:1 ) Ɔ maan Manaɛn dili suklu dan, yɛ i osu’n nun’n be ti aɲanbeunfuɛ.",Baoulé,AfriSpeech,22.007,train,bci
AfriSpeech/baoule_bci,"Ɔ nin i sɔ ngba’n, Manaɛn fali ajalɛ naan w’a kaci Klisifuɛ. Yɛ ɔ dili junman kekle kpa asɔnun’n nun. W’a faman suklu dan m’ɔ dili’n, ɔ nin sran dandan m’ɔ si be’n w’a fa yomɛn i bɔbɔ i wun sa ye. Sanngɛ ɔ tuli i klun ukɛli i niaan mun.",Baoulé,AfriSpeech,15.88,train,bci
AfriSpeech/baoule_bci,"AFUƐ 2026, UTU 10-16",Baoulé,AfriSpeech,6.876,train,bci
AfriSpeech/baoule_bci,"?Sɛ sa wie kle wɔ yalɛ’n, á yó sɛ naan w’a kpɔciman Ɲanmiɛn?",Baoulé,AfriSpeech,4.913,train,bci
AfriSpeech/baoule_bci,"JUE 122 An jran kekle, nán amun wun usu amun!",Baoulé,AfriSpeech,5.08,train,bci
AfriSpeech/baoule_bci,"“?E Min, wan sin yɛ é kɔ́-ɔ? Ɔ ndɛ’m be man nguan m’ɔ leman awieliɛ’n.” — ZAN 6:68 .",Baoulé,AfriSpeech,10.735,train,bci
AfriSpeech/baoule_bci,"Kannzɛ sa ng’ɔ kle e yalɛ’n ti sɛ ti sɛ’n, e nin Zoova e kwla nanti klanman titi.",Baoulé,AfriSpeech,6.218,train,bci
AfriSpeech/baoule_bci,ZOOVA YƐ Ɔ YILI LIKE KWLAA-Ɔ,Baoulé,AfriSpeech,3.81,train,bci
AfriSpeech/baoule_bci,"9 Cɛn uflɛ sɛ ɔ ngunmin a suan Biblu’n nun like’n, a kwla fa ɔ ɲin sie i ninnge nga be kle kɛ Ɲanmiɛn o lɛ sakpa’n be su. Sɛ a yo sɔ’n, á láfi su tankaan kpa kɛ Zoova o lɛ kpɛkun á sí i nzuɛn’n kpa. ( Rɔm. 1:20 ) Asa’n, a kwla fa like nga a suannin’n uka ɔ wiengu nga be lafiman su kpa kɛ Ɲanmiɛn o lɛ’n. I kwlaa sɔ’n kle kɛ Zoova mannin e ninnge kpanngban mɔ be kle kɛ i yɛ ɔ yili e-ɔ.",Baoulé,AfriSpeech,26.319,train,bci
AfriSpeech/baoule_bci,ZOOVA O I SUFUƐ’M BE SIN ANDƐ,Baoulé,AfriSpeech,3.334,train,bci
AfriSpeech/baoule_bci,"13 Sɛ e lafiman su kpa kun kɛ Zoova i Lalofuɛ mun yɛ Ɲanmiɛn o be sin andɛ’n, ɔ fata kɛ e fa ajalɛ ndɛndɛ naan e akunndan’n w’a yoman nɲɔnnɲɔn kun. I lɛ nun’n, e kwla usa e wun kɛ: ‘?Wan mun yɛ be mian be ɲin be nanti Biblu’n nun mmla’m be su andɛ-ɔ? ?Wan mun yɛ be jran Biblu’n su be fa ajalɛ sa kwlaa nun-ɔn?’ ( 2 Tim. 4:​3, 4 ) ‘?Wan mun yɛ be yo Ɲanmiɛn i klun sa andɛ-ɔ?’— Mat. 7:​20, 21 .",Baoulé,AfriSpeech,27.593,train,bci
AfriSpeech/baoule_bci,NÁN KPƆCI ZOOVA LE,Baoulé,AfriSpeech,3.574,train,bci
AfriSpeech/baoule_bci,"17 Mɛn’n i awieliɛ blɛ nga nun’n, lika’n ti kekle e kwlaa e su. ( 2 Tim. 3:​1, 13 ) Asa’n, atrɛkpa’n e bɔbɔ e su sa wie’m be ti’n e koko dan. Asa ekun’n, Zoova i anuannzɛ’n kwla fa ajalɛ wie mɔ e wunman be wlɛ kpa-ɔ. Annzɛ kusu aniaan kun kwla yo e sa wie. Asa kusu’n, ɔ kwla yo e kɛ e wunman sa ng’ɔ o e su’n i trawlɛ sa, annzɛ e wunman sa nga ti yɛ sa wie’m be tɔ e su’n i wlɛ kpa.",Baoulé,AfriSpeech,26.414,train,bci
AfriSpeech/baoule_bci,"18 Sa sɔ’m be kwla yo maan e wla bo e wun. Sanngɛ sɛ e lafi su kɛ Zoova yɛ ɔ yili like kwlakwla’n, naan Biblu’n nun ndɛ’n fin i’n, naan Zoova i Lalofuɛ mun yɛ be ti i sufuɛ mun’n, e su kpɔcimɛn i le. Kɛ nga Piɛli kan kleli Zezi sa’n, e kusu é sé Zoova kɛ: “?Wan sin yɛ é kɔ́-ɔ? Ɔ ndɛ’m be man nguan m’ɔ leman awieliɛ’n.”",Baoulé,AfriSpeech,28.486,train,bci
AfriSpeech/baoule_bci,Zoova yɛ ɔ yili like kwlakwla-ɔ,Baoulé,AfriSpeech,3.701,train,bci
AfriSpeech/baoule_bci,"?KƐ SA’M BE TƆ E SU’N, WAFA SƐ YƐ NDƐ CINNJIN NSAN NGA’M BE KWLA UKA E-Ɔ?",Baoulé,AfriSpeech,5.111,train,bci
AfriSpeech/baoule_bci,"1-2. ?Kɛ Zezi klé like Kapɛɛnaɔmun lɔ’n, sa benin yɛ ɔ juli-ɔ?",Baoulé,AfriSpeech,7.693,train,bci
AfriSpeech/baoule_bci,"3. (1) ?Kɛ akoto’m be tili ndɛ nga Zezi kannin’n, ajalɛ benin yɛ be fali-ɔ? (2) ?Yɛ ngue ti yɛ be fali ajalɛ sɔ’n niɔn? (An nian desɛn’n wie.)",Baoulé,AfriSpeech,14.332,train,bci
AfriSpeech/baoule_bci,4. ?Sa benin mun yɛ be kwla kle e yalɛ-ɔ?,Baoulé,AfriSpeech,4.97,train,bci
AfriSpeech/baoule_bci,JUE 123 Maan e ɲin yi Ɲanmiɛn i ninnge siesielɛ’n,Baoulé,AfriSpeech,8.317,train,bci
AfriSpeech/baoule_bci,5. ?Ngue ti yɛ ɔ ti cinnjin kɛ e Ɲanmiɛn sulafilɛ’n i bo’n wla ase kpa-ɔ? An fa sunnzun ase kun yiyi nun. ( Kolɔsufuɛ Mun 1:23 ),Baoulé,AfriSpeech,8.885,train,bci
AfriSpeech/baoule_bci,Zoova o i sufuɛ’m be sin andɛ,Baoulé,AfriSpeech,3.146,train,bci
AfriSpeech/baoule_bci,6. ?Ngue yɛ ɔ ukali akoto mun naan b’a su Zezi su titi-ɔ?,Baoulé,AfriSpeech,6.266,train,bci
AfriSpeech/baoule_bci,"7. (1) ?Ndɛ benin yɛ Sa Nglo Yilɛ 4:11 fa kpɛn e wla-ɔ? (2) ?Sanngɛ kɛ sa’m be tɔ e su’n, akunndan benin yɛ e kwla bu-ɔ?",Baoulé,AfriSpeech,13.628,train,bci
AfriSpeech/baoule_bci,"8-9. ?Sɛ e su bu i kɛ nán Zoova yɛ ɔ yili like kwlaa’n, ngue yɛ ɔ fata kɛ e yo-ɔ? (An nian foto’n wie.)",Baoulé,AfriSpeech,9.07,train,bci
AfriSpeech/baoule_bci,"10. ?Wafa sɛ yɛ e bu Biblu’n niɔn? ( 2 Timote 3:​16, 17 )",Baoulé,AfriSpeech,6.201,train,bci
AfriSpeech/baoule_bci,"12. ?Sɛ e su bu i kɛ Biblu’n finman Ɲanmiɛn sakpa’n, ngue yɛ ɔ fata kɛ e yo-ɔ?",Baoulé,AfriSpeech,8.311,train,bci
AfriSpeech/baoule_bci,11. ?Ngue ti yɛ e lafi su kɛ Biblu’n fin Ɲanmiɛn-ɔn?,Baoulé,AfriSpeech,6.374,train,bci
AfriSpeech/baoule_bci,"13. ?Sɛ e lafiman su kpa kun kɛ Zoova i Lalofuɛ mun yɛ Ɲanmiɛn o be sin andɛ’n, ngue yɛ ɔ fata kɛ e yo-ɔ?",Baoulé,AfriSpeech,9.177,train,bci
AfriSpeech/baoule_bci,14. ?Wafa sɛ yɛ Zoova i Lalofuɛ’m be yia ndɛ ng’ɔ o Matie 24:14 nun’n i nuan-ɔn?,Baoulé,AfriSpeech,8.674,train,bci
AfriSpeech/baoule_bci,15. ?Wafa sɛ yɛ Zoova i Lalofuɛ’m be yo maan Ɲanmiɛn i dunman’n yo sanwun-ɔn? ( Matie 6:9; Ezai 43:10 ),Baoulé,AfriSpeech,7.605,train,bci
AfriSpeech/baoule_bci,"Zezi i sɔnnzɔnfuɛ sunman be yacili i lɛ be ɔli, sanngɛ Piɛli nin akoto onga’m be kɛli i wun lɛ. (An nian ndɛ kpɔlɛ 3 nun.)",Baoulé,AfriSpeech,25.579,train,bci
AfriSpeech/baoule_bci,"16. ?Ngue ti yɛ e kwla se kɛ Zoova i Lalofuɛ’m be di mmla ng’ɔ o Zan 13:​34, 35 nun’n su-ɔ? (An nian foto’n wie.)",Baoulé,AfriSpeech,10.785,train,bci
AfriSpeech/baoule_bci,17-18. (1) ?Sa benin mun yɛ be kwla kle e yalɛ-ɔ? (2) ?Sanngɛ ndɛ benin yɛ e kwla kan-ɔn?,Baoulé,AfriSpeech,12.024,train,bci
AfriSpeech/baoule_bci,"Wafa nga e klo e wun mɔ e bo ti kun’n, ɔ ti abonuan. (An nian ndɛ kpɔlɛ 16 nun.) a",Baoulé,AfriSpeech,15.842,train,bci
AfriSpeech/baoule_bci,"AFUƐ 2026, UTU 17-23",Baoulé,AfriSpeech,9.616,train,bci
AfriSpeech/baoule_bci,?É yó sɛ naan e nin aniaan mun e janvuɛ’n w’a tra kpa titi?,Baoulé,AfriSpeech,5.925,train,bci
AfriSpeech/baoule_bci,"“Maan amun si sran aunnvɔɛ, amun yo sran ye, amun yo wun ase kanfuɛ, amun yo wɛtɛɛfuɛ, kpɛkun amun tra amun awlɛn.” — KOL. 3:12 .",Baoulé,AfriSpeech,16.751,train,bci
AfriSpeech/baoule_bci,JUE 90 Maan e wla e wiengu’m be fanngan,Baoulé,AfriSpeech,4.916,train,bci
AfriSpeech/baoule_bci,Sa wie’m be kwla yo maan e nin aniaan mun e afiɛn sáci. ?Ngue yɛ e kwla yo naan e afiɛn w’a mantan kpa titi-ɔ?,Baoulé,AfriSpeech,9.848,train,bci
AfriSpeech/baoule_bci,"BLƐ kasiɛn nga nun’n, sɛ e leman janvuɛ kpa kun m’ɔ kwla suan e bo’n, lika’n kwla yo kekle kpa e su. Ɔ maan kɛ e si kɛ e kwla ɲan janvuɛ kpa wie mun Zoova i sufuɛ’m be afiɛn’n, ɔ yo e fɛ dan. ( Jue. 119:63 ) E mɔ e su Zoova’n, e ti kɛ awlobo kun nunfuɛ mun sa, yɛ e klo e wun.",Baoulé,AfriSpeech,20.771,train,bci
AfriSpeech/baoule_bci,MAAN E FA NZUƐN NGA ƝANMIƐN KLO BE’N,Baoulé,AfriSpeech,4.296,train,bci
AfriSpeech/baoule_bci,KƐ E NUAN SƐMAN NDƐ KUN SU’N,Baoulé,AfriSpeech,4.052,train,bci
AfriSpeech/baoule_bci,KƐ E NZUƐN’N TIMAN KUN’N,Baoulé,AfriSpeech,3.402,train,bci
AfriSpeech/baoule_bci,"10 Sa nga ti yɛ ɔ ti kekle’n. Wie liɛ’n, kɛ ɔ yo naan e nin aniaan nga e nin be e nzuɛn’n timan kun’n e afiɛn mantan titi’n, ɔ kwla yo kekle. Atrɛkpa’n, e kloman be nun wie’m be ayeliɛ’n. Wie’m be kusu kɛ mɔ be yoli be tɛtɛ laa’n ti’n, annzɛ wafa nga be tali be’n ti’n, be faman be wun mantanman sran. Aniaan wie’m be liɛ’n, kɛ be o nzra nun’n yɛ be wun kpaja be kpa-ɔ. Sanngɛ wie’m be liɛ’n, be sa ɲan.",Baoulé,AfriSpeech,29.022,train,bci
AfriSpeech/baoule_bci,KƐ AFƐ O ANIAAN KUN SU’N,Baoulé,AfriSpeech,3.745,train,bci
AfriSpeech/baoule_bci,Kɛ e nuan sɛman ndɛ kun su’n,Baoulé,AfriSpeech,4.161,train,bci
AfriSpeech/baoule_bci,Kɛ e nzuɛn’n timan kun’n,Baoulé,AfriSpeech,3.756,train,bci
AfriSpeech/baoule_bci,"?SA NGA’M BE NUN’N, NGUE YƐ E KWLA YO NAAN E NIN ANIAAN MUN E JANVUƐ’N W’A TRA KPA TITI-Ɔ?",Baoulé,AfriSpeech,7.83,train,bci
AfriSpeech/baoule_bci,1. ?Nin yɛ e kwla ɲan janvuɛ kpa-ɔ?,Baoulé,AfriSpeech,6.493,train,bci
AfriSpeech/baoule_bci,2. ?Janvuɛ’n i wafa benin yɛ ɔ fata kɛ e nin aniaan mun e tra-ɔ?,Baoulé,AfriSpeech,7.699,train,bci
AfriSpeech/baoule_bci,"3. ?Ngue ti yɛ kɛ ɔ yo naan e nin aniaan mun e janvuɛ’n tra kpa titi’n, ɔ kwla yo kekle-ɔ?",Baoulé,AfriSpeech,9.709,train,bci
AfriSpeech/baoule_bci,4. ?Ngue yɛ e kwla yo naan e nin aniaan mun e afiɛn w’a mantan kpa-ɔ?,Baoulé,AfriSpeech,8.688,train,bci
AfriSpeech/baoule_bci,Kɛ afɛ o aniaan kun su’n,Baoulé,AfriSpeech,3.863,train,bci
AfriSpeech/baoule_bci,5. ?Ngue yɛ ɔ kwla uka e naan e nin aniaan mun e janvuɛ’n w’a saciman-ɔn? An fa sunnzun ase kun be yiyi nun. ( Kolɔsufuɛ Mun 3:12 ),Baoulé,AfriSpeech,11.081,train,bci
AfriSpeech/baoule_bci,JUE 124 Maan e yo ndɛnmanfuɛ titi,Baoulé,AfriSpeech,5.037,train,bci
AfriSpeech/baoule_bci,"6. ?Kɛ e nuan sɛman ndɛ kun su’n, sa benin yɛ ɔ kwla ju-ɔ?",Baoulé,AfriSpeech,7.534,train,bci
AfriSpeech/baoule_bci,7. ?Ngue yɛ Zezi seli i sɔnnzɔnfuɛ mun kɛ be yo naan b’a kwla siesie be afiɛn-ɔn?,Baoulé,AfriSpeech,8.838,train,bci
AfriSpeech/baoule_bci,"8. ?Kɛ e nuan sɛman ndɛ kun su’n, ngue yɛ ɔ kwla uka e naan y’a ka janvuɛ titi-ɔ? ( Kolɔsufuɛ Mun 3:13 ) (An nian foto mun wie.)",Baoulé,AfriSpeech,9.428,train,bci
AfriSpeech/baoule_bci,"9. ?Kɛ e nuan sɛman ndɛ kun su mɔ i siesielɛ’n ti kekle’n, wafa sɛ yɛ wun ase kanlɛ’n kwla uka e-ɔ? ( Ɲanndra Mun 17:9 )",Baoulé,AfriSpeech,11.26,train,bci
AfriSpeech/baoule_bci,"10. ?Ngue ti yɛ kɛ ɔ yo naan e nin aniaan wie mun e afiɛn mantan titi’n, ɔ ti kekle-ɔ?",Baoulé,AfriSpeech,9.476,train,bci
AfriSpeech/baoule_bci,11. ?Ngue ti yɛ Zezi nin sran wie mɔ be nzuɛn’n nin i liɛ’n timan kun’n be kwla yoli janvuɛ titi-ɔ?,Baoulé,AfriSpeech,10.503,train,bci
AfriSpeech/baoule_bci,12. ?Ngue yɛ ɔ ukali Zezi naan w’a trɛ i awlɛn i janvuɛ’m be wun-ɔn?,Baoulé,AfriSpeech,9.07,train,bci
AfriSpeech/baoule_bci,"13. ?Sɛ e tra e awlɛn’n, wafa sɛ yɛ i sɔ’n úka e naan e nin aniaan mun y’a ka janvuɛ titi-ɔ? ( Efɛzifuɛ Mun 4:2 )",Baoulé,AfriSpeech,10.64,train,bci
AfriSpeech/baoule_bci,14. ?Ngue yɛ awlɛn tralɛ’n kwla uka e naan y’a yo-ɔ?,Baoulé,AfriSpeech,9.507,train,bci
AfriSpeech/baoule_bci,15. ?Wan yɛ ɔ kwla uka e naan e nin aniaan nga e nin be e nzuɛn’n timan kun’n y’a tra janvuɛ titi-ɔ?,Baoulé,AfriSpeech,10.639,train,bci
AfriSpeech/baoule_bci,"16. ?Kɛ afɛ o aniaan kun su’n, sa benin yɛ ɔ kwla ju-ɔ?",Baoulé,AfriSpeech,8.831,train,bci
AfriSpeech/baoule_bci,"17. ?Ngue yɛ like nga Zezi yo mannin Baatime’n, ɔ kle e-ɔ?",Baoulé,AfriSpeech,8.627,train,bci
AfriSpeech/baoule_bci,"18. ?Kɛ afɛ o aniaan kun su’n, ngue yɛ ɔ fata kɛ e yo-ɔ? ( 1 Tesalonikifuɛ Mun 5:14 )",Baoulé,AfriSpeech,8.761,train,bci
AfriSpeech/baoule_bci,"19. ?Wafa sɛ yɛ e kwla si aniaan’m be aunnvɔɛ, yɛ e yo be ye-ɔ? (An nian foto mun wie.)",Baoulé,AfriSpeech,9.913,train,bci
AfriSpeech/baoule_bci,20. ?Janvuɛ’n i wafa benin yɛ e kunndɛ kɛ é yó-ɔ?,Baoulé,AfriSpeech,7.872,train,bci
AfriSpeech/baoule_bci,E jasin bolɛ akpasua’n kwla uka e kpa,Baoulé,AfriSpeech,3.168,train,bci
AfriSpeech/baoule_bci,"AFUƐ 2026, UTU 24-30",Baoulé,AfriSpeech,6.259,train,bci
AfriSpeech/baoule_bci,Janvuɛ kpa’n ɔ si i janvuɛ’m be aunnvɔɛ yɛ ɔ yo be ye. (An nian ndɛ kpɔlɛ 19 nun.),Baoulé,AfriSpeech,25.42,train,bci
AfriSpeech/baoule_bci,JUE 65 E wɔ e ɲrun titi!,Baoulé,AfriSpeech,4.084,train,bci
AfriSpeech/baoule_bci,"“Ń tú min klun ń mánmán Zoova, ń mɛ́nmɛ́n i sran kpa mɔ b’a yia’n be afiɛn.” — JUE. 111:1 .",Baoulé,AfriSpeech,11.182,train,bci
AfriSpeech/baoule_bci,É wá wún wafa nga e kwla ɲan e jasin bolɛ akpasua’n i su ye’n.,Baoulé,AfriSpeech,5.267,train,bci
AfriSpeech/baoule_bci,JASIN BOLƐ AKPASUA’N I SUNIANFUƐ’N NIN I UKAFUƐ’N,Baoulé,AfriSpeech,4.38,train,bci
AfriSpeech/baoule_bci,"3 Like suanlɛ nga nun’n, é wá kán junman nga jasin bolɛ akpasua’n i sunianfuɛ’n nin i ukafuɛ’n be di’n ɔ nin wafa nga be uka be jasin bolɛ akpasua’n i nunfuɛ mun’n be ndɛ. I sin’n, é wá wún wafa nga e tinuntinun e kwla suan e jasin bolɛ akpasua’n i bo’n. Kpɛkun é wá wún ajalɛ kpa sɔ’n i su ye nga e kwla ɲɛn i’n.",Baoulé,AfriSpeech,22.424,train,bci
AfriSpeech/baoule_bci,WAFA NGA A KWLA SUAN Ɔ JASIN BOLƐ AKPASUA’N I BO’N,Baoulé,AfriSpeech,4.091,train,bci
AfriSpeech/baoule_bci,E JASIN BOLƐ AKPASUA’N I SU YE NGA E KWLA ƝƐN I’N,Baoulé,AfriSpeech,3.969,train,bci
AfriSpeech/baoule_bci,"11 E nin Ɲanmiɛn e afiɛn’n mantan. E tinuntinun e kwla ɲan e jasin bolɛ akpasua’n i su ye. I wie yɛle kɛ asɔnun kpɛnngbɛn’m be wla aniaan nga be ti angbeti’n nin aika ba mun ɔ nin aniaan oke’m be fanngan blɛ ng’ɔ ti su’n i nun. ( 1 Tes. 2:8; Zak. 1:27 ) Asa’n, be kle e kwlaa e like naan y’a si jasin fɛ’n i bo kpa yɛ y’a si sran’m be like kle. Asa ekun’n, be kle aniaan bian nga b’a yo batɛmun’n be like naan b’a kwla di junman wie mun asɔnun’n nun.— 1 Tim. 3:10",Baoulé,AfriSpeech,28.097,train,bci
AfriSpeech/baoule_bci,?Wafa sɛ yɛ jasin bolɛ akpasua’n i sunianfuɛ’n nin i ukafuɛ’n be nian be akpasua’n nun aniaan’m be lika-ɔ?,Baoulé,AfriSpeech,7.585,train,bci
AfriSpeech/baoule_bci,?Wafa sɛ yɛ e kwla suan e jasin bolɛ akpasua’n i bo-ɔ?,Baoulé,AfriSpeech,4.886,train,bci
AfriSpeech/baoule_bci,1-2. ?Jasin bolɛ akpasua’m be su ndɛ benin yɛ aniaan wie’m be kannin-ɔn?,Baoulé,AfriSpeech,7.77,train,bci
AfriSpeech/baoule_bci,?E jasin bolɛ akpasua’n i su ye benin yɛ e kwla ɲɛn i-ɔ?,Baoulé,AfriSpeech,4.793,train,bci
AfriSpeech/baoule_bci,3. ?Ngue yɛ é wá kɛ́n i ndɛ like suanlɛ nga nun-ɔn?,Baoulé,AfriSpeech,5.739,train,bci
AfriSpeech/baoule_bci,4. (1) ?Junman benin yɛ jasin bolɛ akpasua’n i sunianfuɛ’n di-ɔ? (2) ?Yɛ wafa sɛ yɛ ɔ nian be akpasua’n nunfuɛ’m be lika-ɔ? (An nian kuku “ Jasin bolɛ akpasua’n i sunianfuɛ’n i liɛ ” nun.),Baoulé,AfriSpeech,12.701,train,bci
AfriSpeech/baoule_bci,5. ?Sa benin mun yɛ be kle jasin bolɛ akpasua sunianfuɛ wie’m be yalɛ-ɔ?,Baoulé,AfriSpeech,7.69,train,bci
AfriSpeech/baoule_bci,"6. ?Sɛ jasin bolɛ akpasua kun nunfuɛ’m b’a sɔnman’n, ngue ti yɛ i sɔ’n ti kpa-ɔ?",Baoulé,AfriSpeech,7.811,train,bci
AfriSpeech/baoule_bci,"JUE 61 Ɲanmiɛn i Lalofuɛ mun, an wɔ amun ɲrun!",Baoulé,AfriSpeech,5.19,train,bci
AfriSpeech/baoule_bci,"7. ?Sɛ asɔnun kpɛnngbɛn’m b’a sɔnman’n, ngue yɛ jasin bolɛ akpasua’n i sunianfuɛ’m be kwla yo naan b’a nian jasin bofuɛ’m be kwlaa be lika kpa-ɔ? ( 1 Piɛli 5:2 ) (An nian foto’n wie.)",Baoulé,AfriSpeech,11.729,train,bci
AfriSpeech/baoule_bci,8. ?Wafa sɛ yɛ e kwla suan e jasin bolɛ akpasua’n i bo-ɔ? ( Rɔmunfuɛ Mun 1:12 ),Baoulé,AfriSpeech,6.744,train,bci
AfriSpeech/baoule_bci,9. ?Ngue yɛ e kwla yo naan e jasin bolɛ akpasua’n nun w’a yo fɛ-ɔ? ( Rɔmunfuɛ Mun 12:13 ),Baoulé,AfriSpeech,6.654,train,bci
AfriSpeech/baoule_bci,"10. ?Sɛ e klo kɛ e sa tɔ jasin fɛ bolɛ’n nun’n, ngue yɛ e kwla yo-ɔ? ( Ɲanndra Mun 1:5; 27:17 ) (An nian foto’n wie.)",Baoulé,AfriSpeech,7.528,train,bci
AfriSpeech/baoule_bci,11-12. ?E jasin bolɛ akpasua’n i su ye benin yɛ e ɲɛn i-ɔ? An kan sa kun i ndɛ.,Baoulé,AfriSpeech,8.624,train,bci
AfriSpeech/baoule_bci,13. ?E jasin bolɛ akpasua’n i su ye benin ekun yɛ e kwla ɲɛn i-ɔ? (An nian foto’n wie.),Baoulé,AfriSpeech,7.052,train,bci
AfriSpeech/baoule_bci,Jasin bolɛ akpasua’n i sunianfuɛ’n i liɛ,Baoulé,AfriSpeech,4.809,train,bci
AfriSpeech/baoule_bci,"14. ?Kɛ sanvuɛsa annzɛ sa kekle uflɛ tɔ’n, wafa sɛ yɛ e jasin bolɛ akpasua’n uka e-ɔ?",Baoulé,AfriSpeech,8.922,train,bci
AfriSpeech/baoule_bci,15. ?Ngue yɛ Zoova i sufuɛ’m be kwlaa be yo-ɔ?,Baoulé,AfriSpeech,6.678,train,bci
AfriSpeech/baoule_bci,"Nán maan jasin bolɛ aɲia’m be cɛ. Nán be tra miniti nso. I liɛ’n, jasin bofuɛ’m bé bó jasin’n i bolɛ bo ndɛ nun.",Baoulé,AfriSpeech,9.17,train,bci
AfriSpeech/baoule_bci,"Fa Ɲanmiɛn Ndɛ’n wla be tinuntinun be fanngan tikatika. A kwla to be awlo lɔ yo sɔ, annzɛ Ɲanmiɛn Sielɛ sua’n nun lɔ annzɛ lika uflɛ m’ɔ nin i fata’n. Asa’n a kwla yo sɔ telefɔnun nun annzɛ a kwla klɛ be lɛtri.",Baoulé,AfriSpeech,14.823,train,bci
AfriSpeech/baoule_bci,"Mian ɔ ɲin naan a nin ɔ akpasua’n nun aniaan’m be nun sunman be bo jasin fɛ’n likawlɛ. I lɛ nun’n, nán ɔ ɲin kpa be nga sa wie ti’n be kwlá tranman jasin bolɛ aɲia’n i bo titi’n be su. A kwla fa ajalɛ wie mun naan a nin be amun a kwla bo jasin fɛ’n nnɔsua nun annzɛ cɛn uflɛ.",Baoulé,AfriSpeech,17.894,train,bci
AfriSpeech/baoule_bci,"Kle aniaan bian’m be like naan be tu be klun be su Zoova, yɛ uka be naan b’a kwla di junman wie mun ekun asɔnun’n nun.",Baoulé,AfriSpeech,8.008,train,bci
AfriSpeech/baoule_bci,"Fa jasin bolɛ’n i nun ta’n. Kannzɛ ɔ jasin bolɛ akpasua’n nin akpasua uflɛ be su bo jasin likawlɛ bɔbɔ’n, yo sɔ titi.",Baoulé,AfriSpeech,10.256,train,bci
AfriSpeech/baoule_bci,Asɔnun kpɛnngbɛn kun kwla kle i jasin bolɛ akpasua’n nun asɔnunfuɛ’m be ukafuɛ kun i like. I wie yɛle kɛ ɔ kwla se i kɛ ɔ tinngɛ jasin bolɛ aɲia’n. (An nian ndɛ kpɔlɛ 7 nun.),Baoulé,AfriSpeech,21.078,train,bci
AfriSpeech/baoule_bci,"Sɛ jasin bolɛ akpasua’n i nunfuɛ’m b’a sɔnman’n, aniaan’m bé kwlá si be wiengu kpa, yɛ be nin be wiengu’m bé kwlá bo jasin’n likawlɛ. (An nian ndɛ kpɔlɛ 10 nun.)",Baoulé,AfriSpeech,18.661,train,bci
AfriSpeech/baoule_bci,Aniaan bla nɲɔn mɔ be o jasin bolɛ akpasua kunngba’n nun’n be su kɔ jasin bolɛ likawlɛ. (An nian ndɛ kpɔlɛ 13 nun.),Baoulé,AfriSpeech,25.6,train,bci
AfriSpeech/baoule_bci,Kɛ bé kán ndɛ’n maan e sie e su kpa,Baoulé,AfriSpeech,3.073,train,bci
AfriSpeech/baoule_bci,"AFUƐ 2026, UTU 31–SƐPTANBLU 6",Baoulé,AfriSpeech,7.424,train,bci
AfriSpeech/baoule_bci,“Kɛ bé kán ndɛ’n amun sie amun su be tie i kpa.” — LIK. 8:18 .,Baoulé,AfriSpeech,9.173,train,bci
AfriSpeech/baoule_bci,"É wá wún sa nga ti yɛ ɔ ti cinnjin kɛ e sie e su kpa aɲia’m be bo’n, ɔ nin wafa nga e kwla yo sɔ’n.",Baoulé,AfriSpeech,7.452,train,bci
AfriSpeech/baoule_bci,"JUE 89 Tie, fa su, ɔ liɛ yo ye",Baoulé,AfriSpeech,5.339,train,bci
AfriSpeech/baoule_bci,NÁN E WLA FI SU KƐ ZOOVA YƐ Ɔ SU KAN NDƐ KLE E-Ɔ,Baoulé,AfriSpeech,4.051,train,bci
AfriSpeech/baoule_bci,?NGUE TI YƐ Ɔ FATA KƐ E SIE E SU KPA AƝIA’M BE BO-Ɔ?,Baoulé,AfriSpeech,3.478,train,bci
AfriSpeech/baoule_bci,"4 Biblu’n nun’n, wie liɛ’n kɛ be se kɛ maan sran kun ‘sie i su’ annzɛ ‘ɔ tie’n,’ i bo’n yɛle kɛ maan ɔ yo like nga be se i kɛ ɔ yo’n. Ɔ maan kɛ Zoova sin i nuan Ndɛ’n i lika kan ndɛ kle e aɲia’m be bo’n, mɔ e ko wun like ng’ɔ kunndɛ’n kɛ e yo’n i wlɛ’n, i su falɛ’n timan kekle manman e. Kɛ e sie e su Zoova i nuan bo mɔ e yo i nuan su sa’n, i sɔ’n yo i fɛ dan.— Ɲan. 27:11 .",Baoulé,AfriSpeech,25.785,train,bci
AfriSpeech/baoule_bci,LIKE NGA E KWLA YO NAAN NDƐ TIEFUƐ’M B’A SIE BE SU’N,Baoulé,AfriSpeech,3.627,train,bci
AfriSpeech/baoule_bci,?É YÓ SƐ NAAN Y’A SIE E SU KPA AƝIA’M BE BO?,Baoulé,AfriSpeech,3.508,train,bci
AfriSpeech/baoule_bci,?Ngue ti yɛ ɔ fata kɛ e sie e su aɲia’m be bo-ɔ?,Baoulé,AfriSpeech,3.358,train,bci
AfriSpeech/baoule_bci,"1-2. (1) ?Wafa sɛ yɛ Zoova niɛn i sufuɛ’m be lika andɛ-ɔ? ( Jue Mun 23:​1, 2, 5 ) (2) ?Ngue yɛ é wá kɛ́n i ndɛ like suanlɛ nga nun-ɔn?",Baoulé,AfriSpeech,13.582,train,bci
AfriSpeech/baoule_bci,3. (1) ?Ngue yɛ Zoova fa kan ndɛ kle e-ɔ? (2) ?Yɛ wafa sɛ yɛ i sufuɛ’m be fa Biblu’n be di junman-ɔn?,Baoulé,AfriSpeech,12.634,train,bci
AfriSpeech/baoule_bci,JUE 87 Amun bla! Amun lo wunmiɛn,Baoulé,AfriSpeech,7.079,train,bci
AfriSpeech/baoule_bci,?Ngue yɛ aniaan nga be ijɔ nzra nun’n be kwla yo naan ndɛ tiefuɛ’m b’a sie be su kpa-ɔ?,Baoulé,AfriSpeech,5.771,train,bci
AfriSpeech/baoule_bci,?É yó sɛ naan y’a sie e su kpa aɲia’m be bo?,Baoulé,AfriSpeech,3.628,train,bci
AfriSpeech/baoule_bci,"4. ?Biblu’n nun’n, kɛ be se kɛ maan sran kun ‘sie i su’ annzɛ ‘ɔ tie’n,’ i bo’n yɛle benin?",Baoulé,AfriSpeech,8.823,train,bci
AfriSpeech/baoule_bci,"5. ?Kɛ mɔ e klo Zoova’n ti’n, ngue yɛ e kunndɛ kɛ é yó-ɔ? ( Zan 4:​23, 24; 1 Zan 5:3 )",Baoulé,AfriSpeech,6.889,train,bci
AfriSpeech/baoule_bci,6. ?Ngue yɛ be kle e aɲia’m be bo-ɔ?,Baoulé,AfriSpeech,5.193,train,bci
AfriSpeech/baoule_bci,7. ?Ngue ti yɛ ɔ ti cinnjin kpa kɛ e tie Zoova i ndɛ’n titi-ɔ?,Baoulé,AfriSpeech,6.944,train,bci
AfriSpeech/baoule_bci,"8. ?Ngue ti yɛ ɔ fata kɛ aniaan nga be kle like cenje’n su lɔ’n, be mian be ɲin titi naan b’a si like kle kpa-ɔ?",Baoulé,AfriSpeech,9.502,train,bci
AfriSpeech/baoule_bci,9. ?Ngue yɛ aniaan bian’m be kwla yo naan be ndɛ’n i wlɛ wunlɛ w’a yo pɔpɔ w’a man nzrafuɛ mun-ɔn?,Baoulé,AfriSpeech,8.977,train,bci
AfriSpeech/baoule_bci,"10 . ?Ngue ti yɛ ɔ ti cinnjin kɛ ndɛ nga aniaan bian’m be yiyi nun’n, ɔ yo be bɔbɔ be fɛ-ɔ?",Baoulé,AfriSpeech,7.523,train,bci
AfriSpeech/baoule_bci,"11. ?Kɛ aniaan bian’m bé íjɔ nzra nun’n, ngue yɛ ɔ fata kɛ be yo-ɔ? ( 1 Timote 4:​13-16 )",Baoulé,AfriSpeech,7.445,train,bci
AfriSpeech/baoule_bci,"12. ?Kɛ aniaan bian’m bé íjɔ nzra nun’n, ngue ti yɛ ɔ ti cinnjin kɛ be ijɔ kɛ nga be fa ijɔ titi’n sa-ɔ?",Baoulé,AfriSpeech,8.711,train,bci
AfriSpeech/baoule_bci,13. ?Ngue ti yɛ ɔ fata kɛ aniaan bian’m be usa aniaan nga be si nzra nun ijɔ kpa’n be ngwlɛlɛ afɛ-ɔ? (An nian foto’n wie.),Baoulé,AfriSpeech,9.018,train,bci
AfriSpeech/baoule_bci,"14. ?Wafa sɛ yɛ ɔ fata kɛ e bu Ɲanmiɛn i ndɛ nga be fa kpɛn e wla’n niɔn? ( Jue Mun 119:​24, 111, 167 )",Baoulé,AfriSpeech,7.303,train,bci
AfriSpeech/baoule_bci,"15. ?Ngue yɛ e kwla yo naan y’a kle kɛ like nga be kle e aɲia’m be bo’n, e si su ye-ɔ?",Baoulé,AfriSpeech,8.55,train,bci
AfriSpeech/baoule_bci,16. ?Ngue yɛ ɔ ukali aniaan wie mɔ be su Zoova w’a cɛ’n naan b’a sie be su kpa aɲia’m be bo titi-ɔ? (An nian kuku “ ?Á yó sɛ naan w’a sie ɔ su kpa? ” nun wie.),Baoulé,AfriSpeech,10.025,train,bci
AfriSpeech/baoule_bci,17. ?Ngue yɛ e kwla yo naan y’a sie e su kpa aɲia’m be bo-ɔ? (An nian foto’n wie.),Baoulé,AfriSpeech,7.176,train,bci
AfriSpeech/baoule_bci,18. ?Ngue ti yɛ ɔ fata kɛ e sie e su titi aɲia’m be bo-ɔ?,Baoulé,AfriSpeech,7.564,train,bci
AfriSpeech/baoule_bci,?Á yó sɛ naan w’a sie ɔ su kpa?,Baoulé,AfriSpeech,5.445,train,bci
AfriSpeech/baoule_bci,Be usali aniaan wie mɔ be su Zoova w’a cɛ’n be kɛ: “?Ngue yɛ amun yo naan amun a sie amun su kpa aɲia’m be bo-ɔ?” Ndɛ nga be kannin’n yɛ:,Baoulé,AfriSpeech,10.278,train,bci
AfriSpeech/baoule_bci,Suefanin mɔ be yoli i batɛmun afuɛ 1986 nun’n seli kɛ: “N tran bia nga be o i ɲrun lɔ’n be su. I sɔ’n yo maan n fa min ɲin n sie i ijɔfuɛ’n nin video’m be su kpa.”,Baoulé,AfriSpeech,12.618,train,bci
AfriSpeech/baoule_bci,"Davidi mɔ be yoli i batɛmun afuɛ 1983 nun’n seli kɛ: “N srɛ Zoova kpɛ sunman kɛ ɔ uka min naan n fa min ɲin sie ndɛ nga bé kán’n su kpa. Yɛ min wla fiman su kɛ, kɛ e tran aɲia’m be bo, mɔ e fa e ɲin sie i ndɛ’m be su, mɔ e tɛ kosan’m be su’n, i kwlaa sɔ’n wo Zoova i sulɛ’n nun wie.”",Baoulé,AfriSpeech,20.263,train,bci
AfriSpeech/baoule_bci,"Nikola mɔ be yoli i batɛmun afuɛ 1982 nun’n seli kɛ: “Fua kɛ á yó aniaan kwlaa be dili junman aɲia’n bo’n be mo, ndɛ nga be kannin’n annzɛ sunnzun ase nga be fali’n ti. I liɛ’n, á síe ɔ su kpa ndɛ’m be bo.”",Baoulé,AfriSpeech,15.616,train,bci
AfriSpeech/baoule_bci,"Ogistɛn mɔ be yoli i batɛmun afuɛ 1988 nun’n seli kɛ: “N seli min wun titi kɛ sɛ junman difuɛ nanwlɛfuɛ’n fa ajalɛ kɛ ɔ́ flán ndɛ kun nun’n, nn e mian ndɛ sɔ’n i wun blɛ sɔ’n nun ti-ɔ.”",Baoulé,AfriSpeech,13.904,train,bci
AfriSpeech/baoule_bci,Se aniaan bian kun m’ɔ si nzra nun ijɔ kpa’n kɛ ɔ uka wɔ naan w’a si like kle. (An nian ndɛ kpɔlɛ 13 nun.),Baoulé,AfriSpeech,20.915,train,bci
AfriSpeech/baoule_bci,"Maan e tie Ɲanmiɛn ndɛ’n titi. Nán maan ajulisu mannzin’m be ti’n, e sie e ɲin nɲɔnnɲɔn. (An nian ndɛ kpɔlɛ 17 nun.)",Baoulé,AfriSpeech,17.008,train,bci
AfriSpeech/baoule_bci,"E su Zoova Kiba wa, w’a di afuɛ kɔe 70",Baoulé,AfriSpeech,4.148,train,bci
AfriSpeech/baoule_bci,SRAN NG’Ɔ KAN NDƐ’N YƐLE GUSTAVO ZOZƐFU,Baoulé,AfriSpeech,7.088,train,bci
AfriSpeech/baoule_bci,"E klɔ kaan sɔ’n i su tranlɛ yoli fɛ. E osufuɛ wie mun yɛ be ti e mantanfuɛ-ɔ. Be nun wie mun yɛle e tɔntɔn nin e tanti mun, ɔ nin e nannan mun. E ɲan aliɛ kpanngban e di, yɛ e di aklunjɔɛ.",Baoulé,AfriSpeech,12.535,train,bci
AfriSpeech/baoule_bci,"BE WULI min afuɛ 1947 nun, nvle kun mɔ nzue’n bo sin yiɛ i mɔ be flɛ i kɛ Kiba’n su lɔ. Karaibu Jenvie’n i nglo lɔ lika’n nin Jenvie nga be flɛ i kɛ Osean Atlantiki’n be afiɛn’n nun yɛ nvle sɔ’n wo-ɔ. Kɛ min si nin be nin be wuli min’n, i sin’n be wuli ba bla nɲɔn. Be flɛ klɔ nga e tran su’n kɛ Ɛsmeralda.",Baoulé,AfriSpeech,23.879,train,bci
AfriSpeech/baoule_bci,"Blɛ sɔ’n nun’n, awa’n man Zoova i Lalofuɛ’m be atin kɛ be bo jasin’n Kiba nvle’n nun. Kiba wa sran’m be si e kpa, afin e bo jasin’n awloawlo’m be nun. Yɛ fluwa kpanngban kpa be o e pata’m be nun yɛ e fa man sran mun-ɔn. Asa’n e nanti dan. Kɛ n bu blɛ sɔ’n nun mɔ ‘lika’n ti kpa’n’ i akunndan’n, ɔ yo min fɛ dan. Sanngɛ kɛ ɔ́ kɔ́ i ɲrun’n lika’n wa yoli kekle.— 2 Tim. 4:2 .",Baoulé,AfriSpeech,21.78,train,bci
AfriSpeech/baoule_bci,"Kɛ min si wuli’n, min manmin seli kɛ maan e ko trɛn i niaan bian’n i wun lɔ. I niaan sɔ’n tran klɔ kaan kun mɔ be flɛ i Lɔnbilo’n su. Ɔ maan ɔ fata kɛ e kpɔci e nannan mun nin e osufuɛ mɔ e klo be kpa’n. Sanngɛ e nin min nin ɔ nin min niaan bla mun e suli Zoova titi.",Baoulé,AfriSpeech,17.928,train,bci
AfriSpeech/baoule_bci,"I nun mɔ n le afuɛ kɔe nnun’n, min si nin min tɔntɔn be tuli ajalɛ be ɔli Kiba nvle’n i bue uflɛ su aɲia dan kun bo. Sanngɛ kɛ bé kɔ́’n, nzue nga be nɔnnin i atin nun’n ti’n, jɛkuajo ng’ɔ fitifiti be klun aya’n yoli be. Kɛ be sali be sin’n, min tɔntɔn’n i timuɛn’n tutuli, sanngɛ w’a wuman. Min si liɛ’n, ɔ sacili. Kɛ ɔ́ yó sɔ’n nn ɔ le afuɛ 32 cɛ.",Baoulé,AfriSpeech,24.637,train,bci
AfriSpeech/baoule_bci,"Afuɛ 1957 nun’n, Utu i le 26 su’n be yoli min batɛmun Lɔnbilo i wun lɛ nzue gble’n nun. Kɛ ɔ́ yó sɔ’n, nn n le afuɛ blu. I afuɛ nɲɔn w’a juman, lika’n wa yoli kekle kpa Zoova i Lalofuɛ’m be su. Afin afuɛ 1959 nun’n, be fali awa uflɛ fa sieli i nvle’n su.",Baoulé,AfriSpeech,20.472,train,bci
AfriSpeech/baoule_bci,"Blɛ kekle sɔ’n nun’n, e yiali likawlɛ e suli Zoova titi. ( Ebr. 10:25 ) E yoli e aɲia dandan mun fie wie’m be nun, ɔ nin lika uflɛ wie’m be nun. Min wla kpɛn su kɛ, cɛn kun liɛ’n, e ko yoli e aɲia dan kun lika nga aniaan bian kun tɛ i bua mun lɛ’n. Y’a kwlá yoman lika’n nun yɛinyɛin. I kpa bɔbɔ’n y’a kwlá faman bua mun y’a fiteman. Sanngɛ e kwla yoli aɲia’n. Ɔ maan e kwla se kɛ e nin bua mun e yoli aɲia sɔ’n i likawlɛ.— Mis. 2:12 .",Baoulé,AfriSpeech,26.777,train,bci
AfriSpeech/baoule_bci,"Kɛ n ɲannin afuɛ 18, n kacili titi atin bofuɛ klɔ dan nga be flɛ i Floridi’n su lɔ. Kɛ afuɛ kɔe kun sinnin’n be sieli min ngunmin atin bofuɛ klɔ dan nga be flɛ i Kamaguei’n su. Kɛ n ɔli lɔ’n, n wunnin aniaan bla klanman kpa kun, be flɛ i kɛ Emilia, ɔ fin Santiago de Kiba. Kɛ e sannin nun mɔ afuɛ kun sinnin’n, yɛ e jali-ɔ.",Baoulé,AfriSpeech,23.863,train,bci
AfriSpeech/baoule_bci,"Kɛ n bu blɛ kwlaa nga e dili i akpasua sunianlɛ junman’n nun’n i akunndan mɔ n wun wafa nga Zoova yrali i sufuɛ nga be o Kiba lɔ’n be su’n, i sɔ’n yo min fɛ dan. Asa’n i fanngan nun yɛ maan e kwla ukali e mma mun naan b’a klo i-ɔ. I nun mɔ ń dí akpasua sunianlɛ junman’n, sa nga be juli e nin Emilia e su’n, maan n yiyi nun n kle amun.",Baoulé,AfriSpeech,23.046,train,bci
AfriSpeech/baoule_bci,"KƐ É DÍ AKPASUA SUNIANLƐ JUNMAN’N, AWA TANNINNIN E JASIN BOLƐ NIN AƝIA’M BE YOLƐ",Baoulé,AfriSpeech,8.112,train,bci
AfriSpeech/baoule_bci,"Kɛ awa tanninnin e jasin bolɛ nin aɲia’m be yolɛ’n, lika’n wa yoli kekle kpa. Be ɲinnin Ɲanmiɛn Sielɛ sua’m be anuan mun. Be kannin ngaliɛ difuɛ’m be bo nvle’n nun. Be trali aniaan gbanflɛn kpanngban kpa kpɛkun be wlali be bisua. Asa’n be ɲinnin Betɛli m’ɔ o Avanin’n i anuan mun.",Baoulé,AfriSpeech,18.141,train,bci
AfriSpeech/baoule_bci,"Blɛ sɔ’n nun’n, e toli aniaan kpanngban kpa mɔ be ti yalɛfuɛ mɔ sanngɛ be klun ti ufue-ɔ. Lika wie’m be nun’n, wɛntɛnwɛntɛn’m be sɔnnin dan. Sanngɛ e niaan’m be fa be wɛntɛnwɛntɛn sua kunngba cenje ng’ɔ o be sa nun’n be man e, kɛ ɔ ko yo naan y’a kwla lafi kpa kɔnguɛ’n ti. Aniaan wie’m be liɛ’n, aliɛ kaan sa yɛ ɔ o be sa nun-ɔn, sanngɛ be sike e. Kɛ mɔ e si sɔ’n ti’n, wie liɛ’n e fa e aliɛ e kɔ naan y’a kwla di i likawlɛ.",Baoulé,AfriSpeech,26.623,train,bci
AfriSpeech/baoule_bci,"Kɛ é kɔ́ asɔnun’m be osu nianlɛ’n, e kwlá faman e mma’m be kwlaa e kɔman. I sɔ’n ti’n ba kunngba cɛ yɛ e nin i e kɔ-ɔ. Be onga’m be ka awlo lɛ yɛ min manmin nin min niaan bla be nian be su. Kɛ é tú ajalɛ mɔ ba o e sa nun’n, i sɔ’n sasa e kpa. Cɛn kun mɔ polisie’m bé kúnndɛ e’n, e fali e fluwa mun e fiɛli i pata kun nun, kan e sie ba’n i fieto nga b’a yo fiɛn’n be lɛ’n. Afin e si kɛ polisie’m be su kunndɛman like lɔ.",Baoulé,AfriSpeech,27.988,train,bci
AfriSpeech/baoule_bci,"MIN JUNMAN’N KACILI, SANNGƐ N DILI AKLUNJƆƐ TITI",Baoulé,AfriSpeech,3.759,train,bci
AfriSpeech/baoule_bci,"Be yiyili nun kleli e kɛ be nin awa i janunfuɛ’m be yiali, kɛ ɔ ko yo naan awa nin Zoova i Lalofuɛ’m b’a ti be wun aniɛn’n ti. Awa i janunfuɛ’m be seli be kɛ maan be klɛ akpasua sunianfuɛ’m be kwlaa be dunman be blɛ be. Ɔ maan e kwlaa e kplinnin su kɛ be klɛ e dunman. Kɛ ɔ fɛ i lɛ’n, yalɛ nga be nin awa i janunfuɛ’m be wa kokoli’n i bo’n guali kpa.",Baoulé,AfriSpeech,24.284,train,bci
AfriSpeech/baoule_bci,"I agualiɛ su’n, e kwla yoli e aɲia mun yɛ e kwla boli jasin fɛ’n. Kɛ é yó sɔ’n, be kleman e yalɛ kun. Kusu nn awa nin-a klɛman e dunman Ɲanmiɛn sulɛ wafa’m be nun. Kɛ ɔ́ kɔ́ i ɲrun’n, e wunnin i wlɛ kɛ awa i janunfuɛ’m be si akpasua sunianfuɛ wie’m be dunman laa. Sanngɛ be kunndɛli kɛ e bɔbɔ e kan kle be.",Baoulé,AfriSpeech,19.98,train,bci
AfriSpeech/baoule_bci,"Afuɛ 1994 Sɛptanblu nun’n, be mannin e atin kɛ e tike Betɛli’n. Kɛ ɔ yoli sɔ’n, e kwla sali e sin Betɛli’n mɔ be ɲinnin i anuan mun lele afuɛ 20 i nun ekun.",Baoulé,AfriSpeech,12.769,train,bci
AfriSpeech/baoule_bci,"Afuɛ 1996 nun’n, be flɛli e telefɔnun nun naan e ko di junman Betɛli. I sɔ’n boli e nuan dan. Ɔ maan n kpɛnnin aniaan’m be wla kɛ ba nɲɔn be te o min sa nun naan be lika nianlɛ’n ti min cinnjin. Aniaan’m be ko buli i akunndan. I sin’n be seli min kɛ be kunndɛ kpa kɛ e ko di junman Betɛli. E kusu e kplinnin su, yɛ e fali ajalɛ naan e nin ba mun y’a ko tran Avanin lɔ.",Baoulé,AfriSpeech,27.465,train,bci
AfriSpeech/baoule_bci,"(Fama su) Cɛn nga e jali’n, afuɛ 1967 nun.",Baoulé,AfriSpeech,5.251,train,bci
AfriSpeech/baoule_bci,"Akpasua sunianlɛ junman’n, ka naan y’a wɔ Betɛli.",Baoulé,AfriSpeech,14.449,train,bci
AfriSpeech/baoule_bci,"Nanwlɛ, i klikli’n nun’n Betɛli lɔ junman dilɛ’n yoman min fɛ. Afin n dili akpasua sunianlɛ junman’n i afuɛ kpanngban kpa. Ɔ maan min akunndan’n nin min awlɛn’n wo junman sɔ’n su. Biolo nun junman dilɛ’n w’a yoman pɔpɔ w’a manman min. Sanngɛ min wiengu Betɛlifuɛ wie mun nin min yi be ukali min kpa naan m’an kaci akunndan nga n bu’n. Kɛ ɔ́ kɔ́ i ɲrun’n, n ma dili aklunjɔɛ kɛ laa’n sa. Kɛ é sé yɛ’n, n di junman Betɛli aklunjɔɛ su.",Baoulé,AfriSpeech,29.633,train,bci
AfriSpeech/baoule_bci,"Kɛ be mannin e atin kɛ e di e junman’n, nvle kun aɲia klikli nga e yoli’n, afuɛ 1994 nun.",Baoulé,AfriSpeech,19.722,train,bci
AfriSpeech/baoule_bci,(Bɛ su) Emilia o Kiba Betɛli lɔ lika nga be kpa ninnge’n.,Baoulé,AfriSpeech,26.517,train,bci
AfriSpeech/baoule_bci,"(Fama su) Aɲia dandan’m be yowlɛ’n i nglo yilɛ, afuɛ 2012 nun.",Baoulé,AfriSpeech,8.047,train,bci
AfriSpeech/baoule_bci,"(Fama su) Kiba Betɛli Komite’n i nunfuɛ mun, afuɛ 2013 nun.",Baoulé,AfriSpeech,5.443,train,bci
AfriSpeech/baoule_bci,E nin e wa bla’n nin i wun’n e o akpasua kun aɲia kun bo.,Baoulé,AfriSpeech,17.041,train,bci
AfriSpeech/baoule_bci,?Aenguɛ nɲɔn benin mun yɛ akoto Pɔlu kannin be ndɛ Galasifuɛ Mun 4:24 nun-ɔn?,Baoulé,AfriSpeech,7.668,train,bci
AfriSpeech/baoule_bci,"Be nga be kanngan Biblu’n nun’n, be si kɛ Zezi i sɔnnzɔnfuɛ wie’m be ti jue trafuɛ. ( Mar. 1:​16-20 ) Lala mun yɛ be fa tra jue Galile jenvie’n nun-ɔn.",Baoulé,AfriSpeech,8.571,train,bci
AfriSpeech/baoule_bci,"Jue trafuɛ’m be wɔ ɲanman wie mun annzɛ lɛn jese yɛ be fa yo be lala mun-ɔn. Sɛ jue nga be kunndɛ kɛ bé trá be’n be ti kanngan annzɛ be ti dandan’n, i su yɛ be nian naan b’a yo lala’n i nun buɛbuɛ mun-ɔn. Blɛ sunman’n, be fa sumun annzɛ yɔbuɛ be fa cici lala nga be ti kanngan’n, kɛ ɔ ko yo naan b’a kwla mlɔn nzue nun’n ti. Sanngɛ lala dandan’m be liɛ’n, be fa ninnge wie mɔ be yo nɔnnin’n be fa tra be ase nzue’n nun kpɛkun be blodunman’m be ka nzue’n su.",Baoulé,AfriSpeech,27.266,train,bci
AfriSpeech/baoule_bci,Zezi seli sran wie mɔ be fa lala’m be fa tra juejue titi’n kɛ be su i su naan be ko ‘tra sran mun kɛ be fa tra jue’n sa.’,Baoulé,AfriSpeech,8.07,train,bci
AfriSpeech/baoule_bci,"AFUƐ 2026, SƐPTANBLU 7-13",Baoulé,AfriSpeech,11.226,train,bci
AfriSpeech/baoule_bci,Like nga Gabaɔnfuɛ’m be su ndɛ’n kle e’n,Baoulé,AfriSpeech,4.415,train,bci
AfriSpeech/baoule_bci,JUE 88 Kle min wɔ atin’n,Baoulé,AfriSpeech,4.021,train,bci
AfriSpeech/baoule_bci,“Gabaɔnfuɛ mun nin Izraɛlifuɛ’m be trali aenguɛ naan be tran be afiɛn . ” — ZOZ. 10:1 .,Baoulé,AfriSpeech,10.118,train,bci
AfriSpeech/baoule_bci,É wá wún like nga Gabaɔnfuɛ’m be su ndɛ’n kle e’n ɔ nin like nga wafa nga Zoova nin be nantili’n ɔ kle e’n.,Baoulé,AfriSpeech,9.36,train,bci
AfriSpeech/baoule_bci,"AFUƐ 1473 K.N.K. nun’n, nn Izraɛlifuɛ’m b’a bo mɛn nga Ɲanmiɛn waan ɔ́ fá mán be’n i falɛ bo ɔ nin-a cɛman. Izraɛlifuɛ’m be kwlali Zeriko nin Ai klɔ’m be sufuɛ mun dan kpa. Sanngɛ i sin’n, sa kun mɔ b’a sunnzunman’n, ɔ juli. Yɛle kɛ sran wie’m be wa toli be. Yɛ be seli be kɛ be fin mmua kpa naan be kunndɛ kɛ be nin be trá aenguɛ.",Baoulé,AfriSpeech,25.015,train,bci
AfriSpeech/baoule_bci,MAAN E KLE KƐ E LAFI ƝANMIƐN SU YƐ E YO WUN ASE KANFUƐ,Baoulé,AfriSpeech,6.971,train,bci
AfriSpeech/baoule_bci,"2 Sran sɔ’m be ti Gabaɔnfuɛ. Kpɛ klikli nga bé kán Gabaɔnfuɛ’m be ndɛ Biblu’n nun’n, yɛle ngalɛ’n. Sanngɛ i sin’n, Biblu’n kannin be ndɛ kpɛ sunman. Ɔ seli kɛ be trannin Izraɛlifuɛ’m be afiɛn afuɛ kpanngban kpa. Gabaɔnfuɛ’m be su ndɛ nga Biblu’n kan’n kle e like kpanngban. Asa’n, ɔ kle e Zoova i su like kaka wie.",Baoulé,AfriSpeech,23.426,train,bci
AfriSpeech/baoule_bci,"SƐ BE BU E LUFLE’N, MAAN E MINNDƐ ZOOVA",Baoulé,AfriSpeech,5.198,train,bci
AfriSpeech/baoule_bci,MAAN E TU E KLUN E SU ZOOVA KPA TITI,Baoulé,AfriSpeech,6.288,train,bci
AfriSpeech/baoule_bci,?Wafa sɛ yɛ e kwla kle kɛ e lafi Ɲanmiɛn su yɛ e yo wun ase kanfuɛ kɛ Gabaɔnfuɛ’m be sa-ɔ?,Baoulé,AfriSpeech,5.97,train,bci
AfriSpeech/baoule_bci,"?Sɛ be bu e lufle’n, wafa sɛ yɛ e kwla yo kɛ Gabaɔnfuɛ’m be sa-ɔ?",Baoulé,AfriSpeech,4.738,train,bci
AfriSpeech/baoule_bci,1-2. ?Ngue ti yɛ ɔ fata kɛ e fa e ɲin sie i Gabaɔnfuɛ’m be su ndɛ nga Biblu’n kan’n su-ɔ?,Baoulé,AfriSpeech,13.106,train,bci
AfriSpeech/baoule_bci,3. (1) ?Wan mun yɛle Gabaɔnfuɛ mun? (2) ?Ngue ti yɛ be kunndɛli kɛ be nin Izraɛlifuɛ’m bé trá aenguɛ-ɔ?,Baoulé,AfriSpeech,17.217,train,bci
AfriSpeech/baoule_bci,"4. (1) ?Kɛ nga Zozie 9:​8-13 fa kle’n sa’n, ngue yɛ Gabaɔnfuɛ’m be yoli naan be nin Izraɛlifuɛ’m b’a tra aenguɛ-ɔ? (An nian desɛn’n wie.) (2) ?Kɛ Izraɛlifuɛ’m be wunnin kɛ be lakali be’n, ngue yɛ be yoli-ɔ?",Baoulé,AfriSpeech,24.383,train,bci
AfriSpeech/baoule_bci,5. ?Wafa sɛ yɛ Gabaɔnfuɛ’m be kleli kɛ be lafi Zoova su-ɔ?,Baoulé,AfriSpeech,9.151,train,bci
AfriSpeech/baoule_bci,"6. ?Ngue yɛ wafa nga Zoova nin Gabaɔnfuɛ’m be nantili’n, ɔ kle e i su-ɔ?",Baoulé,AfriSpeech,12.567,train,bci
AfriSpeech/baoule_bci,?Wafa sɛ yɛ e kwla tu e klun e su Zoova kɛ Gabaɔnfuɛ’m be sa-ɔ?,Baoulé,AfriSpeech,4.969,train,bci
AfriSpeech/baoule_bci,JUE 148 Zoova ti sran defuɛ,Baoulé,AfriSpeech,4.677,train,bci
AfriSpeech/baoule_bci,7. ?Wafa sɛ yɛ e kwla nian Gabaɔnfuɛ’m be ajalɛ’n su-ɔ? (An nian foto’n wie.),Baoulé,AfriSpeech,9.883,train,bci
AfriSpeech/baoule_bci,8. ?Sa benin yɛ famiɛn Saili fa yoli Gabaɔnfuɛ mun-ɔn?,Baoulé,AfriSpeech,8.201,train,bci
AfriSpeech/baoule_bci,9. ?Blɛ benin nun yɛ Zoova tuli Izraɛlifuɛ’m be fɔ-ɔ?,Baoulé,AfriSpeech,11.381,train,bci
AfriSpeech/baoule_bci,"10. ?Kɛ nga 2 Samiɛli 21:​3-6 fa kan’n sa’n, wafa sɛ yɛ Gabaɔnfuɛ’m be kleli kɛ be di Ɲanmiɛn i mmla’n su-ɔ?",Baoulé,AfriSpeech,20.074,train,bci
AfriSpeech/baoule_bci,11. ?Ngue yɛ ndɛ sɔ’n kle e Zoova su-ɔ?,Baoulé,AfriSpeech,7.59,train,bci
AfriSpeech/baoule_bci,"12. ?Sɛ be bu e lufle’n, wafa sɛ yɛ e kwla nian Gabaɔnfuɛ’m be ajalɛ’n su-ɔ?",Baoulé,AfriSpeech,12.687,train,bci
AfriSpeech/baoule_bci,"13. (1) ?Wan mun yɛ be flɛ be “Netinimun mun’n” niɔn? (2) ?Yɛ kɛ be yacili Zifu’m be nun’n, ngue yɛ be yoli-ɔ?",Baoulé,AfriSpeech,16.261,train,bci
AfriSpeech/baoule_bci,14. ?Wafa sɛ yɛ Gabaɔnfuɛ’m be kleli kɛ Zoova i sulɛ’n ti be cinnjin-ɔn? ( 1 Be Ɲoliɛ 9:2 nin ja ngua lɔ ndɛ’n.),Baoulé,AfriSpeech,11.001,train,bci
AfriSpeech/baoule_bci,15. ?Ngue yɛ Gabaɔnfuɛ’m be su ndɛ sɔ’n kle e Zoova su-ɔ?,Baoulé,AfriSpeech,12.608,train,bci
AfriSpeech/baoule_bci,Gabaɔnfuɛ’m be lakali Zozie naan be nin i b’a kwla tra aenguɛ. (An nian ndɛ kpɔlɛ 4 nun.),Baoulé,AfriSpeech,23.493,train,bci
AfriSpeech/baoule_bci,16. ?Wafa sɛ yɛ e kwla tu e klun e su Zoova kɛ Gabaɔnfuɛ’m be sa-ɔ?,Baoulé,AfriSpeech,11.791,train,bci
AfriSpeech/baoule_bci,17. ?Ngue yɛ Gabaɔnfuɛ’m be su ndɛ’n kle e-ɔ?,Baoulé,AfriSpeech,9.898,train,bci
AfriSpeech/baoule_bci,?A mian ɔ ɲin naan w’a si Zoova kpa?,Baoulé,AfriSpeech,4.23,train,bci
AfriSpeech/baoule_bci,“Kplin ɔ ɲin naan si ɔ si i Ɲanmiɛn’n kpa. Fa ɔ awlɛn’n kwlaa su i.” — 1 ƝOL. 28:9 .,Baoulé,AfriSpeech,13.89,train,bci
AfriSpeech/baoule_bci,"AFUƐ 2026, SƐPTANBLU 21-27",Baoulé,AfriSpeech,9.341,train,bci
AfriSpeech/baoule_bci,JUE 12 Ɲanmiɛn Kpli Zoova,Baoulé,AfriSpeech,4.641,train,bci
AfriSpeech/baoule_bci,"?Kɛ be se kɛ be si Zoova’n, i bo’n yɛle benin? ?Ngue ti yɛ ɔ fata kɛ e mian e ɲin naan e si i kpa-ɔ? ?Yɛ wafa sɛ yɛ e kwla yo sɔ-ɔ?",Baoulé,AfriSpeech,9.947,train,bci
AfriSpeech/baoule_bci,"?KƐ BE SE KƐ BE SI ZOOVA’N, I BO’N YƐLE BENIN?",Baoulé,AfriSpeech,5.702,train,bci
AfriSpeech/baoule_bci,?NGUE TI YƐ Ɔ FATA KƐ E MIAN E ƝIN TITI NAAN E SI ZOOVA KPA-Ɔ?,Baoulé,AfriSpeech,7.079,train,bci
AfriSpeech/baoule_bci,?É YÓ SƐ NAAN Y’A SI ZOOVA Y’A TRA LAA’N?,Baoulé,AfriSpeech,5.839,train,bci
AfriSpeech/baoule_bci,"12 Like klikli ng’ɔ kwla uka e naan y’a si Zoova kpa’n, yɛle Biblu’n nun kannganlɛ’n nin i nun like suanlɛ’n. Ɔ ju wie’n, Biblu’n bobo Zoova i nzuɛn mun trele. ( Tul. 34:​6, 7 ) Sanngɛ kpɛ sunman’n, ɔ kan ninnge nga sran wie’m be yoli’n ɔ nin ajalɛ nga be fali’n be ndɛ. Kɛ é kánngan ndɛ sɔ’m be nun’n, maan e bu like nga be kle e Zoova su’n i akunndan.",Baoulé,AfriSpeech,25.785,train,bci
AfriSpeech/baoule_bci,E SU WIEMAN ZOOVA I SU LIKE SUAN LE,Baoulé,AfriSpeech,4.74,train,bci
AfriSpeech/baoule_bci,?Ngue ti yɛ ɔ fata kɛ e mian e ɲin titi naan y’a si Zoova kpa-ɔ?,Baoulé,AfriSpeech,4.315,train,bci
AfriSpeech/baoule_bci,"?Kɛ be se kɛ be si Zoova’n, i bo’n yɛle benin?",Baoulé,AfriSpeech,3.807,train,bci
AfriSpeech/baoule_bci,"1. ?Kɛ e bu Zoova i sa silɛ’n nin i ngwlɛlɛ’n ɔ nin sa ng’ɔ yo be’n be akunndan’n, wafa sɛ yɛ e wun yo e-ɔ?",Baoulé,AfriSpeech,11.514,train,bci
AfriSpeech/baoule_bci,2. ?Ngue yɛ ɔ kle kɛ e kwla si Zoova-ɔ?,Baoulé,AfriSpeech,9.104,train,bci
AfriSpeech/baoule_bci,3. ?Kosan benin mun yɛ é wá tɛ́ be su like suanlɛ nga nun-ɔn?,Baoulé,AfriSpeech,7.647,train,bci
AfriSpeech/baoule_bci,"4. ?Kɛ be se kɛ sran kun si Zoova’n, i bo’n yɛle benin?",Baoulé,AfriSpeech,7.006,train,bci
AfriSpeech/baoule_bci,5. ?Ngue yɛ famiɛn Zoziasi i su ndɛ’n kle e Zoova i silɛ’n su-ɔ?,Baoulé,AfriSpeech,8.94,train,bci
AfriSpeech/baoule_bci,?É yó sɛ naan y’a si Zoova kpa?,Baoulé,AfriSpeech,3.744,train,bci
AfriSpeech/baoule_bci,JUE 28 Zoova i janvuɛ tralɛ,Baoulé,AfriSpeech,4.957,train,bci
AfriSpeech/baoule_bci,"6. ?Kɛ nga Jue Mun 9:10 fa kan’n sa’n, sɛ e si Zoova kpa’n, i su ye benin yɛ é ɲɛ́n i-ɔ?",Baoulé,AfriSpeech,13.051,train,bci
AfriSpeech/baoule_bci,"7. ?Sɛ e su Zoova w’a cɛ’n, sa benin yɛ ɔ kwla ju e su-ɔ?",Baoulé,AfriSpeech,8.522,train,bci
AfriSpeech/baoule_bci,"8. ?Sɛ e mian e ɲin e si Zoova kpa’n, e nin i e afiɛn yó sɛ? ( Jue Mun 73:​24-28 )",Baoulé,AfriSpeech,8.066,train,bci
AfriSpeech/baoule_bci,"9. ?Sɛ e ‘bu Zoova i akunndan’ titi’n, i su ye benin yɛ é ɲɛ́n i-ɔ? An fa sunnzun ase kun be yiyi nun.",Baoulé,AfriSpeech,13.191,train,bci
AfriSpeech/baoule_bci,"10. ?Sɛ e suan Zoova i su like’n, ngue yɛ é kwlá yó-ɔ?",Baoulé,AfriSpeech,9.551,train,bci
AfriSpeech/baoule_bci,11. ?Wafa sɛ yɛ aniaan’m wie’m be sili Zoova-ɔ?,Baoulé,AfriSpeech,7.7,train,bci
AfriSpeech/baoule_bci,"12-13. ?Sɛ e kanngan Biblu’n nun’n, Zoova i su like benin yɛ é sí i-ɔ? An fa sa kun yiyi nun. ( Zeremin 39:​15-18 ) (An nian foto’n wie.)",Baoulé,AfriSpeech,12.85,train,bci
AfriSpeech/baoule_bci,14. ?É yó sɛ naan ninnge nga Zoova yili be’n b’a uka e kpa?,Baoulé,AfriSpeech,9.272,train,bci
AfriSpeech/baoule_bci,15. (1) ?Ngue yɛ Patriki yoli naan w’a si Zoova kpa w’a tra laa’n niɔn? (2) ?Wafa sɛ yɛ e kwla niɛn i ajalɛ’n su-ɔ? (An nian foto’n wie.),Baoulé,AfriSpeech,16.31,train,bci
AfriSpeech/baoule_bci,16. (1) ?Ngue yɛ ɔ ukali Zezi i nin Mari naan w’a si Zoova kpa-ɔ? (2) ?Wafa sɛ yɛ e kwla niɛn i ajalɛ’n su-ɔ? (An nian foto’n wie.),Baoulé,AfriSpeech,16.75,train,bci
AfriSpeech/baoule_bci,17-18. ?Ngue ti yɛ e kwla se kɛ e su wieman Zoova i su like suan le-ɔ?,Baoulé,AfriSpeech,10.138,train,bci
AfriSpeech/baoule_bci,"Ebɛdi-Melɛki yoli yakpafuɛ, ɔ ko yili Zeremin mɔ i kpɔfuɛ’m be to i yili i kunman kun nun’n. (An nian ndɛ kpɔlɛ 12-13 nun.)",Baoulé,AfriSpeech,21.45,train,bci
AfriSpeech/baoule_bci,"Sɛ e bu ninnge nga Zoova yili be’n be su akunndan’n, i sɔ’n úka e naan y’a si i kpa. (An nian ndɛ kpɔlɛ 15 nun.)",Baoulé,AfriSpeech,19.585,train,bci
AfriSpeech/baoule_bci,"Sɛ e bu ninnge nga Zoova yo mannin e’n be su akunndan’n, i sɔ’n úka e naan y’a si i kpa. (An nian ndɛ kpɔlɛ 16 nun.) c",Baoulé,AfriSpeech,28.585,train,bci
AfriSpeech/baoule_bci,Maan e uka e sran mun naan be si Zoova kpa,Baoulé,AfriSpeech,5.682,train,bci
AfriSpeech/baoule_bci,"“Kɛ ɔ ko yo naan b’a ɲan nguan m’ɔ leman awieliɛ’n, ɔ ti cinnjin kɛ be si wɔ mɔ ɔ kunngba cɛ yɛ a ti Ɲanmiɛn Kpli’n.” — ZAN 17:3 .",Baoulé,AfriSpeech,13.78,train,bci
AfriSpeech/baoule_bci,"AFUƐ 2026, SƐPTANBLU 28–ƆKTƆBLU 4",Baoulé,AfriSpeech,7.43,train,bci
AfriSpeech/baoule_bci,JUE 79 Uka be maan be jran kekle,Baoulé,AfriSpeech,5.465,train,bci
AfriSpeech/baoule_bci,É wún wafa nga e kwla uka Biblu’n nun like suanfuɛ mun naan b’a si Zoova i nzuɛn’n ɔ nin ninnge ng’ɔ klo be’n nin ng’ɔ kloman be’n.,Baoulé,AfriSpeech,9.438,train,bci
AfriSpeech/baoule_bci,"3 Zoova mannin e junman cinnjin kpa kun. Yɛle kɛ e uka sran mun naan be si i. I sɔ’n ti’n, like suanlɛ nga nun’n é wá tɛ́ kosan cinnjin nga’m be su: ?Ngue ti yɛ ɔ ti cinnjin kɛ Biblu’n nun like suanfuɛ’m be si Zoova kpa-ɔ? ?Wafa sɛ yɛ e kwla uka be naan b’a si Zoova kpa-ɔ? ?Yɛ wafa sɛ yɛ e kwla uka be naan b’a fa like nga be si i’n su b’a nanti-ɔ?",Baoulé,AfriSpeech,27.58,train,bci
AfriSpeech/baoule_bci,MAAN E UKA BIBLU’N NUN LIKE SUANFUƐ MUN NAAN BE SI ZOOVA KPA,Baoulé,AfriSpeech,5.931,train,bci
AfriSpeech/baoule_bci,MAAN E UKA BE NAAN BE SI SRAN WAFA NGA ZOOVA TI’N,Baoulé,AfriSpeech,6.543,train,bci
AfriSpeech/baoule_bci,MAAN E UKA BE NAAN BE NANTI LIKE NGA BE SUAN’N SU,Baoulé,AfriSpeech,5.196,train,bci
AfriSpeech/baoule_bci,"BE NGA BE SI ZOOVA KPA’N, BÉ ƝÁN YE DAN",Baoulé,AfriSpeech,5.326,train,bci
AfriSpeech/baoule_bci,?Ngue ti yɛ ɔ ti cinnjin kɛ Biblu’n nun like suanfuɛ’m be si Zoova kpa-ɔ?,Baoulé,AfriSpeech,5.244,train,bci
AfriSpeech/baoule_bci,?Wafa sɛ yɛ e kwla uka Biblu’n nun like suanfuɛ mun naan b’a si sran wafa nga Zoova ti’n niɔn?,Baoulé,AfriSpeech,7.168,train,bci
AfriSpeech/baoule_bci,?AMÚN TƐ́ SU SƐ?,Baoulé,AfriSpeech,3.988,train,bci
AfriSpeech/baoule_bci,"1. ?Kɛ Biblu’n nun like suanfuɛ kun kɔ i ɲrun Zoova i sulɛ’n nun’n, i sɔ’n yo e sɛ?",Baoulé,AfriSpeech,8.947,train,bci
AfriSpeech/baoule_bci,"2. ?Ngue yɛ Zoova kunndɛ-ɔ? ( 1 Timote 2:​3, 4 )",Baoulé,AfriSpeech,7.68,train,bci
AfriSpeech/baoule_bci,3. ?Kosan benin mun yɛ é wá tɛ́ be su like suanlɛ nga nun-ɔn?,Baoulé,AfriSpeech,7.943,train,bci
AfriSpeech/baoule_bci,"4. ?Kɛ nga Marki 12:30 fa kan’n sa’n, ngue yɛ ɔ fata kɛ ɔ yo e cinnjin kpa-ɔ?",Baoulé,AfriSpeech,11.7,train,bci
AfriSpeech/baoule_bci,?Wafa sɛ yɛ e kwla uka Biblu’n nun like suanfuɛ mun naan b’a nanti like nga be suan’n su-ɔ?,Baoulé,AfriSpeech,6.656,train,bci
AfriSpeech/baoule_bci,"5. ?Sɛ Biblu’n nun like suanfuɛ’m be klo Zoova’n, ngue yɛ bé yó-ɔ?",Baoulé,AfriSpeech,9.374,train,bci
AfriSpeech/baoule_bci,JUE 84 Maan e di Ɲanmiɛn i junman’n,Baoulé,AfriSpeech,9.849,train,bci
AfriSpeech/baoule_bci,"6. ?Sɛ Biblu’n nun like suanfuɛ’m be si Zoova kpa’n, wafa sɛ yɛ i sɔ’n kwla uka be naan b’a fa ajalɛ kpa-ɔ? An fa sunnzun ase kun yiyi nun.",Baoulé,AfriSpeech,13.037,train,bci
AfriSpeech/baoule_bci,7. ?Wafa sɛ yɛ Zoova i silɛ’n ukali Zozɛfu naan w’a fa ajalɛ kpa-ɔ?,Baoulé,AfriSpeech,9.158,train,bci
AfriSpeech/baoule_bci,8. ?Wafa sɛ yɛ e kwla fa fluwa A kwla di aklunjɔɛ tititi! e uka Biblu’n nun like suanfuɛ mun naan b’a si Zoova kpa-ɔ?,Baoulé,AfriSpeech,12.109,train,bci
AfriSpeech/baoule_bci,9-10. (1) ?Ngue yɛ ɔ fata kɛ Biblu’n nun like suanfuɛ’m be yo naan b’a ɲan Biblu’n nun kannganlɛ’n i su ye kpa-ɔ? ( Zaki 5:11 ) (2) ?Wafa sɛ yɛ Biblu’n nun ndɛ kun kwla uka be naan b’a wun like nga Zoova klo i’n nin ng’ɔ klomɛn i’n i wlɛ-ɔ?,Baoulé,AfriSpeech,20.576,train,bci
AfriSpeech/baoule_bci,11. ?Wafa sɛ yɛ e kwla uka Biblu’n nun like mun naan b’a wun i wlɛ kɛ Zoova yɛ ɔ kle be like-ɔ?,Baoulé,AfriSpeech,11.097,train,bci
AfriSpeech/baoule_bci,"12-13. ?Sɛ like suanfuɛ kun wunman Biblu’n nun sa kun i wlɛ’n, wafa sɛ yɛ e kwla ukɛ i-ɔ? (An nian foto’n wie.)",Baoulé,AfriSpeech,11.507,train,bci
AfriSpeech/baoule_bci,"14. ?Sɛ like suanfuɛ kun nin aniaan kun be timan be wun aniɛn’n, wafa sɛ yɛ e kwla ukɛ i-ɔ?",Baoulé,AfriSpeech,10.71,train,bci
AfriSpeech/baoule_bci,"15-16. (1) ?Sɛ ɔ fata kɛ like suanfuɛ kun fa ajalɛ cinnjin kun’n, wafa sɛ yɛ ɔ kwla nian Zezi i ajalɛ’n su-ɔ? ( Zan 8:29 ) (2) Wafa sɛ yɛ Marianin ukali bla kun m’ɔ kle i Biblu’n nun like’n naan w’a fa ajalɛ kpa-ɔ? (An nian foto’n wie.)",Baoulé,AfriSpeech,22.57,train,bci
AfriSpeech/baoule_bci,E usa be kosan e fa kle be like,Baoulé,AfriSpeech,5.574,train,bci
AfriSpeech/baoule_bci,"17. ?Kɛ é klé sran’m be Biblu’n nun like’n, ngue yɛ ɔ ti e cinnjin-ɔn?",Baoulé,AfriSpeech,10.014,train,bci
AfriSpeech/baoule_bci,"18. ?Be nga be si Zoova kpa’n, ye benin yɛ bé ɲɛ́n i-ɔ?",Baoulé,AfriSpeech,8.65,train,bci
AfriSpeech/baoule_bci,"Fluwa A kwla di aklunjɔɛ tititi! nun’n, kosan kaka be kwla uka like suanfuɛ mun blɛblɛblɛ naan b’a si Zoova kpa. Be nun wie mun yɛ:",Baoulé,AfriSpeech,9.875,train,bci
AfriSpeech/baoule_bci,“?Wafa sɛ yɛ Zoova bu be nga be bo jasin fɛ’n niɔn?” ( like suanlɛ 21 ),Baoulé,AfriSpeech,7.22,train,bci
AfriSpeech/baoule_bci,"“?Like sɔ mɔ Zoova nin Zezi bé wá yó’n, [yɛle kɛ like nga bé wá yo i Aamagedɔn alɛ’n nun’n] ɔ ti su? ?Ngue ti yɛ a bu i sɔ-ɔ?” ( like suanlɛ 33 )",Baoulé,AfriSpeech,13.344,train,bci
AfriSpeech/baoule_bci,"“?Kɛ e nanti Zoova i mmla’m be su’n, i sɔ’n yo i sɛ? ?Ngue ti-ɔ?” ( like suanlɛ 34 )",Baoulé,AfriSpeech,8.386,train,bci
AfriSpeech/baoule_bci,"“?Sɛ e ja sran ng’ɔ kloman Zoova’n, kɛ a niɛn i sa’n wafa sɛ yɛ Zoova bú i sɔ liɛ’n niɔn?” ( like suanlɛ 42 )",Baoulé,AfriSpeech,8.957,train,bci
AfriSpeech/baoule_bci,"“?Kɛ Zoova yaci e sa tɛ mun cɛ e’n, i sɔ’n yo wɔ sɛ?” ( like suanlɛ 56 )",Baoulé,AfriSpeech,6.903,train,bci
AfriSpeech/baoule_bci,“?Wafa sɛ yɛ Zoova kle kɛ i like yolɛ yoman ya naan ɔ si be nga be yoli sa tɛ’n be aunnvɔɛ naan ɔ klo be-ɔ?” ( like suanlɛ 57 ),Baoulé,AfriSpeech,11.127,train,bci
AfriSpeech/baoule_bci,Uka like suanfuɛ’n naan ɔ fa ajalɛ ng’ɔ jɔ Zoova klun’n. (An nian ndɛ kpɔlɛ 15-16 nun.) b,Baoulé,AfriSpeech,14.068,train,bci
AfriSpeech/baoule_bci,An siesie amun afiɛn ndɛndɛ!,Baoulé,AfriSpeech,10.15,train,bci
AfriSpeech/baoule_bci,"Kɛ sran kun i sa’n nun owie kun bu’n, ɔ fata kɛ be sa su ndɛndɛ naan w’a kaciman like uflɛ. Sanngɛ sɛ be sisi be bo naan b’a sa su’n, i ya’n cɛ́, kpɛkun sran’n i sa’n kwla bli bɔbɔ. Ɔ maan ɔ su kwlá fɛmɛn i sa’n diman junman kpa kɛ laa’n sa kun.",Baoulé,AfriSpeech,16.194,train,bci
AfriSpeech/baoule_bci,LIKE SUANLƐ’N I SU AFƆTUƐ WIE MUN,Baoulé,AfriSpeech,3.586,train,bci
AfriSpeech/baoule_bci,Siesie ɔ wun kpa naan tɛ kosan’m be su klanman,Baoulé,AfriSpeech,4.487,train,bci
AfriSpeech/baoule_bci,"Srɛ Zoova. Srɛ i kɛ ɔ uka wɔ naan ndɛ nga á kán’n, ɔ mɛnmɛn i naan ɔ wla aniaan’m be fanngan.— Jue. 35:18 .",Baoulé,AfriSpeech,8.845,train,bci
AfriSpeech/baoule_bci,"Aɲia’m be bo’n, e tinuntinun e kwla tɛ kosan’m be su e fa wla e wiengu fanngan. ( Ebr. 10:​24, 25 ) ?Sanngɛ wafa sɛ yɛ e kwla siesie e wun naan ndɛ nga é kán’n w’a wla e wiengu’m be fanngan sakpa-ɔ?",Baoulé,AfriSpeech,12.777,train,bci
AfriSpeech/baoule_bci,"?Sɛ a nin aniaan kun be le ndɛ’n, yɛ sɛ a ko to i naan amun siesie amun afiɛn andɛ bɔbɔ nga li? Afin Biblu’n se kɛ: “Nán amun fa ya lele naan wia’n tɔ su.” ( Efɛ. 4:26 ) Sɛ a mian ɔ ɲin naan a nin ɔ niaan’n amun siesie amun afiɛn ndɛndɛ’n, ɔ́ yó maan ‘e bo yó kun’ titi asɔnun’n nun.— Efɛ. 4:​1-3 .",Baoulé,AfriSpeech,25.346,train,bci
AfriSpeech/baoule_bci,"Nán se kɛ á kánngan ndɛ ng’ɔ o fluwa’n nun’n tɛɛn gúɛ i lɔ. Wafa nga a fa wun ndɛ’n i wlɛ’n, i su yɛ nian tɛ kosan’m be su-ɔ. Sɛ a yo sɔ’n, aniaan’m bé ɲán ndɛ nga á kán’n i su ye kpa.",Baoulé,AfriSpeech,14.858,train,bci
AfriSpeech/baoule_bci,"Maan ndɛ nga á kán’n wla fanngan. Kɛ á tɛ́ kosan’m be su’n, nán man aniaan’m be afɔtuɛ yɛ nán fa ndɛ’n wɔ aniaan wie.",Baoulé,AfriSpeech,11.611,train,bci
AfriSpeech/baoule_bci,"Maan ndɛ nga á kán’n yo kpe kan. Kɛ ndɛ nga e kan’n timan tɛnndɛn mɔ i wlɛ wunlɛ yoman ya’n, ɔ wla aniaan’m be fanngan kpa. Kpɛkun aniaan onga’m be kwla ɲan blɛ be ijɔ wie.— Jue. 35:18 .",Baoulé,AfriSpeech,15.743,train,bci
AfriSpeech/baoule_bci,"Kannzɛ a man ɔ sa’n su naan be faman ndɛ’n be manman wɔ bɔbɔ’n, a kwla wla aniaan’m be fanngan wie. Yɛle kɛ, kɛ bé tɛ́ kosan’m be su’n, sie ɔ su kpa yɛ i sin’n yo be mo.— Ɲan. 10:21 .",Baoulé,AfriSpeech,13.312,train,bci
AfriSpeech/baoule_bci,"?Laa Izraɛli lɔ’n, ngue yɛ sran’m be yo i klɔ’n i anuan’m be ɲrun lɛ-ɔ?",Baoulé,AfriSpeech,5.198,train,bci
AfriSpeech/baoule_bci,"KLƆ’N i anuan’m be nun yɛ sran’m be sin naan b’a wlu klɔ’n nun annzɛ b’a fin klɔ’n nun b’a fite-ɔ. Kɛ mɔ sran kpanngban be sin lɛ’n ti’n, sran’m be kɔ lɔ be ko yo ninnge fanunfanun. Biblu’n kan klɔ’n i anuan’m be ndɛ kpɛ sunman. Yɛ ɔ kle like nga sran’m be yo be lɔ’n.",Baoulé,AfriSpeech,16.113,train,bci
AfriSpeech/baoule_bci,"Sran’m be yia klɔ’n i anuan’m be ɲrun lɛ. Ebre nun’n kɛ be kan anuan’n i ndɛ’n, nán klɔ’n i anuan bɔbɔ ba’n i ngunmin i ndɛ yɛ be kan-ɔn. Sanngɛ klɔ’n i anuan’n i ɲrun lɛ lika nga be kplannin kpata mun lɛ’n, ɔ o nun wie. Klɔ’n i anuan wie’m be nun’n, lika gbaun wie’m be o lɛ. Yɛ sran kpanngban be kwla yia lika sɔ’m be nun.— Nee. 8:1 .",Baoulé,AfriSpeech,20.801,train,bci
AfriSpeech/baoule_bci,"Aata difuɛ’m be yo be ninnge’m be atɛ klɔ’n i anuan’m be wun koko lɛ. Be flɛ Zerizalɛmun klɔ’n i anuan’m be nun kun kɛ Bua Anuan’n. Yɛ kun ekun suan Jue Anuan’n. Atrɛkpa’n, like nga aata difuɛ’m be yo be atɛ lika sɔ’m be nun’n, i ti yɛ be tɔnnin be dunman sɔ-ɔ.— Sof. 1:10; Zan 5:2 .",Baoulé,AfriSpeech,19.624,train,bci
AfriSpeech/baoule_bci,Sran’m be yia klɔ’n i anuan’m be ɲrun lɛ be yo ninnge sunman.,Baoulé,AfriSpeech,16.719,train,bci
AfriSpeech/baoule_bci,"Biblu’n kan waka fanunfanun kɔe 30 be ndɛ. Amanndie waka’n o be nun. Izraɛli lɔ’n, kɛ ayrɛ blɛ’n ko sin’n, waka nga be dun mmua bo nɲrɛ’n be nun kun yɛle waka sɔ’n. Lele mɔ Zanvie anglo’n fá wíe’n, nn waka sɔ’n w’a bo nɲrɛ fuaii. Izraɛlifuɛ’m be tɔnnin amanndie waka’n i dunman be aniɛn nun kɛ “waka m’ɔ jaso ndɛ kpa’n.” ?Wafa sɛ yɛ waka sɔ’n i su ndɛ’n nin Zoova m’ɔ yili i’n i su ndɛ kun be kɔ likawlɛ-ɔ?",Baoulé,AfriSpeech,29.266,train,bci
AfriSpeech/baoule_bci,"Biblu’n se kɛ “ngwlɛlɛ’n i kpafuɛ’n” kpan kekle kpa “klɔ’n i anuan’m be ɲrun lɛ.” ( Ɲan. 1:20, 21 ) Laa Izraɛli lɔ’n, klɔ’n i anuan’m be ɲrun lɛ yɛ be nga be sro Ɲanmiɛn’n be man sran’m be afɔtuɛ kpakpa mun-ɔn. Asa’n lɛ yɛ be di sran’m be ndɛ mun-ɔn. Andɛ’n Zoova i ngwlɛlɛ m’ɔ o Biblu’n nun’n, yɛ i sufuɛ’m be uka sran mun naan be fa be ɲin be sie su-ɔ.",Baoulé,AfriSpeech,25.13,train,bci
AfriSpeech/baoule_bci,Waka kun m’ɔ bo nɲrɛ ndɛ kpa’n,Baoulé,AfriSpeech,4.588,train,bci
AfriSpeech/baoule_bci,I su fitilɛ’n,Baoulé,AfriSpeech,4.909,train,bci
AfriSpeech/baoule_bci,"Asa’n Biblu’n nun’n, be fa amanndie waka’n i nɲrɛ’m be fa sunnzun be nga b’a yo oke’n be ti je’n. ( Aku. 12:5 ) Asa ekun’n, kɛ bé yó Ɲanmiɛn i tannin sua’n nun lɔ kannin siewlɛ’n i sama’m be nɲrɛ mun’n, be yoli be kɛ amanndie waka’n i nɲrɛ’n sa. Atrɛkpa’n, kɛ mɔ amanndie’n i nɲrɛ’m be yo ɲɛnmɛn dan’n i ti yɛ be niannin su-ɔ.— Tul. 37:17-20 .",Baoulé,AfriSpeech,20.618,train,bci
AfriSpeech/baoule_bci,Alɛ’n yo ɲrɛnnɛn dan,Baoulé,AfriSpeech,3.042,train,bci
AfriSpeech/baoule_bci,"Sasafuɛ Tranwlɛ’n nga nun’n, “alɛ” nga be kɛn i ndɛ’n yɛle alɛ nga politiki ndɛ’m be ti’n, sran’m be bubu be wun nun be kun’n. Sran nga e kannin be ndɛ fluwa nga nun’n, e kacili be nun wie’m be dunman’n.",Baoulé,AfriSpeech,14.601,train,bci
AfriSpeech/baoule_bci,"?A kunndɛ kɛ á trán mɛn kun mɔ be kunman alɛ nun’n i nun? Sran kpanngban be kunndɛ sɔ, sanngɛ be lafiman su kɛ i sɔ liɛ’n kwla yo ye. Sa nga ti yɛ kannzɛ klɔ sran’m be mian be ɲin’n, be kwlá yoman naan alɛ’m b’a wie’n, Biblu’n yiyi nun. Asa’n Biblu’n kle kɛ fɔundi kwla tran asiɛ wunmuan’n su naan a kwla lafi su kɛ ɔ cɛ kan’n, ɔ́ yó sɔ sakpa.",Baoulé,AfriSpeech,26.041,train,bci
AfriSpeech/baoule_bci,"Ninnge nga be fa klɔ sran mun yi i ɲrɛnnɛn’n nun’n, be nun kun yɛle alɛ’n. Sonja mun nin be nga timan sonja bɔbɔ’n, be si kɛ alɛ’n yo ɲrɛnnɛn dan.",Baoulé,AfriSpeech,10.857,train,bci
AfriSpeech/baoule_bci,"Sonja kun m’ɔ fin Angle mɔ be flɛ i kɛ Gari’n, ɔ seli kɛ: “Cɛn kwlaa a wun sran nga be kunnin be’n, annzɛ b’a yo be like yaya’n. Ɔ klun titi ɔ sa trilili.”",Baoulé,AfriSpeech,12.351,train,bci
AfriSpeech/baoule_bci,"Sonja kun m’ɔ tran Kolɔnbi mɔ be flɛ i kɛ Wilma’n, ɔ seli kɛ: “Be toli min wiasin nin min ɲrun nun tui. N wunnin fuɛn kaka, ba kanngan nin sran oke’m be o nun. Alɛ’n yo maan a siman aunnvɔɛ kun.”",Baoulé,AfriSpeech,14.306,train,bci
AfriSpeech/baoule_bci,"Sonja bla kun m’ɔ tran Etazinin mɔ be flɛ i kɛ Zafira’n, ɔ seli kɛ: “Kɛ be kun sran kun ɔ ɲin bo lɛ’n, ɔ wla kwlá fiman su le. Ɔ ɲin kpɛnkpɛn i fɛfɛlɛ’n nin i kplinlɛ’n su. Ɔ wla fiman sran sɔ’n su le.”",Baoulé,AfriSpeech,16.306,train,bci
AfriSpeech/baoule_bci,"Bla kun m’ɔ fin Ikrɛnin mɔ be flɛ i kɛ Olesandra’n, ɔ seli kɛ: “Ɔ yoli min kɛ n klun su jɔman kun le sa. A bu i kɛ bé wá kún wɔ. Sanngɛ like nga ti yɛ ɔ klun titi wɔ dan’n, yɛle kɛ a bu i kɛ bé wá kun ɔ osufuɛ nin ɔ janvuɛ mun.”",Baoulé,AfriSpeech,16.416,train,bci
AfriSpeech/baoule_bci,"Bian kun m’ɔ fin Tajikistan mɔ be flɛ i kɛ Dalɛ’n, ɔ seli kɛ: “E lɔngɔ ɲanman su e minndɛ aliɛ 2:00 lele fa ju 23:00. Kɛ ɔ́ yó sɔ’n, srɛ kun e dan. Afin e siman sɛ katusu mma wie gúa e wun-o.”",Baoulé,AfriSpeech,15.149,train,bci
AfriSpeech/baoule_bci,"Bla kun m’ɔ fin Ruanda mɔ be flɛ i kɛ Mari’n, ɔ seli kɛ: “Alɛ’n ti’n, m’an ka aika. N leman sran naan se kɛ ɔ́ fɔ́nvɔ min annzɛ ɔ́ nían min lika.”",Baoulé,AfriSpeech,11.043,train,bci
AfriSpeech/baoule_bci,"Alɛ’n ti’n, be nga e kannin be ndɛ wa’n be wunnin ɲrɛnnɛn, sanngɛ be wla wa guali ase. I kpa bɔbɔ’n, be wa wunnin i wlɛ kɛ cɛn wie lele’n sran’m be su kunman alɛ kun. Wafa nga i sɔ liɛ’n kwla yo ye’n, Sasafuɛ Tranwlɛ’n nga wá fá Biblu’n nun ndɛ wie mun fá yíyí nun.",Baoulé,AfriSpeech,19.884,train,bci
AfriSpeech/baoule_bci,Alɛ’n i sin ɲrɛnnɛn sa mun,Baoulé,AfriSpeech,16.802,train,bci
AfriSpeech/baoule_bci,"“Kɛ ɔ fɛ i Alɛ Dan Nɲɔn su’n su’n, alɛ nga be kun be’n b’a sɔn dan. Alɛ sɔ’m be ti’n, sran miliaa nɲɔn be wun be ɲrun. Kɛ e fa asiɛ’n su sran nnan’n, be nun kun wun ɲrɛnnɛn alɛ’n ti.”",Baoulé,AfriSpeech,15.834,train,bci
AfriSpeech/baoule_bci,"Ndɛ sɔ’n, ONU i su kpɛn bla kun mɔ be flɛ i kɛ Amina Moamɛdi’n ɔ kɛnnin i afuɛ 2023, Zanvie i le 26 su.",Baoulé,AfriSpeech,10.523,train,bci
AfriSpeech/baoule_bci,"Lika nga be nun ti fɔun dɔ nga su bɔbɔ’n, alɛ kwla fu sran’m be nun. Asa’n be nga be nunman kan be kun alɛ lɛ bɔbɔ’n, be kwla wun be ɲrun wie alɛ sɔ’m be ti. Kannzɛ bɔbɔ alɛ’n wie lika kun nun’n, be nga be o lɔ’n be wun i su afɛ cɛ kpa. I wie yɛle kɛ:",Baoulé,AfriSpeech,19.638,train,bci
AfriSpeech/baoule_bci,"Aliɛ ndɛ’n yo kekle. Anuannzɛ ng’ɔ kunndɛ aliɛ ko man be nga be ɲanman aliɛ’n, ɔ seli kɛ: “Blɛ sunman’n alɛ’m be ti yɛ awe’n kun sran mun dan-ɔn. Be nga be ɲanman aliɛ be diman’n, be dan lika be tran kan alɛ o lɔ’n.”",Baoulé,AfriSpeech,22.086,train,bci
AfriSpeech/baoule_bci,"Alɛ’n saci like, yɛ ɔ yo sran’m be abɔlɛ.",Baoulé,AfriSpeech,4.201,train,bci
AfriSpeech/baoule_bci,Biblu’n se kɛ alɛ’n o nzɔliɛ ng’ɔ́ klé kɛ “mɛn’n i awieliɛ blɛ’n” w’a ju’n nun. ( Matie 24:3 ) Zezi Klisi seli kɛ:,Baoulé,AfriSpeech,11.09,train,bci
AfriSpeech/baoule_bci,"“Amún wá tí alɛ ngan, ɔ nin alɛ kunlɛ ndɛ mun. […] Nvle kun wá jáso nvle uflɛ wun. Yɛ famiɛn kun wá jáso famiɛn uflɛ wun.”— Matie 24:​6, 7 .",Baoulé,AfriSpeech,12.415,train,bci
AfriSpeech/baoule_bci,"“Kɛ amún wá tí alɛ nin sa sukusuku’m be ngan’n, nán srɛ kun amun.”— Liki 21:9 .",Baoulé,AfriSpeech,7.619,train,bci
AfriSpeech/baoule_bci,"Glɛki’n nun ndɛ mma nga be kacili i Wawle’n nun kɛ “sa sukusuku mun’n,” be kwla fa kan lika m’ɔ sanngan’n, annzɛ ɲin kekle mɔ sran’m be yo’n, annzɛ jasolɛ mɔ sran’m be jaso awa wun’n, annzɛ politiki nun ndɛnnganndɛnngan mun, annzɛ wafa nga sran’m be man be wun su’n be ndɛ.",Baoulé,AfriSpeech,19.29,train,bci
AfriSpeech/baoule_bci,"Sɛ ɔ waan á sí nun kpa’n, kɔ jw.org su naan kanngan ndɛ akpasua nga be flɛ i kɛ “ ?Nzɔliɛ onin yɛ ɔ kle kɛ e o ‘mɛn i awieliɛ blɛ’n’ nun-ɔn? ” nun.",Baoulé,AfriSpeech,11.586,train,bci
AfriSpeech/baoule_bci,?Klɔ sran’m be kwla yo maan alɛ’m be wie?,Baoulé,AfriSpeech,3.236,train,bci
AfriSpeech/baoule_bci,AWA’M BE MIAN BE ƝIN NAAN SIKA NDƐ’N W’A YOMAN KEKLE,Baoulé,AfriSpeech,3.996,train,bci
AfriSpeech/baoule_bci,"Like nga be kunndɛ’n: Be kunndɛ kɛ bé yó naan sran’m be ɲan ninnge nga be sa mian be wun’n. I liɛ’n wie’m be su ɲanman sika traman wie. Annzɛ sika nga sran wie’m be ɲɛn i’n, ɔ su sɔnman dan traman be wiengu’m be liɛ’n. Afin sa nga ti yɛ sran’m be kun alɛ’n i kun yɛ ɔ o lɛ-ɔ.",Baoulé,AfriSpeech,18.362,train,bci
AfriSpeech/baoule_bci,"ONU i su kpɛn mɔ be flɛ i kɛ Antonio Guterɛsi’n ɔ seli kɛ: “Sika nga e fa uka be nga alɛ tɔ be su’n, ɔ tra nga e fa uka sran mun naan b’a kunman alɛ’n.”",Baoulé,AfriSpeech,10.811,train,bci
AfriSpeech/baoule_bci,NVLENVLE’M BE MIAN BE ƝIN NAAN BÉ TÍ BE WUN ANIƐN,Baoulé,AfriSpeech,8.707,train,bci
AfriSpeech/baoule_bci,Ndɛ nga Biblu’n kan’n: Awa’n nin anuannzɛ nga sran’m be kpɛli be ba’n be kwla uka yalɛfuɛ mun. Sanngɛ be kwlá yoman naan sran’m b’a diman yalɛ kun.— Mmla’n 15:11; Matie 26:11 .,Baoulé,AfriSpeech,10.78,train,bci
AfriSpeech/baoule_bci,"Like nga be kunndɛ’n: Be koko be afiɛn yalɛ yɛ be nuan sɛ ninnge wie’m be su, kɛ ɔ ko yo naan ndɛ dan w’a tɔman be afiɛn annzɛ kusu b’a siesie ndɛ ng’ɔ tɔ be afiɛn’n ti.",Baoulé,AfriSpeech,11.941,train,bci
AfriSpeech/baoule_bci,"?Ngue ti yɛ i sɔ yolɛ’n ti kekle-ɔ? Wie liɛ’n be nga ndɛ o be afiɛn’n be nun kun annzɛ be nun wie’m be kunndɛman kɛ be siesie ndɛ’n, annzɛ kusu be kunndɛman kɛ be bu be lufle bɔ kaan sa, annzɛ kusu ajalɛ kwlaa nga be fa’n wie fi timan be liɛ su. Wie liɛ kusu’n ndɛ nga be nuan sɛ su’n, kɛ ɔ́ kɔ́ i ɲrun’n be diman su.",Baoulé,AfriSpeech,21.645,train,bci
AfriSpeech/baoule_bci,"Amlɛnkɛn’m be fluwa sifuɛ kun mɔ be flɛ i Rɛmɔn’n seli kɛ: “Ajalɛ nga nvlenvle’m be fa naan b’a ti be wun aniɛn’n, nán blɛ kwlaa nun yɛ ɔ yo ye-ɔ. Wie liɛ bɔbɔ’n kɛ ɔ́ kɔ́ i ɲrun’n i sɔ’n kpɛ ndɛ uflɛ ba.”",Baoulé,AfriSpeech,12.973,train,bci
AfriSpeech/baoule_bci,ALƐ KUNLƐ NINNGE’M BE NUNUNUNLƐ,Baoulé,AfriSpeech,6.571,train,bci
AfriSpeech/baoule_bci,"Ndɛ nga Biblu’n kan’n: Ɔ fata kɛ sran’m be ‘mian be ɲin naan be nin be wiengu’m be di anuansɛ.’ ( Jue Mun 34:14 ) Sanngɛ andɛ’n sran kpanngban ‘be nin be wiengu’m be nantiman klanman,’ ‘be kunndɛman kɛ be nin be wiengu’m bé tí be wun aniɛn,’ yɛ ‘be kpɛ be wiengu’m be bo waka.’ ( 2 Timote 3:​1-4 ) I sɔ’n yo maan kannzɛ bɔbɔ polikifuɛ wie’m be kunndɛ kɛ bé síesíe sran’m be afiɛn’n, ɔ ti kekle.",Baoulé,AfriSpeech,28.136,train,bci
AfriSpeech/baoule_bci,"Like nga be kunndɛ’n: Nvlenvle’m be kunndɛ kɛ bé núnnún be alɛ kunlɛ ninnge nga be kwla yo sran’m be abɔlɛ tɛtɛ kpa’n, annzɛ bé yó naan b’a sɔnman kun.",Baoulé,AfriSpeech,10.53,train,bci
AfriSpeech/baoule_bci,"?Ngue ti yɛ i sɔ yolɛ’n ti kekle-ɔ? Nvle sunman be se be wun kɛ sɛ be nunnun be alɛ kunlɛ ninnge mun’n be su sroman be kun, yɛ sɛ alɛ tɔ’n be su kwlá kpliman be ti. Asa’n alɛ kunlɛ ninnge’m be nunnunlɛ’n, ɔ kwlá yoman naan sa nga ti yɛ sran’m be kun alɛ’n w’a wie.",Baoulé,AfriSpeech,17.879,train,bci
AfriSpeech/baoule_bci,"Fluwa kun seli kɛ: “Kɛ afuɛ 1991 sinnin’n, nvle kpanngban be fali ajalɛ kɛ bé núnnún be alɛ kunlɛ ninnge mun. Asa’n be fali ajalɛ wie mun naan sran’m b’a yoman be wiengu like yaya dan kun, naan mɛn’n nun ndɛnnganndɛnngan’m b’a kan ase, naan cɛn wie lele’n mɛn’n tɔ fɔun. Sanngɛ b’a kwlá yoman sɔ.”",Baoulé,AfriSpeech,20.588,train,bci
AfriSpeech/baoule_bci,Ndɛ nga Biblu’n kan’n: Ɔ fata kɛ sran’m be nunnun be alɛ kunlɛ ninnge mun naan ‘be fa be tokofi mun be yo tokpo.’ ( Ezai 2:4 ) Sanngɛ i sɔ ngunmin kwlá yoman naan alɛ’m b’a wie. Afin sran i awlɛn’n nun yɛ be wiengu’m be like yaya yolɛ’n fin-ɔn.— Matie 15:19 .,Baoulé,AfriSpeech,19.09,train,bci
AfriSpeech/baoule_bci,AENGUƐ MƆ NVLENVLE’M BE TRA’N,Baoulé,AfriSpeech,3.18,train,bci
AfriSpeech/baoule_bci,"?Ngue ti yɛ i sɔ yolɛ’n ti kekle-ɔ? Nán kɛ nvle kun nin nvle uflɛ be tra aenguɛ’n, i ti yɛ be su faman alɛ be wlɛmɛn i sin-ɔn. Blɛ sunman’n nvlenvle’m be diman nda nga be tali be wiengu’n su. Wie liɛ kusu’n be nuan sɛman like ng’ɔ fata kɛ be fa yo be kpɔfuɛ kun’n, ɔ nin blɛ ng’ɔ fata kɛ be yo sɔ’n su.",Baoulé,AfriSpeech,19.541,train,bci
AfriSpeech/baoule_bci,"Like nga be kunndɛ’n: Nvlenvle’m be tra aenguɛ naan b’a kwla kpli be ti. Be bu i kɛ sɛ be bo ti kun’n, nvle uflɛ su kunndɛman kɛ ɔ́ fá alɛ wlá be sin.",Baoulé,AfriSpeech,10.955,train,bci
AfriSpeech/baoule_bci,Fluwa kun seli kɛ: “Anuannzɛ nga be flɛ i kɛ Société des Nations mɔ i sin’n be wa flɛli i ONU’n ɔ miɛnnin i ɲin lele naan nvlenvle’m b’a tra aenguɛ. Sanngɛ i sɔ’n w’a yoman naan alɛ w’a tɔman.”,Baoulé,AfriSpeech,12.833,train,bci
AfriSpeech/baoule_bci,"Nvle sunman be mian be ɲin naan sran’m b’a tran fɔun, sanngɛ alɛ’m be te o lɛ.",Baoulé,AfriSpeech,5.751,train,bci
AfriSpeech/baoule_bci,Drazen_/E+ via Getty Images,Baoulé,AfriSpeech,7.204,train,bci
AfriSpeech/baoule_bci,"Sran wie’m be bu i kɛ mɛn’n w’a tɔ fɔun w’a tra laa’n. Be waan alɛ nga be kun be andɛ’n be cɛman, kpɛkun sran’m be wuman alɛ’n nun dan kɛ laa’n sa. Sanngɛ sran wie’m be liɛ’n be bumɛn i sɔ. Be waan ninnge nga be nga be bu i kɛ mɛn’n w’a tɔ fɔun w’a tra laa’n be jran su be kan ndɛ’n be timan su.",Baoulé,AfriSpeech,19.787,train,bci
AfriSpeech/baoule_bci,"I kwlaa yoli-o, nga be kwlá simɛn i akplowa’n yɛle kɛ alɛ’n nin ndɛnnganndɛnngan’m be o mɛn’n i dan lika nun. Yɛ e kwlaa e wun i su afɛ wie.",Baoulé,AfriSpeech,14.135,train,bci
AfriSpeech/baoule_bci,Biblu’n kan sa nga ti yɛ klɔ sran’m be kun alɛ’n ɔ nin sa nga ti yɛ alɛ’m be wieman’n i ndɛ.,Baoulé,AfriSpeech,7.59,train,bci
AfriSpeech/baoule_bci,SATAN NIN I MMUSU MUN,Baoulé,AfriSpeech,3.208,train,bci
AfriSpeech/baoule_bci,"Ɲanmiɛn w’a yiman e kɛ e sie e wiengu. Biblu’n se kɛ: “Klɔ sran m’ɔ su nanti’n, nɛ́n i bɔbɔ yɛ ɔ fata kɛ ɔ kle i ja’n i atin-ɔn.” ( Zeremin 10:23 ) I sɔ’n ti’n, awa mun be kwlá yoman naan alɛ nin nzaje sa’m b’a wie mlɔnmlɔn.",Baoulé,AfriSpeech,20.843,train,bci
AfriSpeech/baoule_bci,Klɔ sran’m be kwlá yoman naan alɛ nin sran’m be like yaya yolɛ’n b’a wie. Sanngɛ Ɲanmiɛn liɛ’n ɔ kwla yo sɔ.,Baoulé,AfriSpeech,8.773,train,bci
AfriSpeech/baoule_bci,"Biblu’n se kɛ: “Mɛn wunmuan’n wo klunwifuɛ’n i sa nun.” ( 1 Zan 5:19 ) ‘Klunwifuɛ’ sɔ’n yɛle Satan. Sran kunlɛ’n ti i nzuɛn. ( Zan 8:44 ) Ɔ nin i mmusu mun be su sran’m be bo naan be yo be wiengu’m be like yaya, naan be kun alɛ.— Sa Nglo Yilɛ 12:​9, 12 .",Baoulé,AfriSpeech,19.326,train,bci
AfriSpeech/baoule_bci,Wafa nga alɛ’m bé wíe’n,Baoulé,AfriSpeech,3.881,train,bci
AfriSpeech/baoule_bci,ƝANMIƐN WÁ NÚNNÚN KLƆ SRAN’M BE AWA MUN,Baoulé,AfriSpeech,3.766,train,bci
AfriSpeech/baoule_bci,"Biblu’n kle kɛ Ɲanmiɛn yɛ ɔ́ wá yó maan ‘alɛ kunlɛ’n wíe asiɛ wunmuan’n su-ɔ,’ naan nán klɔ sran mun-ɔn.— Jue Mun 46:9 .",Baoulé,AfriSpeech,11.653,train,bci
AfriSpeech/baoule_bci,"Ɲanmiɛn wá núnnún klɔ sran’m be awa mun alɛ kun nun. Biblu’n flɛ alɛ sɔ’n kɛ Aamagedɔn. a ( Sa Nglo Yilɛ 16:16 ) Blɛ sɔ’n nun’n, bé yíayía ‘famiɛn nga be o asiɛ wunmuan’n su’n, naan be kun alɛ Ɲanmiɛn m’ɔ Kwla Like Kwlaa Yo’n i cɛn dan’n nun.’ ( Sa Nglo Yilɛ 16:14 ) Kɛ Aamagedɔn alɛ’n ko sin’n, sran’m be su kunman alɛ kun.",Baoulé,AfriSpeech,7.008,train,bci
AfriSpeech/baoule_bci,"Ɲanmiɛn wá fɛ́ i Sielɛ’n yɛle kɛ i awa’n sín klɔ sran’m be liɛ’m be osu’n nun. Awa sɔ’n o ɲanmiɛn su lɔ, yɛ be su nunnunmɛn i le. ( Daniɛli 2:44 ) Ɲanmiɛn flɛli i Wa Zezi Klisi seli i awa sɔ’n i su famiɛn. ( Ezai 9:​6, 7; Matie 28:18 ) Sielɛ b sɔ’n yɛ Zezi seli i sɔnnzɔnfuɛ’m be kɛ be srɛ naan i blɛ’n ju-ɔ. ( Matie 6:​9, 10 ) Kɛ Zezi wá síe sran mun’n, asiɛ’n sufuɛ’m be kwlaa be bo yó kun, yɛ bé ló be wun bé mɛ́n i naan ɔ sie be.",Baoulé,AfriSpeech,20.415,train,bci
AfriSpeech/baoule_bci,"Ɲanmiɛn Sielɛ’n wá núnnún alɛ kunlɛ ninnge’m be kwlaa. ( Mise 4:3 ) Asa’n, ɔ́ wá núnnún klunwifuɛ mɔ be kunndɛman kɛ bé yáci alɛ kunlɛ, mɔ be yo wiengu’m be abɔlɛ’n. ( Jue Mun 37:​9, 10 ) I yasua-o, i bla-o, i ba kanngan mun-o, bé trán fɔun nun lika kwlaa nga be o’n.— Ezekiɛli 34:28 .",Baoulé,AfriSpeech,18.22,train,bci
AfriSpeech/baoule_bci,"Kɛ Ɲanmiɛn Sielɛ’n wá síe asiɛ’n, sran’m be kwlaa be liɛ yó ye. Ɔ́ wá núnnún sa nga ti yɛ sran’m be kun alɛ’n. Sa sɔ’m be wie yɛle yalɛ’n, nin awe’n, nin sua ndɛ’n. Sran’m be kwlaa bé ɲán aliɛ kpa bé dí, yɛ bé ɲán tranwlɛ kpa.— Jue Mun 72:16; Ezai 65:​21-23 .",Baoulé,AfriSpeech,18.255,train,bci
AfriSpeech/baoule_bci,ƝANMIƐN WÁ NÚNNÚN SATAN NIN MMUSU MUN,Baoulé,AfriSpeech,3.01,train,bci
AfriSpeech/baoule_bci,"Ɲanmiɛn Sielɛ’n wá yó maan sran’m be bo yó kun bé sú Ɲanmiɛn Zoova c “m’ɔ klo sran’n, m’ɔ man fɔundi’n” i kunngba cɛ. ( 2 Korɛntifuɛ Mun 13:11 ) Bé klé sran mun wafa nga be kwla tran klanman’n. ( Ezai 2:​3, 4; 11:9 ) Be kwlaa nga be ɲin yi Ɲanmiɛn’n, be su yoman sa tɛ yofuɛ kun.— Rɔmunfuɛ Mun 8:​20, 21 .",Baoulé,AfriSpeech,12.213,train,bci
AfriSpeech/baoule_bci,"Ɲanmiɛn Sielɛ’n wá núnnún Satan nin mmusu mɔ be wlawla sran mun mɔ be kun alɛ’n. ( Sa Nglo Yilɛ 20:​1-3, 10 ) Kɛ mɔ be su tranman lɛ kun naan b’a laka sran mun’n ti’n, “fɔundi’n yó dan.”— Jue Mun 72:7 .",Baoulé,AfriSpeech,13.671,train,bci
AfriSpeech/baoule_bci,"A kwla lafi su kɛ Ɲanmiɛn yía nda ng’ɔ tɛli i kɛ ɔ́ yó maan alɛ’n wíe’n i nuan. Afin ɔ kwla yo sɔ, yɛ ɔ kunndɛ kpa kɛ ɔ́ yó sɔ.",Baoulé,AfriSpeech,11.075,train,bci
AfriSpeech/baoule_bci,Ɲanmiɛn si ngwlɛlɛ yɛ ɔ le tinmin. Ɔ maan ɔ kwla yo maan alɛ’m be wie. ( Zɔbu 9:4 ) Like fi kwlá tɛnndɛnmɛn i ɲrun.— Zɔbu 42:2 .,Baoulé,AfriSpeech,7.515,train,bci
AfriSpeech/baoule_bci,"Kɛ Ɲanmiɛn wun afɛ ng’ɔ o sran’m be su’n, ɔ yo i ya. ( Ezai 63:9 ) Asa’n, “ɔ kpɔ sran kwlaa ng’ɔ klo nzaje sa mun’n.”— Jue Mun 11:5 .",Baoulé,AfriSpeech,10.513,train,bci
AfriSpeech/baoule_bci,"Ɲanmiɛn yia ndɛ kwlaa ng’ɔ kan’n i nuan. Ɔ kwlá buaman ato.— Ezai 55:​10, 11; Titi 1:2 .",Baoulé,AfriSpeech,4.35,train,bci
AfriSpeech/baoule_bci,Ɲanmiɛn wá yó maan fɔundi’n i kpafuɛ’n trán lɛ tititi.,Baoulé,AfriSpeech,4.519,train,bci
AfriSpeech/baoule_bci,?Ngue ti yɛ Ɲanmiɛn yaci sran’m be lɛ mɔ be kun alɛ-ɔ?,Baoulé,AfriSpeech,4.232,train,bci
AfriSpeech/baoule_bci,"Atrɛkpa’n a usa wun kɛ: “?Ngue ti yɛ lele nin andɛ’n Ɲanmiɛn yaci sran’m be lɛ mɔ be kun alɛ-ɔ?” Sɛ ɔ waan á wún ndɛ sɔ’n i wlɛ’n, kɔ jw.org su naan nian video nga be flɛ i kɛ ?Ngue ti yɛ Ɲanmiɛn yaci sran’m be lɛ mɔ be wun ɲrɛnnɛn-ɔn?",Baoulé,AfriSpeech,16.792,train,bci
AfriSpeech/baoule_bci,b Kɔ jw.org su naan nian video nga be flɛ i kɛ ?Ngue yɛle Ɲanmiɛn Sielɛ’n?,Baoulé,AfriSpeech,18.969,train,bci
AfriSpeech/baoule_bci,a Kɔ jw.org su naan kanngan ndɛ kpasua nga be flɛ i kɛ “ ?Ngue yɛle Aamagedɔn alɛ’n? ” nun.,Baoulé,AfriSpeech,27.889,train,bci
AfriSpeech/baoule_bci,Ɲanmiɛn wá yó maan alɛ’m bé wíe,Baoulé,AfriSpeech,5.957,train,bci
AfriSpeech/baoule_bci,Klɔ sran’m be kwlá yoman naan alɛ’m b’a wie.,Baoulé,AfriSpeech,9.103,train,bci
AfriSpeech/baoule_bci,c Ɲanmiɛn i dunman’n yɛle Zoova.— Jue Mun 83:18 .,Baoulé,AfriSpeech,13.86,train,bci
AfriSpeech/baoule_bci,?Kannzɛ alɛ’m be o lɛ’n é yó sɛ naan e wla w’a gua ase?,Baoulé,AfriSpeech,4.732,train,bci
AfriSpeech/baoule_bci,Nán Gari ngunmin yɛ i wun yo i sɔ-ɔ. Maan e kan wafa nga Biblu’n ukali sran wie mun’n i ndɛ.,Baoulé,AfriSpeech,6.592,train,bci
AfriSpeech/baoule_bci,"Gari mɔ laa’n ɔ ti sonja’n seli kɛ: “Kwlaa naan m’an suan Biblu’n nun like’n, sa nga ti yɛ sran’m be yo be wiengu’m be like yaya’n, be bu be lufle’n, yɛ ndɛnnganndɛnngan’m be o mɛn’n nun’n, n wunmɛn i wlɛ. Sanngɛ siɛn’n min wla gua ase. N si kɛ Zoova wá yó maan asiɛ’n su tɔ́ fɔun.”",Baoulé,AfriSpeech,20.236,train,bci
AfriSpeech/baoule_bci,"NDƐ NGA BIBLU’N KAN’N: “Zoova, a ti kpa, yɛ a yaci sa cɛ.”— Jue Mun 86:5 .",Baoulé,AfriSpeech,9.021,train,bci
AfriSpeech/baoule_bci,"WAFA NGA I SƆ’N UKA E’N: Wilmaa m’ɔ tran Kolɔnbi’n seli kɛ: “Ndɛ mma sɔ’n kle min kɛ Zoova si aunnvɔɛ. N si kɛ i nun mɔ é kún alɛ’n sa nga n yoli be’n, ɔ kunndɛ kɛ ɔ́ yáci i kwlaa cɛ́ min.”",Baoulé,AfriSpeech,15.634,train,bci
AfriSpeech/baoule_bci,"NDƐ NGA BIBLU’N KAN’N: “N su yi ɲanmiɛn su uflɛuflɛ kun nin asiɛ uflɛuflɛ kun. Yɛ be wla su kpɛnman laa ninnge’m be su kun, be su tranman be awlɛn’n nun kun.”— Ezai 65:17 .",Baoulé,AfriSpeech,15.16,train,bci
AfriSpeech/baoule_bci,"WAFA NGA I SƆ’N UKA E’N: Zafira m’ɔ tran Etazinin’n seli kɛ: “Min ɲin kpɛnkpɛn sa nga i nun mɔ n ti sonja’n n wunnin be’n be su sa trilili, yɛ min wla bo min wun. Sanngɛ Biblu’n nun ndɛ mma sɔ’n kle min kɛ ɔ cɛ kan’n, Zoova wá yó maan min wla fí sa tɛtɛ kwlaa sɔ’m be su mlɔnmlɔn. Min ɲin su kpɛnkpɛnman be su kun. I sɔ’n yo min fɛ dan.”",Baoulé,AfriSpeech,25.56,train,bci
AfriSpeech/baoule_bci,"NDƐ NGA BIBLU’N KAN’N: “I blɛ su’n, sran kpa’m bé bó nɲrɛ kɛ waka sa, yɛ fɔundi’n yó dan lele saan anglo’n nunman lɛ kun.”— Jue Mun 72:7 .",Baoulé,AfriSpeech,13.269,train,bci
AfriSpeech/baoule_bci,"WAFA NGA I SƆ’N UKA E’N: Olesandra m’ɔ fin Ikrɛnin’n seli kɛ: “Blɛ sunman’n, n bu ndɛ sɔ’n i su akunndan. Ɔ cɛ kan’n, alɛ’n nin i sin ɲrɛnnɛn sa’m be su tranman lɛ kun. Yɛ e su kokoman e awlɛn su sran’m be ti kun.”",Baoulé,AfriSpeech,16.289,train,bci
AfriSpeech/baoule_bci,"NDƐ NGA BIBLU’N KAN’N: “Ɔ sran nga be wuli’n bé ɲán nguan. [...] Amun mɔ amun o ndutre’n nun’n, amun jaso, yɛ amun kpan aklunjɔɛ kpanlɛ!”— Ezai 26:19 .",Baoulé,AfriSpeech,14.83,train,bci
AfriSpeech/baoule_bci,"WAFA NGA I SƆ’N UKA E’N: Mari m’ɔ fin Ruanda’n seli kɛ: “I nun mɔ sran wie’m be waan bé núnnún e nga e ti Tutsi’n, e awlo’n boli. Sanngɛ Biblu’n nun ndɛ mma nga kle min kɛ ń má wún e awlofuɛ mun ekun. Min ɲin o blɛ mɔ bé wá cɛ́n nguan mɔ ń má tí be nɛn’n ekun’n i sin kpa.”",Baoulé,AfriSpeech,22.773,train,bci
AfriSpeech/baoule_bci,"NDƐ NGA BIBLU’N KAN’N: “Ɔ ka kaan sa’n, be su wunman klunwifuɛ’m be kun. [...] Sanngɛ asiɛ’n yó wun ase kanfuɛ’m be liɛ, yɛ fɔundi dan mɔ bé dí’n ti’n, be klun jɔ́ kpa fɔuun.”— Jue Mun 37:​10, 11 .",Baoulé,AfriSpeech,17.911,train,bci
AfriSpeech/baoule_bci,"WAFA NGA I SƆ’N UKA E’N: Dalɛ m’ɔ fin Tajikistan’n seli kɛ: “Kannzɛ alɛ’n wieli’n, sanngɛ sran lufle bulɛ’n nin sran tɛtɛ’m be te o lɛ. Biblu’n nun ndɛ mma sɔ’m be uka min kpa. Be kle min kɛ Zoova wun sa kwlaa, yɛ ɔ wun afɛ ng’ɔ o min su’n i wlɛ. Ɔ seli kɛ ɔ ka kan’n, ɲrɛnnɛn’n kwlaa wíe yɛ e wla su kpɛnman su kun.”",Baoulé,AfriSpeech,25.312,train,bci
AfriSpeech/baoule_bci,"Be nga e kannin be ndɛ fluwa nga nun’n, be o Zoova i Lalofuɛ mɔ be ti miliɔn kpanngban mɔ Biblu’n ukali be naan be wla w’a gua ase’n be nun. Be wunnin wafa nga be kwla yo naan b’a kpɔman be wiengu mun’n i wlɛ. Yɛle kɛ be kpɔman be nga be wunnɛn kplo’n, annzɛ be nvle’n, annzɛ be aniɛn’n ɔ nin be liɛ’n timan kun’n. ( Efɛzifuɛ Mun 4:​31, 32 ) Zoova i Lalofuɛ’m be yoman politiki yɛ be yoman be wiengu’m be like yaya.— Zan 18:36 .",Baoulé,AfriSpeech,26.684,train,bci
AfriSpeech/baoule_bci,"Asa’n Zoova i Lalofuɛ’m be suan be wiengu bo kɛ awlo kun nunfuɛ mɔ be klo be wun’n sa. ( Zan 13:35 ) Alɛ’n ti’n Olesandra mɔ e dun mmua kɛnnin i ndɛ’n, ɔ nin i niaan bla be wanndi ɔli nvle uflɛ nun. Ɔ seli kɛ: “Kɛ e juli lɔ cɛ’n, Zoova i Lalofuɛ nga be o lɔ’n be sɔli e nun. Be suannin e bo maan nvle uflɛ sɔ’n i nun tranlɛ’n w’a yoman kekle dan.”",Baoulé,AfriSpeech,24.834,train,bci
AfriSpeech/baoule_bci,Sran kwlakwla kunndɛ fɔundi. ?Sanngɛ ngue ti yɛ be kun alɛ-ɔ?,Baoulé,AfriSpeech,4.808,train,bci
AfriSpeech/baoule_bci,"Kɛ Zoova i Lalofuɛ’m bé yó be aɲia mun’n, be suan Biblu’n nun ndɛ’n, ɔ nin wafa nga be kwla nian su be nanti’n i su like. É yía wɔ kɛ a tran aɲia sɔ’m be bo wie. Sɛ a kɔ jw.org su’n, á wún lika nga be yo aɲia mun amun asa’n su lɔ’n. Asa’n, a kwla klɛ ɔ dunman lɔ naan Zoova i Lalofuɛ kun fa fluwa A kwla di aklunjɔɛ tititi! kle ɔ Biblu’n nun like.",Baoulé,AfriSpeech,26.089,train,bci
AfriSpeech/baoule_bci,"Wafa nga Biblu’n tɛ kosan sɔ’m be su’n, ɔ kwla bo ɔ nuan yɛ ɔ kwla fɔnvɔ ɔ kpa.",Baoulé,AfriSpeech,5.926,train,bci
AfriSpeech/baoule_bci,?E kwla di aklunjɔɛ kpa sa mɛn nga nzaje sa’m b’a yi i yɛ’n nun?,Baoulé,AfriSpeech,4.739,train,bci
AfriSpeech/baoule_bci,"Sɛ a kunndɛ kɛ á sí alɛ’m be su ndɛ nga Biblu’n kan’n, kanngan fluwa Sasafuɛ Tranwlɛ’n nga nun.",Baoulé,AfriSpeech,6.809,train,bci
AfriSpeech/baoule_bci,I su fitilɛ,Baoulé,AfriSpeech,24.978,train,bci
AfriSpeech/baoule_bci,Mɛn’n kwla tɔ fɔun sakpasakpa. Sanngɛ ɔ su yoman kɛ nga sran kpanngban be fa bu i’n sa.,Baoulé,AfriSpeech,8.516,train,bci
AfriSpeech/baoule_bci,?Mɛn siefuɛ’m be kwla yo maan mɛn’n tɔ fɔun?,Baoulé,AfriSpeech,5.064,train,bci
AfriSpeech/baoule_bci,SA NGA TI YƐ WIE’M BE LAFI SU’N,Baoulé,AfriSpeech,6.839,train,bci
AfriSpeech/baoule_bci,"Be lafi su kɛ mɛn siefuɛ kaka be kunndɛ kɛ mɛn’n tɔ fɔun. Kɛ ɔ ko yo naan i sɔ liɛ’n w’a yo ye’n, nvle kpanngban be wluli anuannzɛ nga be flɛ i kɛ ONU nun. Afin anuannzɛ sɔ’n kunndɛ kɛ ɔ́ yó naan “mɛn wunmuan’n nun tɔ fɔun.”",Baoulé,AfriSpeech,16.667,train,bci
AfriSpeech/baoule_bci,"Be lafi su kɛ sran kaka be kunndɛ kɛ mɛn’n tɔ fɔun. Kɛ be usali sran 42.000 mɔ be fin nvle 17 nun’n be kosan’n, be seli kɛ be kunndɛ kɛ awa kun sie mɛn wunmuan’n naan ninnge kɛ alɛ, tukpacɛ, nin yalɛ sa’n be wie mɛn’n nun.",Baoulé,AfriSpeech,19.678,train,bci
AfriSpeech/baoule_bci,"Kɛ ɔ ko yo naan mɛn’n w’a tɔ fɔun’n, ɔ fata kɛ mɛn siefuɛ kwlaa nga be o asiɛ wunmuan’n su’n be bo yo kun.",Baoulé,AfriSpeech,7.619,train,bci
AfriSpeech/baoule_bci,BU NDƐ NGA I AKUNNDAN,Baoulé,AfriSpeech,3.136,train,bci
AfriSpeech/baoule_bci,"?Mɛn’n nun jasin nga e ti be’n, be kle kɛ i sɔ’n liɛ’n kwla yo ye?",Baoulé,AfriSpeech,3.367,train,bci
AfriSpeech/baoule_bci,NDƐ NGA BIBLU’N KAN’N,Baoulé,AfriSpeech,3.191,train,bci
AfriSpeech/baoule_bci,"Afuɛ 2024 nun’n, anuannzɛ nga be flɛ i Croix Rouge i su kpɛn’m be seli kɛ: “Kɛ é sé yɛ’n, mɛn’n nun alɛ’m be ti 120 tra su.” Yɛ kɛ sran’m bé kún alɛ sɔ mun’n, “be diman mmla nga be sasa sran mun’n be su kaan sa.”",Baoulé,AfriSpeech,18.048,train,bci
AfriSpeech/baoule_bci,"“Klɔ sran m’ɔ su nanti’n, nɛ́n i bɔbɔ yɛ ɔ fata kɛ ɔ kle i ja’n i atin-ɔn.”— Zeremin 10:23 .",Baoulé,AfriSpeech,8.882,train,bci
AfriSpeech/baoule_bci,"Maan e fa sa kun e yiyi Biblu’n nun ndɛ mma sɔ’n nun. Kɛ yasua kun nin yi be wu ba kun’n, be di i taataa lele ba’n ɔ si nanti kanngan. ?Sanngɛ ba sɔ’n i ngunmin kwla nanti kɔ lika? ?I ngunmin kwla kpɛ akpɔ kpɛkun sa fi su ɲɛnmɛn i?",Baoulé,AfriSpeech,16.547,train,bci
AfriSpeech/baoule_bci,"I wafa kunngba’n, e klɔ sran mun e si nanti kanngan. Yɛle kɛ e ngunmin e kwla yo ninnge wie mun. Sanngɛ e bɔbɔ e kwlá sieman e wun. Ɔ fata kɛ e Yifuɛ’n kle e atin.",Baoulé,AfriSpeech,13.116,train,bci
AfriSpeech/baoule_bci,“Sran sie i wiengu kpɛkun ɔ kle i yalɛ. ”— Akunndanfuɛ’n 8:9 .,Baoulé,AfriSpeech,7.248,train,bci
AfriSpeech/baoule_bci,"“Maan ɔ Sielɛ’n i blɛ’n ju. Maan ɔ klun sa’n kpɛn su asiɛ’n su wa kɛ ɲanmiɛn su lɔ’n sa.” — Matie 6:​9, 10 .",Baoulé,AfriSpeech,12.509,train,bci
AfriSpeech/baoule_bci,"Biblu’n nun ndɛ mma sɔ’n kan awa kun ndɛ. Awa sɔ’n yɛle Ɲanmiɛn Sielɛ’n. Cɛn wie lele’n, Ɲanmiɛn Sielɛ’n wá síe asiɛ wunmuan’n. ( Daniɛli 7:​13, 14; Sa Nglo Yilɛ 11:15 ) Blɛ sɔ’n nun’n, aklunjɔɛ nga é wá dí’n be kanman.",Baoulé,AfriSpeech,14.855,train,bci
AfriSpeech/baoule_bci,Nian sa nga Biblu’n se kɛ ɔ ka kan bé wá jú’n:,Baoulé,AfriSpeech,4.29,train,bci
AfriSpeech/baoule_bci,Jue Mun 46:9 : “[Ɲanmiɛn] yo maan alɛ kunlɛ’n wie asiɛ wunmuan’n su.”,Baoulé,AfriSpeech,9.97,train,bci
AfriSpeech/baoule_bci,"Daniɛli 2:44 : “Ɲanmiɛn m’ɔ o nglo lɔ’n, ɔ́ táka sielɛ kun mɔ be su nunnunmɛn i le-ɔ. […] I ngunmin ká lɛ tititi.”",Baoulé,AfriSpeech,14.207,train,bci
AfriSpeech/baoule_bci,"Ezai 11:9 : “[Sran’m] be su yoman sa tɛ fi, yɛ be su saciman like fi. [...] Afin saan Zoova i silɛ’n ɔ́ yí asiɛ’n.” a",Baoulé,AfriSpeech,13.704,train,bci
AfriSpeech/baoule_bci,"Klɔ sran’m be awa’m be nun wie fi kwlá yoman sɔ. Sanngɛ e Yifuɛ’n i liɛ’n, ɔ kwla yo sɔ. Yɛ ɔ́ wá yó sɔ kusu.",Baoulé,AfriSpeech,8.629,train,bci
AfriSpeech/baoule_bci,"nian wafa nga e kle sran’m be Biblu’n nun like’n , annzɛ se Zoova i Lalofuɛ mun naan be nun kun w’a nian ɔ osu .",Baoulé,AfriSpeech,12.15,train,bci
AfriSpeech/baoule_bci,SƐ Ɔ WAAN Á SÍ NUN KPA’N,Baoulé,AfriSpeech,3.22,train,bci
AfriSpeech/baoule_bci,Bɛ su: Omar Al-Qattaa/AFP via Getty Images; bɛ su: Omar Al-Qattaa/AFP via Getty Images; fama su: Mahmoud Issa/Anadolu via Getty Images,Baoulé,AfriSpeech,26.445,train,bci
AfriSpeech/baoule_bci,?Ɲanmiɛn sulɛ wafa’m be kwla yo maan mɛn’n tɔ fɔun?,Baoulé,AfriSpeech,3.862,train,bci
AfriSpeech/baoule_bci,SA NGA TI YƐ WIE’M BE LAFI SU’N,Baoulé,AfriSpeech,13.729,train,bci
AfriSpeech/baoule_bci,"Be lafi su kɛ Ɲanmiɛn sulɛ wafa’m be su kpɛn’m be kwla yo naan mɛn’n tɔ fɔun. Kpɛ sunman’n, Ɲanmiɛn sulɛ wafa’m be su kpɛn’m be se sran’m be kɛ be klo be wun. I sɔ’n ti’n, sran kpanngban be bu i kɛ kpɛn sɔ’m be kwla siesie mɛn’n nun ndɛ kekle mun naan mɛn’n tɔ fɔun.",Baoulé,AfriSpeech,18.171,train,bci
AfriSpeech/baoule_bci,"Kannzɛ bɔbɔ Ɲanmiɛn sulɛ wafa’m be su kpɛn’m be se sran’m be kɛ be tran klanman’n, sanngɛ kpɛ sunman’n be yɛ be wlawla sran mun kɛ be kun alɛ-ɔ.",Baoulé,AfriSpeech,9.858,train,bci
AfriSpeech/baoule_bci,Ɲanmiɛn sulɛ wafawafa’m be nuan sɛman be wun. ?Ɔ maan a bu i kɛ be yɛ be kwla yo naan mɛn’n tɔ fɔun-ɔn?,Baoulé,AfriSpeech,8.849,train,bci
AfriSpeech/baoule_bci,"Be lafi su kɛ sɛ sran’m be fa ndɛ nga be kan kle be Ɲanmiɛn sulɛ wafa’m be nun’n su’n, mɛn’n nun tɔ́ fɔun. Fluwa sifuɛ kun sieli i nzɔliɛ kɛ be nga be di junman naan mɛn’n tɔ fɔun’n, be lafi su kɛ Ɲanmiɛn yɛ ɔ sunmannin be-ɔ. Kɛ mɔ be lafi su sɔ’n ti’n, be tu be klun be di junman naan mɛn’n tɔ fɔun. Yɛ be lafi su kpa kɛ cɛn wie lele’n, ɔ́ yó ye.",Baoulé,AfriSpeech,24.462,train,bci
AfriSpeech/baoule_bci,"Kɛ alɛ tɔ’n, Ɲanmiɛn sulɛ wafa’m be suan alɛ kunfuɛ’m be bo. ?Ɔ maan a bu i kɛ be kwla yo naan sran’m be bo w’a yo kun?",Baoulé,AfriSpeech,8.792,train,bci
AfriSpeech/baoule_bci,"Sa Nglo Yilɛ fluwa’n kan Babilɔnin Klɔ Dan’n i ndɛ. Ɔ ti Ɲanmiɛn sulɛ wafa kwlaa nga be faman Ɲanmiɛn Ndɛ’n su’n be nzɔliɛ. a ( Sa Nglo Yilɛ 17:5 ) Kɛ ɔ fɛ i laa lele andɛ’n, Ɲanmiɛn sulɛ wafa sɔ’m be ti’n sran kpanngban kpa be wuli.",Baoulé,AfriSpeech,14.366,train,bci
AfriSpeech/baoule_bci,"“Be wunnin [ ... ] be kwlaa nga be kunnin be asiɛ’n su’n, be mmoja’n [ Ɲanmiɛn sulɛ wafa nga be timan su’n be ] su lɔ.” — Sa Nglo Yilɛ 18:24 .",Baoulé,AfriSpeech,12.691,train,bci
AfriSpeech/baoule_bci,"E blɛ liɛ nga nun bɔbɔ’n, Ɲanmiɛn sulɛ wafa’m be bo m’ɔ timan kun’n ti’n, alɛ kaka tɔli lika wie’m be nun. Ɲanmiɛn sulɛ wafa’m be su kpɛn’m be wla be sran’m be fanngan kɛ be nin Ɲanmiɛn sulɛ wafa uflɛ i nunfuɛ’m be kun. Wie liɛ bɔbɔ’n, be nin be wiengu nga be o Ɲanmiɛn sulɛ wafa kunngba’n nun’n, mɔ be o nvle uflɛ nun’n, be kun. Ɲanmiɛn sulɛ wafa nga be wla sran’m be fanngan kɛ be kun alɛ’n, be dunman nun wie ti yɛ alɛ wieman mɛn’n nun-ɔn.",Baoulé,AfriSpeech,28.954,train,bci
AfriSpeech/baoule_bci,"Biblu’n uka Zoova i Lalofuɛ mun maan kannzɛ bɔbɔ be wunnɛn kplo’n nin be finwlɛ’n be ti fanunfanun’n, sanngɛ be kwlaa be tran fɔun. Sɛ ndɛ nga e kɛnnin i lɛ’n i su falɛ’n ti kekle man wɔ’n, é yía wɔ kɛ a bla e aɲia’m be nun kun bo naan ɔ bɔbɔ a fa ɔ ɲinma nian.",Baoulé,AfriSpeech,19.378,train,bci
AfriSpeech/baoule_bci,"Sanngɛ Biblu’n se kɛ be nga be su Ɲanmiɛn kpa’n, ‘be fa be tokofi’m be yo tokpo.’ ( Ezai 2:​2-4 ) Ndɛ sɔ’n i bo’n yɛle kɛ sran sɔ’m be faman be wun wlaman alɛ’m be nun wie. I kpa bɔbɔ’n, be mian be ɲin naan be nzuɛn’n yo kpa. I wie yɛle kɛ be klo sran, be yo be wiengu’m be ye, yɛ be si be wun su nian.— Galasifuɛ Mun 5:​22, 23 .",Baoulé,AfriSpeech,23.878,train,bci
AfriSpeech/baoule_bci,"nian wafa nga e kle sran’m be Biblu’n nun like’n , annzɛ se Zoova i Lalofuɛ mun naan be nun kun w’a nian ɔ osu .",Baoulé,AfriSpeech,6.794,train,bci
AfriSpeech/baoule_bci,"Nian video ?Sran klolɛ’n kwla yo maan sran kpɔlɛ’n wie mlɔnmlɔn? I liɛ’n, á wún wafa nga Biblu’n ukali bian kun m’ɔ ti Zifu nin bian kun ekun m’ɔ ti Palɛstiniɛn mɔ be kpɔ be wun laa’n.",Baoulé,AfriSpeech,27.326,train,bci
AfriSpeech/baoule_bci,?Mannzin’m be kwla yo maan mɛn’n tɔ fɔun?,Baoulé,AfriSpeech,4.16,train,bci
AfriSpeech/baoule_bci,"Be lafi su kɛ mannzin’m be kwla bu alɛ wie’m be ɲrun. Sran’m be kwla sin mannzin wie mɔ be yo ninnge mun kɛ klɔ sran sa’n nin mannzin uflɛ wie’m be lika nian sɛ alɛ tɔ́ lika kun-o. Asa’n, sɛ sran’m be kan ndɛ tɛtɛ mun kle be wiengu ɛntɛnɛti su’n, awa’n kwla wun i sɔ’n kpɛkun ɔ fa ajalɛ wie mun naan alɛ w’a tɔman.",Baoulé,AfriSpeech,22.528,train,bci
AfriSpeech/baoule_bci,"Be lafi su kɛ mannzin’m be ti’n sran’m be kwla ɲan sika be nian be wun lika. I wie yɛle kɛ mannzin’m be ti’n, sran’m be kwla ɲan junman. Sɛ sran’m be di junman naan be ɲan sika’n, be su ko nantiman. Ɔ maan mɛn’n nun tɔ́ fɔun.",Baoulé,AfriSpeech,15.408,train,bci
AfriSpeech/baoule_bci,"Sɛ be nga be yi mannzin mun’n be kloman kɛ alɛ’m be wie’n, nán mannzin mun yɛ bé kwlá yó sɔ-ɔ.",Baoulé,AfriSpeech,7.024,train,bci
AfriSpeech/baoule_bci,"I wie yɛle kɛ mannzin’m be ti’n, fie dilɛ’n kwla yo pɔpɔ yɛ fie’m be kwla yo kpa tra laa’n. Asa’n, sran’m be kwla di suklu annzɛ be kwla ɲan sika ɛntɛnɛti su. I sɔ’n yó maan sran’m be wla gúa ase. Ɔ maan be su manman be wun su.",Baoulé,AfriSpeech,16.417,train,bci
AfriSpeech/baoule_bci,"?Kɛ mannzin’m be tɔ be nga be klo alɛ kunlɛ’n be sa nun’n, sa benin yɛ ɔ ju-ɔ?",Baoulé,AfriSpeech,5.825,train,bci
AfriSpeech/baoule_bci,"?Sɛ sran’m be fa mannzin’m be yi alɛ ninnge dandan mun’n, mannzin’m bé kwlá yó maan mɛn’n tɔ fɔun?",Baoulé,AfriSpeech,7.588,train,bci
AfriSpeech/baoule_bci,"?Mannzin’m be ti yɛ sran kun m’ɔ ti aɲinkplifuɛ m’ɔ kpɔ sran’n, ɔ́ káci-ɔ?",Baoulé,AfriSpeech,5.876,train,bci
AfriSpeech/baoule_bci,"“Sran’n i klun lɔ, i awlɛn’n nun lɔ yɛ akunndan tɛtɛ’n fin-ɔn. [. . .] sran kunlɛ, [. . .] aɲinkpli, klunwi sa’m be yolɛ, sran lakalɛ, ɲin kekle ayeliɛ mun, be ɲin m’ɔ blo sran like su’n, [. . .] be wun tulɛ, ɔ nin sinnzin yolɛ’n.” — Marki 7:​21, 22 .",Baoulé,AfriSpeech,21.708,train,bci
AfriSpeech/baoule_bci,"Kɛ nga Biblu’n nun ndɛ mma sɔ’m be fa kan’n sa’n, ayeliɛ tɛtɛ ng’ɔ o sran’m be nun’n ti yɛ be kun alɛ-ɔ. I wie yɛle aɲinkpli, be ɲin m’ɔ blo sran like su’n ɔ nin be wun tulɛ’n. Kannzɛ bɔbɔ mannzin kun ti kpa sɛ’n, ɔ kwlá yoman naan sran’m be wla ayeliɛ tɛtɛ sɔ’m be ase.",Baoulé,AfriSpeech,17.907,train,bci
AfriSpeech/baoule_bci,"Be kwla fa mannzin’m be yo like kpa annzɛ be fa yo like tɛ. Be kwla fa kplan sua mun annzɛ be kwla fa yi alɛ ninnge mun. Kannzɛ bɔbɔ mannzin kun ti kpa sɛ’n, sɛ ɔ tɔ sran tɛ’m be sa nun’n, bé fá yó like tɛ.",Baoulé,AfriSpeech,14.083,train,bci
AfriSpeech/baoule_bci,Kɛ ɔ fɛ i bɛ su lele fama su’n: U.S. Air Force graphic; Creation Art/stock.adobe.com; Guido Mieth/DigitalVision via Getty Images; 3dsculptor/stock.adobe.com,Baoulé,AfriSpeech,27.023,train,bci
AfriSpeech/baoule_bci,"Biblu’n kle kɛ nán mannzin mun yɛ bé yó maan mɛn’n nun tɔ́ fɔun-ɔn. Sanngɛ Ɲanmiɛn Sielɛ’n yɛ ɔ́ yó sɔ-ɔ. ( Matie 6:10 ) Ɲanmiɛn wá núnnún alɛ ninnge’m be kwlaa, ɔ maan ‘alɛ kunlɛ’n wíe asiɛ wunmuan’n su.’ ( Jue Mun 46:9 ) Sran’m bé káci be wiengu’m be wun akunndan nga be bu’n, ɔ maan be kwlaa bé trán fɛfɛ. ( Ezai 54:13 ) Blɛ sɔ’n nun’n, be nga be nzuɛn’n ti tɛ’n be su tranman lɛ kun.— Jue Mun 37:​10, 11; Efɛzifuɛ Mun 4:​22-24, 31, 32 .",Baoulé,AfriSpeech,27.96,train,bci
AfriSpeech/baoule_bci,"nian wafa nga e kle sran’m be Biblu’n nun like’n , annzɛ se Zoova i Lalofuɛ mun naan be nun kun w’a nian ɔ osu .",Baoulé,AfriSpeech,7.151,train,bci
AfriSpeech/baoule_bci,Yan Dobronosov/Global Images Ukraine via Getty Images,Baoulé,AfriSpeech,5.399,train,bci
AfriSpeech/baoule_bci,?Sika kaka ɲanlɛ’n kwla yo maan mɛn’n tɔ fɔun?,Baoulé,AfriSpeech,3.64,train,bci
AfriSpeech/baoule_bci,SA NGA TI YƐ WIE’M BE LAFI SU’N,Baoulé,AfriSpeech,13.107,train,bci
AfriSpeech/baoule_bci,"Be lafi su kɛ sɛ nvle’m be toto ninnge’m be wiengu sa nun’n, alɛ su tɔman be afiɛn. I wie yɛle kɛ blɛ wie nun’n, nvle nga be o Abloki lɔ’n be bo yoli kun. Ɔ maan be to like yɛ be yo like atɛ be wiengu sa nun. Be yoli sɔ naan be mɛn mɔ alɛ tɔli lɔ kpɛ sunman’n, ɔ tɔ fɔun.",Baoulé,AfriSpeech,21.936,train,bci
AfriSpeech/baoule_bci,"Sran ble mɛn’n nun siefuɛ wie’m be kusu be buli i kɛ sɛ be nvle nunfuɛ’m be ɲan sika kaka’n, yɛ bé dí fɔundi-ɔ. Afriki di Sidi plezidan m’ɔ suan Sirili Ramafosa’n seli kɛ: “E kunndɛ kɛ e nin nvle kpanngban é tó like yɛ é yó like atɛ e wiengu sa nun. Asa’n é kplán sua nin pɔn mun e nvle’n nun. Sɛ e ɲan e wun’n, yɛ e mɛn’n tɔ́ fɔun-ɔn.”",Baoulé,AfriSpeech,27.746,train,bci
AfriSpeech/baoule_bci,"Afuɛ blu nga be sinnin lɛ’n be nun’n, nvle wie’m be fali sika miliaa kpanngban be mannin nvle nga be nunfuɛ’m be di yalɛ’n.",Baoulé,AfriSpeech,7.6,train,bci
AfriSpeech/baoule_bci,"Be lafi su kɛ sɛ banki’m be suan anuannzɛ nga be uka sran mun’n be bo’n, mɛn’n tɔ́ fɔun. I wie yɛle kɛ be waan sɛ anuannzɛ’m be uka gbanflɛn nin talua mun naan b’a ɲan junman’n, be su faman be wun wlaman kakawlonga mun nin be nga be jaso awa’n i wun’n be nun. I sɔ’n ti’n, Sran ble mɛn’n nun banki dan kun ( Banque Africaine de Développement ) wlali banki wie’m be fanngan kɛ be suan anuannzɛ nga be uka sran mun’n be bo.",Baoulé,AfriSpeech,25.663,train,bci
AfriSpeech/baoule_bci,"?Sɛ i sɔ’n kwla yo maan mɛn’n tɔ fɔun’n, nn ngue ti yɛ alɛ’m be te sɔn mɛn’n nun sɔ-ɔ?",Baoulé,AfriSpeech,6.779,train,bci
AfriSpeech/baoule_bci,"Kpɛ sunman’n, be nvle’n annzɛ be Ɲanmiɛn sulɛ wafa’n i klolɛ dan’n, annzɛ politiki ti yɛ alɛ’m be tɔ-ɔ. ?Ɔ maan sika ɲanlɛ’n yɛ ɔ́ yó maan alɛ sɔ’m bé wíe-ɔ?",Baoulé,AfriSpeech,12.851,train,bci
AfriSpeech/baoule_bci,"“Sika klolɛ’n yɛ ɔ ti sa nga be saci sran’n be kwlaa be bo’n niɔn. Sika klolɛ sɔ’n ti’n, wie’m [. . .] be kpɛli saɛ mannin be bɔbɔ be wun.” — 1 Timote 6:10 .",Baoulé,AfriSpeech,12.973,train,bci
AfriSpeech/baoule_bci,"Ndɛ mma sɔ’n kle e like cinnjin kpa kun. Yɛle kɛ sika klolɛ ti’n, sran’m be kwla yo sa tɛtɛ mun. Kɛ sran kun kunndɛ kɛ ɔ́ ɲɛ́n i wun’n, ɔ kwla yo i bɔbɔ annzɛ i wiengu’m be abɔlɛ naan w’a ɲan sika.— Akunndanfuɛ’n 5:10 .",Baoulé,AfriSpeech,13.858,train,bci
AfriSpeech/baoule_bci,"Kpɛ sunman’n, sika ti yɛ sran’m be kun alɛ-ɔ. Ninnge kɛ nzue, annzɛ kannin nzue, annzɛ asiɛ sa’n be ti’n, nvle wie’m be kun alɛ. Susute dandan’m be klo sika tra sran. Nvle wie’m be di nvle wie’m be lufle. I sɔ’n ti’n, ndɛ tɔ be afiɛn yɛ be lafiman be wiengu su kun. Nvle nga be le kwlalɛ kpa bɔbɔ’n be fa be kwlalɛ’n be tintin nvle nga be leman wie’n be su. Ngalɛ kusu ti’n, alɛ kwla tɔ.",Baoulé,AfriSpeech,27.968,train,bci
AfriSpeech/baoule_bci,SƐ Ɔ WAAN Á SÍ NUN KPA’N,Baoulé,AfriSpeech,3.068,train,bci
AfriSpeech/baoule_bci,Ja ngua lɛ: Kevin Frayer/Getty Images,Baoulé,AfriSpeech,25.863,train,bci
AfriSpeech/baoule_bci,"nian wafa nga e kle sran’m be Biblu’n nun like’n , annzɛ  se Zoova i Lalofuɛ mun naan be nun kun w’a nian ɔ osu .",Baoulé,AfriSpeech,7.173,train,bci
AfriSpeech/baoule_bci,?A bu i kɛ ngue yɛ ɔ kwla yo maan mɛn’n tɔ fɔun-ɔn?,Baoulé,AfriSpeech,12.206,train,bci
AfriSpeech/baoule_bci,"?Ngue ti yɛ a bu i kɛ like nga a kleli’n, ɔ kwla yo maan mɛn’n tɔ fɔun-ɔn? ?A bu i kɛ like uflɛ kwla yo maan mɛn’n tɔ fɔun?",Baoulé,AfriSpeech,10.115,train,bci
AfriSpeech/baoule_bci,Kanngan Sasafuɛ Tranwlɛ’n nga nun naan w’a wun i wlɛ.,Baoulé,AfriSpeech,6.857,train,bci
AfriSpeech/baoule_bci,I su fitilɛ,Baoulé,AfriSpeech,19.559,validation,bci
AfriSpeech/baoule_bci,LIKE SUANLƐ 37,Baoulé,AfriSpeech,12.419,validation,bci
AfriSpeech/baoule_bci,Wafa nga e kwla jran sran lufle bulɛ’n i ɲrun kekle’n,Baoulé,AfriSpeech,4.117,validation,bci
AfriSpeech/baoule_bci,"“Ɔ kunndɛli sa nuan su sɛsɛ yolɛ’n titi, sanngɛ amun nian! Be yoman sa i nuan su.” — EZA. 5:7 .",Baoulé,AfriSpeech,11.751,validation,bci
AfriSpeech/baoule_bci,JUE 114 Maan e tra e awlɛn,Baoulé,AfriSpeech,4.782,validation,bci
AfriSpeech/baoule_bci,É wá wún wafa nga Zezi i ajalɛ’n kwla uka e naan y’a jran sran lufle bulɛ’n i ɲrun kekle kɛ nga Zoova fa klo’n sa’n.,Baoulé,AfriSpeech,8.537,validation,bci
AfriSpeech/baoule_bci,"MƐN nga nun’n, be bu sran’m be lufle dan. Ninnge sunman ti yɛ be bu sran’m be lufle-ɔ. Ɔ kwla yo be finwlɛ’n, annzɛ wafa nga be ti’n, annzɛ sika mɔ be lemɛn i’n, annzɛ kusu like uflɛ ti. Asa’n, mɛn’n nun sikafuɛ mun nin awa i janunfuɛ mɔ sika’n lo be tra like kwlaa’n be ayeliɛ’n ti’n, sran sunman be fɛ. Sa sɔ mun ɔ nin sa uflɛ wie’m be ti’n, e kwlakwla e wun e ɲrun.",Baoulé,AfriSpeech,27.029,validation,bci
AfriSpeech/baoule_bci,ZOOVA NIN ZEZI BE KPƆ SRAN LUFLE BULƐ’N,Baoulé,AfriSpeech,4.453,validation,bci
AfriSpeech/baoule_bci,"?KƐ ZEZI WUNNIN KƐ BE YO SRAN’M BE TƐTƐ’N, NGUE YƐ Ɔ YOLI-Ɔ?",Baoulé,AfriSpeech,5.397,validation,bci
AfriSpeech/baoule_bci,"SƐ E WUN KƐ BE YO SRAN’M BE TƐTƐ’N, MAAN E YO KƐ ZEZI SA",Baoulé,AfriSpeech,5.256,validation,bci
AfriSpeech/baoule_bci,?NGUE YƐ E KWLA YO I DƆ NGA SU-Ɔ?,Baoulé,AfriSpeech,3.293,validation,bci
AfriSpeech/baoule_bci,"?Ngue ti yɛ kɛ be bu sran’m be lufle’n annzɛ be yo be tɛtɛ’n, ɔ yo e ya dan-ɔn?",Baoulé,AfriSpeech,6.539,validation,bci
AfriSpeech/baoule_bci,"1-2. (1) ?Kɛ sran’m be wun kɛ be bu sran’m be lufle’n, ngue yɛ be yo-ɔ? (2) ?Kosan benin mun yɛ é wá tɛ́ be su-ɔ?",Baoulé,AfriSpeech,14.752,validation,bci
AfriSpeech/baoule_bci,?Ngue ti yɛ e suanman be nga be man be wun su naan b’a buman sran’m be lufle kun’n be bo-ɔ?,Baoulé,AfriSpeech,6.542,validation,bci
AfriSpeech/baoule_bci,"?Sɛ be bu e bɔbɔ annzɛ e wiengu’m be lufle’n, ngue yɛ e kwla yo-ɔ?",Baoulé,AfriSpeech,6.292,validation,bci
AfriSpeech/baoule_bci,"3. ?Ngue ti yɛ kɛ be bu sran lufle’n, i sɔ’n yo e ya-ɔ? ( Ezai 5:7 )",Baoulé,AfriSpeech,6.939,validation,bci
AfriSpeech/baoule_bci,4. ?Wafa sɛ yɛ Zezi bu sran lufle bulɛ’n niɔn? (An nian desɛn’n wie.),Baoulé,AfriSpeech,6.594,validation,bci
AfriSpeech/baoule_bci,"5. ?Sɛ sran lufle bulɛ’n ti’n e fa ya’n, ngue yɛ ɔ fataman kɛ e wla fi su-ɔ?",Baoulé,AfriSpeech,8.892,validation,bci
AfriSpeech/baoule_bci,JUE 158 “Ɔ su kaman siɛn!”,Baoulé,AfriSpeech,10.287,validation,bci
AfriSpeech/baoule_bci,"6. ?I nun mɔ Zezi o asiɛ’n su wa’n, ngue yɛ ɔ wunnin i-ɔ? (An nian desɛn’n wie.)",Baoulé,AfriSpeech,7.848,validation,bci
AfriSpeech/baoule_bci,9. ?Ngue ti yɛ a lafi su kɛ Ɲanmiɛn Sielɛ’n i kunngba cɛ yɛ ɔ́ yó maan sran’m be tɛtɛ yolɛ’n wíe-ɔ?,Baoulé,AfriSpeech,9.506,validation,bci
AfriSpeech/baoule_bci,"7-8. ?I nun mɔ Zezi o asiɛ’n su wa’n, ngue ti yɛ w’a seman kɛ ɔ́ yó maan sran’m be tɛtɛ yolɛ’n ɔ wie-ɔ? ( Zan 18:36 )",Baoulé,AfriSpeech,10.994,validation,bci
AfriSpeech/baoule_bci,"11. ?Ngue ti yɛ ɔ ju wie’n, Zezi i ajalɛ’n i su nantilɛ’n ti kekle-ɔ?",Baoulé,AfriSpeech,8.052,validation,bci
AfriSpeech/baoule_bci,"10. ?Ndɛ ng’ɔ o Matie 5:43-48 nun’n, ɔ nin be nga be man be wun su’n be ayeliɛ’n kɔ likawlɛ? (An nian foto’n wie.)",Baoulé,AfriSpeech,13.114,validation,bci
AfriSpeech/baoule_bci,"12. ?Ngue ti yɛ ɔ fata kɛ e kpa ndɛ nga e kanngan nun’n, nin ndɛ nga e tie be aladio nin televiziɔn nun’n be nun-ɔn?",Baoulé,AfriSpeech,11.138,validation,bci
AfriSpeech/baoule_bci,"14. ?Ngue yɛ e kwla yo i dɔ nga su-ɔ? ( Kolɔsufuɛ Mun 3:10, 11 )",Baoulé,AfriSpeech,6.039,validation,bci
AfriSpeech/baoule_bci,"13. ?Sɛ e kanngan Biblu’n nun cɛn kwlakwla’n yɛ e bu su akunndan’n, wafa sɛ yɛ i sɔ’n kwla uka e-ɔ?",Baoulé,AfriSpeech,9.877,validation,bci
AfriSpeech/baoule_bci,"15. ?Sɛ e fa ndɛ nanwlɛ’n e kle sran mun’n, wafa sɛ yɛ i sɔ’n kwla uka be-ɔ?",Baoulé,AfriSpeech,8.765,validation,bci
AfriSpeech/baoule_bci,"Kɛ sran’m be kunndɛli kɛ bé fá Zezi wlɛ́ i politiki yolɛ’n nun’n, ɔ cuɛnnin i wun. (An nian ndɛ kpɔlɛ 6 nun.)",Baoulé,AfriSpeech,18.506,validation,bci
AfriSpeech/baoule_bci,16. ?Ngue ti yɛ ɔ fata kɛ e tu e klun e kan Ɲanmiɛn Sielɛ’n i ndɛ e kle sran mun-ɔn?,Baoulé,AfriSpeech,8.618,validation,bci
AfriSpeech/baoule_bci,17. ?Wafa sɛ yɛ Zoova uka e naan y’a jran sran lufle bulɛ’n i ɲrun-ɔn?,Baoulé,AfriSpeech,8.368,validation,bci
AfriSpeech/baoule_bci,"Kɛ sran’m bé mán be wun su’n, ɔ fata kɛ e jran kekle naan y’a faman e wun y’a wlaman politiki ndɛ’m be nun. (An nian ndɛ kpɔlɛ 10 nun.)",Baoulé,AfriSpeech,19.26,validation,bci
AfriSpeech/baoule_bci,LIKE SUANLƐ 49,Baoulé,AfriSpeech,9.135,validation,bci
AfriSpeech/baoule_bci,Zɔbu fluwa’n kwla uka e naan y’a si afɔtuɛ man,Baoulé,AfriSpeech,4.249,validation,bci
AfriSpeech/baoule_bci,JUE 44 Afɛfuɛ’n i Ɲanmiɛn srɛlɛ,Baoulé,AfriSpeech,4.531,validation,bci
AfriSpeech/baoule_bci,"“Siɛn’n, Zɔbu, yaci, sie ɔ su tie min ndɛ’n.” — ZƆB. 33:1 .",Baoulé,AfriSpeech,11.183,validation,bci
AfriSpeech/baoule_bci,Wafa nga Zɔbu fluwa’n kwla uka e naan y’a si e wiengu’m be afɔtuɛ man’n.,Baoulé,AfriSpeech,5.642,validation,bci
AfriSpeech/baoule_bci,"KƐ ZƆBU i aɲanbeun ninnge’m be kwlaa be fili i sa’n, be nga be trɛn i asa’n su lɔ’n, be nun sunman be tili sa ng’ɔ juli i su’n. I janvuɛ nsan be tili ndɛ’n wie. Ɔ maan be tuli ajalɛ be ɔli Izi naan bé kó fɔ́nvɔ i. I janvuɛ sɔ’m be yɛle Elifazi, nin Bildadi, ɔ nin Zofaa. Sanngɛ kɛ be juli lɔ mɔ be wunnin ɲrɛnnɛn ng’ɔ o Zɔbu su’n, be akunndan’n sanngannin.",Baoulé,AfriSpeech,28.461,validation,bci
AfriSpeech/baoule_bci,AFƆTUƐ NGA ZƆBU I JANVUƐ NSAN’M BE MƐNNIN I’N,Baoulé,AfriSpeech,3.984,validation,bci
AfriSpeech/baoule_bci,AFƆTUƐ NGA ELII MANNIN ZƆBU’N,Baoulé,AfriSpeech,3.865,validation,bci
AfriSpeech/baoule_bci,"13 Elii i ajalɛ’n i su ye nga e ɲɛn i andɛ’n. Kɛ mɔ e ti Klisifuɛ’n ti’n, e kan Ɲanmiɛn i klun sa m’ɔ o Biblu’n nun’n i ndɛ e kle e wiengu mun. Asa’n e kan ndɛ ng’ɔ nin i fata’n e fa fɔnvɔ e niaan mun yɛ e fa wla be fanngan. ( 1 Kor. 14:3 ) Kɛ asɔnun kpɛnngbɛn’m bé kán ndɛ klé be niaan mun’n, ɔ fata be kɛn i amanniɛn su titi. Be nga be like yo ya annzɛ be kan “ndɛ finfin” mun bɔbɔ’n, ɔ fata kɛ be kan ndɛ kle be wɛtɛɛ su.— 1 Tes. 5:14; Zɔb. 6:3 .",Baoulé,AfriSpeech,28.901,validation,bci
AfriSpeech/baoule_bci,"14 Wienun-ɔn, asɔnun kpɛnngbɛn kun w’a ti i kɛ aniaan bla kun i sa sin w’a bubu i dan. I sɔ’n ti’n, ɔ nin aniaan bian kun be kɔ i osu nianlɛ naan bé wlɛ́ i fanngan. Kɛ be ju lɔ kusu’n, aniaan bla’n se be kɛ ɔ bo jasin fɛ’n yɛ ɔ tran aɲia’m be bo, sanngɛ ɔ diman aklunjɔɛ. ?I lɛ nun’n, ngue yɛ asɔnun kpɛnngbɛn’n wá yó-ɔ?",Baoulé,AfriSpeech,21.495,validation,bci
AfriSpeech/baoule_bci,NÁN E WLA FI ZƆBU FLUWA’N I NUN AFƆTUƐ’M BE SU,Baoulé,AfriSpeech,4.965,validation,bci
AfriSpeech/baoule_bci,?Ngue yɛ Zɔbu i janvuɛ nsan’m be yoli mɔ kɛ é mán afɔtuɛ’n ɔ fataman kɛ e nian su-ɔ?,Baoulé,AfriSpeech,6.444,validation,bci
AfriSpeech/baoule_bci,"?Kɛ Elii mán Zɔbu i afɔtuɛ’n, wafa sɛ yɛ ɔ kleli kɛ ɔ ti ngwlɛlɛfuɛ-ɔ?",Baoulé,AfriSpeech,6.221,validation,bci
AfriSpeech/baoule_bci,1-2. ?Ngue yɛ ɔ fata kɛ Zɔbu i janvuɛ nsan mun nin Elii be yo-ɔ?,Baoulé,AfriSpeech,9.801,validation,bci
AfriSpeech/baoule_bci,3. ?Ngue yɛ é wá kɛ́n i ndɛ like suanlɛ nga nun-ɔn?,Baoulé,AfriSpeech,5.973,validation,bci
AfriSpeech/baoule_bci,?Ngue yɛ e kwla yo naan y’a ɲan Zɔbu fluwa’n i su ye titi-ɔ?,Baoulé,AfriSpeech,5.105,validation,bci
AfriSpeech/baoule_bci,4. ?Ngue ti yɛ Zɔbu i janvuɛ nsan’m b’a kwlá fɔnvɔmɛn i-ɔ? (An nian desɛn’n wie.),Baoulé,AfriSpeech,6.606,validation,bci
AfriSpeech/baoule_bci,JUE 125 “Be nga be si aunnvuɛ’n be liɛ su ti ye!”,Baoulé,AfriSpeech,4.993,validation,bci
AfriSpeech/baoule_bci,"5. ?Wafa sɛ yɛ afɔtuɛ nga Zɔbu i janvuɛ nsan’m be mɛnnin i’n, i bo’n guali-ɔ?",Baoulé,AfriSpeech,9.019,validation,bci
AfriSpeech/baoule_bci,6. ?Wafa sɛ yɛ Izraɛli kpɛnngbɛn’m be kwla fa Zɔbu i janvuɛ nsan’m be su ndɛ’n tu be wun fɔ-ɔ?,Baoulé,AfriSpeech,9.962,validation,bci
AfriSpeech/baoule_bci,"7. (1) ?Wan mun yɛ be kwla man afɔtuɛ Izraɛli lɔ wie-ɔ? (2) ?Yɛ wafa sɛ yɛ atrɛkpa’n, Zɔbu i janvuɛ nsan’m be su ndɛ’n ukali be-ɔ? ( Ɲanndra Mun 27:9 )",Baoulé,AfriSpeech,15.684,validation,bci
AfriSpeech/baoule_bci,"8. ?Kɛ é mán sran afɔtuɛ’n, ngue yɛ ɔ fataman kɛ e yo-ɔ? (An nian foto mun wie.)",Baoulé,AfriSpeech,7.727,validation,bci
AfriSpeech/baoule_bci,"10. ?Ngue yɛ Elii yoli kwlaa naan w’a man Zɔbu i afɔtuɛ-ɔ? ( Zɔbu 33:​6, 7 )",Baoulé,AfriSpeech,7.245,validation,bci
AfriSpeech/baoule_bci,"9. (1) ?Kɛ Zɔbu i janvuɛ’m be wieli ijɔ’n, ngue ti yɛ ɔ miannin ukalɛ wun-ɔn? (2) ?Yɛ wafa sɛ yɛ Zoova ukɛli i-ɔ?",Baoulé,AfriSpeech,14.381,validation,bci
AfriSpeech/baoule_bci,11. ?Wafa sɛ yɛ Elii mannin Zɔbu i afɔtuɛ-ɔ? ( Zɔbu 33:1 ),Baoulé,AfriSpeech,6.192,validation,bci
AfriSpeech/baoule_bci,12. (1) ?Wafa sɛ yɛ Zoova sinnin i nuan ijɔfuɛ’m be lika ukɛli i nvle’n nunfuɛ mun-ɔn? (2) ?Yɛ atrɛkpa’n Elii i ajalɛ’n i su ye benin yɛ Izraɛlifuɛ’m be ɲɛnnin i-ɔ?,Baoulé,AfriSpeech,15.758,validation,bci
AfriSpeech/baoule_bci,13. ?Wafa sɛ yɛ Klisifuɛ’m be kwla wla be wiengu fanngan andɛ-ɔ?,Baoulé,AfriSpeech,7.044,validation,bci
AfriSpeech/baoule_bci,16. ?Ngue yɛ e kwla yo naan y’a ɲan Zɔbu fluwa’n i su ye titi-ɔ?,Baoulé,AfriSpeech,7.729,validation,bci
AfriSpeech/baoule_bci,"14-15. ?Kɛ asɔnun kpɛnngbɛn’m bé mán sran kun i afɔtuɛ’n, wafa sɛ yɛ be kwla nian Elii i ajalɛ’n su-ɔ?",Baoulé,AfriSpeech,10.8,validation,bci
AfriSpeech/baoule_bci,"Kɛ á mán sran kun i afɔtuɛ’n, nán yo kɛ ɔ kpa trɛ i sa. Ukalɛ yɛ ɔ fata kɛ a uka sran’n niɔn. (An nian ndɛ kpɔlɛ 4 nun.)",Baoulé,AfriSpeech,29.642,validation,bci
AfriSpeech/baoule_bci,JUE 48 Maan e nin Zoova e nanti cɛn kwlaa,Baoulé,AfriSpeech,4.705,validation,bci
AfriSpeech/baoule_bci,Maan e yo wun ase kanfuɛ kɛ Zoova sa,Baoulé,AfriSpeech,3.034,validation,bci
AfriSpeech/baoule_bci,LIKE SUANLƐ 50,Baoulé,AfriSpeech,8.272,validation,bci
AfriSpeech/baoule_bci,"“Kɛ mɔ amun ti Ɲanmiɛn i awlɛn su ba’n ti’n, an nian like ng’ɔ yo’n su yo wie . ” — EFƐ. 5:1 .",Baoulé,AfriSpeech,10.157,validation,bci
AfriSpeech/baoule_bci,"É wá kán like nnan mɔ be kle kɛ Zoova ti wun ase kanfuɛ’n, ɔ nin wafa nga e kwla niɛn i ajalɛ’n su’n be ndɛ.",Baoulé,AfriSpeech,7.362,validation,bci
AfriSpeech/baoule_bci,"7 Famiɛn Ezekiasi i su ndɛ’n kle ekun kɛ Zoova ti wun ase kanfuɛ. Zoova sunmɛnnin i nuan ijɔfuɛ Ezai naan ɔ ko se Ezekiasi kɛ ɔ su wa wu. Kɛ Ezekiasi tili’n, ɔ sunnin kpa liɛ su. Yɛ ɔ srɛli Zoova kɛ ɔ yo i juejue. Aunnvɔɛ mɔ Zoova si sran’n ti’n, ɔ yoli i juejue, yɛ ɔ ukɛli i nguan’n su afuɛ 15 ekun. ( 2 Fam. 20:​1, 5, 6 ) Kɛ mɔ Zoova ti wun ase kanfuɛ’n, i ti yɛ ɔ sili i aunnvɔɛ kpɛkun ɔ tieli i srɛlɛ’n niɔn.",Baoulé,AfriSpeech,29.389,validation,bci
AfriSpeech/baoule_bci,"13 Zezi trɛli i awlɛn i akoto’m be wun wie. I wie yɛle kɛ, be sili akplowa kpɛ sunman naan bé sí be nun sran ng’ɔ le ɲrun tra be kwlaa’n. Sanngɛ i sa sin w’a bubumɛn i, ɔ trɛli i awlɛn be wun titi. ( Lik. 9:46; 22:​24-27 ) Ɔ lafili su kɛ, kɛ ɔ́ kɔ́ i ɲrun’n bé káci. E kusu, atrɛkpa’n sa wie nun’n e fɔn kpɛ sunman. Ɔ maan kɛ e wun kɛ e Famiɛn Zezi ti wun ase kanfuɛ naan ɔ trɛ i awlɛn e wun’n, i sɔ’n yo e fɛ dan.",Baoulé,AfriSpeech,28.187,validation,bci
AfriSpeech/baoule_bci,ZOOVA BU WUN ASE KANFUƐ’M BE SRAN,Baoulé,AfriSpeech,3.841,validation,bci
AfriSpeech/baoule_bci,"18 Sɛ e mian e ɲin e yo wun kanfuɛ kɛ e Si Zoova sa’n, e wiengu’m be su sisiman be bo naan b’a fa be wun b’a mantan e, e like yolɛ su yoman ya, yɛ é yó sran m’ɔ trɛ i awlɛn-ɔn. Asa’n, é bú sran sran kɛ Zoova sa. I sɔ’n ti’n, maan e tinuntinun e yo like kwlaa nga e kwla yo naan y’a yo wun ase kanfuɛ kɛ e Ɲanmiɛn’n sa’n. Sɛ e yo sɔ’n, ɔ́ kló e kpa trá laa’n.— Eza. 43:4 .",Baoulé,AfriSpeech,25.826,validation,bci
AfriSpeech/baoule_bci,e wiengu’m be su sisiman be bo naan b’a fa be wun b’a mantan e-ɔ?,Baoulé,AfriSpeech,4.142,validation,bci
AfriSpeech/baoule_bci,JUE 159 Manman Zoova,Baoulé,AfriSpeech,4.13,validation,bci
AfriSpeech/baoule_bci,"1. ?Kɛ e wun kɛ Zoova ti wun ase kanfuɛ’n, ngue ti yɛ i sɔ’n yo e ɲɛnmɛn dan-ɔn?",Baoulé,AfriSpeech,7.96,validation,bci
AfriSpeech/baoule_bci,2. ?Zoova i su ndɛ benin yɛ Jue Mun 62:8 kan-ɔn? (An nian foto’n wie.),Baoulé,AfriSpeech,8.698,validation,bci
AfriSpeech/baoule_bci,3. ?Ngue ti yɛ e kwla se kɛ Zoova kunndɛ kɛ e srɛ i titi-ɔ?,Baoulé,AfriSpeech,6.819,validation,bci
AfriSpeech/baoule_bci,4. ?Wafa sɛ yɛ Zezi kleli kɛ ɔ ti sran mɔ be kwla fa be wun mɛntɛn i-ɔ?,Baoulé,AfriSpeech,7.666,validation,bci
AfriSpeech/baoule_bci,"5. ?Ngue ti yɛ sɛ e ti wun ase kanfuɛ’n, e wiengu’m be su sisiman be bo naan b’a fa be wun b’a mantan e-ɔ?",Baoulé,AfriSpeech,9.564,validation,bci
AfriSpeech/baoule_bci,6-7. An kan sa wie mɔ be kle kɛ Zoova i like yolɛ yoman ya’n be ndɛ.,Baoulé,AfriSpeech,7.959,validation,bci
AfriSpeech/baoule_bci,9. ?É yó sɛ naan y’a yo sran mɔ i like yolɛ yoman ya-ɔ? (An nian foto mun wie.),Baoulé,AfriSpeech,6.335,validation,bci
AfriSpeech/baoule_bci,8. ?Ngue yɛ ɔ kle kɛ Zezi i like yolɛ yoman ya-ɔ? ( Marki 3:​1-6 ),Baoulé,AfriSpeech,6.389,validation,bci
AfriSpeech/baoule_bci,10. ?Wafa sɛ yɛ Zoova kleli kɛ ɔ trɛ i awlɛn sran’m be wun-ɔn?,Baoulé,AfriSpeech,7.204,validation,bci
AfriSpeech/baoule_bci,12. ?Ngue yɛ ɔ kle kɛ Zezi trɛ i awlɛn kɛ Zoova sa-ɔ?,Baoulé,AfriSpeech,7.749,validation,bci
AfriSpeech/baoule_bci,"11. ?Kɛ nga 2 Piɛli 3:9 fa kan’n sa’n, ngue ti yɛ e blɛ su’n, Zoova te trɛ i awlɛn sran’m be wun-ɔn?",Baoulé,AfriSpeech,11.284,validation,bci
AfriSpeech/baoule_bci,13. (1) ?Ngue yɛ ɔ kle kɛ Zezi trɛli i awlɛn i akoto’m be wun-ɔn? (2) ?Yɛ ngue ti yɛ ɔ yoli sɔ-ɔ?,Baoulé,AfriSpeech,11.565,validation,bci
AfriSpeech/baoule_bci,14. ?É yó sɛ naan y’a yo sran m’ɔ trɛ i awlɛn-ɔn?,Baoulé,AfriSpeech,5.933,validation,bci
AfriSpeech/baoule_bci,17. ?Wafa sɛ yɛ e kwla kle kɛ e bu e wiengu’m be sran-ɔn? (An nian foto’n wie.),Baoulé,AfriSpeech,6.111,validation,bci
AfriSpeech/baoule_bci,18. ?Ngue ti yɛ a kunndɛ kɛ á yó wun ase kanfuɛ kɛ Zoova sa-ɔ?,Baoulé,AfriSpeech,6.766,validation,bci
AfriSpeech/baoule_bci,16. ?Wafa sɛ yɛ Zezi kleli kɛ ɔ bu sran sran kɛ i Si sa-ɔ?,Baoulé,AfriSpeech,7.729,validation,bci
AfriSpeech/baoule_bci,15. An kan sa wie mɔ be kle kɛ Zoova bu wun ase kanfuɛ’m be sran’n be ndɛ. ( Jue Mun 138:6 ),Baoulé,AfriSpeech,9.227,validation,bci
AfriSpeech/baoule_bci,"Kɛ e bo jasin fɛ’n e kle sran wafawafa kwlaa’n, e kle kɛ e ti wun ase kanfuɛ kɛ Zoova sa. (An nian ndɛ kpɔlɛ 17 nun.) a",Baoulé,AfriSpeech,9.226,validation,bci
AfriSpeech/baoule_bci,"Kɛ siɛ kun nin i mma’m bé bó jasin fɛ’n, ɔ minndɛman kɛ i mma’m be yo like nga be kwlɛmɛn i yo’n. I lɛ nun’n, ɔ kle kɛ i like yolɛ yoman ya. (An nian ndɛ kpɔlɛ 9 nun.)",Baoulé,AfriSpeech,12.258,validation,bci
AfriSpeech/baoule_bci,"Kɛ bakan kun kán ngowa’n ɔ boli flɛli po kun. I si’n sie i su diin tie ndɛ ng’ɔ su kan’n. I lɛ nun’n, siɛ’n kle kɛ ɔ nian Zoova i nzuɛn’n su. (An nian ndɛ kpɔlɛ 2 nun.)",Baoulé,AfriSpeech,13.127,validation,bci
AfriSpeech/baoule_bci,Yo yakpafuɛ yɛ a nin Ɲanmiɛn be nanti klanman kɛ Benaya sa,Baoulé,AfriSpeech,5.78,validation,bci
AfriSpeech/baoule_bci,"Blɛ wie nun’n, Absalɔmun jasoli Davidi wun. I sin’n, Adonia wa jasoli i wun wie. Sanngɛ Benaya nin Davidi be nantili klanman titi. ( 2 Sam. 8:18; 15:18; 1 Fam. 1:8 ) I nun mɔ Davidi yoli oke mɔ bé síe Salomɔn famiɛn’n, Benaya suannin ajalɛ sɔ’n i bo. ( 1 Fam. 1:​32-40 ) Kannzɛ sran wie’m be nin Zoova nin be nga Zoova sieli be famiɛn’n b’a nantiman klanman’n, sanngɛ Benaya liɛ’n ɔ yoli sɔ titi.",Baoulé,AfriSpeech,29.338,validation,bci
AfriSpeech/baoule_bci,"Ɔ fata kɛ e kusu e yo yakpafuɛ wie naan y’a kwla jran Satan m’ɔ ti e kpɔfuɛ dan’n nin i minniɛn’m be ɲrun kekle. Asa’n maan e fua kpa kɛ é nánti Zoova i mmla’m be su titi. ( Efɛ. 6:11; 1 Piɛ. 5:​8, 9 ) Kannzɛ sran wie’m be kpɔci Zoova’n, sanngɛ maan e liɛ’n e nin i e nanti klanman titi. Afin e lafi su kɛ sɛ e yo sɔ’n, ɔ́ yrá e su.— 2 Sam. 22:26 .",Baoulé,AfriSpeech,25.433,validation,bci
AfriSpeech/baoule_bci,Ezai fluwa’n i nun ndɛ’n kwla fɔnvɔ e kpa,Baoulé,AfriSpeech,4.441,validation,bci
AfriSpeech/baoule_bci,"AFUƐ 2026, SƐPTANBLU 14-20",Baoulé,AfriSpeech,6.086,validation,bci
AfriSpeech/baoule_bci,"JUE 41 Yaci, tie min srɛlɛ’n",Baoulé,AfriSpeech,5.478,validation,bci
AfriSpeech/baoule_bci,"“Ndɛ nga Zoova kan’n yɛ: [. . . ] ‘Kɛ nga niɛn kun fa fɔnvɔ i wa’n sa’n, ń má fɔ́nvɔ amun titi.’” — EZA. 66:​12, 13 .",Baoulé,AfriSpeech,13.087,validation,bci
AfriSpeech/baoule_bci,"É wá wún kɛ, kɛ e wla bo e wun annzɛ kɛ afɛ o e su’n, Ezai fluwa’n i nun ndɛ’n kwla fɔnvɔ e kpa.",Baoulé,AfriSpeech,8.751,validation,bci
AfriSpeech/baoule_bci,"MAAN e se kɛ bakan kun su wanndi kpɛkun w’a tɔ. Annzɛ kɛ ɔ́ kán ngowa’n, i sa’n ko kannin like nglɛnglɛ wie. I sɔ’n ti’n, ɔ su sun sunlɛ kpa. Kɛ ɔ́ sún’n, nn ɔ́ kpán kekle kpa. ?Sɛ i manmin’n ti i kpanlɛ’n, ngue yɛ ɔ́ yó-ɔ? Nanwlɛ, e si kɛ ɔ́ wánndi ndɛndɛ kó mɛ́n i su, ɔ́ fɔnvɔ i, yɛ ɔ́ núnnún i ɲinmuɛn’n. Kpɛkun ɔ́ sé i kɛ ɔ yaci sunlɛ.",Baoulé,AfriSpeech,27.584,validation,bci
AfriSpeech/baoule_bci,"2 Biblu’n nun’n, Zoova waan ɔ ti kɛ niɛn sɔ m’ɔ klo i wa m’ɔ fɔnvɔ i’n sa. Ɔ seli kɛ: “Kɛ nga niɛn kun fa fɔnvɔ i wa’n sa’n, ń má fɔ́nvɔ amun titi.” ( Eza. 66:13 ) Klolɛ nga Zoova fa klo e mɔ e ti i mma mun’n, ɔ ti dan tra siɛ annzɛ niɛn kwlaa liɛ’n. ( Eza. 49:15 ) Kɛ e wla bo e wun annzɛ afɛ o e su’n, Zoova sin Biblu’n m’ɔ ti i nuan Ndɛ’n i lika fɔnvɔ e.— Rɔm. 15:4 .",Baoulé,AfriSpeech,29.265,validation,bci
AfriSpeech/baoule_bci,KƐ E SU SA’N KA LƐ KACI’N,Baoulé,AfriSpeech,4.766,validation,bci
AfriSpeech/baoule_bci,KƐ E AKUNNDAN’N YACIMAN E FƆ BULƐ’N,Baoulé,AfriSpeech,4.884,validation,bci
AfriSpeech/baoule_bci,KƐ E AWLƐN SU SRAN KUN WU’N,Baoulé,AfriSpeech,3.693,validation,bci
AfriSpeech/baoule_bci,?WAFA SƐ YƐ NDƐ MMA NGA’M BE KWLA FƆNVƆ E-Ɔ?,Baoulé,AfriSpeech,4.159,validation,bci
AfriSpeech/baoule_bci,Ezai 42:16,Baoulé,AfriSpeech,5.249,validation,bci
AfriSpeech/baoule_bci,"1-2. ?Kɛ sa wie ti’n e wla bo e wun’n, ngue yɛ Zoova yo-ɔ?",Baoulé,AfriSpeech,9.703,validation,bci
AfriSpeech/baoule_bci,3. ?Ngue yɛ é wá kɛ́n i ndɛ like suanlɛ nga nun-ɔn?,Baoulé,AfriSpeech,8.176,validation,bci
AfriSpeech/baoule_bci,Ezai 1:18; 38:17,Baoulé,AfriSpeech,10.125,validation,bci
AfriSpeech/baoule_bci,Ezai 25:8; 26:19,Baoulé,AfriSpeech,8.978,validation,bci
AfriSpeech/baoule_bci,JUE 3 Ɔ su yɛ e fa e wla gua-ɔ,Baoulé,AfriSpeech,3.857,validation,bci
AfriSpeech/baoule_bci,"4. ?Kɛ e su sa’n ka lɛ kaci’n, wafa sɛ yɛ e wun kwla yo e-ɔ?",Baoulé,AfriSpeech,10.259,validation,bci
AfriSpeech/baoule_bci,5. ?Nda benin yɛ Zoova tali e m’ɔ o Ezai 42:16 nun-ɔn? (An nian foto’n wie.),Baoulé,AfriSpeech,11.349,validation,bci
AfriSpeech/baoule_bci,"6. ?Sɛ e su sa’n ka lɛ kaci’n, ngue su yɛ e kwla lafi-ɔ?",Baoulé,AfriSpeech,9.325,validation,bci
AfriSpeech/baoule_bci,"7. ?Sa wie mɔ aniaan wie’m be yoli i laa nun’n ti’n, wafa sɛ yɛ be wun yo be-ɔ?",Baoulé,AfriSpeech,10.352,validation,bci
AfriSpeech/baoule_bci,"8-9. ?Kɛ nga Ezai 1:18 fa kan’n sa’n, kɛ Zoova yaci sa cɛ’n ngue yɛ ɔ yo-ɔ?",Baoulé,AfriSpeech,13.643,validation,bci
AfriSpeech/baoule_bci,10. ?Fɔnvɔlɛ ndɛ benin yɛ ɔ o Ezai 38:17 nun-ɔn?,Baoulé,AfriSpeech,9.366,validation,bci
AfriSpeech/baoule_bci,"11. ?Kannzɛ sa nga e yoli i laa’n ti tɛ sɛ’n, ngue yɛ ɔ ti Zoova i cinnjin-ɔn? (An nian foto’n wie.)",Baoulé,AfriSpeech,8.354,validation,bci
AfriSpeech/baoule_bci,"12. ?Kɛ e awlɛn su sran kun wu’n, wafa sɛ yɛ e wun yo e-ɔ?",Baoulé,AfriSpeech,8.44,validation,bci
AfriSpeech/baoule_bci,13. ?Nda benin yɛ Zoova tali e m’ɔ o Ezai 25:8 nun-ɔn?,Baoulé,AfriSpeech,10.749,validation,bci
AfriSpeech/baoule_bci,"14. ?Kɛ amun bu sran cɛnlɛ’n i akunndan’n, wafa sɛ yɛ amun wun yo amun-ɔn? ( Ezai 26:19 ) (An nian foto’n wie.)",Baoulé,AfriSpeech,10.803,validation,bci
AfriSpeech/baoule_bci,15. ?Wafa sɛ yɛ sran cɛnlɛ ndɛ’n fɔnvɔ e-ɔ?,Baoulé,AfriSpeech,8.225,validation,bci
AfriSpeech/baoule_bci,"16. ?Kɛ sa kekle tɔ ɔ su’n, Biblu’n nun ndɛ mma benin yɛ ɔ fɔnvɔ wɔ-ɔ?",Baoulé,AfriSpeech,8.697,validation,bci
AfriSpeech/baoule_bci,"?Kɛ e konvi sɔ sa tɛ wie i yolɛ’n, é yó sɛ naan y’a jran kekle?",Baoulé,AfriSpeech,5.498,test,bci
AfriSpeech/baoule_bci,JUE 121 Maan e si e wun su nian,Baoulé,AfriSpeech,5.356,test,bci
AfriSpeech/baoule_bci,LIKE SUANLƐ 35,Baoulé,AfriSpeech,11.323,test,bci
AfriSpeech/baoule_bci,"“Nán amun man sa tɛ’n i atin kun naan ɔ sie amun wunnɛn m’ɔ wu’n kɛ famiɛn sa, naan amun yo i klun sa’n.” — RƆM. 6:12 .",Baoulé,AfriSpeech,14.782,test,bci
AfriSpeech/baoule_bci,"Like ng’ɔ kwla uka e naan sɛ e konvi sɔ sa tɛ wie i yolɛ’n, e sa sin w’a bubuman e naan kusu y’a jran kekle’n.",Baoulé,AfriSpeech,8.449,test,bci
AfriSpeech/baoule_bci,AKUNNDAN NGA “KLUNWIFUƐ’N” KUNNDƐ KƐ E BU’N,Baoulé,AfriSpeech,4.294,test,bci
AfriSpeech/baoule_bci,"7 Sɛ e konvi sɔ sa tɛ wie yolɛ naan e se e wun kɛ ɔ fataman kɛ e kle e wun yalɛ e jran kekle kun naan e liɛ w’a wie mlɔnmlɔn’n, nn y’a tɔ Satan i aya’n nun. Akunndan kɛ ngalɛ’n sa’n yɛ ɔ kunndɛ kɛ e bu-ɔ. Kɛ e wun akunndan nga Satan bu’n i wlɛ weiin’n, i sɔ’n kwla uka e naan y’a jrɛn i ɲrun kekle.— 1 Piɛ. 5:8, 9 .",Baoulé,AfriSpeech,20.842,test,bci
AfriSpeech/baoule_bci,FƆ M’Ɔ O E NUN’N TI’N AKUNNDAN NGA E KWLA BU’N,Baoulé,AfriSpeech,4.327,test,bci
AfriSpeech/baoule_bci,"8 Satan kle e yalɛ sɔ. Sanngɛ like uflɛ kle e yalɛ wie. Like sɔ’n ti’n, e kwla bu i kɛ ɔ fataman kɛ e kle e wun yalɛ e jran ninnge tɛtɛ nga e konvi sɔ be’n, be ɲrun kekle. Like sɔ’n yɛle sa tɛ yolɛ mɔ Adan nin Ɛvu be fa sali e’n. a — Zɔb. 14:4 ; An kanngan Jue Mun 51:5 nun.",Baoulé,AfriSpeech,16.584,test,bci
AfriSpeech/baoule_bci,"14 Kannzɛ ninnge tɛtɛ ng’ɔ konvi sɔ be yolɛ’n be ti sɛ ti sɛ’n, a kwla jran kekle. A kwlá yoman naan w’a buman be akunndan kun mlɔnmlɔn. Sanngɛ a kwla tra ɔ awlɛn naan w’a yoman ɔ ‘klunklo ninnge mun, nin ninnge nga a bu be akunndan’n.’ ( Efɛ. 2:3 ) ?Sanngɛ ninnge trele benin mun yɛ be kwla uka ɔ naan w’a jran ninnge tɛtɛ ng’ɔ konvi sɔ be yolɛ’n be ɲrun kekle-ɔ?",Baoulé,AfriSpeech,27.386,test,bci
AfriSpeech/baoule_bci,?NGUE YƐ Ɔ KWLA UKA E NAAN Y’A JRAN KEKLE-Ɔ?,Baoulé,AfriSpeech,4.353,test,bci
AfriSpeech/baoule_bci,‘MAAN E BU E KLUN LƆ TITI E NIAN’,Baoulé,AfriSpeech,3.481,test,bci
AfriSpeech/baoule_bci,"?Sɛ e bu i kɛ e su ɲanman wunmiɛn e jranman kekle naan Zoova su manman e nguan m’ɔ leman awieliɛ’n, ngue yɛ ɔ kwla uka e-ɔ?",Baoulé,AfriSpeech,9.418,test,bci
AfriSpeech/baoule_bci,?Wafa sɛ yɛ e kwla ‘bu e klun lɔ titi e nian’ sɛ e te nanti klanman-o?,Baoulé,AfriSpeech,5.962,test,bci
AfriSpeech/baoule_bci,"JUE 122 An jran kekle, nán amun wun usu amun!",Baoulé,AfriSpeech,5.894,test,bci
AfriSpeech/baoule_bci,?Ngue yɛ e kwla yo naan sa tɛ’n w’a ‘sieman e kɛ famiɛn’ sa-ɔ?,Baoulé,AfriSpeech,4.927,test,bci
AfriSpeech/baoule_bci,1. ?Ngue yɛ ɔ kle e kwlaa e yalɛ-ɔ?,Baoulé,AfriSpeech,5.41,test,bci
AfriSpeech/baoule_bci,"3. ?Sɛ sran kun su kpli kpa naan w’a yoman sa tɛ kunngba’n i ekun’n, akunndan benin yɛ ɔ kwla bu-ɔ?",Baoulé,AfriSpeech,9.44,test,bci
AfriSpeech/baoule_bci,"2. ?Sa nga be kwla kle Kisifuɛ mun nin Biblu’n nun like suanfuɛ wie’m be yalɛ’n, be nun wie mun yɛle benin? (An nian foto mun wie.)",Baoulé,AfriSpeech,9.729,test,bci
AfriSpeech/baoule_bci,"4. (1) ?Ngue ti yɛ Satan kunndɛ kɛ e bu i kɛ sɛ e konvi sɔ sa tɛ wie yolɛ’n, e su kwlá jranman kekle-ɔ? (2) ?Yɛ ngue ti yɛ e kwla lafi su kɛ e kwla jran kekle-ɔ?",Baoulé,AfriSpeech,15.914,test,bci
AfriSpeech/baoule_bci,"8. ?Kɛ Biblu’n kan sa tɛ yolɛ’n i ndɛ’n, i bo’n i wie ekun yɛle benin? ( Jue Mun 51:5 ) (An nian “Ndɛ’n nun yiyilɛ” nun wie.)",Baoulé,AfriSpeech,8.575,test,bci
AfriSpeech/baoule_bci,"b Gbanflɛn nga Ɲanndra Mun 7:7-23 kɛn i ndɛ’n, ɔ fali ajalɛ tɛtɛ kanngan wie mun i sin naan w’a yo sa tɛ dan.",Baoulé,AfriSpeech,20.652,test,bci
AfriSpeech/baoule_bci,6-7. ?Akunndan benin yɛ Satan kunndɛ kɛ e bu-ɔ?,Baoulé,AfriSpeech,6.483,test,bci
AfriSpeech/baoule_bci,"5. ?Ngue ti yɛ e si kɛ Zoova lafi su kɛ sɛ e konvi sɔ sa tɛ wie yolɛ’n, e kwla jran kekle-ɔ?",Baoulé,AfriSpeech,9.049,test,bci
AfriSpeech/baoule_bci,"9-10. (1) ?Kɛ Adan nin Ɛvu be yoli sa tɛ’n, wafa sɛ yɛ be wun yoli be-ɔ? (An nian desɛn’n wie.) (2) ?Kɛ mɔ be wuli e sa tɛ nun’n ti’n, wafa sɛ yɛ e wun yo e-ɔ?",Baoulé,AfriSpeech,16.412,test,bci
AfriSpeech/baoule_bci,"12. (1) ?Sɛ e bu i kɛ Zoova w’a bu e fɔ w’a wie’n, ngue yɛ ɔ fata kɛ e yo-ɔ? (2) ?Yɛ ngue ti-ɔ?",Baoulé,AfriSpeech,12.568,test,bci
AfriSpeech/baoule_bci,"11. (1) ?Sɛ ɔ yo e kɛ e kwlá jranman sa tɛ yolɛ’n i ɲrun kekle sa’n, ngue yɛ ɔ fata kɛ e yo-ɔ? (2) ?Yɛ ngue ti-ɔ? ( Rɔmunfuɛ Mun 6:12 )",Baoulé,AfriSpeech,14.927,test,bci
AfriSpeech/baoule_bci,"13-14. ?Ninnge tɛtɛ mɔ e konvi sɔ be yolɛ’n ti’n, Zoova i klun kwlá jɔman e wun? An yiyi nun.",Baoulé,AfriSpeech,10.651,test,bci
AfriSpeech/baoule_bci,"16. ?Kɛ e ko fua kpa kɛ e su yoman sa tɛ wie’n, ngue yɛ ɔ fata kɛ e yo-ɔ?",Baoulé,AfriSpeech,8.452,test,bci
AfriSpeech/baoule_bci,"15. ?Kɛ ɔ ko yo naan y’a kwla jran ninnge tɛtɛ nga e konvi sɔ be yolɛ’n be ɲrun kekle’n, ngue yɛ ɔ fata kɛ e yo-ɔ?",Baoulé,AfriSpeech,10.247,test,bci
AfriSpeech/baoule_bci,17. ?Ngue yɛ Zozɛfu i su ndɛ’n kle e-ɔ? ( Bo Bolɛ 39:7-9 ) (An nian desɛn’n nin foto’n wie.),Baoulé,AfriSpeech,6.595,test,bci
AfriSpeech/baoule_bci,18. ?Ngue ekun yɛ e kwla yo naan y’a jran ninnge tɛtɛ nga e konvi sɔ be yolɛ’n be ɲrun kekle-ɔ? ( 2 Korɛntifuɛ Mun 13:5 ),Baoulé,AfriSpeech,9.305,test,bci
AfriSpeech/baoule_bci,"Blɛ kwlaa nun’n nin lika kwlaa nun’n, e konvi kwla sɔ sa tɛ wie yolɛ. (An nian ndɛ kpɔlɛ 2 nun.) c",Baoulé,AfriSpeech,8.139,test,bci
AfriSpeech/baoule_bci,"19. ?Wafa sɛ yɛ sa nga e bu i kɛ be timan tɛ sɔ liɛ’n, be kwla yo maan ninnge tɛtɛ nga e konvi sɔ be’n, be ɲrun kekle jranlɛ’n kwla yo kekle-ɔ?",Baoulé,AfriSpeech,12.883,test,bci
AfriSpeech/baoule_bci,"Sa tɛ mɔ Adan nin Ɛvu yoli’n ti’n, be akunndan’n buli be fɔ, be wla boli be wun, b’a wunman be wun fɛ kun yɛ ɲannzuɛn kunnin be dan. (An nian ndɛ kpɔlɛ 9 nun.)",Baoulé,AfriSpeech,13.279,test,bci
AfriSpeech/baoule_bci,20. (1) ?Ngue yɛ e ɲin o i sin kpa-ɔ? (2) ?Wan fanngan nun ti yɛ dɔ nga su’n e kwla jran kekle-ɔ?,Baoulé,AfriSpeech,13.159,test,bci
AfriSpeech/baoule_bci,N sa ɲan sanngɛ n kacili ngaliɛ difuɛ,Baoulé,AfriSpeech,3.871,test,bci
AfriSpeech/baoule_bci,SRAN NG’Ɔ KAN NDƐ’N YƐLE MARIANIN VƐƐTOZU,Baoulé,AfriSpeech,4.31,test,bci
AfriSpeech/baoule_bci,Kpalo sa tɛ yolɛ’n ndɛndɛ kɛ Zozɛfu fa yoli’n sa. (An nian ndɛ kpɔlɛ 17 nun.),Baoulé,AfriSpeech,7.965,test,bci
AfriSpeech/baoule_bci,KƐ N BOLI BLƐ KWLAA NUN ƝANMIƐN JUNMAN’N I DILƐ BO’N,Baoulé,AfriSpeech,4.326,test,bci
AfriSpeech/baoule_bci,"Be wuli min afuɛ 1951 nun, Otrisi lɔ klɔ nga be flɛ i Viɛnin’n su. Kɛ ɔ́ yó sɔ’n nn min si nin min nin be ti Katoliki. N sa ɲan sanngɛ n lafi Ɲanmiɛn su yɛ n srɛ i titi. Kɛ n ɲannin afuɛ 9 yɛ Zoova i Lalofuɛ’m be boli min si i like klelɛ bo-ɔ. Kɛ i sin lali nun kan’n, min manmin wa boli like suanlɛ bo wie.",Baoulé,AfriSpeech,24.188,test,bci
AfriSpeech/baoule_bci,N MA KUNNDƐLI KƐ Ń YÓ NGALIƐ DIFUƐ,Baoulé,AfriSpeech,3.528,test,bci
AfriSpeech/baoule_bci,NVLE KUN MƆ ALƐ O NUN’N I NUN JASIN FƐ BOLƐ’N,Baoulé,AfriSpeech,4.673,test,bci
AfriSpeech/baoule_bci,"Lika’n sanngannin tɛtɛ kpa Uganda lɔ. Nzue bɔbɔ nin kolan nin ninnge cinnjin wie mun ekun be ɲanlɛ’n yoli kekle. Telefɔnun’n nantiman. Sran’m be toto be wun tui, yɛ be wua sran’m be ninnge mun. Kɔnguɛ yɛ be tɛ i sɔ liɛ’n i yo-ɔ. I sɔ’n ti’n, kɛ lika’n ko san’n, sran’m be fiteman kun. Yɛ i kpa bɔbɔ’n, be srɛ naan sran wie w’a tɔman be su w’a wuaman be, annzɛ w’a kunman be. Ɔ nin i sɔ ngba’n, aniaan’m be mian be ɲin be su Zoova aklunjɔɛ su.",Baoulé,AfriSpeech,29.782,test,bci
AfriSpeech/baoule_bci,"Aniaan’m be seli e kɛ nán e sa e sin Uganda. I sɔ’n ti’n, y’a saman e sin y’a ko faman e trɔ nga be o lɔ’n, yɛ y’a kwlá kaleman aniaan mun. Sanngɛ e ɔli Betɛli ng’ɔ o Alemaɲin lɔ’n nun trele. Kpɛkun e fali loto naan y’a wɔ Bilgari. Be seli e kɛ e suan jasin bofuɛ kɔe 20 nga be o Sofia lɔ’n be bo.",Baoulé,AfriSpeech,21.971,test,bci
AfriSpeech/baoule_bci,"E wun mɔ e fa mantannin aniaan nga be o lɔ’n, ɔ ukali e kpa. Be klo ndɛ nanwlɛ’n. Yɛ kɛ e fa e wun e mantan be’n, ɔ yo be fɛ kpa. E fali e wun mantannin e wiengu, yɛ e suannin e wiengu bo. Sa nga be juli e nin Ɛnzi e su’n ti’n, e wunnin i wlɛ kɛ, sɛ sran’m be ndɛ lo e dan’n, é dí aklunjɔɛ junman kwlaa nga be man e’n nun.",Baoulé,AfriSpeech,23.888,test,bci
AfriSpeech/baoule_bci,"Tukpacɛ wie’m be kleli min yalɛ kpa. Dɔɔtrɔ’m be wunnin tukpacɛ wie mun min klun lɔ, nin min ti’n nun lɔ. Ayre nga be fa yoli min naan bé yí tukpacɛ sɔ mun’n, be kleli min yalɛ dan. Be fali min ɔli Ɛndi. Lɔ’n be yoli min opele dɔ lele 12 naan b’a yi tukpacɛ nga be o min ti’n nun’n, be nun sunman. I sin’n n dili le nɲɔn kun Ɛndi lɔ Betɛli’n nun. Kɛ n yoli juejue kan’n, yɛ e sali e sin Bilgari-ɔ.",Baoulé,AfriSpeech,28.136,test,bci
AfriSpeech/baoule_bci,Ń LÁ ZOOVA I ASE AFIN Ɔ SUANNIN MIN BO,Baoulé,AfriSpeech,3.798,test,bci
AfriSpeech/baoule_bci,E nin min niaan bla Elizabɛti (bɛ su),Baoulé,AfriSpeech,4.79,test,bci
AfriSpeech/baoule_bci,Dorote kleli min ajalɛ kpa (bɛ su),Baoulé,AfriSpeech,5.598,test,bci
AfriSpeech/baoule_bci,"Kɛ n bu ninnge kpakpa kwlaa nga n ɲannin be’n, ɔ nin min ɲrun lɔ liɛ’n be akunndan’n, min wun yo min kɛ Davidi liɛ’n sa. Ɔ seli kɛ: “?Sɛ n lafiman su kɛ Zoova yí i klun ufue’n i nglo min lika’n, nn min liɛ yó sɛ mɛn’n nun? Fa ɔ wla’n gua Zoova su, yo yakpafuɛ yɛ tra ɔ awlɛn. Ɛɛn-ɛn, fa ɔ wla’n gua Zoova su.”— Jue. 27:13, 14 .",Baoulé,AfriSpeech,27.795,test,bci
AfriSpeech/baoule_bci,"Ɛnzi su tinngɛ Sasafuɛ Tranwlɛ’n laa Yugɔsulavu aniɛn’n nun, afuɛ 1974 nun, Otrisi lɔ asɔnun kaan kun nun.",Baoulé,AfriSpeech,11.967,test,bci
AfriSpeech/baoule_bci,E su tɔn like Samun be awlo lɔ.,Baoulé,AfriSpeech,5.669,test,bci
AfriSpeech/baoule_bci,E nin Ɛnzi nin Tatiana (ɔ o afiɛn),Baoulé,AfriSpeech,5.11,test,bci
AfriSpeech/baoule_bci,"E o Bilgari lɔ Betɛli’n nun, afuɛ 2007 nun.",Baoulé,AfriSpeech,11.037,test,bci
AfriSpeech/baoule_bci,Maan e kle kɛ e ɲin yi sran,Baoulé,AfriSpeech,3.033,test,bci
AfriSpeech/baoule_bci,LIKE SUANLƐ 38,Baoulé,AfriSpeech,12.378,test,bci
AfriSpeech/baoule_bci,JUE 120 Maan e sɔnnzɔn Klist i wɛtɛɛ yolɛ’n,Baoulé,AfriSpeech,4.973,test,bci
AfriSpeech/baoule_bci,"“Sɛ be ɲin yi wɔ’n, ɔ ti kpa tra sika nin sika ɔkwlɛ.” — ƝAN. 22:1 .",Baoulé,AfriSpeech,9.466,test,bci
AfriSpeech/baoule_bci,"É wá wún like nga ti yɛ ɔ fata kɛ e ɲin yi e wiengu mun’n. Kpɛkun é wún kɛ kannzɛ i sɔ yolɛ’n ti kekle’n, sanngɛ e kwla yo sɔ.",Baoulé,AfriSpeech,9.289,test,bci
AfriSpeech/baoule_bci,"?KƐ BE SE KƐ BE ƝIN YI SRAN’N, I BO’N YƐLE BENIN?",Baoulé,AfriSpeech,4.075,test,bci
AfriSpeech/baoule_bci,"3 Like suanlɛ nga nun’n, é wá wún like nga be flɛ i aɲinyiɛ’n. Asa’n, é wún wafa nga e kwla kle kɛ e ɲin yi e awlofuɛ mun, nin e niaan Klisifuɛ mun, ɔ nin be nga be suman Zoova’n. Asa ekun’n, é wún kɛ kannzɛ i sɔ yolɛ’n ti kekle’n, sanngɛ e kwla yo sɔ.",Baoulé,AfriSpeech,19.349,test,bci
AfriSpeech/baoule_bci,"2 Ɔ ju wie’n, kɛ ɔ ko yo naan e ɲin w’a yi e wiengu mun’n, ɔ timan pɔpɔ. Sa nga ti yɛ ɔ ti sɔ’n, i kun yɛle kɛ e si e wiengu’m be fɔnlɛ mun. Asa’n, e blɛ liɛ nga nun’n sran’m be ɲin yiman be wiengu. Sanngɛ e liɛ’n, ɔ fataman kɛ e yo sɔ wie. Afin Zoova kunndɛ kɛ e bu “sran wafa kwlaa” be sran.— 1 Piɛ. 2:17 .",Baoulé,AfriSpeech,25.458,test,bci
AfriSpeech/baoule_bci,MAAN E KLE KƐ E ƝIN YI E AWLOFUƐ MUN,Baoulé,AfriSpeech,3.83,test,bci
AfriSpeech/baoule_bci,MAAN E KLE KƐ E ƝIN YI E NIAAN KLISIFUƐ MUN,Baoulé,AfriSpeech,4.02,test,bci
AfriSpeech/baoule_bci,"11 Like nga ti yɛ ɔ ti kekle’n. E niaan Klisifuɛ’m be di Biblu’n nun mmla’m be su. Sanngɛ ɔ ju wie’n, be fɔn e wun, annzɛ be kpli be di e jɔlɛ, annzɛ kusu be fɔkɔ e awlɛn. Kɛ e niaan Klisifuɛ kun ‘lo e ngasi’n,’ kɛ ɔ yo naan e kle i titi kɛ e ɲin yi i’n, ɔ kwla yo kekle. ( Kol. 3:13 ) ?I lɛ nun’n, ngue yɛ ɔ kwla uka e-ɔ?",Baoulé,AfriSpeech,24.811,test,bci
AfriSpeech/baoule_bci,MAAN E KLE KƐ E ƝIN YI BE NGA BE SUMAN ZOOVA’N,Baoulé,AfriSpeech,3.929,test,bci
AfriSpeech/baoule_bci,?Wafa sɛ yɛ e kwla kle kɛ e ɲin yi e awlofuɛ mun-ɔn?,Baoulé,AfriSpeech,4.11,test,bci
AfriSpeech/baoule_bci,JUE 129 É trá e awlɛn titi,Baoulé,AfriSpeech,9.329,test,bci
AfriSpeech/baoule_bci,?Wafa sɛ yɛ e kwla kle kɛ e ɲin yi e niaan Klisifuɛ mun-ɔn?,Baoulé,AfriSpeech,4.326,test,bci
AfriSpeech/baoule_bci,?Wafa sɛ yɛ e kwla kle kɛ e ɲin yi be nga be suman Zoova’n niɔn?,Baoulé,AfriSpeech,4.73,test,bci
AfriSpeech/baoule_bci,"1. ?Ngue ti yɛ kɛ sran’m be ɲin yi e’n, ɔ yo e fɛ-ɔ? ( Ɲanndra Mun 22:1 )",Baoulé,AfriSpeech,6.906,test,bci
AfriSpeech/baoule_bci,"2-3. (1) ?Ngue ti yɛ ɔ ju wie’n kɛ ɔ yo naan e ɲin yi e wiengu mun’n, ɔ ti kekle-ɔ? (2) ?Ngue yɛ é wá kɛ́n i ndɛ like suanlɛ nga nun-ɔn?",Baoulé,AfriSpeech,13.943,test,bci
AfriSpeech/baoule_bci,"4. ?Kɛ be se kɛ be ɲin yi sran’n, i bo’n yɛle benin?",Baoulé,AfriSpeech,6.082,test,bci
AfriSpeech/baoule_bci,5. ?Ngue ti yɛ ɔ fata kɛ e ɲin yi e wiengu mun-ɔn?,Baoulé,AfriSpeech,5.999,test,bci
AfriSpeech/baoule_bci,"6. ?Sɛ sran kun buman ɔ sran’n, ɔ ɲin kwla yi i? Yiyi nun. (An nian desɛn ng’ɔ o fluwa’n i bui’n su’n wie.)",Baoulé,AfriSpeech,6.975,test,bci
AfriSpeech/baoule_bci,"7. ?Ngue ti yɛ ɔ ju wie’n kɛ ɔ ko yo naan y’a kle e awlofuɛ mun kɛ e ɲin yi be’n, ɔ ti kekle-ɔ?",Baoulé,AfriSpeech,8.844,test,bci
AfriSpeech/baoule_bci,"8. ?Ngue ti yɛ ɔ fata kɛ e ɲin yi e awlofuɛ mun-ɔn? ( 1 Timote 5:4, 8 )",Baoulé,AfriSpeech,6.208,test,bci
AfriSpeech/baoule_bci,9. ?Wafa sɛ yɛ yasua kun nin i yi be kwla kle kɛ be ɲin yi be wiengu-ɔ? (An nian foto mun wie.),Baoulé,AfriSpeech,7.207,test,bci
AfriSpeech/baoule_bci,10. ?Wafa sɛ yɛ gbanflɛn nin talua’m be kwla kle kɛ be ɲin yi be si nin be nin-ɔn?,Baoulé,AfriSpeech,7.618,test,bci
AfriSpeech/baoule_bci,"11. ?Ngue ti yɛ wie liɛ’n kɛ ɔ ko yo naan y’a kle kɛ e ɲin yi e niaan Klisifuɛ mun’n, ɔ ti kekle-ɔ?",Baoulé,AfriSpeech,9.315,test,bci
AfriSpeech/baoule_bci,12. ?Ngue ti yɛ ɔ fata kɛ e ɲin yi e niaan Klisifuɛ mun-ɔn? ( 2 Piɛli 2:9-12 ),Baoulé,AfriSpeech,6.781,test,bci
AfriSpeech/baoule_bci,13-14. ?Wafa sɛ yɛ e kwla kle kɛ e ɲin yi e niaan Klisifuɛ mun-ɔn? An fa sa wie mun yiyi nun. (An nian foto mun wie.),Baoulé,AfriSpeech,9.68,test,bci
AfriSpeech/baoule_bci,"15. ?Ngue ti yɛ ɔ ju wie’n, kɛ ɔ ko yo naan e ɲin w’a yi be nga be suman Zoova’n, ɔ ti kekle-ɔ?",Baoulé,AfriSpeech,8.355,test,bci
AfriSpeech/baoule_bci,16. ?Ngue ti yɛ ɔ fata kɛ e kan ndɛ aɲinyiɛ su e kle be nga be suman Zoova’n niɔn? ( 1 Piɛli 2:12; 3:15 ),Baoulé,AfriSpeech,7.574,test,bci
AfriSpeech/baoule_bci,17. ?Wafa sɛ yɛ e kwla kle kɛ e ɲin yi be nga be suman Zoova’n niɔn?,Baoulé,AfriSpeech,7.16,test,bci
AfriSpeech/baoule_bci,"Kannzɛ Zonatan i si guɛli i ɲin ase’n, sanngɛ ɔ suɛnnin i si m’ɔ ti famiɛn’n i bo titi yɛ ɔ kunnin i ti alɛ. (An nian ndɛ kpɔlɛ 6 nun.)",Baoulé,AfriSpeech,22.133,test,bci
AfriSpeech/baoule_bci,"18. ?Ngue ti yɛ sɛ e kle kɛ e ɲin yi sran’n, ɔ ti kpa-ɔ?",Baoulé,AfriSpeech,6.801,test,bci
AfriSpeech/baoule_bci,"Kɛ e ɲin yi e awlofuɛ mun’n, Zoova m’ɔ takali awlobo’n yɛ e ɲin yi i-ɔ. (An nian ndɛ kpɔlɛ 9 nun.)",Baoulé,AfriSpeech,25.394,test,bci
AfriSpeech/baoule_bci,"JUE 41 Yaci, tie min srɛlɛ’n",Baoulé,AfriSpeech,4.87,test,bci
AfriSpeech/baoule_bci,LIKE SUANLƐ 43,Baoulé,AfriSpeech,12.772,test,bci
AfriSpeech/baoule_bci,Ɔ ti cinnjin kɛ e srɛ man e wiengu mun,Baoulé,AfriSpeech,3.754,test,bci
AfriSpeech/baoule_bci,"“ Amun srɛ Ɲanmiɛn man amun wiengu. [ … ] Sran kpa’n i Ɲanmiɛn srɛlɛ’n le ta, yɛ ɔ yo sa ye kpa.” — ZAK. 5:16 .",Baoulé,AfriSpeech,11.499,test,bci
AfriSpeech/baoule_bci,"Like nga ti yɛ ɔ ti cinnjin kɛ e srɛ man e wiengu mun’n, ɔ nin wafa nga e kwla yo sɔ’n.",Baoulé,AfriSpeech,6.916,test,bci
AfriSpeech/baoule_bci,?NGUE TI YƐ Ɔ TI CINNJIN KƐ E SRƐ MAN E WIENGU MUN-ƆN?,Baoulé,AfriSpeech,3.624,test,bci
AfriSpeech/baoule_bci,"5 Kɛ e srɛ Zoova’n, nán kɛ e su miɛn i kɛ ɔ yo like nga e kunndɛ kɛ ɔ yo man e’n niɔn. Sanngɛ Zoova fɛ i ɲin sie i sa nga e koko kle i’n su. Kpɛkun blɛ ng’ɔ ti su’n i nun’n, ɔ tɛ e srɛlɛ’n su. Sɛ e wun i sɔ liɛ’n i wlɛ’n, i sɔ’n kwla uka e naan y’a koko e su sa’n y’a kle Zoova naan kusu y’a lafi su kɛ ɔ́ síesíe sa sɔ’n mán e.— Jue. 37:5; 2 Kor. 1:11 .",Baoulé,AfriSpeech,28.263,test,bci
AfriSpeech/baoule_bci,SƐ E WAAN É SRƐ́ MÁN SRAN TRELE KUN’N,Baoulé,AfriSpeech,3.873,test,bci
AfriSpeech/baoule_bci,"?Wafa sɛ yɛ srɛlɛ nga e srɛ e man e wiengu mun’n, ɔ ‘le ta, yɛ ɔ yo sa ye-ɔ’?",Baoulé,AfriSpeech,7.246,test,bci
AfriSpeech/baoule_bci,?Ngue ti yɛ ɔ fata kɛ e srɛ man sran akpasua wie mun-ɔn?,Baoulé,AfriSpeech,4.447,test,bci
AfriSpeech/baoule_bci,"1. ?Ngue ti yɛ e si kɛ srɛlɛ mɔ e srɛ Zoova’n, ɔ ti i cinnjin-ɔn?",Baoulé,AfriSpeech,8.357,test,bci
AfriSpeech/baoule_bci,"2. ?Kɛ be se kɛ e srɛ e man e wiengu mun’n, ajalɛ kpa benin yɛ Pɔlu kle e-ɔ?",Baoulé,AfriSpeech,9.988,test,bci
AfriSpeech/baoule_bci,"?Kɛ é srɛ́ mán aniaan wie mun’n, é yó sɛ naan y’a kan ninnge trele wie’m be ndɛ?",Baoulé,AfriSpeech,9.013,test,bci
AfriSpeech/baoule_bci,"3. ?Ngue ti yɛ wie liɛ’n, e wla fi su kɛ ɔ fata kɛ e srɛ man e wiengu mun-ɔn?",Baoulé,AfriSpeech,8.511,test,bci
AfriSpeech/baoule_bci,"4-5. ?Wafa sɛ yɛ srɛlɛ nga e srɛ man e wiengu mun’n, ɔ ‘le ta, yɛ ɔ yo sa ye-ɔ’? ( Zaki 5:16 )",Baoulé,AfriSpeech,12.188,test,bci
AfriSpeech/baoule_bci,"6. ?Kɛ e srɛ man e wiengu mun’n, nzuɛn benin yɛ i sɔ’n uka e naan y’a yi i nglo-ɔ? ( 1 Piɛli 3:8 )",Baoulé,AfriSpeech,13.764,test,bci
AfriSpeech/baoule_bci,"7. ?Wafa sɛ yɛ srɛlɛ mɔ e srɛ man e wiengu mun’n, ɔ uka e naan y’a kokoman e su sa liɛ’m be ti dan-ɔn? ( Filipufuɛ Mun 2:​3, 4 ) (An nian foto mun wie.)",Baoulé,AfriSpeech,9.827,test,bci
AfriSpeech/baoule_bci,8. ?Wan mun yɛ e kwla srɛ man be-ɔ?,Baoulé,AfriSpeech,5.748,test,bci
AfriSpeech/baoule_bci,9. ?Ngue ti yɛ ɔ fata kɛ e srɛ man e niaan nga be dun e ɲrun mmua anuannzɛ’n nun’n nin be yi mun-ɔn?,Baoulé,AfriSpeech,10.9,test,bci
AfriSpeech/baoule_bci,"10-11. ?Srɛlɛ nga e srɛ man e niaan’m be kwlaa’n, Zoova i klun jɔ su? An yiyi nun.",Baoulé,AfriSpeech,11.053,test,bci
AfriSpeech/baoule_bci,"12. ?Sɛ e fa e ɲin e sie i ninnge wie’m be su’n, wafa sɛ yɛ i sɔ’n úka e naan y’a srɛ y’a man aniaan trele kun-ɔn?",Baoulé,AfriSpeech,12.924,test,bci
AfriSpeech/baoule_bci,14-15. ?É yó sɛ naan y’a srɛ y’a man aniaan trele kun?,Baoulé,AfriSpeech,8.142,test,bci
AfriSpeech/baoule_bci,13. ?É yó sɛ naan y’a srɛ y’a man aniaan nga e siman be’n?,Baoulé,AfriSpeech,9.783,test,bci
AfriSpeech/baoule_bci,16. ?Ngue yɛ ɔ fata kɛ e wun i wlɛ? ( Matie 6:8 ),Baoulé,AfriSpeech,6.053,test,bci
AfriSpeech/baoule_bci,"17-18. Sa nga ti yɛ ɔ fata kɛ e srɛ man e niaan mun’n, an fa sa kun yiyi nun.",Baoulé,AfriSpeech,12.692,test,bci
AfriSpeech/baoule_bci,Fluwa’n nun kannganfuɛ’m be kosan mun,Baoulé,AfriSpeech,3.059,test,bci
AfriSpeech/baoule_bci,"?“Akunndan” benin yɛ ɔ cɛ kan’n, Zoova wá fá wlá nvlenvle’m be ti nun-ɔn?",Baoulé,AfriSpeech,5.6,test,bci
AfriSpeech/baoule_bci,"Sanngɛ ɔ fata kɛ e wun ndɛ sɔ’n i wlɛ uflɛ. “Akunndan” nga Zoova wá fá wlá nvlenvle’m be ti nun’n, yɛle kɛ be fa “famiɛn dilɛ’n be man nnɛn wlɛfuɛ’n.” Kɛ ɔ ko yo naan y’a wun wafa nga i sɔ liɛ’n wá kpɛ́n su’n, maan e tɛ kosan nga’m be su.",Baoulé,AfriSpeech,17.194,test,bci
AfriSpeech/baoule_bci,"?Tekle bla’n nin nnɛn ɔkwlɛ’n be afiɛn ndɛ’n yɛle benin? Biblu’n se kɛ tekle bla’n ti nnɛn ɔkwlɛ’n su. Yɛle kɛ ɔ suɛn i bo. I kpa bɔbɔ’n, ɔ wlɛwlɛ i naan ɔ yo like ng’ɔ klo’n.",Baoulé,AfriSpeech,12.248,test,bci
AfriSpeech/baoule_bci,"AFUƐ 2026, MARSI 2-8",Baoulé,AfriSpeech,11.252,test,bci
AfriSpeech/baoule_bci,Maan e kle titi kɛ e mian Ɲanmiɛn wun,Baoulé,AfriSpeech,3.742,test,bci
AfriSpeech/baoule_bci,JUE 97 Ɲanmiɛn Ndɛ’n man nguan,Baoulé,AfriSpeech,4.118,test,bci
AfriSpeech/baoule_bci,AFUƐ 2026 NUN BIBLU’N NUN NDƐ MMA’N: “Be nga be wun i wlɛ kɛ be mian Ɲanmiɛn wun’n be liɛ su ti ye.” — MAT. 5:3 .,Baoulé,AfriSpeech,11.454,test,bci
AfriSpeech/baoule_bci,Like nga e kwla yo naan y’a ɲan ninnge nga Zoova man e naan e nin i e afiɛn w’a mantan kpa titi be su ye naan kusu y’a di aklunjɔɛ’n.,Baoulé,AfriSpeech,7.995,test,bci
AfriSpeech/baoule_bci,"Ɔ YOLI WUN ASE KANFUƐ, KƐ Ɔ́ SRƐ́ LIKE’N Ɔ JRANNIN SU KPA, YƐ Ɔ LAFILI ƝANMIƐN SU",Baoulé,AfriSpeech,7.469,test,bci
AfriSpeech/baoule_bci,"3 Like suanlɛ nga nun’n, é wá fá e ɲin síe i Fenisi bla ng’ɔ kunndɛli kpa kɛ Zezi ukɛ i’n i su ndɛ’n su. É wá wún kɛ ɔ fata kɛ be nga be wun i wlɛ kɛ be mian Ɲanmiɛn wun’n, be yi nzuɛn nsan be nglo kɛ bla sɔ’n sa. I sin’n é wá kán sran wie mɔ be kunndɛli kpa kɛ Ɲanmiɛn kle be atin’n be ndɛ. Sran sɔ’m be yɛle akoto Piɛli, nin akoto Pɔlu, ɔ nin Famiɛn Davidi.",Baoulé,AfriSpeech,25.286,test,bci
AfriSpeech/baoule_bci,"4 Cɛn kun’n, Fenisi bla kun ko toli Zezi. Bla sɔ’n i wa bla’n “su wun ɲrɛnnɛn kpa afin mmusu kun w’a saci i.” ( Mat. 15:21-28 ) Bla’n ko kotoli Zezi bo, kpɛkun ɔ srɛli i kɛ ɔ ukɛ i wa bla’n. Fenisi bla sɔ m’ɔ ko toli Zezi’n, ɔ yili nzuɛn nsan be nglo. Maan e fa e ɲin e sie i nzuɛn sɔ’m be su.",Baoulé,AfriSpeech,23.811,test,bci
AfriSpeech/baoule_bci,KƐ PIƐLI SA’N MAAN E SUAN ƝANMIƐN NDƐ’N NUN LIKE TITI,Baoulé,AfriSpeech,5.644,test,bci
AfriSpeech/baoule_bci,"KƐ PƆLU SA’N, MAAN E FA NZUƐN UFLƐ MƆ ƝANMIƐN KLO I’N",Baoulé,AfriSpeech,5.272,test,bci
AfriSpeech/baoule_bci,"12 Pɔlu wlɛli i nzuɛn laa’n i ase, kpɛkun ɔ fali nzuɛn uflɛ’n, afin ɔ yoli wun ase kanfuɛ. ( Fip. 4:13 ) Kɛ Piɛli sa’n, Pɔlu ‘lafili wunmiɛn nga Ɲanmiɛn man’n su.’ ( 1 Piɛ. 4:11 ) Sanngɛ ɔ ju wie’n Pɔlu fɔnnin, ɔ maan i sa sin bubuli i. Sanngɛ kɛ i sa sin bubu i’n, ɔ bu ninnge kpakpa nga Ɲanmiɛn yo mɛnnin i’n be akunndan. I sɔ’n wlɛli i fanngan naan w’a miɛn i ɲin titi naan Ɲanmiɛn i klun w’a jɔ i wun.— Rɔm. 7:21-25 .",Baoulé,AfriSpeech,29.102,test,bci
AfriSpeech/baoule_bci,"KƐ DAVIDI SA’N, MAAN E FA E WUN WLA ZOOVA SA NUN NAAN Ɔ SASA E",Baoulé,AfriSpeech,6.387,test,bci
AfriSpeech/baoule_bci,"14 Kɛ ɔ ko yo naan y’a di aklunjɔɛ kpafuɛ’n, ɔ fata kɛ Zoova sasa e. ?Wafa sɛ yɛ Zoova sasa e-ɔ? ?Yɛ ngue yɛ ɔ fata kɛ e yo naan w’a kwla sasa e-ɔ?",Baoulé,AfriSpeech,12.269,test,bci
AfriSpeech/baoule_bci,MAAN E LO E WUN MAN ZOOVA NAAN Ɔ KLE E ATIN TITI,Baoulé,AfriSpeech,5.34,test,bci
AfriSpeech/baoule_bci,kɛ Piɛli liɛ’n sa-ɔ?,Baoulé,AfriSpeech,3.264,test,bci
AfriSpeech/baoule_bci,kɛ Pɔlu liɛ’n sa-ɔ?,Baoulé,AfriSpeech,3.135,test,bci
AfriSpeech/baoule_bci,?NGUE YƐ Ɔ FATA KƐ E YO NAAN ZOOVA W’A KLE E ATIN ...,Baoulé,AfriSpeech,5.059,test,bci
AfriSpeech/baoule_bci,kɛ Davidi liɛ’n sa-ɔ?,Baoulé,AfriSpeech,3.831,test,bci
AfriSpeech/baoule_bci,2. Biblu’n kan be nga be “wun i wlɛ kɛ be mian Ɲanmiɛn wun’n” be ndɛ. ?Ndɛ sɔ’n i bo’n yɛle benin? An fa sa kun yiyi nun.,Baoulé,AfriSpeech,11.289,test,bci
AfriSpeech/baoule_bci,"1. ?Wafa nga Zoova yili e’n ti’n, ninnge cinnjin benin mun yɛ e mian be wun-ɔn? ( Matie 5:3 )",Baoulé,AfriSpeech,9.489,test,bci
AfriSpeech/baoule_bci,3. ?Ngue yɛ é wá kɛ́n i ndɛ like suanlɛ nga nun-ɔn?,Baoulé,AfriSpeech,7.237,test,bci
AfriSpeech/baoule_bci,JUE 162 N mian Ɲanmiɛn wun,Baoulé,AfriSpeech,4.446,test,bci
AfriSpeech/baoule_bci,4. ?Ngue yɛ Fenisi bla kun kunndɛli kɛ Zezi yo mɛn i-ɔ?,Baoulé,AfriSpeech,7.13,test,bci
AfriSpeech/baoule_bci,5. (1) ?Ngue yɛ Zezi yo mannin Fenisi bla’n niɔn? (2) ?Yɛ ngue ti yɛ ɔ yoli sɔ-ɔ? (An nian desɛn’n wie.),Baoulé,AfriSpeech,11.421,test,bci
AfriSpeech/baoule_bci,6. ?Wafa sɛ yɛ e kwla nian Fenisi bla’n i ajalɛ’n su-ɔ?,Baoulé,AfriSpeech,8.52,test,bci
AfriSpeech/baoule_bci,7. (1) ?Junman benin yɛ Zezi mannin Piɛli-ɔ? (2) ?Yɛ ngue ekun yɛ ɔ fata kɛ Piɛli bɔbɔ yo-ɔ? ( Ebre Mun 5:14–6:1 ),Baoulé,AfriSpeech,12.066,test,bci
AfriSpeech/baoule_bci,"9. ?Sɛ e suan Biblu’n nun ndɛ nga be wlɛ wunlɛ’n ti kekle’n be su like’n, i su ye nɲɔn benin yɛ e kwla ɲɛn i-ɔ?",Baoulé,AfriSpeech,10.782,test,bci
AfriSpeech/baoule_bci,"8. ?Kɛ Zoova kleli Piɛli i atin uflɛ’n, ngue yɛ Piɛli yoli-ɔ?",Baoulé,AfriSpeech,9.295,test,bci
AfriSpeech/baoule_bci,10. ?Ngue yɛ ɔ fata kɛ e yo naan Zoova i klun w’a jɔ e wun-ɔn? ( Kolɔsufuɛ Mun 3:8-10 ),Baoulé,AfriSpeech,6.895,test,bci
AfriSpeech/baoule_bci,11. ?Nzuɛn benin yɛ ɔ fata kɛ Pɔlu miɛn i ɲin naan w’a wlɛ i ase-ɔ? An yiyi nun.,Baoulé,AfriSpeech,9.971,test,bci
AfriSpeech/baoule_bci,12. ?Ngue yɛ ɔ ukali Pɔlu naan w’a miɛn i ɲin titi naan Ɲanmiɛn i klun w’a jɔ i wun-ɔn?,Baoulé,AfriSpeech,9.937,test,bci
AfriSpeech/baoule_bci,13. ?Wafa sɛ yɛ e kwla nian Pɔlu i ajalɛ’n su-ɔ?,Baoulé,AfriSpeech,7.098,test,bci
AfriSpeech/baoule_bci,14-15. ?Wafa sɛ yɛ Zoova sɛsɛ i sufuɛ mun-ɔn? ( Jue Mun 27:5 ) (An nian foto’n wie.),Baoulé,AfriSpeech,8.855,test,bci
AfriSpeech/baoule_bci,17. ?Wafa sɛ yɛ e kwla nian Davidi i ajalɛ’n su-ɔ?,Baoulé,AfriSpeech,7.131,test,bci
AfriSpeech/baoule_bci,16. ?Wafa sɛ yɛ Zoova sasali Davidi-ɔ?,Baoulé,AfriSpeech,8.517,test,bci
AfriSpeech/baoule_bci,"Fenisi bla’n yoli wun ase kanfuɛ, kɛ ɔ́ srɛ́ like’n ɔ jrannin su kpa, yɛ ɔ kleli kɛ ɔ lafi Zezi su. (An nian ndɛ kpɔlɛ 5 nun.)",Baoulé,AfriSpeech,24.682,test,bci
AfriSpeech/baoule_bci,18. (1) ?Andɛ’n akunndan benin yɛ sran sunman be bu-ɔ? (2) ?Yɛ ngue yɛ ɔ fata kɛ e yo naan Zoova w’a kle e atin titi-ɔ? (An nian foto mun wie.),Baoulé,AfriSpeech,14.399,test,bci
AfriSpeech/baoule_bci,Aniaan bla kun nin aniaan’m be su yo aɲia. Afin ɔ wun i wlɛ kɛ ɔ mian Ɲanmiɛn wun. (An nian ndɛ kpɔlɛ 14-15 nun.),Baoulé,AfriSpeech,23.388,test,bci
AfriSpeech/baoule_bci,?É yó sɛ naan y’a uka e osufuɛ nga be suman Zoova’n?,Baoulé,AfriSpeech,5.703,test,bci
AfriSpeech/baoule_bci,"AFUƐ 2026, AVRILI 6-12",Baoulé,AfriSpeech,8.479,test,bci
AfriSpeech/baoule_bci,JUE 82 ‘An yo kɛ kannin sa sran’m be ɲrun’,Baoulé,AfriSpeech,5.194,test,bci
AfriSpeech/baoule_bci,“Nán e sa sin bubu e sa kpa yolɛ’n nun.” — GAL. 6:9 .,Baoulé,AfriSpeech,8.995,test,bci
AfriSpeech/baoule_bci,"?É yó sɛ naan e nin e osufuɛ nga be suman Zoova’n y’a tran klanman? ?Yɛ sɛ e ɲɛn i wun atin’n, wafa sɛ yɛ e kwla uka be naan b’a su Zoova-ɔ?",Baoulé,AfriSpeech,10.511,test,bci
AfriSpeech/baoule_bci,"ZEZI seli bian kun m’ɔ kunndɛ kɛ ɔ́ káci i sɔnnzɔnfuɛ’n kɛ: “Kɔ ɔ osufuɛ’m be sin. Ko kan sa kwlaa nga Zoova yo mannin wɔ’n, ɔ nin aunnvɔɛ ng’ɔ sili wɔ’n, be ndɛ kle be.” ( Mar. 5:19 ) Zezi seli sɔ afin ɔ si kɛ, kɛ sran kun ti ndɛ fɛ’n ɔ klo kɛ ɔ́ kán klé i osufuɛ mun.",Baoulé,AfriSpeech,22.588,test,bci
AfriSpeech/baoule_bci,MAAN E SI BE AUNNVƆƐ,Baoulé,AfriSpeech,3.465,test,bci
AfriSpeech/baoule_bci,SƐ BE YO E TƐ ANNZƐ BE KAN E NDƐ TƐ’N MAAN E BLU SU,Baoulé,AfriSpeech,5.669,test,bci
AfriSpeech/baoule_bci,MAAN E TRA E AWLƐN BE WUN YƐ E LAFI SU KƐ BE KWLA KACI,Baoulé,AfriSpeech,7.914,test,bci
AfriSpeech/baoule_bci,MAAN E KLE BE KƐ E KLO BE,Baoulé,AfriSpeech,5.048,test,bci
AfriSpeech/baoule_bci,"13 Ɔ ti su kɛ ninnge nga e yo be Zoova i sulɛ’n nun’n, be fa e blɛ kpanngban. Sanngɛ nán e yo naan e osufuɛ’m be bu i kɛ e ndɛ nunman be ndɛ nun annzɛ kusu e kloman be kun. ( Mat. 7:12 ) ?Wafa sɛ yɛ e kwla kle kɛ be ndɛ lo e-ɔ? Maan e fa e ɲin sie i ninnge wie mɔ e kwla yo be’n be su.",Baoulé,AfriSpeech,22.542,test,bci
AfriSpeech/baoule_bci,NÁN MAAN E SA SIN BUBU E,Baoulé,AfriSpeech,3.73,test,bci
AfriSpeech/baoule_bci,"20 Kɛ Zezi bó jasin fɛ’n klɔklɔ’m be su’n, Zaki w’a ko sunmɛnmɛn i. Sanngɛ kɛ ɔ́ kɔ́ i ɲrun’n, ɔ wa kacili Zezi i sɔnnzɔnfuɛ. ( Gal. 1:18, 19; 2:9 ) Kannzɛ kasiɛn su yɛ ɔ kacili Zezi i sɔnnzɔnfuɛ’n, sanngɛ like nga Zezi kleli’n ɔ wa yoli i cinnjin kpa. I wie yɛle kɛ fluwa ng’ɔ klɛli’n nun’n, ɔ boli Ɲanmiɛn ndɛ nga Zezi kannin be oka’n su lɔ’n be nun wie’m be su. d",Baoulé,AfriSpeech,24.02,test,bci
AfriSpeech/baoule_bci,?AMÚN TƐ́ SU SƐ?,Baoulé,AfriSpeech,3.155,test,bci
AfriSpeech/baoule_bci,"?Ngue ti yɛ sɛ e si e osufuɛ nga be suman Zoova’n be aunnvɔɛ’n, é kwlá úka be-ɔ?",Baoulé,AfriSpeech,6.622,test,bci
AfriSpeech/baoule_bci,?Ngue ti yɛ ɔ fata kɛ e tra e awlɛn e osufuɛ nga be suman Zoova’n be wun yɛ e lafi su kɛ be kwla kaci-ɔ?,Baoulé,AfriSpeech,8.017,test,bci
AfriSpeech/baoule_bci,1-2. ?Kɛ e bo Biblu’n nun like suanlɛ bo’n ngue ti yɛ wie liɛ’n e nin e osufuɛ mun e nuan sɛman-ɔn?,Baoulé,AfriSpeech,12.888,test,bci
AfriSpeech/baoule_bci,?Wafa sɛ yɛ e kwla kle e osufuɛ nga be suman Zoova’n be kɛ e klo be-ɔ?,Baoulé,AfriSpeech,7.084,test,bci
AfriSpeech/baoule_bci,JUE 60 Ɔ ti be delɛ,Baoulé,AfriSpeech,4.224,test,bci
AfriSpeech/baoule_bci,3. ?Ngue yɛ é wá wún i like suanlɛ nga nun-ɔn?,Baoulé,AfriSpeech,6.747,test,bci
AfriSpeech/baoule_bci,"4. ?Kɛ sran’m b’a sɔman jasin fɛ’n nga Zezi boli’n nun’n, ngue yɛ w’a yoman-ɔn?",Baoulé,AfriSpeech,9.128,test,bci
AfriSpeech/baoule_bci,5. ?Ngue ti yɛ Zezi i niaan Zifu’m be yoli i annvɔ-ɔ?,Baoulé,AfriSpeech,7.775,test,bci
AfriSpeech/baoule_bci,6. ?Ngue ti yɛ ɔ fata kɛ e tra e awlɛn e osufuɛ nga be suman Zoova’n be wun-ɔn? ( Galasifuɛ Mun 6:9 ),Baoulé,AfriSpeech,10.727,test,bci
AfriSpeech/baoule_bci,7. ?Atrɛkpa’n ngue ti yɛ Zezi i niaan’m b’a lafimɛn i su-ɔ?,Baoulé,AfriSpeech,8.08,test,bci
AfriSpeech/baoule_bci,8. ?Ngue ti yɛ e osufuɛ nga be suman Zoova’n be kwla kan e ndɛ tɛ annzɛ be kwla yo e tɛ-ɔ?,Baoulé,AfriSpeech,9.956,test,bci
AfriSpeech/baoule_bci,"10. ?Sɛ sran’m be kan e wun ndɛ’n, wafa sɛ yɛ e kwla yo kɛ Zezi sa-ɔ?",Baoulé,AfriSpeech,7.795,test,bci
AfriSpeech/baoule_bci,"9. ?Ngue yɛ ɔ kwla yo maan e osufuɛ nga be suman Zoova’n, be kwla kaci e wun akunndan nga be bu’n niɔn? ( 1 Piɛli 3:1, 2 ) (An nian foto mun wie.)",Baoulé,AfriSpeech,11.41,test,bci
AfriSpeech/baoule_bci,11. ?Wafa sɛ yɛ Zezi nin i niaan’m be trannin-ɔn?,Baoulé,AfriSpeech,7.586,test,bci
AfriSpeech/baoule_bci,12. ?Ngue ti yɛ e lafi su kɛ cɛn wie lele’n e osufuɛ wie’m be kwla kplin su kɛ bé sú Zoova-ɔ?,Baoulé,AfriSpeech,11.415,test,bci
AfriSpeech/baoule_bci,14-15. ?Wafa sɛ yɛ e kwla kle e osufuɛ’m be kɛ e klo be-ɔ? An fa sa kun yiyi nun.,Baoulé,AfriSpeech,11.564,test,bci
AfriSpeech/baoule_bci,"13. ?Kannzɛ bɔbɔ ninnge nga e yo be Zoova i sulɛ’n nun’n be fa e blɛ kpanngban’n, ngue yɛ ɔ fataman kɛ e ɲin kpa su-ɔ?",Baoulé,AfriSpeech,11.866,test,bci
AfriSpeech/baoule_bci,16. ?Wafa sɛ yɛ Zezi kleli kɛ i niaan bian Zaki i ndɛ lo i-ɔ? (An nian ja ngua lɔ ndɛ’n wie.),Baoulé,AfriSpeech,8.149,test,bci
AfriSpeech/baoule_bci,17. ?Wafa sɛ yɛ e kwla nanti afɔtuɛ ng’ɔ o Rɔmunfuɛ Mun 12:15 nun’n su-ɔ? (An nian foto’n wie.),Baoulé,AfriSpeech,8.752,test,bci
AfriSpeech/baoule_bci,18. ?Wafa sɛ yɛ e kwla nian Zezi i sɔnnzɔnfuɛ Andre i ajalɛ’n su-ɔ?,Baoulé,AfriSpeech,8.525,test,bci
AfriSpeech/baoule_bci,"19. ?Kannzɛ e osufuɛ’m be wunman sa nga ti yɛ e yoman ninnge wie mun’n i wlɛ kpa’n, wafa sɛ yɛ ɔ fata kɛ e nin be e tran-ɔn? ( 1 Piɛli 3:15 )",Baoulé,AfriSpeech,11.211,test,bci
AfriSpeech/baoule_bci,20. ?Ngue ti yɛ Zaki i su ndɛ’n wla fanngan-ɔn?,Baoulé,AfriSpeech,7.782,test,bci
AfriSpeech/baoule_bci,21. ?Ngue ti yɛ ɔ fataman kɛ e yaci e osufuɛ’m be ye yolɛ-ɔ?,Baoulé,AfriSpeech,9.151,test,bci
AfriSpeech/baoule_bci,?Á trán be aja kun annzɛ be sɛ kun bo?,Baoulé,AfriSpeech,5.645,test,bci
AfriSpeech/baoule_bci,"Kɛ sran kun ɔ́ já bla annzɛ bian’n, annzɛ kɛ ɔ wu mɔ bé yó i sɛ’n i osufuɛ’m be trɛn i bo. Kwlaa naan w’a fa ajalɛ kɛ á trán be bo wie’n, bu Biblu’n nun ndɛ nga’m be akunndan.",Baoulé,AfriSpeech,13.494,test,bci
AfriSpeech/baoule_bci,"?Bé yó ninnge wie mɔ Zoova i klun jɔman su-ɔ? ( 2 Kor. 6:14, 15 )",Baoulé,AfriSpeech,4.214,test,bci
AfriSpeech/baoule_bci,"?Ɔ osufuɛ’m be si kɛ sɛ be su yo ninnge wie m’ɔ nin Biblu’n nun ndɛ’m be kɔman likawlɛ’n, a su yoman wie?",Baoulé,AfriSpeech,6.702,test,bci
AfriSpeech/baoule_bci,"?Sɛ blɛ sɔ’n nun’n, be se ɔ kɛ a yo ninnge wie m’ɔ nin Biblu’n nun ndɛ’m be kɔman likawlɛ’n, á kwlá jrán kekle? ( Ɲan. 22:3 )",Baoulé,AfriSpeech,7.76,test,bci
AfriSpeech/baoule_bci,"Yiyi ajalɛ nga á fá’n i nun weinwein kle ɔ osufuɛ mun amanniɛn su. Ng’ɔ ti cinnjin kpa’n yɛle kɛ maan ajalɛ nga á fá’n, ɔ jɔ Zoova klun. e",Baoulé,AfriSpeech,11.12,test,bci
AfriSpeech/baoule_bci,"?Sɛ a tran aja kun annzɛ sɛ kun bo Ɲanmiɛn sulɛ wafa kun i sua kun nun’n, i sɔ’n kwla sanngan aniaan’m be akunndan’n? ( Fip. 1:10 )",Baoulé,AfriSpeech,9.0,test,bci
AfriSpeech/baoule_bci,SRAN NG’Ɔ KAN NDƐ’N: KƐNIN KIUSI,Baoulé,AfriSpeech,3.744,test,bci
AfriSpeech/baoule_bci,"MIN wla su fiman cɛn nga n boli Niyɔki Betɛli’n lɔ junman dilɛ bo’n i su le. Fluwa yiwlɛ lɔ yɛ be fa min ɔli-ɔ. Kɛ n wluli lɔ cɛ’n, mannzin mɔ be kpla dan’n yɛ n dun mmua sieli i nzɔliɛ-ɔ. Asa’n, kɛ bé yí fluwa’n ndutre ng’ɔ fite’n nin mannzin ngo’n i nvan’n be deli lika wunmuan’n.",Baoulé,AfriSpeech,20.759,test,bci
AfriSpeech/baoule_bci,"N sieli like kaka nzɔliɛ. Sanngɛ like ng’ɔ yoli min ɲɛnmɛn kpa’n, yɛle aniaan nga be di junman lɔ’n. Gbanflɛn nin talua nga be o lɔ’n, junman kunngba’n yɛ be di i sa trilili-ɔ. Asa’n, sran’m be wunman be. Ɔ nin i sɔ ngba’n, be tu be klun be di junman’n aklunjɔɛ su. Be ayeliɛ sɔ’n ti’n, n wunnin like nga be flɛ i kɛ be kan be wun ase be su Ɲanmiɛn’n i wlɛ kpa.",Baoulé,AfriSpeech,22.582,test,bci
AfriSpeech/baoule_bci,"Kɛ ɔ fɛ i lɛ’n, Zoova ukali min afuɛ kpanngban naan n kaci i sufuɛ kpa. Sanngɛ maan n dun mmua n kan blɛ mɔ ń kúnndɛ nanwlɛ’n i ndɛ n kle amun. Blɛ sɔ nun’n nn n ti budafuɛ.",Baoulé,AfriSpeech,12.367,test,bci
AfriSpeech/baoule_bci,MIN KAAN NUN YƐ N BOLI ƝANMIƐN KUNNDƐLƐ BO-Ɔ,Baoulé,AfriSpeech,3.749,test,bci
AfriSpeech/baoule_bci,"Be wuli min Etazinin lɔ klɔ nga be flɛ i kɛ Sikago’n su. Lɔ yɛ n ɲinnin-ɔn. Be wuli e nnan, min yɛ n ti ba kpɛnngbɛn’n niɔn. Min si nin min nin be jasoli Zapɔn lɔ be bali Etazinin wa. Afin be buli i kɛ wa yɛ be liɛ yó ye-ɔ. Be kunndɛli kɛ be mma’m be wɔ suklu kpakpa’m be nun naan be kaci sran dan.",Baoulé,AfriSpeech,19.79,test,bci
AfriSpeech/baoule_bci,"I nun mɔ n le afuɛ nso’n, cɛn kun’n n niannin amuin ba ng’ɔ o e awlo lɔ’n i siin. Kpɛkun n usali min wun kɛ: ‘?Sɛ n wu’n, min liɛ yó sɛ?’ Budafuɛ’m be waan sɛ sran kun wu’n, ɔ kaci aolia nun sran. Ɔ maan n seli min wun kɛ i sɔ’n kle kɛ cɛn kun’n, n su tranman lɛ kun. Afin kannzɛ bɔbɔ n kaci aolia nun sran’n, sanngɛ n su kwlá yoman ninnge nga klɔ sran’m be yo’n kun. I sɔ’n yoli min ya dan. Kpɛkun min wla ka lɛ boli min wun.",Baoulé,AfriSpeech,26.074,test,bci
AfriSpeech/baoule_bci,N YACILI INIVƐSITIE KƆLƐ NAAN Ń KÁCI ATIN BOFUƐ,Baoulé,AfriSpeech,4.51,test,bci
AfriSpeech/baoule_bci,"I nun nga bé yó min batɛmun’n, nn n di suklu inivɛsite dan kun nun naan ń fíte dɔɔtrɔ. Min si nin min nin be boli kalɛ dan kpa naan m’an kwla di suklu sɔ’n. N kwla di suklu sɔ’n n guɛ i bo. Sanngɛ like nga n kunndɛ’n yɛle kɛ ń tú min klun ń sú Zoova, naan ń kaci blɛ kwlaa nun Ɲanmiɛn junman difuɛ.",Baoulé,AfriSpeech,20.362,test,bci
AfriSpeech/baoule_bci,"Min wun fali min feke dan! Afin siɛn’n, n kwla fa min wun wlɛ i blɛ kwlaa nun Ɲanmiɛn junman’n i dilɛ’n nun. Ɔ maan afuɛ 1984 nun’n, n kacili titi atin bofuɛ.",Baoulé,AfriSpeech,12.523,test,bci
AfriSpeech/baoule_bci,ZOOVA UKALI MIN BLUKLININ BETƐLI’N NUN LƆ,Baoulé,AfriSpeech,4.18,test,bci
AfriSpeech/baoule_bci,"Kɛ ɔ dili anglo nɲɔn kun’n, be fali min ɔli asɔnun bo kun mɔ be yo aɲia mun Zapɔn aniɛn’n nun’n i nun. Kɛ n suannin Zapɔn aniɛn’n, n kwla yoli ninnge kpanngban Zoova i sulɛ’n nun. Afuɛ 1989 nun’n, n trannin Zapɔn aniɛn’n nun aɲia dan kun mɔ be yoli i Kalifɔɔnin lɔ’n i bo. Aɲia sɔ’n i bo’n, n fali min ɲin sieli i aniaan bla kun m’ɔ yili anɔ’n wie’n i su. Be flɛ i kɛ Miwako Onamin.",Baoulé,AfriSpeech,29.222,test,bci
AfriSpeech/baoule_bci,ZAPƆN LƆ BETƐLI LƆ JUNMAN DILƐ’N NIN ATIN BOLƐ JUNMAN’N,Baoulé,AfriSpeech,6.342,test,bci
AfriSpeech/baoule_bci,"Afuɛ 1992 nun’n, e jali. Kpɛkun e nɲɔn’n e dili junman Betɛli ng’ɔ o Bluklinin lɔ’n nun. Miwako klo sran, yɛ ɔ sisimɛn i bo naan w’a ukɛ i wiengu mun. I ajalɛ kpa’n ukali min naan e nin min wiengu mun y’a tran klanman kpa w’a tra laa’n. Nanwlɛ, Zoova bɔbɔ yɛ ɔ fɛ i mannin min-ɔn. Kɛ e nin i e o’n, min klun jɔ dan.",Baoulé,AfriSpeech,22.711,test,bci
AfriSpeech/baoule_bci,"Kɛ ɔ́ kɔ́ i ɲrun’n, Miwako i si nin i nin mɔ be o Zapɔn lɔ’n, be wa tɔli tukpacɛ kekle kpa. Ɔ maan anuannzɛ’n kplinnin su kɛ e ko di junman Zapɔn lɔ Betɛli’n nun. I liɛ’n, e kwla ko nian be lika cɛn kunngun. Ɔ maan afuɛ 1999 nun’n, e ko trannin Zapɔn.",Baoulé,AfriSpeech,20.016,test,bci
AfriSpeech/baoule_bci,"Sanngɛ kɛ mɔ e ninnge yolɛ wafa’n timan kun’n ti’n, ɔ ju wie’n, n wunman sa nga ti yɛ be fali ajalɛ wie mun’n i wlɛ. N wunnin i wlɛ kɛ ɔ fata kɛ n tra min awlɛn. Kɛ ɔ́ kɔ́ i ɲrun’n, n kacili min akunndan bulɛ wafa’n. N wunnin i wlɛ kɛ ajalɛ kwlaa nga e fa m’ɔ nin atin nga Zoova i anuannzɛ’n kle e’n be kɔ likawlɛ’n, Zoova yra su. I kwlaa yoli-o, Zoova bɔbɔ yɛ ɔ yo maan i bo’n gua kpa-ɔ.",Baoulé,AfriSpeech,25.002,test,bci
AfriSpeech/baoule_bci,"Min nin Wilsɔnun, i yɛ ɔ kleli min Biblu’n nun like-ɔ.",Baoulé,AfriSpeech,11.822,test,bci
AfriSpeech/baoule_bci,N KLO KƐ ZOOVA UKA MIN TITI NAAN MIN NZUƐN YO KPA TRA LAA’N,Baoulé,AfriSpeech,5.137,test,bci
AfriSpeech/baoule_bci,"Min si nin min nin be tanndanman min ɲrun kun. Yɛ be nin-a suman Zoova. Sanngɛ Zezi seli kɛ sran nga i dunman nun ti’n ɔ yaci i osufuɛ mun’n, blɛ nga e o nun yɛ’n nun’n, ɔ́ ɲán osufuɛ kpɛ ya tra su. Yɛle kɛ sran kpanngban ng’ɔ nin be su Ɲanmiɛn’n, be yɛ bé káci i osufuɛ mun-ɔn. ( Mar. 10:​29, 30 ) Ndɛ sɔ’n kpɛnnin su min lika. Aniaan nga be kleli min kɛ be klo min naan min ndɛ lo be’n, be sɔnnin dan, n kwlá kaman be.",Baoulé,AfriSpeech,26.551,test,bci
AfriSpeech/baoule_bci,N su fa Bluklinin lɔ fluwa yiwlɛ’n n kle aniaan wie mun.,Baoulé,AfriSpeech,13.42,test,bci
AfriSpeech/baoule_bci,"Fluwa nga Wilsɔnun fa mannin min’n, andɛ nin andɛ ɔ te o min sa nun. Kɛ n nian fluwa sɔ’n, min wla kpɛn wafa nga Zoova ukali min blɛblɛblɛ naan m’an kwla su i’n i su. ( 1 Ɲol. 28:9 ) N klo kɛ ɔ uka min titi naan min nzuɛn’n yo kpa tra laa’n. Yɛ m’an fua kpa kɛ ń úka min wiengu mun titi naan be si ndɛ nanwlɛ’n naan be ɲan nguan m’ɔ leman awieliɛ’n.",Baoulé,AfriSpeech,24.961,test,bci
AfriSpeech/baoule_bci,Cɛn nga e jali’n.,Baoulé,AfriSpeech,4.484,test,bci
AfriSpeech/baoule_bci,Min nin Mikiko Oda nin i wun’n.,Baoulé,AfriSpeech,5.733,test,bci
AfriSpeech/baoule_bci,E nin Miwako e su bo jasin fɛ’n Okinawa wa.,Baoulé,AfriSpeech,6.825,test,bci
AfriSpeech/baoule_bci,N su di junman Zapɔn Betɛli’n nun.,Baoulé,AfriSpeech,9.373,test,bci
