id,speaker_id,text,locale,gender,split,langue,source
bau_JH_JH_BCI_2_143,JH,Houphouet Boingy ɛ ɔ yeli e mansu siesielɛ kli kli non kɔkun ɔ ɔli suglu flɔfuɛ me n'vle nun lɔ.,bau,unknown,test,Baoulé,Google WaxalNLP
bau_RK_RK_BCI_2_188,RK,"Noɛli cɛn’n, ɔ ti Zezi Klist i awuliɛ cɛn’n.",bau,unknown,test,Baoulé,Google WaxalNLP
bau_JK_JK_BCI_5_254,JK,"Laa kun, blolɔ adua ni gboclo  be ti djanvuɛ’n.Tchin kun’n, gnanmien  ɔ mlanmlan ufue kun fiteli gnanmien su lɔ. Blolɔ adua fuli gnanmien mlanmlan ufue su lɔ yɛ ɔ di yi bue kun, ɔ buli i kɛ ɔ ti dui.

Kɛ ɔ vieli i di’n i, ɔ flɛli gboclo  kɛ: “Mi nianman bla, tra min nun pka, afin n le nige kun mɔn ye wa tchɛ nun ɔn. gboclo  trɛli i nun, kpɛkun ɔ djrannin i tɔlɛ’n.

Kpɛkun,gboclo  fuli gnanmien ufue su, kpɛkun i bɔbɔ dili i bue kun. Kɛ ɔ vieli i di'n , ɔ flɛli blolɔ adua kɛ: “Mi nianman yasua, tra min nu kpa.

Blolɔ adua yoli i wun kɛ wa trɛ i nu sa, sanngɛ i sin’n, ɔ tu sinnin atin’n su kasiɛn’n nun. gboclo tɔli asiɛ wun lɔ, kpɛkun ɔ yoli i like yaya.

Kɛ ɔ fɛ li tchin sɔ’n su’n, gboclo  i sin dja’m be ti tika kan be tra i nrun dja’m be liɛ’n. Ɔ ti e wlua kpɛnlɛ like kɛ ɔ fata kɛ e nian e sasa e hun  be nga be clua lafiman be su’n be lika titi.",bau,unknown,test,Baoulé,Google WaxalNLP
bau_JK_JK_BCI_4_227,JK,"Sipɔri ɔ ti ninge kun mɔn ɔ ti sran be ngban be liɛ asiɛsuwa. I sɔ ti, be angundan kun sekɛ n'vle n'ga be ya sipɔri be ti  awluabɔɛfuɛ n'vle . N'vle sumanlika be fa sipɔri yi kin n'kin , kɛ be fa sin Greki mɔn ɔ dju Romu ni Ameriki  ɔni Asie be kluaklua be fɛ yi kin n'kin .Kɛ ɔdju blɛ vienu ba tannin n'vle viemu sipɔri viemu yi ya tin yɛ lɛ Anglɛ. Anglɛ be m'mla mi wan n'gua n'ga be flɛ yi krikɛti ɔ kɔ man m'mlasu. Isɔ sipɔri liɛ ni vie mun ekun be jran ni be ɔ sran kun n'ga ayo isɔ sipɔri liɛ be luɛ bisua afuɛ n'san [3]. Ɔ ni i sɔn m'gbaliɛ sran viemu be tɛ yo.

sipɔri ɔ ti kɛ blɔfuɛ flua n'ga esuan sa, kɛ be tin n'ga be fa boun angundan n'ga flua sin fuɛ dandan be suan sa. Filosophu dan n'ga be flɛ yi Pythagore ɔ ti sran n'ga ɔ nyɛ ni sipɔri n'ga be tun n'goni, yɛ wa yo be klefuɛ.

Rɔmu be famien di lɛ lika nɔn , be fa nanni kpangɔ yɛ be fa tun n'go ni niɔn san n'gɛ nan kɛ be kpɔ be hun tiɔ.I sɔ n'gua liɛ ɔ nunun yi gblugblu  n'ti , siin'nin wandiwa yɛ nanni kpangɔ be yɔ.Siin n'in banon bowa yɛ wua kaki sipɔri yi kliki niɔn.

sɛ n'gɛ n'vle vienu ɔ kaki, blɔfuɛ be lɔ liɛ banon ɔ ti man sipɔri klikli san n'gɛ ɔ ti yi n'gnon sun. Be liɛ be klo Tenisi. Indi ni Pakistan be klo krike. Amlinkin be liɛ be klo Basikɛti ni Banon.

N'dɛ n'ga sipɔri wa yo man min humuan wa yo kun.Sipɔri yi annuanzɛ  be flɛ yi FIFA ɔ sie mla kɛ sran kluaklua n'ga be wo minnu be klɔ yɔ lɛ lika n'gba.",bau,unknown,test,Baoulé,Google WaxalNLP
bau_JK_JK_BCI_2_190,JK,"Sekewa i lcɛnba kun[1]su’n, Ivoirien mun be srɛ man be nga be numannu kun mon ba kaki sanwun’n,isɔ cɛn ɔti beliɛ.",bau,unknown,test,Baoulé,Google WaxalNLP
bau_JK_JK_BCI_2_138,JK,"Nzue ba dan benin yɛ ɔ kpɛ Mali lɔ ɔ?

Nzue ba dan ng’ɔ sin Mali lɔ’n yɛle Nizɛr.",bau,unknown,test,Baoulé,Google WaxalNLP
bau_KK_KK_BCI_2_155,KK,"Abidjan,
Yamoussoukro, 
Parc national de la Taï,
Chutes de Man,
Parc national de la Comoé,
San Pedro,
Baie de Cocody,
Mont Nimba,
Basilic,
Parc national de la Marahou,
Grand-Bassam,
Assinie,
Korhogo,
Region de 18 Montagnes,
Lac au Caïman,
Sassandra,
Lac de Kossou,
Ile Bouley,
Nzi River Lodge,
Bingerville,",bau,unknown,test,Baoulé,Google WaxalNLP
bau_KK_KK_BCI_1_8c,KK,Tshua sran onzanni I kɔminu.,bau,unknown,test,Baoulé,Google WaxalNLP
bau_RK_RK_BCI_2_101,RK,"[1] kun. M'mla'n man i wun ati'n kɛ yasua kun ni bla kun be kɔ nyi'n, ɔ lɛ man kɛ be akpasua ti n'gumi'n  n'gumi'n, ɔ lɛ man kɛ be n'vle ɔ ni be nyanmiɛn n'ga ba su i'n be ti n'gumi'n n'gumi'n, be klwa ja yɛ be klwa nyaan be bɔbɔ be awlo. Like n'ga m'mla man i wun ati'n aja'n i nu lulɛ nun, ni aja'n nun, be nu titi lɛ nu o, sran fi liɛ tra man i wie'ngu. 
[2 ] Nyonn. Sɛ yasua kun ni bla kun be ja'n, man ɔ yo be nyɔn be klu'n su, nan man ɔ yo mianlɛ su.
[3] N'san. Awlo'n ti like bɔ nyanmiɛn yɛ ɔ sieli lɛ ɔ, ɔ ti mɛn i bo bia a, yɛ ɔ ni fata kɛ'ɛ e sɛsɛ.",bau,unknown,test,Baoulé,Google WaxalNLP
bau_JK_JK_BCI_2_122,JK,Cocody ɔ ti Abidjan apkasua kun mon o clɔ i afien.,bau,unknown,test,Baoulé,Google WaxalNLP
bau_JH_JH_BCI_3_211,JH,"Brezili jaso li fue cɛn konguɛ n'zue i le [30] ablassa su’n, afuɛ [82] ablamɔjuɛ nin n'gnon nun’n, i kpɛ klikli n'gna Pelé m’ɔ ti balɔn bofuɛ’n i “famiɛn’n” m’ɔ wuli, m’ɔ ti nvle’n i nun fuɛ. Pelé m’ɔ fali Coupe du Monde n'san’n, mɔ sran sunman be bu i kɛ ɔ ti n'gua ganfuɛ dan kpa, i juejue yolɛ’n w’a yo kekle w’a di anglo kpanngban: kansɛr nɛ ɔ yoli non, kɔkun i kungba nɔ  kunli non , kɔkun sekewa i awieliɛ lɔ’n, be luɛli i dɔɔtrɔ lɔ Sao Paulo lɔ. Be sieli i djɔlɛ cɛin kun nun’n, be yo i alobofuɛ’m me gnunmin be nika, kɔ e sɔ nin i ma me’m sun.

Sran me aklunjuɛ  mlinlɛ.  Sran me aklunjuɛ i mlilɛ yɛle nnɛ ng’ɔ ti jrannin. Kɔ ɔ fɛ i afuɛ [1960] akpi kun ya n'gnlan ni ablossiɛn  i bo bolɛ nun’n, Pele m’ɔ ti Brezili lɔ balɔn bofuɛ dan kpafuɛ’n i wun lɛ.  Sanngɛ, kɛ nga Pelé uli, Garrincha wa kloua siman be wun kpɛlɛ le, ɔ maan ɔ luli n'zan nɔnlɛ’n nun.  
Ɔ yo kɛ wafa nga fa go ngowa sangɛ ɔ timan su, ɔ sanngan sran me akunndan.  I wafa ngna fa yo ninnge mun’n, mɔ man ɔ tɔ akplowa dan’m be nun’n, ɔ kleli “niike yilɛ” ng’ɔ timan kun’n, m’ɔ lɛman wunsu’n, mɔ junman difuɛ nga be siesie be wun’n, be yili i nglo mɛn nga be flɛ i kɛ usine mɔ be le junman difuɛ’m be klɔ’m be nun’n.  Kɛ afuɛ [1983] akpi kun ya n'glan ablasan ni n'san , junman difuɛ laa sɔ’n wuli’n, ɔ yoli kɛ aklunjuɛ nga sran’m me dili’n, mɔ afuɛ [1950] akpi kun ya n'glan ni ablonu nun sika ndɛ’n yoli dan’n, ɔ nin Brezili lɔfuɛ’m be klualɛ dan n'gna be yoli i Coupe du Monde nun’n, ɔ yoli kɛ w’a mlin sa.",bau,unknown,test,Baoulé,Google WaxalNLP
bau_JH_JH_BCI_1_38C,JH,Fluwa me suman kpa be gua asiɛun.,bau,unknown,test,Baoulé,Google WaxalNLP
bau_JH_JH_BCI_1_41,JH,"Aunkpan  i nglo yilɛ kle kɛ fue cɛn nglɛmun dɔ kun su,  lika ne yo degre blu ni kun , yɛ nzue’n ne tɔɔ kan, nzue’n kla tɔ yju su, lika ne yo mlanmlanmlan ju degre ablosso, yɛ aunkpan  ne fita kilo m'siɛn  dɔ kun nun.  Le mɔcuɛ’n i umuan nun’n, lika ne i o dolɛ’n  blɛblɛblɛ, kpɛkun nglɛmun nun’n, lika’n i dolɛ’n ne ju degre ablaunikun. Kɔ fɛi anɛ kissie mɔ ɔ fa ju aiman nɔsoinu dɔ nssan su aongban ne fita lele nika ne jɛin.",bau,unknown,test,Baoulé,Google WaxalNLP
bau_KK_KK_BCI_1_51,KK,"Le mɔcuɛ ngɔ ba lɔ nu, via ni bo man dan, Kɔfɛ kissie mɔ fa ju mlan, via nfite dɔ nso [7a.m] su, yɛ ɔ tɔ dɔ nnun [5 p.m] su ndɔsua nu.

We ni ya cɛn kusuman, ɔ fite dɔ nsiɛn su. I midisu, waa bɔ dan lee fa ju dɔ nnan su, yɛ kɛ be se kɛ sɛn'zɛsu [4 p.m], waa kɛn i wun asse.

Fue ni monnɛn, lika jɔ fɔ'n nglɛnmu lee ndɔsua, yɛ i degle too degle blu ni nnun [15°C].",bau,unknown,test,Baoulé,Google WaxalNLP
bau_JK_JK_BCI_5_245,JK,"Nzue yɛ wa kun bulɛ kun nin bua ba kun be bali nzue ba kunngba’n nun.Bulɛ djrannin nglo lɔ, yɛ bua ba’n djrannin dja n'gualɔ. Bulɛ m’ɔ kunndɛ like nige n'ga ɔ fa wa sun nan ɔ di bua ba’n, ɔ seli i kɛ: “Nguɛ ti yɛ kɛ n su nɔn nzue’n, a katali min nzue’n su-ɔ?
Bua ba’n mɔ srɛ kunnin i’n, ɔ seli kɛ: “Sanngɛ n o ɔ wun lɛ. Ɔ fata kɛ nzue’n sin nzue’n i nglo lɔ naan wa dju min wun lɔ.
Bulɛ wa famansu. Ɔ seli kɛ: “I anglo nsiɛn yɛ, a mu kannin min wun ndɛ tɛ.
Bua ba’n seli kɛ: “Sanngɛ wu be nan wuman min bɔbɔ anglo nsiɛn yɛ!”
Bulɛ seli kɛ: “Ɔ maan ɔ si yɛ ɔ kannin ndɛ sɔ mun ɔn. Kɛ ɔ kannin sɔ’n, ɔ tɔli bua ba’n su, ɔ dili.
Ndɛ sɔ’n i bo’n yɛle kɛ vie liɛ’n, kannzɛ amun yo like yi gba, sanngɛ sran kun o lɛ titi mɔn kunndɛ like ngɔ fa yo amun like yaya’n niɔn.Nan mun yaki amuunnu sran sɔ be te amun ase. A yo kɛ amun fati sa yɛ amun pkli nigua n'ga amun fali yi sun i ti .",bau,unknown,test,Baoulé,Google WaxalNLP
bau_KK_KK_BCI_5_248,KK,"Kɛ wo kun su si bo i afiɛn, ɔ ni'n tui gualɛ lika kun be yiali. Ɔ kunndɛli kɛ ɔ si ninnge sɔ junman nga be di, ɔ ni mannzin nga be ti abonuan, ɔ maan ɔ tɔli .

i sua i klun lɔ. Kɛ ɔ nian lika nun, ɔ tɔli file kun su mlɔnmlɔn. Dosiɛ sɔ kpɛli i kplo, kpɛkun wo fali ya dan kpa. Ɔ jranni seiin, kpɛkun ɔ toli i wunnɛn, ɔ siesieli i wun kɛ ɔ bo.

Sanngɛ kɛ ɔ tikeli i nuan naan ɔ kɛ, ɔ wunnin kɛ blalɛ yɛ be fa yoli file nion. Wo i nyinma’m be klua cɛcɛmɛn i bɔbɔ.

Wo fali ya dan kpaɔ,an ɔ gua li ngzsrɛ. Sanngɛ file srili sa ngbɛn.

Dosiɛ seli kɛ: “A kwls yoman mi'n like tɛ.” 'Be fa blalɛ be yo mi. A ti wo sa ngbɛn.''

Wo, nyannzuɛn kunni i dan ti, ɔ wanndili. I mɛn dilɛ nun, nyannzuɛn ni a kunmɛn i sɔ le.

Ndɛ sɔ i bo nyɛle kɛ ɔ ti cinnjin kɛ a si ɔ kpɔfuɛ. Wo buli  kɛ ɔ le wunmiɛn, yɛ ɔ le wunmiɛn, sanngɛ ɔ nin blalɛ be timan kun.

Maski klikli’n
Baoulé klɔ’n su lɔ’n, be le nzuɛn kun mɔ be fa yo sran’m be ɲrun tralɛ’n naan b’a di cɛn sɔ mun ɔn. Gbanflɛn kan kun m’ɔ fali i nannan’m be ndɛ’m be su’n, ɔ yili maski kun m’ɔ ti klanman kpa’n, m’ɔ ti mlanmlanmlan’n, ɔ maan kɛ bé bó able klikli’n, ɔ fali klɔ wunmuan’n i awlɛn’n. Maski’n i klanman’n nin i wafa ng’ɔ ti klanman’n, be kan laa ndɛ mun, kpɛkun be fa able sifuɛ’m be nin be bo bolɛ’n be kɔ likawlɛ. Kɛ ɔ fɛ i cɛn sɔ’n nun’n, Maski’m be cɛn dilɛ’n kacili Ɲanmiɛn sulɛ wafa kun, afuɛ kwlaa nun’n, be di i aklunjuɛ su kpa, yɛ be di i juejue su. Ndɛ sɔ’n kle kɛ like yilɛ’n, ɔ nin lã ninnge’m be ɲin yilɛ’n, ɔ ti cinnjin kpa",bau,unknown,test,Baoulé,Google WaxalNLP
bau_KK_KK_BCI_4_234,KK,"Abijan yɛ ɔ ti Cɔt divua blɔfuɛ klɔ nga sran’m be sonnin su ɔ. Ka nan ba fa klɔ dan ba wɔ yamusuklɔ afuɛ akpi kun ya ngluan ablaɔcuɛ ni nsan [1983] nu, Abijan yɛ ɔ yo. Kɛ ɔ fi’n i afuɛ akpi nyon blu ni kun [2011] su, ɔ kacili i bɔbɔ i tian’n distriki. I trɛ lɛ ti kilometri care akpi nyon ya nnan abla’n ni nyon [km²2422] m’ɔ ni alo bo blu be kan be bo bo nun. Abijan klɔ laa, ɔ nin klɔ kanngan nnan mɔ laa be ti klɔ kanngan, sanngɛ siɛn, Abijan klɔ wa di be.
 
Abijan klɔ, ɔ ti Cɔt divua sika ndɛ klɔ dan. I klɔ nvɛn su lɔ, sran nga tran lɔ be ti  [5.616.633] akpin’gbi nnun akpi ya nsiɛn blu ni nsiɛn ya nsiɛn ablasan ni nsan, kɛ be ka be, sran [6.321.017] akpin’gbi nsiɛn akpi ya nsan abla’n ni kun sran blu ni kɛ e fa ese andɛ be tran Abijan klɔsu. Kɛ be fɛ i sɔ liɛ fa sun’wu Cɔt divua nvle su sran be ngba, be ti bee abla’n ni kun ni si’n ya su [21,5%].

 Abijan nvle su sran mu, be son ni tra ye sran ble be nvle nga be kan blcfuɛ mu mon be mantan ewa asa su. Ekun, ɔ ti klɔ dan be nyon su sran ble blɔfuɛ kan fuɛ be mɛn nwa. Mɛn nu klɔ nga be kan blɔfuɛ ɔ ti be nsan su. Legɔsu klɔfuɛ mu yɛ be tra Abijan liɛ mu ɔ.
Be fa Abijan nvle nkɛ sran ble mɛn i via afiliɛ lɔ lika i nunfuɛ mu be nzuɛn i afiɛn. Ɔ su yo dan kpa, yɛ junman dilɛ ti dan kpa, yɛ klɔ dandan’m be su yo dan kpa. Kannzɛ bɔbɔ ɔ ti Cɔte divua i klɔ dan’n, sanngɛ ɔ ti nvle i sielɛ ni’n politiki anuannzɛ’m be dan lika be tranwlɛ, yɛ ɔ te di junman dan kpa Ivoire i politiki nun.
Kɛ be nyannin be ti, afuɛ [1960] akpi kun ya ngluan ablesijn nun, klɔ nga laa sran be trannin lɔ, ɔ kacili klɔ nga be nian junman su, ɔ nin aata dilɛ lika, ɔ nin nvle siefuɛ’m be tranwlɛ. Ati’n ngɔ o Trɛsivili i nglo lɔ lika nun, mɔ kɔ avion jranlɛ, nin jenvie nuan lɔ, ɔ kaci Erɔpufuɛ mun nin Abijan lɔ sran nga be le sika be akpasua. Lika sɔ nun yɛ afuɛ [2004] akpi nnyon ni nnan, sekewa anglo nun, be yoli Flansifuɛ’m be sacilɛ nin be sa nun ninnge’m be sacilɛ nion. Kokodi klɔ, mɔ bian kun mɔ dili junman sinema nun, mɔ Zan MaraisI yoli, ɔ yoli maan sran’m be sili i kpa, mɔ sɛ ɔ ti kɛ be fali klɔ i kplanlɛ’n i ajalɛ’n su’n, nn ɔ fata kɛ ɔ yo klɔ dan kun m’ɔ ti klɔfuɛ’m be liɛ’n, ɔ kacili klɔ klanman kpa kun mɔ lɔ yɛ klɔ kpɛn i tranwlɛ, nin  Flansi klɔ I nuan I jɔfuɛ i tranwlɛ be o lɔ nion. Hotɛli Ivoua mɔ, blɛ kpanngban nun, ɔ́ yo sran kunngba cɛ mɔ nyan gliselɛ lika, ɔ nin, kɛ ɔ fɛ i afuɛ [2006] akpi nnyon ni nsiɛn nun, Amlɛnkɛn be lɔ mɛn I su ijɔfuɛ dan kpafuɛ Afriki lɔ. Lika dandan nga junman difuɛ be o lɛ, be o lika sɔ’m be afiɛn, lika nga sua be timan kpa, ɔ nin yalɛ klɔ be su sran be tulɛ, ɔ nin sran nga be fin nvle uflɛ nun be ti’n, be o lɛ, be ti dan kpa.
Afuɛ [1983] akpi kun ya ngluan ablaɔcuɛ ni nsan nun, klɔ nga be flɛ i kɛ Yamusuklo mɔ o nvle i afiɛn lɔ, ɔ kacili Côte d’Ivoire i klɔ dan uflɛ ngɔ nian mɛn i sielɛ nin politiki be su, i su kpɛn yɛle Felisi Ofuɛ Buanyi mɔ fin lɔ. Ɔ lafili su kɛ ɔ́ kaci i klɔ. klɔ nga be wuli i, ɔ kacili Brezili lɔ lika kun mɔ be flɛ i kɛ Afriki kacɛ. Klɔ dan uflɛ sɔ, ɔ ti atin cinnjin kpa kun mɔ tra aata diluɛ dan nion, sanngɛ wa kataman Abijan su le nige yiluɛ lɔ, aata dilɛ nin sika ndɛ be nun.
Kɛ ɔ fɛ i afuɛ [1999] akpi kun ya ngluan ablangluan ni ngluan nun, Kɔdivua lɔ politiki nin sika ndɛ i nun sanvuɛsa, ɔ tuli Abijan i fɔ.
Kɛ ɔ fɛ i afuɛ [1980] akpi kun ya ngluan ablaɔcuɛ nun, kannzɛ bɔbɔ be yoli kpa, sanngɛ e wunnin kɛ, kɛ mɔ sran nga be nian junman su be nianman be wun su, ɔ nin sa tɛtɛ nga be yo ti, Abijan klɔ wa saci dan, yɛ i nun fiɛn wa yo tɛ kpa. Afuɛ [2006] akpi nnyon ni nsiɛn nun, ninnge nga be saci lika mɔ be gua be nvlefuɛ’m be lika nga be gua lika be nun, be fa yoli sran’m be are dan, ɔ ti i sɔ i nzɔliɛ like kun, ɔ nin nyrɛnnɛn mɔ fataman kɛ be yo. I sɔ ndɛ nun, laa siefuɛ Piɛri jeji Amonji, mɔ ti sran dan kun blɛ sɔ nun, Kɔdivua lɔ siefuɛ laa Loran Gbagbo i anuannzɛ nun, mɔ be flɛ i kɛ Fron Popilɛ Ivuariɛn, i sin liɛ sasa i mɔ́ ukɛ i naan wa diman jɔlɛ.
Afuɛ [2004]  Akpi nyon ni nnan nun, kɛ Flansi sonja be yoli ɲin kekle mɔ be waan be saci Kɔdivua lɔ alɛ kunlɛ mmeli, Flansi Sonja be toli sran kpanngban sɔ’m be tui, kpɛkun be kunnin sran kpanngban kpa.",bau,unknown,test,Baoulé,Google WaxalNLP
bau_KK_KK_BCI_2_145,KK,Gehi Robɛ wouli alɛ blɛ nu.,bau,unknown,test,Baoulé,Google WaxalNLP
bau_KK_KK_BCI_1_33a,KK,Catavia kata ba i ti su.,bau,unknown,test,Baoulé,Google WaxalNLP
bau_KK_KK_BCI_2_107,KK,"Ran Hotel ni'n UTB loto gari be afiɛn ti nun mɛtri ya nnun. Sɛ amun kɔ lɔ, amu fite gari i nyrun ndɛnan su, yɛ amu fa bɛ su ati'n i trelee. Isi'n amu kpaci akpɔ annyaliɛ nga amu to i i fama su. Yɛ amu tɔ akpɔ dan su amu nyrun ndɛnan su televizion sua kun ji'n lɛ amu kpaci fa su Hotel su wo lɛ.",bau,unknown,test,Baoulé,Google WaxalNLP
bau_JK_JK_BCI_1_49,JK,"Nglɛmun nga, gnanmien ne mlan kan sɛ ngɛ lika vie be ti titiwa. Lika’n i gɔ ɔti , ɔ ti blu ni mɔtshuɛ degre selsisi [18°C]. Nzue su tɔman.

Kɛ lika’n wa san ,lika’n ɔ yo degre celsis ablahun ni n'gon[22°C]. Angban ɔ tu kan, sanngɛ be su minndɛman kɛ nzue tɔ.

Ndɔsua nun, kɛ ɔ yo nan  Nzue’n wa tɔ ɔ ti dan kɛ ɔ fa dju dɔ n'so sun [19h].Sɛ be sie ya , nzue yi tɔlɛ ɔti ablesien sun [60%]. Bɔlɛ ɔ wawa yɛ lika’n ɔ yo degre celsis ablahun  ablahun ni n'san[23°C].",bau,unknown,test,Baoulé,Google WaxalNLP
bau_JK_JK_BCI_1_82,JK,N'san ni bue mɔtshuɛ  kpɛ mɔtshuɛ  ɔ yo n'san,bau,unknown,test,Baoulé,Google WaxalNLP
bau_KK_KK_BCI_2_204,KK,Be wuli Akisi i Angbɔ anglo nu.,bau,unknown,test,Baoulé,Google WaxalNLP
bau_JK_JK_BCI_2_180,JK,"Aliɛ benin yɛ ɔ ti Ivoirien lɔ aliɛ nga be si i li ka kpa’n niɔn?

Manda aliɛ ni ahe tro ,be sii mɛn umuan nun.",bau,unknown,test,Baoulé,Google WaxalNLP
bau_JH_JH_BCI_1_25B,JH,Gnanmiɛn flɛwa dɔ nan ju.,bau,unknown,test,Baoulé,Google WaxalNLP
bau_JH_JH_BCI_1_70,JH,Blu ni kun tata blu ni kun su man ya kun ablaun ni kun.,bau,unknown,test,Baoulé,Google WaxalNLP
bau_JH_JH_BCI_2_130,JH,Muamedi flɛ gnamiɛn ya jin klua klua nɔsoi nun dɔ n'nan su.,bau,unknown,test,Baoulé,Google WaxalNLP
bau_RK_RK_BCI_2_125,RK,"Plato'n [Abidjan] : Aata diwlɛ lika kun mɔ i sua’m be ti nglo lɔ’n, ɔ nin klɔ’n i lika’n.",bau,unknown,test,Baoulé,Google WaxalNLP
bau_JK_JK_BCI_2_142,JK,"Kɛ Félix Houphouët-Boigny fali nvle’n i nrun mmuammua kpa afuɛ 1960 nun’n, be sekɛ ɔ ti Ivoirien nvle’n i si .",bau,unknown,test,Baoulé,Google WaxalNLP
bau_RK_RK_BCI_1_92,RK,Yao i wulɛ cɛn yɛlɛ anglo blu su i cɛn ba blu nu dɔ blu ni bue.,bau,unknown,test,Baoulé,Google WaxalNLP
bau_JK_JK_BCI_5_249,JK,"Tchin kun,kann'ga n'gon be su nanti djenvie nuan lɔ. Yoko i nin’n seli i wa’n kɛ: “A nanti kanhi kpa. Ɔ fata kɛ a nanti trele, nan nanti kɔ wa kɔ wa.

Kan n'ga bakan’n seli kɛ:« sangɛ manmi , ɔ yɛ sɛ nan man clua nanti trele sɛ ananti mi bue kun?.

Kann'ga i nin’n buli akunndan kan, kpɛkun ɔ seli kɛ, « Ɔ n'dɛ ɔ yo fɛ , mien un nanti yɛ a clua fami adjalɛ nicn.Niankɛ un fa nanti sien niɔn».

Kann'ga n'ni boli nantilɛ bo trele i nru, pkɔkun Kann'ga ba’n suli i su. Siɛn, be n'gnon be boli nantilɛ klanman i bo djenvie i nuan su.

Ndɛ sɔ’n i bo’n: Adjalɛ’n yɛ ɔ ti mmla kpafuɛ’n niɔn. Sɛ amun kunndɛ kɛ sran kun yo like kun’n, ɔ fata kɛ amun kle i adjalɛ kpa.",bau,unknown,test,Baoulé,Google WaxalNLP
bau_RK_RK_BCI_2_129,RK,Mariam nin Aïcha be bo yo kun be nian Treichvilli gua’n su lɔ .,bau,unknown,test,Baoulé,Google WaxalNLP
bau_KK_KK_BCI_3_213,KK,"Afuɛ akpi nnyon abla’n ni nnyon [2022], ananya i le blu ni ngluan [19] su, be yoli  awa sɛ kun Wɛstminsi Abbey lɔ, Lɔnduru lɔ. Kɛ ɔ fɛ i Famiɛn Zɔzi nnyon su [II] i sɛ su afuɛ akpi nso ablesiɛn [1760] nun, Anglɛ famiɛn kun i sɛ sɔ ti famiɛn sɛ klikli nga be yoli i Angletɛ nvle nun lɔ, kɛ ɔ fɛ i Winstɔnu Chɛcili i sɛ su afuɛ akpi kun ya ngluan ablesiɛn ni nnun [1965]. Elizabɛti nnyon su [II] i aja, ni i ase tranlɛ yo li Abbey. Ekun Famiɛn bla i ni, mɔ ti Zɔzi nsiɛn su [VI] i yi, I sɛ yoli Abbey lɔ afuɛ akpi nnyon ni nnyon [2002] nun.
Soja be juman nga be di li i sɔ nu, ɔ la nsu, afi’n be nan yo mɛn sɔ le. Soja akpi blu [10000] yɛ be yo I sɔ liɛ non. Blɔfuɛ klɔ soja liɛ be bo li alapeli se li kɛ isɔ blɛ nu, be tra li sran ablesiɛn ni nso [67] londru lɔ kanan via wa tɔ. 
 Kɛ be ju li Wɛstminsi lɔ
Famiɛn i soja be mmeli nun cisanfuɛ be fa jrɔkɔ, be fa tui nga be siesieli kɛ be fa kɔ nvle i asieliɛ su, be fi’n Wɛstminsi lɔ sua nun lɔ be kɔ Wɛstminsi Abbey lɔ. Kɛ ɔ fɛ i kɛ Famiɛn bla Viktɔoria i sɛ su, sa tɛ kun tɔli nnɛn kpanngɔ nga be fa sran mun be su, mɔ mmeli nun cisanfuɛ’m be nun vie be fali be wun luali nun, be fali ajalɛ sɔ su be sieli Louis Mountbatten, Famiɛn Philip i nian bian i sɛ su.
Famiɛn’m be anuannzɛ nga be flɛ i kɛ Kings Conservative mɔ be o House of Commons mɔ be sieli be Truss i awa nun, be di asieliɛ i su junman. Alo i su kpɛn i ukafuɛ Jo Churchill, ɔ nin alo i sika siefuɛ Craig Whittaker, ɔ nin awlo i su kpɛn Rebecca Harris be si’n sran be fuɛn loto i nyrun lɛ. Be yoman be wun kpinngbinlɛ like ka naan ba bo sran be si’n, yɛ kɛ be fa be, depite be nun vie fi siman junman nga be di i famiɛn be sɛ be su. I nu mɔ be su kan Famiɛn i alo i sunianfuɛ uflɛ i ndɛ, 
be ni’n a wunman bla kun mɔ di junman blɛ sɔ nun i luɛ, yɛ be leman mmla kun mɔ be fa kle like ngɔ fata kɛ bla kun lua.
I lɛ nun, be se li se li kɛ midi su, nvle fa miniti nnnyon be fa tɔ ko’n.

Ka nan  famiɛn bla’n wa wu, nvle wunian di Diana Spenser mɔ ti laa Gali jaabai i vie cɛn. Kɛ Diana wuli afuɛ akpi [1997] kun y ngluan ablangluan ni nso, i le ablasan ni kun [31] su’n, Pari lɔ, Fabiɛn bla Elizabɛti nnyon su, wo Balmoral lɔ sua nun lɔ vie, nga famiɛn i awlobo’n do wumiɛn lc; Famiiɛn bla ni i anuman Wiliamu, ni Hari, yɛ Diana i wa mu yɛ be wo lɔ nion.

Utu i le [31] ablasan ni kun su, kɛ be seli kɛ be su kɔ Lɔndru lɔ kɛ nga be fa siesieli sa, nan baa tran ministri uflɛ i ase, be flɛli ministɛri uflɛ Balmoral lɔ ministɛr sua dan nu lɔ. I famiɛn dilɛ klikli su, ministri be amaniɛn su yoman  Buckingham sua lɔ.Hɛbɛti Askuiti i junman’n afuɛ [1908] akpi kun ya ngluan no mɔcuɛ nun, be fali i junman be sieli i Biarritz lɔ Édouard  nyon su. blɛ sɔ nun, Angle’m be lɔ ministɛr dan be flɛli i kɛ Viktɔli famiɛn bla.",bau,unknown,test,Baoulé,Google WaxalNLP
bau_JH_JH_BCI_2_192,JH,Tabaski ti blɛ cinnjin kpa man gnanmien flɛ fue me  nvle’n nunfuɛ be diman juman jin sɔ nu.,bau,unknown,test,Baoulé,Google WaxalNLP
bau_JH_JH_BCI_1_63,JH,Kɛ n'nun tata blu ni kun sun ɔ yo ablonu ni n'nu.,bau,unknown,test,Baoulé,Google WaxalNLP
bau_JK_JK_BCI_1_61,JK,"Kuɛ nguɛ nga liɛ lika wa do kpa , kpɔkun n'zue le tɔ.ɔ to lele.",bau,unknown,test,Baoulé,Google WaxalNLP
bau_RK_RK_BCI_1_34c,RK,Alua ɔ klo wandi wa kpa.,bau,unknown,test,Baoulé,Google WaxalNLP
bau_RK_RK_BCI_4_231,RK,"Félix Houphouët-Boigny [be wuli i afuɛ akpi kun ya n'gluan ɔ ni n'nu, Ɔktɔblu i le blun ni mɔcuɛ su Pari lɔ,  yɛ ɔ wuli afuɛ akpi kun ya  n'gluan ni ablaun'ngluan ɔ ni n'san  , Desamblu i le n'so su Pari lɔ], be flɛ i kɛ baba  Houphouët annzɛ  biɛn kpɛngbɛn, ɔ ti koriwua lɔ politikifuɛ nin dɔɔtrɔ bian kun m’ɔ ti Côte d’Ivoire lɔ kpɛnngbɛn klikli’n kɛ ɔ fɛ i afuɛ akpi kun ya  n'gluan ni abluesiɛn  nun lele m’ɔ́ fá jú  akpi kun ya n'gluan ablaun'n'gluan ni n'san  nun’n. i wie’n afuɛ yɛlɛ akpi kun ya n'gluan ni abluan'n'gluan ni n'san  nun. Ɔ ti akpasua’n i su kpɛn, ɔ dili junman kɛ sran’m be lika nianfuɛ sa, ɔ dili junman kɛ junman difuɛ’m be anuannzɛ’n i su kpɛn sa, ɔ dili fie difuɛ ka naan b’a fɛ i . Fransi lɔ Parlement nun afuɛ akpi kun ya n'nananɔ ni n'nu. Ɔ dili ministɛr junman kpanngban Aflansi lɔ awa’n nun ka naan w’a sie Côte d’Ivoire kɛ be ɲannin be ti’n afuɛ akpi kun ya abluesiɛn . I mɛn dilɛ’n nun’n, ɔ dili junman cinnjin kpa politiki nin sran ble mɛn’n i nunnunlɛ’n nun.",bau,unknown,test,Baoulé,Google WaxalNLP
bau_RK_RK_BCI_1_33c,RK,Afue ɔ fa i katawia ɔ kɔ juman.,bau,unknown,test,Baoulé,Google WaxalNLP
bau_KK_KK_BCI_1_56,KK,"Mungu  blɛ nga yea lunuyɛ, nzue waa ba kpe kpe. Bɔlɛ ngua dɔ kluasu, yɛ ɔ yo man nyanmiɛn su yo gbudu'n blɛ i klaa su. I sɔ anglo liɛ, lika ndo fa ju degle blu, ni blu ni nsan be afiɛn nu [10-13°C].",bau,unknown,test,Baoulé,Google WaxalNLP
bau_RK_RK_BCI_2_135,RK,"Gine mɛn’n i awieliɛ lɔ’n, griɔtu’m be kan laa famiɛn diwlɛ’m be ndɛ, ɔ nin be afiɛn ndɛ.",bau,unknown,test,Baoulé,Google WaxalNLP
bau_JH_JH_BCI_1_74,JH,N'gnon nu n'nan tata ablosso su ɔ fite ya kun.,bau,unknown,test,Baoulé,Google WaxalNLP
bau_RK_RK_BCI_4_233,RK,"Tiken Jah Fakoly bo miziki naan w’a “tinnge sran’m be klun akunndan’n.” I miziki’n kan sa tɛtɛ kpanngban nga be yoli i nvle nunfuɛ mun nin sran ble’m be kwlaa’n, be ndɛ, kpɛkun ɔ wla sran’m be fanngan kɛ be flɛ sran’m be kwlaa kɛ be yo pan-Africanisme nin sran ble’m be sika ndɛ’n, nin politiki nin be nzuɛn’n be nunnunlɛ. Ɔ maan sran ble’m be ndɛ tiefuɛ kpanngban be wun kɛ ndɛ ng’ɔ kan’n, ɔ nin be afiɛn’n ti nun kpa, afin Fakoli ijɔ nvle nga be mianmian be’n be dunman nun. Lien sɔ’n yoli maan Tiken Jah Fakoly yoli jue tofuɛ kun mɔ mɛn wunmuan’n nun’n, sran kpanngban be ti i jue’n niɔn.",bau,unknown,test,Baoulé,Google WaxalNLP
bau_JK_JK_BCI_5_244,JK,"Tchin kun’n, fie difuɛ kun m’ɔ su kɔ i anuman i suanu lɔ’n, ɔ wunnin klenzua kun m’ɔ ti jɔcluɛ ɔku ɔ sɔ gningnin. Kɛ ɔ mannin i su’n, ɔ yoli nɔnnin kɛ blalɛ sa.Ɔ teli i ase, afin ɔ buli i kɛ sran kun ɔfɛ i fɛ i gogo n'gua. Sanngɛ kɛ ɔ buli i akunndan’n, ɔ fali wɔli yi awlo lɔ, kpɛkun wa gnuli kɛ sika ɔkwlɛ klenzua kpa kun yɔ yoli i fɛ dan ɔn. Nglɛnmun claa’n, sa kunngba’n yɛ ɔ yo ɔ, wa yoli sikafuɛ kɛ ɔ yo clenzua atɛ. Kɛ ɔ yo sikafuɛ, waa clo sika i dan tratrasu . Ɔ bukɛ ɔ clua gnan sika ɔkwlɛ  i cluaclua sɛ annuman ɔ yi clezua i pka pkɛkun, i sɔ tiin wa kun annuman ,kɛ ɔ pkaki i nun wa uman clezua finun.",bau,unknown,test,Baoulé,Google WaxalNLP
bau_RK_RK_BCI_1_56,RK,Ya cɛn kɛ aliɛ'n facɛn bɔ aliɛ'n fasɛn'n n'zue n'tɔ lele  [40°] degre ablanan yɛ via'n su bo man ku'n.,bau,unknown,test,Baoulé,Google WaxalNLP
bau_KK_KK_BCI_1_39a,KK,Kɔklɔ'ɔtɛ wa san oflɛ.,bau,unknown,test,Baoulé,Google WaxalNLP
bau_RK_RK_BCI_5_251,RK,"Cɛn kun’n, ɔntinɔtin  kun seli nannin kun kɛ ɔ ni i be tu n'goni. Ɔ boli nannin’n i nuan, kpɛkun ɔ srili. Ɔ srili kpɛkun ɔ seli kɛ: “A ti kaan kpa!” ?Wafa sɛ yɛ a kwla kun min-ɔn? 

ɔntinɔtin  tɛli i su kɛ, “N kwla yo kaan, sanngɛ n lɛ wunmiɛn.” N nin nnɛn kpanngban e si akplowa, yɛ m’an kwlá diman alɛ le. 

Nannin’n tɛ di srilɛ, sanngɛ ɔ kokoli kan ekun. Ɔ kunndɛman kɛ ɔ́ yó fɛkɛfɛkkɛ nnɛn be nga’m be ɲrun’n, kɛ ɔ leman wunmiɛn sa. Ɔ maan ɔ kplinnin su kɛ ɔ́ ni ɔntinɔntin be ta alɛ

ɔntinɔtin tu sinnin nannin’n i wun lɔ, kpɛkun ɔ boli i ti’n i wun kpanlɛ bo. Nannin’n kunndɛli kɛ ɔ́ fúɛn i, sanngɛ ɔntinɔntin wanndili dan. E boli kpanlɛ bo sin yia nannin ti, kɔkun nannin boli ya falɛ bo.

I agualiɛ su’n, nannin’n w’a kwlá traman i awlɛn kun. Ɔ kpɛli i ti’n, kpɛkun ɔ kunndɛli kɛ ɔ́ fá i ɲinma’n ɔ́ kpɛ́kpɛ́ ɔntin ɔntin nu. Sanngɛ ɔntinɔtin ɔli ndɛndɛ kpa. Ɔ fali aviɔn ɔli blɛ su kpa.
Nannin’n fali ya dan kpa. Ɔ toli acɔliɛ, sanngɛ ɔ wanndili ndɛndɛ kpa. Ɔ wanndili nannin’n i sin, kpɛkun ɔ tu sinnin. Be yili nannin’n i ɲin ase. Ɔ ti kɛ ɔntinɔtin ba kaan kun yɛ ɔ kwali i ɔ.
 Nnɛn  be ga’m be srili i, yɛ i sɔ’n w’a fɛmɛn i le.

Ndɛ’n i bo’n yɛlɛ kɛ  nán bu ɔ kpɔfuɛ’n i like fi, kannzɛ bɔbɔ ɔ ti kaan sɛ’n.",bau,unknown,test,Baoulé,Google WaxalNLP
bau_RK_RK_BCI_1_39b,RK,Tomati ɔ ti ɔkluɛ kpa.,bau,unknown,test,Baoulé,Google WaxalNLP
bau_JK_JK_BCI_2_179,JK,"Aliɛ benin yɛ akpɔ su aata difuɛ’m be yo i atɛ blɛ sunman Côte d’Ivoire lɔ ɔ?

Garba ti aliɛ kun mɔ blɛ sunman nun’n, akpɔ su aata difuɛ’m be yo i atɛ Côte d’Ivoire lɔ’n niɔn.",bau,unknown,test,Baoulé,Google WaxalNLP
bau_RK_RK_BCI_2_139,RK,"Kosan n'nyɔn :
?Wafa sɛ yɛ Mali ti i liɛ ngunmin miziki nun sran ble mɛn’n nun lɔ nin mɛn wunmuan’n nun ɔn?
I su tɛlɛ’n: Mali lɔfuɛ’m be si i jue tolɛ wafa’n i su kpa, yɛ jue tofuɛ dandan kɛ Salif Keita nin Ali Farka Touré sa’n, be fali Mali lɔ jue tolɛ’n be ɔli mɛn wunmuan’n nun.",bau,unknown,test,Baoulé,Google WaxalNLP
bau_JH_JH_BCI_1_37B,JH,Be a to nanni kpangnɔ I tui yɛ ɔ wandi ko fia.,bau,unknown,test,Baoulé,Google WaxalNLP
bau_JH_JH_BCI_2_199,JH,"Jɔlɛ jin, n'kɔ fluwa siewlɛ lɔ n'ko  suan fluwa.",bau,unknown,test,Baoulé,Google WaxalNLP
bau_RK_RK_BCI_1_1a,RK,Nanni ɔ wo bo i afiɛn lɔ.,bau,unknown,test,Baoulé,Google WaxalNLP
bau_JK_JK_BCI_5_251,JK,"Tchin kun’n, gblegble kun fali nannin kun kɛ be tun ugoni dan pka. Ɔ boli nannin’n i nuan, kpɛkun ɔ srili. Ɔ srili kpɛkun ɔ seli i kɛ: “A ti kaan sa  ! Wafa sɛ yɛ ayo mɔn  anin min kwla tu n'goni-ɔ ?

Gblegble tɛli i su kɛ: “N ti kaan, sanngɛ n le wunmiɛn.” N fali min hun nfa suzuli nɛnn kpanngban , yɛ un boli be.

Ɔ tɛ cle nannin’n i srilɛ, sanngɛ i lua ɔti  man djɔwa. Ɔ kunndɛman kɛ ɔ yo  nnɛn onga’m be nrun’n kɛ ɔ lɛman wunmiɛn sa. Ɔ maan, ɔ kplinnin su kɛ ɔni  gblegble be tun.

 Gblegble tu sinnin nannin’n i wun lɔ, kpɛkun ɔ boli i ti’n i wun kpanlɛ bo. Nannin’n kunndɛli kɛ ɔ fuan  gblegble'n, sanngɛ  gblegble'n ɔ yo ndɛdɛ dan. Ɔ bo sin ja nannin i ti, kɔkun nannin boli ya falɛ bo.

I agualiɛ su’n, nannin’n wa kwla traman i awlɛn kun. Ɔ kpɛli i ti’n, kpɛkun ɔ kunndɛli kɛ ɔ fa i wɛ ɔ fa nukun  gblegble. Sanngɛ gblegble ɔli ndɛndɛ kpa. Ɔ tuli i sɔ blɛ nun.

Nannin’n fali ya dan kpa. Ɔ suali gblegble, sanngɛ ɔ wanndili ndɛndɛ kpa. Ɔ san ni nanni i ti'n un, kpɛkun ɔ tu wɔli.

Nanni i nru ɔ wali ase.Gblegble kaan ɔ boli i.",bau,unknown,test,Baoulé,Google WaxalNLP
bau_JK_JK_BCI_2_132,JK,"Bukinan faso,Togo,Liberia,Mali,Gine",bau,unknown,test,Baoulé,Google WaxalNLP
bau_RK_RK_BCI_1_6b,RK,Bakan [1] kun wa mli'n klɔ nu lɔ.,bau,unknown,test,Baoulé,Google WaxalNLP
bau_KK_KK_BCI_1_67,KK,Blu ni kun gua nsan su ɔ yo blu ni nnan.,bau,unknown,test,Baoulé,Google WaxalNLP
bau_RK_RK_BCI_2_133,RK,"Burkina Faso lɔ asiɛ nga be ti kpa’n, be fa waka mma nin ninnge nga be ti nɲa’n be gua Ivoiri lɔ gua’m be su.",bau,unknown,test,Baoulé,Google WaxalNLP
bau_RK_RK_BCI_1_32c,RK,Mi kpangɔ i dja be ti kukluku.,bau,unknown,test,Baoulé,Google WaxalNLP
bau_JH_JH_BCI_1_20C,JH,Klɔ n'gna su fuɛ me luaman tralɛ.,bau,unknown,test,Baoulé,Google WaxalNLP
bau_JH_JH_BCI_1_31A,JH,Wo nan fu akassia i sama tindin fuɛ su.,bau,unknown,test,Baoulé,Google WaxalNLP
bau_KK_KK_BCI_5_254,KK,"Laa kun o, suɛ kun ni gboklokofi kun be ti janvuɛ. Cɛn kun, nyanmiɛn ufue kun fiteli nyanmiɛn su lɔ. Suɛ fuli nyanmiɛn blesu, ɔ dili i nun vie, ɔ buli i kɛ ɔ ti kpanwun.

Kɛ ɔ vieli i fi, ɔ flɛli gboklokofi kɛ: “Aniaan bla, sɔ mi nun, afi’n n lɛ ndɛ kun mɔ fata kɛ e cɛ nu on.  Gboklokofi sɔ i nu ɔ, kpɛkun ɔ kpɛli i tɔlɛ nun. Gboklokofi

i si’n, ɔ fuli nyanmiɛn ble su lɔ, ɔ dili like kan vie. Kɛ ɔ vieli i di, ɔ flɛli suɛ kɛ: “Aniaan, tra min kpa.” 

Suɛ yoli i wun kɛ wa trɛ i sa, sanngɛ sɛkondi kasiɛn nun, ɔ tuli i bo. Gboklokofi tɔli asiɛ wun lɔ, kpɛkun ɔ yoli i like yaya.

Kɛ ɔ fɛ i lɛ, gboklokofi i si’n ja’m be ti tika kan tra i nyrun ja’m. I sɔ su se ye kɛ ɔ fata kɛ e nian e wun su titi be nga be klua lafiman be su, be lika.


Flɔndɔ dan’n.
Baoulé klɔ’n i afiɛn lɔ’n, flɔndɔ dan kun jinjin lɛ, sran’m be si kɛ ɔ ti kpɛnngbɛn kpa, yɛ ɔ si ngwlɛlɛ. Klɔ kpɛnngbɛn’m be seli kɛ waka sɔ’n su yɛ nannan’m be wawɛ’m be tran ɔn. Cɛn kun’n, lika’n tɔli nzue dan kpa klɔ’n su, kpɛkun kpɛnngbɛn’m be ndɛ’m be kleli bakanngan’m be atin, be ɔli flɔndɔ waka’n i lika nianlɛ. Kɛ be tili aunmuan’n i ɲinma’m be nun’n, be wunnin lika kun mɔ asiɛ’n i bo lɔ nzue’n fiali’n. Kɛ mɔ be wunnin like sɔ’n ti’n, klɔ sɔ’n w’a ɲanman nguan m’ɔ tɔli’n. Ndɛ sɔ’n kle kɛ ɔ ti cinnjin kɛ e ɲin yi ninnge nga be o lɛ’n, naan e tie nannan’m be ngwlɛlɛ nga be fa mannin e blɛ kwlaa nun’n .",bau,unknown,test,Baoulé,Google WaxalNLP
bau_JH_JH_BCI_1_27B,JH,Awa juman difuɛ dan bie I nika ɛlɛ sɔ.,bau,unknown,test,Baoulé,Google WaxalNLP
bau_JH_JH_BCI_2_181,JH,ONU yɛ ɔ siesie sran me ukalɛ junman’n nika nga ɛlɛ’n tɔ lɔ’me nun non.,bau,unknown,test,Baoulé,Google WaxalNLP
bau_JK_JK_BCI_4_226,JK,"Gbɛkɛlɔ kɛ be flɛ yi sɔ la'anu lele nan afuɛ n'gɔ ba lɔ nun ba flɛ yi Buake .Buake ɔ ti klɔ kun mɔn ɔ wo kɔte d'Ivoire yi afiɛn klikli. Ɔ wo ya'nsan ni ablanan ni gnon [342] kilomɛtri ɔ ni ya'nsan ni ablanan ni n'so [347] kilomɛtri  Abidjan i n'glo lika kɛ sin agbɔsu ,yɛ  ya n'gnon ni ablemɔtchuɛ ni mɔtchuɛ [288] kilomɛtri kɛ anuman be sin. Buake yɔ ti akpasua kpɛnngbɛn niɔ asa kunsuman yɔti dan ɔ. Kɛ be ka sran mun afuɛ n'ga nun,sran n'ga be tran Buake be ti  apki mɔtchuɛ [800 000] ɔkun be tran asiɛ akpi kun kotokun ya n'so ni ableso [1 770 km2] .Kɛ Abidjan sran son ni yi sin Buake.

Alie sin buake ɔ bonu Abidjan ni Niger kpɔkun ɔ ju Uagadugu.Buake ti angɔda dan kpakun,  lɔ yɛ Afriki de l'uesi guadan ɔ wo ɔ.Aniɛn n'ga be kɛn i Buake dan yɛ lɛ jra isin yɛlɛ baule mun yɛ be scn niyɔ,kɛ be fin 'i Gana lɔ ,Buake yɛ be kali ɔ.I sɔ tiɛ be flɛ Buake i Baule be klɔ dan. Sanngɛ  afuɛ apki n'gnon ni gnon [2002 ] ɔ ka kan ni alɛ wa saki Buake .",bau,unknown,test,Baoulé,Google WaxalNLP
bau_JK_JK_BCI_3_220,JK,"Atchɛkɛ ti aliɛ kun mɔ be di i laan ɔ o ivoirien be aliɛdilɛnu, be ton agba nga ba i siin pkupkulɛ su. Ɔti laa aliɛ kun mɔn kalori sonni nu ɔ ɔni i gnangnan wa,  be di ni djue, ɔ ni nin. Atchɛkɛ m’ɔ fin Côte d’Ivoire i nglo lɔ lika’n nun’n, laa’n, Adioukrou, nin Ebrié, ɔ nin Avika bla mun yɛ be yi ɔ.

Atchɛkɛ ti aliɛ dilɛ wafa kun m’ɔ fin i akpasua’m be nun’n (Ebrié, Adioukrou, Alladian, Abidji, Avikam, Ahizi, Attié) m’ɔ fin Côte d’Ivoire i nglo lɔ lika’n nun’n m’ɔ siɛn  nvle wunmuan’n i di, m’ɔ truli dan kpa kɛ ɔ fɛ i afuɛ 2000 nun’n. Burkina Faso, nin Togo, nin Mali, nin Ghana, nin Gine, ɔ nin Afriki du Sudi lɔ lika kwlaa nun’n, Franzi lɔ, Etazinin lɔ, ɔ nin Azi lɔ nin Ivoirienfuɛ nga be o nvle uflɛ nun’n be ti.

Afuɛ 2024 Mɛ i tchinba ablahun ni kun [21]su’n, Ivoirien be atchɛkɛ  gnannin i nzɔliɛ like’n. Siɛn’n, sɛ be yo i atɛ mɔ ne flɛ i “ atchɛkɛ” un be yoli i Cote d'Ivoire wa. Kɛ Ivoirien lɔ awa’n seli , anuannzɛ nga be flɛ i kɛ Organisation africaine de la propriété intellectuelle (OAPI) ɔ yili  atchɛkɛ i dunman’n i su fluwa’n i nglo kɛ “marque collective”.",bau,unknown,test,Baoulé,Google WaxalNLP
bau_KK_KK_BCI_2_127,KK,"Kuasi mɔ sri’n, ɔ klua yoli maan klɔ wunmuan i nunfuɛ’m bekloli i sa, afi'n ɔ boli lin i kpa cɛn dilɛ blɛ nun.",bau,unknown,test,Baoulé,Google WaxalNLP
bau_JK_JK_BCI_5_240,JK,"Tchin kun’n, kɛ djra kun su lafi’n, gbecle kaan kun boli i su wanndilɛ bo; Yi waandilɛ sɔ’n tinngeli djra , ɔ fɛli i dja dan’n sieli i su, kpɛkun ɔ tikeli i nuhan dan su naan ɔ fa min i.«Yaki, famiɛn, kɛ gbecle kpannin sɔ :yaki tchɛmi n'dɛliɛ , min lua su fiman su le: wan liɛ ɔ si sɛ tchin kun  un tua man wɔ o ?» u kwlá tuaman ɔ kalɛ’n niɔn? Djra se i tinnɔ kɛ gbecle wa ukɛ yi iti ɔ jili i dja i gbecle sun yɛ ɔ wɔli ɔ. Kɛ ɔ tchɛli kan’n, be trali djra’n aya kun nun, kpɛkun koniɛn difuɛ’m nga be kunndɛli kɛ be fa famiɛn’n i n'guannu, be kikili i waka kun su, yɛ be ɔli adua ba kan kun kunndɛlɛ naan ɔ fa i blɛ kungba sɔnun,gbecle ba ni su sin lɛ, kpɛkun kɛ ɔ wunnin sa kekle nga wa tɔ djra su ɔ , ɔ mantannin i wun nɔ yɛ ɔ didi gnanman n'ga be fa kikili n'ninn be famien.« Miin n'dɛ za yoman fɛ ? kɛ gbecle'n sesɔ.",bau,unknown,test,Baoulé,Google WaxalNLP
bau_KK_KK_BCI_1_84,KK,Yao ni Kuasi be wundilɛ su Kuasi ju i li i nnyon su.,bau,unknown,test,Baoulé,Google WaxalNLP
bau_RK_RK_BCI_2_179,RK,"?Ninnge benin yɛ be fa yo acɛkɛ ɔ?
Be fa mannzin be fa sii agba kpɛkun be cinnu yɛ ɔ yo sanmlin, kpɛkun be tɔn yɛ ɔ yo acɛkɛ.",bau,unknown,test,Baoulé,Google WaxalNLP
bau_RK_RK_BCI_1_53,RK,"Wue cɛn lika wa jɔ dan yɛ arɛ wa fita kpa duawa ye [15°] degre blun ni n'n , n'zue su tɔ man.",bau,unknown,test,Baoulé,Google WaxalNLP
bau_KK_KK_BCI_1_32a,KK,Kpangɔ kisa talɛ i n'wu'n.,bau,unknown,test,Baoulé,Google WaxalNLP
bau_KK_KK_BCI_1_63,KK,Nnan tata nnu su ɔ yo abla'n.,bau,unknown,test,Baoulé,Google WaxalNLP
bau_RK_RK_BCI_1_20c,RK,Isan su wandi su alua i su.,bau,unknown,test,Baoulé,Google WaxalNLP
bau_JH_JH_BCI_1_25A,JH,Asunu fuɛ ɔn kɔ asɔnu soi nu lɔ ko srɛ gnanmiɛn.,bau,unknown,test,Baoulé,Google WaxalNLP
bau_RK_RK_BCI_2_187,RK,"Ti nyanlɛ ciɛn mɔ be di i utu'n i le n'so7 su’n, ɔ ti cɛn cinnjin kpa.",bau,unknown,test,Baoulé,Google WaxalNLP
bau_JK_JK_BCI_2_169,JK,Nnɔsua titi'n kɛ e di aliɛ manda aliɛ dan pka ni ngatɛ trop be wo i bue.,bau,unknown,test,Baoulé,Google WaxalNLP
bau_KK_KK_BCI_1_82,KK,Nsan ni si'n mɔcuɛ tata mɔcuɛ su yo nsan.,bau,unknown,test,Baoulé,Google WaxalNLP
bau_JH_JH_BCI_1_36C,JH,Kakaa me di nigne nan nika a san.,bau,unknown,test,Baoulé,Google WaxalNLP
bau_KK_KK_BCI_2_176,KK,"Be yo sukuya ni klɔ nnɛn kɛ, nanni sa, bua sa, ɔni boli sa.",bau,unknown,test,Baoulé,Google WaxalNLP
bau_JK_JK_BCI_2_137,JK,"Mali lɔ Niger nzue ba’n wo lɔ, ɔ ti sran kpanngban be nguan’n i bo bolɛ lika.",bau,unknown,test,Baoulé,Google WaxalNLP
bau_JH_JH_BCI_2_193,JH,Be di junman dilɛ cɛn’n jese i le kun su naan ba manman junman difuɛ mun.,bau,unknown,test,Baoulé,Google WaxalNLP
bau_KK_KK_BCI_1_30b,KK,Lalie [5] nnun be wo saki nun.,bau,unknown,test,Baoulé,Google WaxalNLP
bau_RK_RK_BCI_2_128,RK,"Aya to jue kun mɔ be fa jran sran’m be ɲrun’n, kpɛkun Konan bo kliɛn, ɔ nin be nga be su si able’n be kɔ anglo ba’n i bo.",bau,unknown,test,Baoulé,Google WaxalNLP
bau_JH_JH_BCI_1_13A,JH,Aɛbɛ ufue ni lu boiti ɔklɛ nu sangɛ ɔ te o i tisulɛ ka.,bau,unknown,test,Baoulé,Google WaxalNLP
bau_JH_JH_BCI_1_23B,JH,Ɛjua  dan ni fite.,bau,unknown,test,Baoulé,Google WaxalNLP
bau_KK_KK_BCI_2_119,KK,"Plato klɔ akpasua, ɔ ti Abijan klɔ i akpasua dan nga nvle i nun nige nga be lɛ nyru be wo ɔ. Plato, wo klɔ i aviɛn, i  via atɔliɛ lɔ, akpasua nga be flɛ i Cocodi wo lɔ, tiwa lɔ Trɛshville wo lɛ, yɛ i nglolɔ, ni i via tigeluɛ lɔ, Ajame, ni Yopugon be o lɛ.",bau,unknown,test,Baoulé,Google WaxalNLP
bau_JH_JH_BCI_1_37C,JH,Koniɛn difuɛ nan kla kun man bua.,bau,unknown,test,Baoulé,Google WaxalNLP
bau_KK_KK_BCI_2_110,KK,"AVS loto gare ni SGBCI sika sua be afien ti nun kilo kun. Sɛ amu sa mian lɔ kɔ wa wun, ati'n ngɔ wo gari i fama su lɛ, amu fasu, amu bu ati;n annyaliɛ klikli nga amu dumua to i wun, i nnyon su amu sin wun, i nsan su, amu kpaci bɛsu loto uflɛ gari kun wolɛ ekun. Amu fa akpɔ i se'nn, yɛ akpɔ i annyaliɛ su, amu fa fama su. Lɛ nu, ati'n nga ɔ kɔ trelee amu fasu, fama su sikasua sɔ ji'n lɛ. sikasua uflɛ be bo si'n yɛ.",bau,unknown,test,Baoulé,Google WaxalNLP
bau_JK_JK_BCI_5_248,JK,"Wo kun su sin waka’m be afiɛn lɔ, kpɛkun ɔ djuli alɛ ninnge’m be atɛ lika kun nun. Ɔ kunndɛli kɛ ɔ si nige nga be o lɔ ni manzi n'ga ɔ si man be, ɔ maan ɔ wluli lɔ.

Kɛ ɔ luli lɔ mɔn ɔ niannian, ɔ wunnin fluwa kun m’ɔ timan su’n. Limu kun ɔ wɛli i kplo’n, kpɛkun wo’n fali ya dan kpa. Ɔ djrannin i wunnɛn’n su kpɛkun ɔ  siesieli i wun kɛ ɔ bo.

Sanngɛ kɛ ɔ tikeli i nuan’n kɛ ɔ ka, ɔ wunnin kɛ limu ɔ ti  blalɛ nun. Wo i nuan be kula ya man like fi  bɔbɔ.

Wo fali ya dan kpa pkɔkun ɔ bo fleman yɛ ɔ ti ngɔsrɛ. Fluwa ɔ nien i yɛ ɔ srili.

« A clua yoman mi like ya», kɛ fluwa ɔ seli sɔ. « Be boli mi ni blalɛ ɔ liɛ a ti wo.

Wo wuni yanzuin dan pka ti ɔ wandi li.Be nan wɛ min i wanse sɔ le.

Ndɛ sɔ’n i bo’n yɛle kɛ ɔ ti cinnjin kɛ a si ɔ kpɔfuɛ’n. Wo’n buli i kɛ ɔ le wunmiɛn, sanngɛ  wa clua djranman blalɛ dje i nru.",bau,unknown,test,Baoulé,Google WaxalNLP
bau_JH_JH_BCI_1_8A,JH,Trɔ kun san flete i klun.,bau,unknown,test,Baoulé,Google WaxalNLP
bau_RK_RK_BCI_1_36b,RK,Abɛbɛ n'san be su suan tulɛ.,bau,unknown,test,Baoulé,Google WaxalNLP
bau_KK_KK_BCI_4_239,KK,"Ndɛ mma nga blɔfuɛ sekɛ “sipɔ” i bo fin blɔfuɛ nun ndɛ mma laa nga be flɛi dɛspɔ mɔ i bo yɛle kɛ “be nyi su yiyilɛ, be wunnɛn annzɛ be akunndan i nun aklunjuɛ dilɛ’n”. I klikli nun, be kwla fa i be sie i Latɛn nun pɔtis su, kɛ nga be fa fa kɔ lika, kɛ be fa kɔ lika uflɛ, kɛ be fa fa like be kɔ lika uflɛ, ɔ nin ninnge uflɛ wie mun ekun sa. Kɛ be kpɛ nzuemuɛ, be wun kpinngbinlɛ’n kaci “sipɔ” kpɛkun ɔ yi akunndan nga be bu i kɛ be di be wunmiɛn naan be fa be nyin sie i be wunnɛn nin be akunndan be su ngunmi, i nun. Alɛman aniɛn kusu kpli’n ndɛ mma “sipɔ” nin wafa nga be yiyili nun Anglɛ nun afuɛ ɛkpi kun ya mɔcuɛ ablasan ni kun [1831] nun, be su; Afuɛ [1828] akpi kun ya mɔcuɛ abla’n ni mɔcuɛ nun yɛ Flansi fali ndɛ sɔ dili junman kpɛ klikli niɔn, sanngɛ blɛ sɔ nun’n, ndɛ cinnjin kpafuɛ’n yɛle nanni kpanngɔ’m be su wanndilɛ’n, ɔ nin nanni kpanngɔ sɔ’m be su jranlɛ An nian zunali nga be flɛ i kɛ Le Sipɔ nun. Sanngɛ, be wunman wafa nga ngowa kanlɛ nin be wun kpinngbinlɛ be ti i wlɛ kpa. Ɔ maan, afuɛ [ apki n’nyon [2000] nun’n, Akpasua ng’ɔ nian gbanflɛn nin talua me su’n, ɔ mannin Flansi lɔ esɛci anuannzɛ nga be takali i afuɛ [1921] akpi kun ya ngluan abla’n ni kun nun, i ati’n kɛ ɔ yo sipɔ, sangɛ afin ɔ ti anuannzɛ kun m’ɔ nin SINƆSU [CNOSF] “be o nun ti yɛ ɔ yoli sɔ ɔ. ? Laa ninnge wie’m be fa ndɛ sɔ wie ba wie: sipɔ annzɛ ngowa kanlɛ ɔ? Kosan sɔ te o lɛ.

Like cinnjin nnan yɛ be kle andɛ spɔri’n niɔn:
• be wunnɛn i lika kun annzɛ nzuɛn kpanngban be su falɛ: tralɛ i junman, jranlɛ, wunmiɛn, ninnge’m be siesielɛ, like silɛ, like yolɛ, like yolɛ i su like yolɛ, ɔ nin ninnge uflɛ wie mun ekun. 
• junman kun mɔ be di i anuannzɛ nun, i mmla’m be ti kɛ asiɛ wunmuan su liɛ sa;
• like kun mɔ be fa be nyin sie i akplowa silɛ su dan;
• be yo be wun kpinngbinlɛ i wafa kun (be sipɔ’m be anuannzɛ kun yɛ ɔ nian be su ɔ.


I sɔ nzɔliɛ like mun, mɔ be ti cinnjin kpa, be yi be wun kpinngbinlɛ wafa fanunfanun’m be siesielɛ i nglo, be faman ninnge kɛ be wun kpinngbinlɛ ngua, nantilɛ, be wun kpinngbinlɛm nga man be juejue yolɛ, sukluma be wun kpinngbinlɛ. Kannzɛ bɔbɔ akplowa silɛ ti dan’n, sanngɛ ninnge uflɛ wie’m be o lɛ mɔ be fa be nyin sie i aklunjuɛ dilɛ’n, ni’n juejue yolɛ, ni’n suklu dilɛ annzɛ like yolɛ su.
I sɔ’n ti ɛ, Erɔpu afɔtuɛ man fuɛ mum be fali ndɛ sɔ sie li “ Erɔpu sipɔ jajalɛ flua ”nu. “Kɛ be se kɛ “sipɔ, be bo be wunnɛn i wun kpinngbinlɛ wafa kwlaa nga, kɛ be fa be wun wlɛ i nun, annzɛ kusu be siesieman be wun, be ndɛ yɛle kɛ. Annzɛ be wunnɛn ni’n be akunndan be kpa yolɛ, annzɛ sran’m be afiɛn ni’ngan i nunnunlɛ, annzɛ be nyanlɛ i su mmlusuɛ, akplowa silɛ’ nun lika kwlaa nun”.",bau,unknown,test,Baoulé,Google WaxalNLP
bau_JK_JK_BCI_4_231,JK,"Afuɛ akpi kun ya ngluan ni ablesiɛn ni n’ngnon (1962), N’glo I tchɛnba blu ni nso[ 17 ]su’n, klɔ nga be flɛ i kɛ Grand-Bassam m’ɔ o Kɔti d’Ivoiri lɔ’n, i su lɔ’n, be wuli Frɛdɛriki Dɛzirɛ Ehui mɔ be flɛ i kɛ Meiway’n. Kɛ ɔ fɛ i gbanflɛn nun lele’n, i nvle’n nun juetowa’m be bo sin yia Meiway, i sɔ’n ti’n, ɔ kloli juetowa’n i kpa. Ɔ fali Ivoiri lɔ la jue’m be nun ndɛ’n, ɔ nin sran ble’m be jue nga be bo i andɛ’n, mɔ be ti kekle kpa’n, be nun.

Afuɛ klikli’m be nun’n, ɔ nin wafa ng’ɔ yoli’n: Kɛ mɔ Meiway nyili jue bolɛ awlo kun nun’n ti’n, ɔ wunnin juetowa wafawafa. Ɔ boli i bɔbɔ i juetowa’m be su nianlɛ bo, ɔ fali la jue be nin blɛ sɔ’n nun jue’m be sanngannin nun. Afuɛ akpi kun ya ngluan ni ablemɔtchuɛ ni nglan [1989 ]nun'n, Meiway yili i albamu klikli'n, ""Ayibebu,"" ɔ fali i wafa ng'ɔ ti i liɛ ngunmin'n mɔ be flɛ i kɛ Zoblazo'n kleli mɛn'n nunfuɛ mun. Albɔmu sɔ’n yoli sran’m be fɛ kpa, ɔ fali sran’m be awlɛn’n, ɔ nin i jue nga be kwla fa sran’n, ɔ nin i jue nga be kwla si be’n. 

Kɛ be yili albɔmu kwlaa nga be sinnin lɛ’n, sran’m be kloli Meiway kpa. Ɔ yili "" Zoblazo"" afuɛ akpi kun ya ngluan ni abla ngluan ni kun[ 1991] nun, ɔ nin ""Jamais 203 ( Zoblazo)"" afuɛ akpi kun ya ngluan ni abla ngluan ni nsan [1993] nun, ɔ yoli maan ɔ yoli sran dan kpa sran ble jue nun. Meiway i jue tolɛ’n i wunmiɛn su’n, ɔ nin i nglo yilɛ’n m’ɔ yo sran’m be fɛ’n, be yoli maan sran kpanngban be bali, kpɛkun i jue’m be kakili like cinnjin kpa fɛtri nin tchɛn dilɛ’m be nun Côte d’Ivoire mɛn wunmuan’n nun.

Kɛ Meiway i junman’n ɔ kɔ i nrun’n, ɔ yoli ninnge uflɛ uflɛ mun titi, kpɛkun ɔ fali i jue’m be nun ninnge vie mun niannin. Ɔ fali i wun wlali jue bolɛ lika uflɛ nun, ɔ fali jue nga be flɛ i blɛblɛ, be wlɛli i jue be nun. I jue kɛ ""Golgotha"" be kleli kɛ ɔ kwla yo ninnge fanunfanun, naan ɔ klo kɛ ɔ fa nvle’m be afiɛn’n kɔ lika uflɛ.

Sa kekleekle nin kwlalɛ’n: Kannzɛ bɔbɔ Meiway yoli kpa’n, sanngɛ sa kekle kpanngban tɔli i su. Afuɛ akpi ngnon[2000] i bo bolɛ nun’n, politiki nun ndɛnngan m’ɔ tɔli Côte d’Ivoire lɔ’n, ɔ yoli kekle mannin be nga be yi ninnge mun’n, sanngɛ Meiway jrannin kekle. ɔ fali i ijɔlɛ sua ɔ kanli fɔundi ɔni bo kun yolɛ n'dɛ, kɔkun i jue'm be kakili like n'ga man sran kaka be lafilɛ ɔni like n'ga wla be fanngan.

Like nga Meiway yoli sran ble’m be jue’n i lika’n, be kwla simɛn i akplowa. Be waan i yɛ ɔ yoli maan sran’m be sili Zoblazo jue’n niɔn, kpɛkun ɔ yoli maan mɛn wunmuan’n nunfuɛ’m be tili Ivoiri lɔ jue’n niɔn. I nyin m’ɔ yi sran ble’m be nzuɛn’n i sasalɛ nin i bo bolɛ’n, ɔ ti weiin i jue’m be nun nin i jue’m be nun. Meiway i wunmiɛn’n tra jue’n; ɔ ti sran’m be kakilɛ’n i su ndɛ kanfuɛ vie, ɔ fɛ i nɛn’n di ndɛ kɛ yalɛ’n, nin suklu dilɛ’n, ɔ nin tukpatchɛ’n i lika nianlɛ’n be su ndɛ.

Ɔ yoli kpa titi: Andɛ’n, Meiway te yi jue, yɛ ɔ te bo jue mɛn wunmuan’n nun. I jue klua klua nga ɔ yili be koko nun wa’n, be kle kɛ jue klolɛ’n w’a kan aseman. Kɛ mɔ Meiway dili junman sɔ’n afuɛ able nsan tra su’n ti’n, like ng’ɔ kakili’n, m’ɔ ti sran ble’m be jue’m be nun atin bofuɛ’n, ɔ ti kpa.

Kɛ Meiway tin gbanflɛn kan kun m’ɔ o Grand-Bassam lɔ’n nun lele m’ɔ fa ju mɛn wunmuan’n nun jue bofuɛ’n, i sɔ’n kle kɛ ɔ si jue to kpa, ɔ jran kekle, yɛ ɔ fɛ i wun man i junman’n. Nan kɛ i jue’m be yiyi sran’m be nyin su sa ngbɛn, sanngɛ ɔ yo maan sran’m be nzuɛn’n ti nun, ɔ yo maan sran’m be bo yo kun mɛn wunmuan’n nun aniɛn nga be flɛ i kɛ nzima nun.
Afuɛ akpi kun ya ngluan ni ablesiɛn ni n’ngnon (1962), N’glo I tchɛnba blu ni nso[ 17 ]su’n, klɔ nga be flɛ i kɛ Grand-Bassam m’ɔ o Kɔti d’Ivoiri lɔ’n, i su lɔ’n, be wuli Frɛdɛriki Dɛzirɛ Ehui mɔ be flɛ i kɛ Meiway’n. Kɛ ɔ fɛ i gbanflɛn nun lele’n, i nvle’n nun juetowa’m be bo sin yia Meiway, i sɔ’n ti’n, ɔ kloli juetowa’n i kpa. Ɔ fali Ivoiri lɔ la jue’m be nun ndɛ’n, ɔ nin sran ble’m be jue nga be bo i andɛ’n, mɔ be ti kekle kpa’n, be nun.

Afuɛ klikli’m be nun’n, ɔ nin wafa ng’ɔ yoli’n: Kɛ mɔ Meiway nyili jue bolɛ awlo kun nun’n ti’n, ɔ wunnin juetowa wafawafa. Ɔ boli i bɔbɔ i juetowa’m be su nianlɛ bo, ɔ fali la jue be nin blɛ sɔ’n nun jue’m be sanngannin nun. Afuɛ akpi kun ya ngluan ni ablemɔtchuɛ ni nglan [1989 ]nun'n, Meiway yili i albamu klikli'n, ""Ayibebu,"" ɔ fali i wafa ng'ɔ ti i liɛ ngunmin'n mɔ be flɛ i kɛ Zoblazo'n kleli mɛn'n nunfuɛ mun. Albɔmu sɔ’n yoli sran’m be fɛ kpa, ɔ fali sran’m be awlɛn’n, ɔ nin i jue nga be kwla fa sran’n, ɔ nin i jue nga be kwla si be’n. 

Kɛ be yili albɔmu kwlaa nga be sinnin lɛ’n, sran’m be kloli Meiway kpa. Ɔ yili "" Zoblazo"" afuɛ akpi kun ya ngluan ni abla ngluan ni kun[ 1991] nun, ɔ nin ""Jamais 203 ( Zoblazo)"" afuɛ akpi kun ya ngluan ni abla ngluan ni nsan [1993] nun, ɔ yoli maan ɔ yoli sran dan kpa sran ble jue nun. Meiway i jue tolɛ’n i wunmiɛn su’n, ɔ nin i nglo yilɛ’n m’ɔ yo sran’m be fɛ’n, be yoli maan sran kpanngban be bali, kpɛkun i jue’m be kakili like cinnjin kpa fɛtri nin tchɛn dilɛ’m be nun Côte d’Ivoire mɛn wunmuan’n nun.

Kɛ Meiway i junman’n ɔ kɔ i nrun’n, ɔ yoli ninnge uflɛ uflɛ mun titi, kpɛkun ɔ fali i jue’m be nun ninnge vie mun niannin. Ɔ fali i wun wlali jue bolɛ lika uflɛ nun, ɔ fali jue nga be flɛ i blɛblɛ, be wlɛli i jue be nun. I jue kɛ ""Golgotha"" be kleli kɛ ɔ kwla yo ninnge fanunfanun, naan ɔ klo kɛ ɔ fa nvle’m be afiɛn’n kɔ lika uflɛ.

Sa kekleekle nin kwlalɛ’n: Kannzɛ bɔbɔ Meiway yoli kpa’n, sanngɛ sa kekle kpanngban tɔli i su. Afuɛ akpi ngnon[2000] i bo bolɛ nun’n, politiki nun ndɛnngan m’ɔ tɔli Côte d’Ivoire lɔ’n, ɔ yoli kekle mannin be nga be yi ninnge mun’n, sanngɛ Meiway jrannin kekle. ɔ fali i ijɔlɛ sua ɔ kanli fɔundi ɔni bo kun yolɛ n'dɛ, kɔkun i jue'm be kakili like n'ga man sran kaka be lafilɛ ɔni like n'ga wla be fanngan.

Like nga Meiway yoli sran ble’m be jue’n i lika’n, be kwla simɛn i akplowa. Be waan i yɛ ɔ yoli maan sran’m be sili Zoblazo jue’n niɔn, kpɛkun ɔ yoli maan mɛn wunmuan’n nunfuɛ’m be tili Ivoiri lɔ jue’n niɔn. I nyin m’ɔ yi sran ble’m be nzuɛn’n i sasalɛ nin i bo bolɛ’n, ɔ ti weiin i jue’m be nun nin i jue’m be nun. Meiway i wunmiɛn’n tra jue’n; ɔ ti sran’m be kakilɛ’n i su ndɛ kanfuɛ vie, ɔ fɛ i nɛn’n di ndɛ kɛ yalɛ’n, nin suklu dilɛ’n, ɔ nin tukpatchɛ’n i lika nianlɛ’n be su ndɛ.

Ɔ yoli kpa titi: Andɛ’n, Meiway te yi jue, yɛ ɔ te bo jue mɛn wunmuan’n nun. I jue klua klua nga ɔ yili be koko nun wa’n, be kle kɛ jue klolɛ’n w’a kan aseman. Kɛ mɔ Meiway dili junman sɔ’n afuɛ able nsan tra su’n ti’n, like ng’ɔ kakili’n, m’ɔ ti sran ble’m be jue’m be nun atin bofuɛ’n, ɔ ti kpa.

Kɛ Meiway tin gbanflɛn kan kun m’ɔ o Grand-Bassam lɔ’n nun lele m’ɔ fa ju mɛn wunmuan’n nun jue bofuɛ’n, i sɔ’n kle kɛ ɔ si jue to kpa, ɔ jran kekle, yɛ ɔ fɛ i wun man i junman’n. Nan kɛ i jue’m be yiyi sran’m be nyin su sa ngbɛn, sanngɛ ɔ yo maan sran’m be nzuɛn’n ti nun, ɔ yo maan sran’m be bo yo kun mɛn wunmuan’n nun aniɛn nga be flɛ i kɛ nzima nun.
Afuɛ akpi kun ya ngluan ni ablesiɛn ni n’ngnon (1962), N’glo I tchɛnba blu ni nso[ 17 ]su’n, klɔ nga be flɛ i kɛ Grand-Bassam m’ɔ o Kɔti d’Ivoiri lɔ’n, i su lɔ’n, be wuli Frɛdɛriki Dɛzirɛ Ehui mɔ be flɛ i kɛ Meiway’n. Kɛ ɔ fɛ i gbanflɛn nun lele’n, i nvle’n nun juetowa’m be bo sin yia Meiway, i sɔ’n ti’n, ɔ kloli juetowa’n i kpa. Ɔ fali Ivoiri lɔ la jue’m be nun ndɛ’n, ɔ nin sran ble’m be jue nga be bo i andɛ’n, mɔ be ti kekle kpa’n, be nun.

Afuɛ klikli’m be nun’n, ɔ nin wafa ng’ɔ yoli’n: Kɛ mɔ Meiway nyili jue bolɛ awlo kun nun’n ti’n, ɔ wunnin juetowa wafawafa. Ɔ boli i bɔbɔ i juetowa’m be su nianlɛ bo, ɔ fali la jue be nin blɛ sɔ’n nun jue’m be sanngannin nun. Afuɛ akpi kun ya ngluan ni ablemɔtchuɛ ni nglan [1989 ]nun'n, Meiway yili i albamu klikli'n, ""Ayibebu,"" ɔ fali i wafa ng'ɔ ti i liɛ ngunmin'n mɔ be flɛ i kɛ Zoblazo'n kleli mɛn'n nunfuɛ mun. Albɔmu sɔ’n yoli sran’m be fɛ kpa, ɔ fali sran’m be awlɛn’n, ɔ nin i jue nga be kwla fa sran’n, ɔ nin i jue nga be kwla si be’n. 

Kɛ be yili albɔmu kwlaa nga be sinnin lɛ’n, sran’m be kloli Meiway kpa. Ɔ yili "" Zoblazo"" afuɛ akpi kun ya ngluan ni abla ngluan ni kun[ 1991] nun, ɔ nin ""Jamais 203 ( Zoblazo)"" afuɛ akpi kun ya ngluan ni abla ngluan ni nsan [1993] nun, ɔ yoli maan ɔ yoli sran dan kpa sran ble jue nun. Meiway i jue tolɛ’n i wunmiɛn su’n, ɔ nin i nglo yilɛ’n m’ɔ yo sran’m be fɛ’n, be yoli maan sran kpanngban be bali, kpɛkun i jue’m be kakili like cinnjin kpa fɛtri nin tchɛn dilɛ’m be nun Côte d’Ivoire mɛn wunmuan’n nun.

Kɛ Meiway i junman’n ɔ kɔ i nrun’n, ɔ yoli ninnge uflɛ uflɛ mun titi, kpɛkun ɔ fali i jue’m be nun ninnge vie mun niannin. Ɔ fali i wun wlali jue bolɛ lika uflɛ nun, ɔ fali jue nga be flɛ i blɛblɛ, be wlɛli i jue be nun. I jue kɛ ""Golgotha"" be kleli kɛ ɔ kwla yo ninnge fanunfanun, naan ɔ klo kɛ ɔ fa nvle’m be afiɛn’n kɔ lika uflɛ.

Sa kekleekle nin kwlalɛ’n: Kannzɛ bɔbɔ Meiway yoli kpa’n, sanngɛ sa kekle kpanngban tɔli i su. Afuɛ akpi ngnon[2000] i bo bolɛ nun’n, politiki nun ndɛnngan m’ɔ tɔli Côte d’Ivoire lɔ’n, ɔ yoli kekle mannin be nga be yi ninnge mun’n, sanngɛ Meiway jrannin kekle. ɔ fali i ijɔlɛ sua ɔ kanli fɔundi ɔni bo kun yolɛ n'dɛ, kɔkun i jue'm be kakili like n'ga man sran kaka be lafilɛ ɔni like n'ga wla be fanngan.

Like nga Meiway yoli sran ble’m be jue’n i lika’n, be kwla simɛn i akplowa. Be waan i yɛ ɔ yoli maan sran’m be sili Zoblazo jue’n niɔn, kpɛkun ɔ yoli maan mɛn wunmuan’n nunfuɛ’m be tili Ivoiri lɔ jue’n niɔn. I nyin m’ɔ yi sran ble’m be nzuɛn’n i sasalɛ nin i bo bolɛ’n, ɔ ti weiin i jue’m be nun nin i jue’m be nun. Meiway i wunmiɛn’n tra jue’n; ɔ ti sran’m be kakilɛ’n i su ndɛ kanfuɛ vie, ɔ fɛ i nɛn’n di ndɛ kɛ yalɛ’n, nin suklu dilɛ’n, ɔ nin tukpatchɛ’n i lika nianlɛ’n be su ndɛ.

Ɔ yoli kpa titi: Andɛ’n, Meiway te yi jue, yɛ ɔ te bo jue mɛn wunmuan’n nun. I jue klua klua nga ɔ yili be koko nun wa’n, be kle kɛ jue klolɛ’n w’a kan aseman. Kɛ mɔ Meiway dili junman sɔ’n afuɛ able nsan tra su’n ti’n, like ng’ɔ kakili’n, m’ɔ ti sran ble’m be jue’m be nun atin bofuɛ’n, ɔ ti kpa.

Kɛ Meiway tin gbanflɛn kan kun m’ɔ o Grand-Bassam lɔ’n nun lele m’ɔ fa ju mɛn wunmuan’n nun jue bofuɛ’n, i sɔ’n kle kɛ ɔ si jue to kpa, ɔ jran kekle, yɛ ɔ fɛ i wun man i junman’n. Nan kɛ i jue’m be yiyi sran’m be nyin su sa ngbɛn, sanngɛ ɔ yo maan sran’m be nzuɛn’n ti nun, ɔ yo maan sran’m be bo yo kun mɛn wunmuan’n nun aniɛn nga be flɛ i kɛ nzima nun.
Afuɛ akpi kun ya ngluan ni ablesiɛn ni n’ngnon (1962), N’glo I tchɛnba blu ni nso[ 17 ]su’n, klɔ nga be flɛ i kɛ Grand-Bassam m’ɔ o Kɔti d’Ivoiri lɔ’n, i su lɔ’n, be wuli Frɛdɛriki Dɛzirɛ Ehui mɔ be flɛ i kɛ Meiway’n. Kɛ ɔ fɛ i gbanflɛn nun lele’n, i nvle’n nun juetowa’m be bo sin yia Meiway, i sɔ’n ti’n, ɔ kloli juetowa’n i kpa. Ɔ fali Ivoiri lɔ la jue’m be nun ndɛ’n, ɔ nin sran ble’m be jue nga be bo i andɛ’n, mɔ be ti kekle kpa’n, be nun.

Afuɛ klikli’m be nun’n, ɔ nin wafa ng’ɔ yoli’n: Kɛ mɔ Meiway nyili jue bolɛ awlo kun nun’n ti’n, ɔ wunnin juetowa wafawafa. Ɔ boli i bɔbɔ i juetowa’m be su nianlɛ bo, ɔ fali la jue be nin blɛ sɔ’n nun jue’m be sanngannin nun. Afuɛ akpi kun ya ngluan ni ablemɔtchuɛ ni nglan [1989 ]nun'n, Meiway yili i albamu klikli'n, ""Ayibebu,"" ɔ fali i wafa ng'ɔ ti i liɛ ngunmin'n mɔ be flɛ i kɛ Zoblazo'n kleli mɛn'n nunfuɛ mun. Albɔmu sɔ’n yoli sran’m be fɛ kpa, ɔ fali sran’m be awlɛn’n, ɔ nin i jue nga be kwla fa sran’n, ɔ nin i jue nga be kwla si be’n. 

Kɛ be yili albɔmu kwlaa nga be sinnin lɛ’n, sran’m be kloli Meiway kpa. Ɔ yili "" Zoblazo"" afuɛ akpi kun ya ngluan ni abla ngluan ni kun[ 1991] nun, ɔ nin ""Jamais 203 ( Zoblazo)"" afuɛ akpi kun ya ngluan ni abla ngluan ni nsan [1993] nun, ɔ yoli maan ɔ yoli sran dan kpa sran ble jue nun. Meiway i jue tolɛ’n i wunmiɛn su’n, ɔ nin i nglo yilɛ’n m’ɔ yo sran’m be fɛ’n, be yoli maan sran kpanngban be bali, kpɛkun i jue’m be kakili like cinnjin kpa fɛtri nin tchɛn dilɛ’m be nun Côte d’Ivoire mɛn wunmuan’n nun.

Kɛ Meiway i junman’n ɔ kɔ i nrun’n, ɔ yoli ninnge uflɛ uflɛ mun titi, kpɛkun ɔ fali i jue’m be nun ninnge vie mun niannin. Ɔ fali i wun wlali jue bolɛ lika uflɛ nun, ɔ fali jue nga be flɛ i blɛblɛ, be wlɛli i jue be nun. I jue kɛ ""Golgotha"" be kleli kɛ ɔ kwla yo ninnge fanunfanun, naan ɔ klo kɛ ɔ fa nvle’m be afiɛn’n kɔ lika uflɛ.

Sa kekleekle nin kwlalɛ’n: Kannzɛ bɔbɔ Meiway yoli kpa’n, sanngɛ sa kekle kpanngban tɔli i su. Afuɛ akpi ngnon[2000] i bo bolɛ nun’n, politiki nun ndɛnngan m’ɔ tɔli Côte d’Ivoire lɔ’n, ɔ yoli kekle mannin be nga be yi ninnge mun’n, sanngɛ Meiway jrannin kekle. ɔ fali i ijɔlɛ sua ɔ kanli fɔundi ɔni bo kun yolɛ n'dɛ, kɔkun i jue'm be kakili like n'ga man sran kaka be lafilɛ ɔni like n'ga wla be fanngan.

Like nga Meiway yoli sran ble’m be jue’n i lika’n, be kwla simɛn i akplowa. Be waan i yɛ ɔ yoli maan sran’m be sili Zoblazo jue’n niɔn, kpɛkun ɔ yoli maan mɛn wunmuan’n nunfuɛ’m be tili Ivoiri lɔ jue’n niɔn. I nyin m’ɔ yi sran ble’m be nzuɛn’n i sasalɛ nin i bo bolɛ’n, ɔ ti weiin i jue’m be nun nin i jue’m be nun. Meiway i wunmiɛn’n tra jue’n; ɔ ti sran’m be kakilɛ’n i su ndɛ kanfuɛ vie, ɔ fɛ i nɛn’n di ndɛ kɛ yalɛ’n, nin suklu dilɛ’n, ɔ nin tukpatchɛ’n i lika nianlɛ’n be su ndɛ.

Ɔ yoli kpa titi: Andɛ’n, Meiway te yi jue, yɛ ɔ te bo jue mɛn wunmuan’n nun. I jue klua klua nga ɔ yili be koko nun wa’n, be kle kɛ jue klolɛ’n w’a kan aseman. Kɛ mɔ Meiway dili junman sɔ’n afuɛ able nsan tra su’n ti’n, like ng’ɔ kakili’n, m’ɔ ti sran ble’m be jue’m be nun atin bofuɛ’n, ɔ ti kpa.

Kɛ Meiway tin gbanflɛn kan kun m’ɔ o Grand-Bassam lɔ’n nun lele m’ɔ fa ju mɛn wunmuan’n nun jue bofuɛ’n, i sɔ’n kle kɛ ɔ si jue to kpa, ɔ jran kekle, yɛ ɔ fɛ i wun man i junman’n. Nan kɛ i jue’m be yiyi sran’m be nyin su sa ngbɛn, sanngɛ ɔ yo maan sran’m be nzuɛn’n ti nun, ɔ yo maan sran’m be bo yo kun mɛn wunmuan’n nun aniɛn nga be flɛ i kɛ nzima nun.",bau,unknown,test,Baoulé,Google WaxalNLP
bau_JH_JH_BCI_1_10B,JH,Bakangna ablassan [30] me m kɔ suklu.,bau,unknown,test,Baoulé,Google WaxalNLP
bau_JH_JH_BCI_2_118,JH,Dauklɔ ti klɔ kan kun mɔ i su sran ma sonman dan kɔkun be kpankpan nika be ti fie difuɛ.,bau,unknown,test,Baoulé,Google WaxalNLP
bau_KK_KK_BCI_5_247,KK,"Blɛ kun nun, pepe kun i miti’n kle i yalɛ. Ɔ wunni kɛ ɔ ti tɛ, yɛ ɔ timan klanman, kpɛkun ɔ miɛnni i nyin fiali i su titi. Cɛn kun, ɔ wunnin blo adua kun mɔ le dua tinndin kpa. Ɔ yoli i nyin kekle kpa, ɔ maan ɔ usali blo adua sɛ ɔ klua nyan i dua i bue kun naan wa kata i bo su o.

Nzɔliɛ like nga blo pepe srɛli, kleli blo adua i srilɛ. “? Nguɛ ti yɛ a kunndɛ mi dua nion?”  ɔ usali sɔ. “Ɔ ti tinnin kpa, yɛ ɔ ti kekle. N tɔ su titi. 

Pepe tɛli i su kɛ: “Sanngɛ ɔ ti klanman kpa.” “Kpɛkun ɔ fa mi miti’n kannyi fia.” 

Blo adua tɛli i su kɛ: “Ɔ ti kpa kɛ n fa mi dua n si’n ndɔtiɛ nu, anzɛ ovie be nun tra kɛ n fa i nun nzɔliɛ like man wɔ.” “N su yoman like fi mɔ yo maan a yo kpa tra mi le.” 

Pepe i lua boli i wun, sanngɛ ɔ wunni blo i akunndan i luɛ. E si kɛ e su yoman klanman kɛ blo adua sa le, sangɛ ɔ si kɛ ɔfataman kɛ ɔ yo sɔ. Ɔ yoli sran ngɔ ti i fɛ kpa yɛ ɔ fataman kɛ ɔ kaci like fi.

Ndɛ i bo yɛle kɛ: yo sran nga a ti i wun tulɛ naan nan fa ɔ wun sunnzun sran uflɛ. Kɛ nga amun fa ti sa, fɔ nunman amun nun.

Sui nin bakanngan’n
Tʃin kun, sui kun wunli majiki trɔ kun fiali waka nu. Blɛ kwlaa ng’ɔ́ bó trɔ’n, waka’n i nun able silɛ’n nin miziki’n be yo maan nnɛn’m be kwlaa be klun jɔ. Sua’n fali ajalɛ kɛ ɔ́ fá i trɔ’n mán klɔfuɛ mun. Fɛti cɛn’m be kacili tʃinvie, kɔkun sran n'gba be yiali be si able kɔkun be to juli be sin sin trɔ. I sɔ’n ti’n, klɔ’n sufuɛ’m be dili cɛn nin aklunjuɛ, ɔ maan be afiɛn’n mantannin kpa. Ndɛ sɔ’n kle kɛ aklunjuɛ nin aklunjuɛ dilɛ’n be cɛcɛlɛ’n, ɔ yo maan sran kwlaa i mɛn dilɛ’n yo fɛ kpa.",bau,unknown,test,Baoulé,Google WaxalNLP
bau_KK_KK_BCI_1_5b,KK,afue I ɔdinatɛ taka tabli sa,bau,unknown,test,Baoulé,Google WaxalNLP
bau_RK_RK_BCI_2_156,RK,"E aujuɛ bla Baziliki’n ti Yamusoklɔ lɔ lika ng’ɔ ti klanman kpa’n i dan kun, ɔ maan ɔ flɛ aofuɛ mun kɛ be ko nian Ɲanmiɛn sulɛ wafa ufluɛ.",bau,unknown,test,Baoulé,Google WaxalNLP
bau_JH_JH_BCI_2_172,JH,Be klua di klaklo kɛ be di aliɛ sa.,bau,unknown,test,Baoulé,Google WaxalNLP
bau_RK_RK_BCI_1_40a,RK,Adjua i klowa be lɔgɔ su gbo nu lɔ.,bau,unknown,test,Baoulé,Google WaxalNLP
bau_JH_JH_BCI_2_112,JH,"Kɛ en  fin Bouaké lɔ’n, fa loto ngnɔ fin loto jranlɛ dan’n nun lɔ’n, mɔ kɔ nglo lɔ lika’n nun. Ɔ fa dɔ ko ju  n’nan atin’n su. Kɛ amun ko ju Korhogo lɔ’n, amun klua fa lɔ busi annzɛ loto gna be kɔ lika trele kɛ Korhogo oka’n su annzɛ junman dilɛ gua’n nɔ.",bau,unknown,test,Baoulé,Google WaxalNLP
bau_JK_JK_BCI_5_247,JK,"Blɛ kun nun’n, ndo kun i sin ɔ cle i yalɛ. Ɔ bukɛ ɔ ti tɛ naan ɔ timan klanman. Tchin kun’n, ɔ wunnin  kɛklɛkɛti kun ɔni i dua tinn'din clanman pka .Ɔ cloli i dua yi ti ɔ bisɛli kɛ sɛ ɔ clua pkɛ i dua i bua kan min yi nan ɔ fa kata i bɔbɔ liɛ sun.

Ɔ cleli kɛklɛkɛti i srili’n, n'do i n'dɛ nga ɔ bisɛ li. « Nguɛ tiɛ akundɛ fami dua niɔn? Ɔ usali sɔ.    « Ɔ ti tinn'din dan ɔkun ɔ ye nonni . Yɛ kɛ nanti ntia tia sun?.

 «Sanngɛ ɔ ti klanman kpa,” kɛ n'do seli sɔ. “Kpɛkun ɔ kata misin kanhi i sun.”

 « Sɛ ɔ kɔ fa mi dua nkɔ faman wɔ , nfa tete i pɔpɔtɔ nun ni ovie nun kɛ nfa man wɔ», kɛ kɛklɛkɛti ɔ seli sɔ.  « Mi gneman nige n'gan mɔn ɔ ye mɔn a ye pka trami ɔ

Ɔ boli n'do i nuan, Sangɛ ɔ sa tiɛ kɛklɛkɛti ɔ seli sɔ . Ɔ sin kɛ ɔ gnoman clanman kɛ kɛklɛkɛti sa le pkɔkun ɔ si kɛ clua se man kɛ ɔ yo clanman.Ngɔ ɔti ɔdjɔ i clunsu,yɛ wa seman kɛ ɔ kaki nige kun

Ndɛ’n i bo’n yɛle kɛ: clo sran nga a ti’n  naan fa ɔ wun sunnzun sran uflɛ. Kɛ nga amun fa ti’n sa’n, amuti pka sɔ.",bau,unknown,test,Baoulé,Google WaxalNLP
bau_RK_RK_BCI_1_25b,RK,Klowa fuwayi ɔ wo gbo nu lɔ.,bau,unknown,test,Baoulé,Google WaxalNLP
bau_JK_JK_BCI_2_188,JK,"Eid al-Fitr blɛ nu, awlo bo fuɛ'm be yia be di aliɛ kɛ be kɔ vie nglɛnmu cilɛ anglo kun.",bau,unknown,test,Baoulé,Google WaxalNLP
bau_KK_KK_BCI_1_19a,KK,Ijre su kpu.,bau,unknown,test,Baoulé,Google WaxalNLP
bau_JK_JK_BCI_1_73,JK,Be fa kun bue nsan kpɛ ablesien ɔ yo ablahun,bau,unknown,test,Baoulé,Google WaxalNLP
bau_RK_RK_BCI_1_63,RK,Be fa n'nnan be fa tata n'nu su ɔ ye ablaun.,bau,unknown,test,Baoulé,Google WaxalNLP
bau_RK_RK_BCI_1_38c,RK,Mi suan fluwa ciɛn klua.,bau,unknown,test,Baoulé,Google WaxalNLP
bau_KK_KK_BCI_2_112,KK,"Sɛ amu wo Abijan Azalaye Hoteli nan, amu wan amu su kɔ Buake. Amu fite Hoteli i nyrun kpa su, yɛ amu fa taksi fa ɔ Ajame. 
Kɛ amu ju gari lɔ, fa tiki ngɔ kɔ Buake, a tuɛ kalɛ kotokun nso. 
Kanan amu a fa ju Buake, ɔ di dɔ nnun.
Kɛ amu ju Buake, loto fa amu kɔ be gari dan su lɔ. Lɔ, kɛ a fite ɔ sa fama su mɛtri ya nnyon su Hoteli dan kpa kun yo lɛ, ɔ suan kɛ Ran Hotel.",bau,unknown,test,Baoulé,Google WaxalNLP
bau_KK_KK_BCI_1_21b,KK,Nigema tro ye man fɛ kɛ aye tro nsa.,bau,unknown,test,Baoulé,Google WaxalNLP
bau_KK_KK_BCI_1_22c,KK,Nanni ba su non nyon flɛn.,bau,unknown,test,Baoulé,Google WaxalNLP
bau_JH_JH_BCI_2_117,JH,Yamussuklɔ diɛ ɔ tia dan sangnɛ mannu basiliki i nun dan ni mannu basiliki i klaman n'gnon su.,bau,unknown,test,Baoulé,Google WaxalNLP
bau_KK_KK_BCI_2_99,KK,"Mmla [[7] nso : Ye kluaklua e ti kun mmla nu, kɔkun ɔ fata kɔ nan man mmla nian e nga e su. Sran be kluaklua be le atin be sasa be wun sran kluaa ngɔ fon ndɛ nga nun, ɔ ni'n sran kluaa ng'ɔ wla sran fanngan kɛ ɔ yo sɔ'n.",bau,unknown,test,Baoulé,Google WaxalNLP
bau_JK_JK_BCI_2_155,JK,"Basiliki, 
Mont Nimba , 
Alasane watara pont
,Assinie,
Kilimandjaro,
Hawaï,
Nil ,
Amazonie,
Tour Eiffel,
Grand Bassam.",bau,unknown,test,Baoulé,Google WaxalNLP
bau_KK_KK_BCI_2_130,KK,"Ajua ni'n Amlan mɔ kɛ ɔ fɛ i be bakan nun lele, be ti janvuɛ dan kpa, be bo jesse bo bolɛ anuanzɛ kun.",bau,unknown,test,Baoulé,Google WaxalNLP
bau_KK_KK_BCI_2_206,KK,Mugun nu nzue dɔ kpa.,bau,unknown,test,Baoulé,Google WaxalNLP
bau_RK_RK_BCI_1_44,RK,"Ya ni foue cɛn n'glɛn munu dɔ n'nu su [5h] konguɛ n'zue anglonu bɔlɛ ufue wa gua kpa, duawa ɔ ye abluesiɛn ɔ ni n'nu ya su [65%], lika ɔle yo budu kpa, n'zue su tɔman sann'gɛ arɛ ɔle ba kpa i sɔ n'ti man ye tontɛ yɛ ye lua arɛtralɛ dandan mu.",bau,unknown,test,Baoulé,Google WaxalNLP
bau_RK_RK_BCI_1_88,RK,Dɔtrɔ bla blu ni n'san su ɔ ni bla mɔcuɛ su be di be juman i kpa ɔ tra bla be n'san su ɔ ni be n'siɛn su.,bau,unknown,test,Baoulé,Google WaxalNLP
bau_RK_RK_BCI_2_150,RK,"Kosan kun:
?Blɛ cinnjin benin yɛ Didier Drogba i junman dilɛ nun’n, ɔ yoli maan Chelsi'n w’a yan be Ligi'n  Campiɔn?
I su tɛlɛ’n: Afuɛ [2012] akpi nyɔn ni blu ni nyonn  nun’n, kɛ bé dí Campiɔn Ligi'n i awieliɛ lɔ’n, Didier Drogba yoli maan Cɛlsi i nzɔliɛ like’n yoli dan kpa, afin ɔ fali penalti ng’ɔ ti cinnjin kpa’n, ɔ maan Cɛlsi kwlali be kpɛ klikli’n alɛ dan sɔ’n nun .",bau,unknown,test,Baoulé,Google WaxalNLP
bau_KK_KK_BCI_1_18a,KK,Via su tɔ jen'vie su.,bau,unknown,test,Baoulé,Google WaxalNLP
bau_KK_KK_BCI_2_149,KK,"Loran Poku, Yaya Ture, Ben Badi, Aka Kuahi yɛ be ti Cɔt divua balon bofuɛ nga be man Cɔt divua nvle i nyisu dan ɔ. Afuɛn nga be kpli li kupu i Angola lɔ, Drogba rateli penati nga ɔfata kɛ ɔ man e kupu. Murielle Ahoure, ti nlesu wandifuɛ be ti klikli, isi'n nan Talou wa ba. Ajulisu balon nga be bo sika son nu, sran kɛ, Kessie sa, be anyanbe'n fi'n balon nga be boi.",bau,unknown,test,Baoulé,Google WaxalNLP
bau_JK_JK_BCI_2_107,JK,"Kɛ ɔ fɛ i aeroport Félix Houphouet-Boigny su lele mon fa ju Hôtel Ivoire lɔ’n 

Be afiɛn nun: Ɔ ti kilo kɔe blu ni nnu [15]
Blɛ nga be fa kɔ: Ɔ kwla fa miniti abla'n ni nnu [25] annzɛ ablacen [30] loto nun, ɔ fii akpɔ’m nga be fa.

 I klikli’n: Félix Houphouët-Boigny lɔ aviɔn jranwlɛ’n nun lɔ fitelɛ
Flu aeroport lɔ, kpɛkun fa atin nga be flɛ i kɛ Félix Houphouët-Boigny’n i su, fa nzɔliɛ nga be kle kɛ a kɔ Abidjan Centre’n su.

 I nyɔn su’n: Fa atin dan ng’ɔ kɔ Abidjan Centre lɔ’n su
Fa atin dan nga be flɛ i kɛ Félix Houphouët-Boigny’n, fa kɔ Abidjan lɔ.
Amun ka atin dan’n su lele naan amun a ju lika nga be flɛ i kɛ Cocody’n i nun.

 I nsan su’n: Amun ju Hôtel Ivoire lɔ
Kɛ a fin Cocody i atin’n i nuan lɛ’n, fa ɔ ti’n kɔ Avenue Carde su.
Amun fa atin sɔ’n su lele amun ju Hôtel Ivoire m’ɔ o Abidjan Cocody lɔ’n.

Lika cinnjin mun:
Félix Houphouët-Boigny atin dan’n: Akpɔ dan ng’ɔ sin aviɔn jranwlɛ’n nin Abidjan Centre be afiɛn’n.
Carrefour Cocody : Akpɔ dan nga be sin su naan ba ju otɛli lɔ’n.
Avenue Carde: Akpɔ ng’ɔ sin Hôtel Ivoire lɔ trele’n.
Blɛ nga be fa lkondoblibli nun’n:
ɔ di miniti kɔe abla'n ni nnu [25] annzɛ ablacen[30].",bau,unknown,train,Baoulé,Google WaxalNLP
bau_KK_KK_BCI_1_11c,KK,Guo okluɛ kun kplo I nyu nzueba su lɛ.,bau,unknown,train,Baoulé,Google WaxalNLP
bau_KK_KK_BCI_5_253,KK,"Laa kun, Anglo sunmanni’n ijrea kun sran be wun lɔ. Ɔ seli i kɛ: “Kɔ sran be wun lɔ, ko se be kɛ n su wu naan n cɛn. Be wu yɛ be sa be si’n nguan nun vie. 

Ijrea boli i kɔlɛ bo, sanngɛ gbanmlɔ kun wanndili ɔli, ɔ usali kɛ: Ni yɛ a su kɔ ɔ? 

Kakaa seli kɛ: “N su kɔ sran be wun lɔ.” Anglo seli mi kɛ n se be kɛ ɔ su wu naan ɔ saci nguan. Be kusu be wu vie. 

Gbanmlɔ seli kɛ: “N wanndi ndɛndɛ tra wɔ kpa.” Maan n wɔ ɔ osu nun. 

Kakaa kplinni su yɛ gbanmlɔwanndili ɔli sran be wun lɔ. Kɛ ɔ juli lɔ’n, ɔ seli kɛ, “Annglo’ se kɛ ɔ su wu naan ɔ su baman nguan nun kun.” Ɔkussu. 

I sɔ yoli sran be ya dan. Be kunndɛman kɛ be wu. Be wanndili be ɔli Anglo i wun lɔ, kpɛkun be usali sɛ ɔ ti nanwlɛ o.

Anglo fali ya dan kpa. “gbanmlɔ sɔ buli wɔ ato!” ɔ seli sɔ. N wu, sanngɛ n sa mi si’n nguan nun titi. Kɛ amun sa. 

Anglo fali waka kun, kpɛkun ɔ boli gbanmlɔ i nuan. Kɛ ɔ fɛ i lɛ, lgbanmlɔ i bue ti kpɛa .

Famiɛn bla kaan’n nin klolɛ’n i wunmiɛn’n .
Baoulé famiɛn diwlɛ kaan kun nun’n, be si kɛ famiɛn bla kun mɔ be flɛ i kɛ Asale’n, ɔ si aunnvuɛ dan. Kɛ batɛmun yofuɛ tɛ kun seli klɔ’n i sufuɛ’n, Asale w’a yoman sa kekleekle mun, sanngɛ ɔ fali klolɛ nin ndɛ’n i wlɛ wunlɛ. Ɔ kannin i awlɛn’n kleli batɛmun yofuɛ’n, kpɛkun blɛblɛblɛ, ɔ wunnin i fɔnlɛ’m be wlɛ, kpɛkun ɔ kacili i nzuɛn’n. Famiɛn bla kaan’n i blɛ su’n, famiɛn diwlɛ’n yoli kpa yɛ sran kwlaa trannin fɔundi nun, yɛ be trannin klanman. Ndɛ sɔ’n kle kɛ klolɛ nin aunnvuɛ silɛ’n be kwla kaci sran nga be awlɛn’n ti kekle kpa’n bɔbɔ.",bau,unknown,train,Baoulé,Google WaxalNLP
bau_JH_JH_BCI_1_76,JH,Kɛ e bu n'nan nu n'nu fa tata ablamɔjuɛ su e gnan ablosso ni n'ssan ni bue.,bau,unknown,train,Baoulé,Google WaxalNLP
bau_KK_KK_BCI_3_221,KK,"Afuɛ akpi nnyon ni nnyon [2002] angbɔ anglo nun, En avant Guingamp mɔ tɔli balon akpasua klikli nun, ɔ kunndɛli sran kun mɔ fa kɔ Fabrice Fiorèse mɔ ɔli, ɔ ni'n Stéphane Guivarc m’ɔ tɔli tukpacɛ’n be kalɛ. Guy Lacombe fali Drogba junman’n nun, ɔ ni’n sran kluaa be afɔtuɛ’n be timan kun, ɔ fali sika akpi ya jun [100.000 euros]. Kɛ ɔ bo i balon bolɛ klikli i bo Metz lɔ, cɔt divuafuɛ fali balon bolɛ klikli ngɔ kluali i nvle uflɛ nun. Ɔ ukali EAG naan wa ka betilɔ nun, afin ɔ luali bi nsan i jue blu ni kun [11] nun i blɛ klikli’n nun. Bertrand Marchand mɔ sinnin Lacombe i osu kɛ be kle sran’m be like’n, i nyrun dinlɛ nun, ɔ yili i wun nglo kleli sran kluaa afuɛ akpi nnyon ni nnyon fa ju akpi nnyon ni nsan [2002-2003] nun. Fɛlɛ anglo nun’n, be yoli balonbofuɛ’n i like yaya, i sɔ’n yoli maan i like klefuɛ’n nyannin ati’n yoli maan ɔ dili junman lika ngɔ leman wunmiɛn, yɛle i wunnɛn su. Anglo kun ni’n si’n, ɔ trali awlɛn kpa, afi’n ɔ niannin like nga be kle i jenvie i bue nga be flɛ i kɛ Brɛhati’n su lɔ, i nun. Drogba sɛli i si’n kpa naan wa di anglo nnan kasiɛn’m be nun, kpɛkun ɔ fali i jue blu ni nso [17] mɔ luali’n. Kɛ ɔ ni’n Florɛnti Malouda be o nun’n, mɔ be bo si’n yia i jue tofuɛ kɛ Klɔdu Misɛli, nin Stɛfan Karnɔ, ɔ ni’n Klistɔfu Le Rusi sa’n, ɔ mannin Bretɔn lɔ klɔ’n i ati’n kɛ ɔ di i nsan su’n, ɔ le point nsan naan wa klua wlu Ligue des Champions nun. Drogba yoli kpa alobo sɔ nun sakpa, ɔ yacili i nzɔliɛ lɔ, kpɛkun ɔ nin i be trannin lɔ. Afuɛ akpi kun ni blu ni nnyon [2012] nun, kɛ EAG i afuɛ ya’n juli’n, ɔ sɛli i sin Côtes-d’Armor lɔ, kpɛkun sran’m be jrannin be boli ndɛ mɛnni Roudourou stade nun lɔ, ɔ ni’n laa klɔ’n i nunfuɛ onga mun. Be fali i Stéphane Guivarc’h i wun lɛ EAG i “équipe du siècle” nun, mɔ sran akpi blu ni nsiɛn [16.000] nga be di junman ɛntɛnɛti su mɔ be fali be wun wlali vote kun mɔ zronali nga be flɛ i kɛ Ouest-France15 m’ɔ ti nvle’n i lika kwlaa nun’n, ɔ siesieli’n, be fali’n.",bau,unknown,train,Baoulé,Google WaxalNLP
bau_JK_JK_BCI_1_55,JK,"N'dɛ tchinba liɛ , awugnɛ wa ba dab pka.",bau,unknown,train,Baoulé,Google WaxalNLP
bau_RK_RK_BCI_4_228,RK,"Kanada lɔ politiki’n ti parlɛmɛnti demokrasi’n i nun kun, ɔ nin parlɛmɛnti awa’n i lika kun mɔ be le demokrasi’n i su ndɛ’n i kpa’n. [1] Kanada ti famiɛn diwlɛ kun mɔ be fa mmla’n be sie i lɔ’n, mɔ famiɛn’n yɛ ɔ ti nvle’n i su kpɛn’n niɔn. I yolɛ nun’n, famiɛn dilɛ’n i kwlalɛ’n wo Cabinet, m’ɔ ti famiɛn’n i ministɛr’m be komite kun mɔ Kanada lɔ ministɛr dan’n yɛ ɔ sie i’n, m’ɔ di junman kɛ famiɛn’n i anuannzɛ’n i kpɛnngbɛn’m be anuannzɛ’n sa’n, m’ɔ ti Kanada lɔ famiɛn’n i kpɛnngbɛn’m be anuannzɛ’n, m’ɔ nian sran’m be su kpɛn’m be su’n. 

Be waan Kanada ti ""demokrasi m'ɔ ti kpa'n"" , ɔ le mɛn nunfuɛ'm be liberalismu  i su ndɛ, ɔ le politiki akunndan bulɛ wafa ng'ɔ ti kpa'n . Kanada lɔ politiki nun’n, sran’m be yo sa tɛtɛ kpa le.",bau,unknown,train,Baoulé,Google WaxalNLP
bau_RK_RK_BCI_2_189,RK,"Mɛ i le [1] kun su’n,ɔ ti junman dilɛ cɛn’n",bau,unknown,train,Baoulé,Google WaxalNLP
bau_JH_JH_BCI_3_220,JH,"Kɔdivoiri lɔ aliɛ dilɛ nun, aliɛ fanunfanun n'gna be fin akpasua kluaa n'nnga be o nvle sɔ nun’n, be o nun. Titi’n, ɔ ti nvan kpa. Nvle n'gna be o akpasua sɔ’n nun’n, be sinnin be nvle uflɛ nunfuɛ’m be sin, be fali Ivoiri lɔ aliɛ dilɛ wafa’n be yoli like dan kpa.

Kɔdivoiri lɔ aliɛ’m be ti kpa yɛ be ti fanunfanun, ɔ kle kɛ nvle’n i nunfuɛ’m be n’zuɛin’n ti fanunfanun. Aliɛ n’gna sran’m me klo i kpa’n, be nun kun yɛle ajɛkɛ, ɔ ti aliɛ kun mɔ be fa mannzin ɛ kɛ beko bo agba be fa fa miannu mom, kpɛ sunman’n be fa jue n’gna be kɛin ɛin, annzɛ n’gna tro annzɛ tomati ni mankun ni jene be di. Aliɛ,mɔ be fa plantain annzɛ duo be yo’n, ɔ ti aliɛ uflɛ, kpɛ sunman’n, be fa tro kɛ ae tro, n’gnatɛ tro annzɛ gbɔlu tro yɛ be fa di non.

Ivoirien’m me aliɛ me ti kɛ be fa mankun, nin kpanwun kɛ mankun, tomati, ɔ nin lɔ ninnge’m be fa yo nigne’n sa. Je’nvie nun jue ni je’vie nu nigne m’ma me ti sran’m me jinnjin kpa jen’vie nuan lɔ lika’m be nun, sanngɛ nnan kɛ akɔ, kɔkɔti nin nannin be ti nvle’n i klun lɔ nika’m be nun. Be ton aliɛ’m be kpa, be klo aliɛ n’gna be yili be uflɛuflɛ’n, ɔ nin daa aliɛ tonlɛ wafa’n mu.",bau,unknown,train,Baoulé,Google WaxalNLP
bau_RK_RK_BCI_3_214,RK,"I sɔ’n ti’n, kɛ be se kɛ be fa lika nga be o lɛ laa’n be nun sunman be di junman’n, sɛ ɔ ti klɔ dan’n su lɔ’n, annzɛ Îli-de-Franci lɔ’n, annzɛ nvle’m be nun lɔ’n, annzɛ jenvie’n i sin lɔ’n, be fa yo ninnge wie mun ;balɔn tolɛ’n, tu tolɛ’n, mmeli nun cisanlɛ’n, ɔ nin nzue nun cisanlɛ’n . . Like nga be kplannin’n, yɛle Centri Aquatiki Olympiki  mɔ be sieli i Stadi de Franci i wun lɛ’n, ɔ nin  Chapelli I anuan lɔ alɛ kunlɛ lika nga be katali su’n, ɔ nin Burget lɔ lika nga be fu oka’m be su’n, ɔ nin klɔ nga be flɛ i kɛ Olympiki'n, ɔ nin klɔ nga be bo jasin fɛ’n. Toni Estanguɛti m’ɔ ti Olɛmpiki’m be nun balɔn tofuɛ kpɛ nsan laa’n, yɛ ɔ sie komite nga be siesie aɲia sɔ’n niɔn.

Afuɛ [2024] akpi nyonn ni ablaun ni n'nann   nun’n, be dili afuɛ  [100] ya kun mɔ be yoli i Aflansi lɔ’n, ɔ nin afuɛ [2.800 ] akpi nyonn  ya mɔcuɛ nga be boli laa Olɛmpiki’n i bo’n, mɔ be waan ɔ dili afuɛ [776] ya ablueso ni n'so  nun ka naan y’a ju Zezi blɛ su’n.  I kpɛ klikli nga bé bó alɛ sɔ’m be bo’n, mɔ be su kpɛn’n yɛle Tomasi Jolly’n, be bo i bo alɛ kunlɛ lika kun i gua su lɔ, i lɛ nun’n, be yo i klɔ nga be flɛ i kɛ Pari’n i afiɛn lɔ, i dan lika’n, ɔ o Seini su lɔ. Kɛ nga be fa yili i nglo’n sa’n, be yo be klɔ dan’n su lɔ, be leman lika nga be flɛ i kɛ Olympiki’n, be yo i klɔ dan’n i lika nga sran’m be si be kpa’n be nun - kɛ Trocadéro, nin Tour Eiffeli, nin Champ-de-Marsi, nin Invalidesi, nin Placi de la Concordi sa. , nin Famiɛn sua dan’n, nin Alexandri-III i su sua’n, nin Seini, nin Versailles famiɛn sua’n, ɔ nin Montmartre bɔbɔ — be nun wie’m be nun’n, be kwla kɔ lɔ ngbɛn.
Amlɛnkɛn’m be fali sika ɔkwlɛ [40] abla’nann, yɛ be kwlaa be ti [126] ya kun ablaun ni n’siɛn. I wie yɛle kɛ, Simɔne Bili m’ɔ ti gymnasi m’ɔ ɲannin sika ɔkwlɛ yanman [3] nsan nin sika ɔkwlɛ yanman [1] kun’n, ɔ nin Katie Ledecky m’ɔ kacili nzue nun wlanfuɛ nga be yoli i klanman kpa’n, be yoli kpa. ɔ nyan nin medali [14] blu-nin-nnan, sika ɔkwlɛ [9] n’gluan be o nun. Amlɛnkɛn’m be kusu be kwlali be wun tukpiɛnlɛ nun, sanngɛ Armand Duplantis yɛ ɔ yoli sran dan kpa ɔ, afin ɔ yoli mɛn wunmuan’n nun tukpiɛnlɛ fuɛ i su like uflɛ. Sinua’m be ɲannin sika ɔkwlɛ medali [40] abla’nann wie’n, be ɲannin tabli su tenisi tolɛ’n titre [5] nnun, kpɛkun  nzue nun tɔlɛ’n nun be ɲannin titre kpɛ [8] mɔcuɛ kɛ nga Kore di Sidi lɔfuɛ’m be fa yoli’n sa. Sran ng’ɔ yoli kpa Parisi lɔ alɛ kunlɛ’n nun’n, yɛle Flansi lɔ nzue nun wlanfuɛ Léon Marchand, bɔ ɲannin sika ɔkwlɛ medali [4] nnan, yɛ Kiba lɔ alɛ kunfuɛ Mijaín Lópezi yoli sran klikli, alɛ kunlɛ wafa kwlaa nun’n, m’ɔ ɲannin sika ɔkwlɛ medali [5] nnun alɛ [5] nnun nga be sinnin be wiengu su’n be nun’n. Atlɛti nun’n, Botswana lɔ Letsili Tebogo ɔ yo li mɛtri [200 m] ya nyonn, nin Sainti Lusi lɔ wanndifuɛ Julien Alfredi wandili mɛtri [100m] ya kun ɔ nin Dominikan lɔ Thea LaFond m’ɔ tu sin kpɛ [3] nsan’n yɔ ɲannin sika ɔkwlɛ medali klikli’n be nvle’m be nun. Kɛ Marie-José Pérec  be sɔli Olɛmpiki’m be nun’n, judofuɛ Teddy Riner kusu kacili Olɛmpiki’m be nun sran kun m’ɔ kwlali kpɛ [3] nsan’n, kpɛkun ɔ ɲannin sika ɔkwlɛ medali kpɛ [5] nnun, kpɛkun ɔ kwlali sran uflɛ. Novaki Djokovic liɛ’n, ɔ wieli like kunndɛlɛ ng’ɔ cɛli kpa’n i di, ɔ yoli tenis tofuɛ Olɛmpiki nun. Paris lɔ ngowa kanlɛ’n i kɔnguɛ kasiɛn’n nun’n, sa uflɛ kun ɔ juli yɛlɛ: “maratɔn ng’ɔ ti sran kwlaa liɛ’n” m’ɔ fa sran akpiakpi kpanngban kpa be yia atin nga be nga be si akplowa’n be fali’n su laa’n.",bau,unknown,train,Baoulé,Google WaxalNLP
bau_JH_JH_BCI_1_17A,JH,N'zue nan djaran oka n'gnon be afiɛn kɔkun,bau,unknown,train,Baoulé,Google WaxalNLP
bau_RK_RK_BCI_5_245,RK,"Nzue’n w’a kun boluɛ kun nin bua ba kun be bali nzue ba kunngba’n nun. boluɛ jrannin nglo lɔ, yɛ bua ba’n jrannin jagua lɔ. boluɛ  m’ɔ kunndɛli like ng’ɔ kwla yo naan w’a di bua ba’n, ɔ seli kɛ: “?Kɛ n su nɔn nzue’n, ngue ti yɛ a jrannin nzue’n mannin min ɔn? 
Srɛ m’ɔ kunnin bua ba’n ti’n, ɔ seli kɛ: “Sanngɛ . Ɔ fata kɛ nzue’n fin oka’n su lɔ naan w’a ju min wun lɔ. 
Ɔ maan, boluɛ w’a lafiman su. Ɔ seli kɛ: “I anglo nsiɛn yɛ, amun kannin min wun ndɛ tɛ. 
Bua ba’n seli kɛ: “Sanngɛ b’a wuman min bɔbɔ anglo nsiɛn yɛ!” 
Klɔ’n seli kɛ: “Sɛ ɔ ti sɔ’n, nanwlɛ, ɔ si yɛ ɔ kannin ndɛ sɔ mun ɔn.  Kɛ ɔ kannin sɔ’n, ɔ tɔli bua ba’n su, ɔ dili.
Ndɛ sɔ’n i bo’n yɛle kɛ wie liɛ’n, kannzɛ amun yo like benin’n, sanngɛ sran kun o lɛ titi m’ɔ́ kúnndɛ like ng’ɔ́ fá yó amun like yaya’n niɔn. Nán maan sran sɔ’m be yo maan amun tɔ. Amun yo amun bɔbɔ amun wun sa ngbɛn naan amun jran like nga amun lafi su’n i sin.",bau,unknown,train,Baoulé,Google WaxalNLP
bau_KK_KK_BCI_2_190,KK,Bla be anuanzɛ be cɛ bla be like Bla be fɛtri cɛn nu.,bau,unknown,train,Baoulé,Google WaxalNLP
bau_RK_RK_BCI_1_70,RK,Sɛ be fa blun be fa tata blun su ɔ ye ya kun.,bau,unknown,train,Baoulé,Google WaxalNLP
bau_RK_RK_BCI_2_210,RK,"“Maan e wɔ Yopugɔn lɔ, é kó dí jue ɔ ni acɛkɛ  kpa kun.”
“Placali nga be fa may i nun nzue’n be gua nun’n, ɔ ti nvan kpa, 
“Kɛ á sín Kɔkɔdi lɔ’n, ɔ fata kɛ a nian be kpɛma kiɛnwa nun sakpa.”
“?Amun a di banan m’ɔ nin nɲa’n be gua nun’n, ɔ ti fɛ dan, annzɛ!”
“Ivoirifuɛ’m be klo kɛ bé trán ase bé nɔ́n gbêlê maquis nun.",bau,unknown,train,Baoulé,Google WaxalNLP
bau_JK_JK_BCI_1_58,JK,Angban ɔ vita via nun.,bau,unknown,train,Baoulé,Google WaxalNLP
bau_KK_KK_BCI_3_217,KK,"Henri Konan Bɛdiɛ mɔ ti anuannzɛ i su kpɛn, kɛ ɔ fɛ i afuɛ akpi kun ya ngluan ablangluan ni nnan [1994] nun, ɔ wuli afuɛ akpi nnyon abla’n ni nsan [2023] i, fɛlɛ anglo i le kun su. Be yoli anya dan kun afuɛ akpi nnyon abla’n ni nsan [2023] kɔnguɛ anglo nun naan ba fa sran uflɛ ba fa kaci. Sran nnun mɔ be o anuannzɛ sɔ nun, be yɛ be o nun ɔn: Maurice Kakou Guikahué, ni’n Noɛli Akossi Bendjo, ni’n Zan-Marc Yace, ni’n Moïse Komoué Koffi, ɔ nin Tidjane Tiam.
Be nga be kunndɛ kɛ be di famiɛn, mɔ be flɛ be kɛ Moïse Koumoué Koffi nin Noël Akossi Bendjo’n, kɛ be fali be wun luali be nun, mɔ Émile Constant Bombet yɛ ɔ sie be, be fali be wun luali be nun kɔnguɛ anglo bo bolɛ nun. Moïse Koumoué Koffi sieli i nzɔliɛ kɛ sran fanunfanun nga be fa be wun mantan sran mun, be yo maan “alɛ’n yo kekle kpa Pati’n i nun.” Maurice Kakou Guikahué i kandidati’n, parti’n i su kpɛn’m be bu i kɛ ɔ timan su afin ɔ o jɔlɛ difuɛ’m be sa nun kɛ ɔ fɛ i afuɛ akpi nyonn ni ablaun ni kun [2021] Zanvie nun’n, i sɔ’n fin afuɛ akpi nyonn ablaun ni kun [2020] nun nvle siefuɛ’m be alɛ’n i sanganlɛ. Sanngɛ, kɛ be fali ndɛ sɔ’n be sieli i nzɔliɛ, w’a cɛman yɛ Ivoiri lɔ jɔlɛ difuɛ’m be yili jɔlɛ dilɛ’n i su mmla sɔ’n niɔn. Maurice Kakou Guikahué kpɛli like nga pati kpɛnngbɛn’m be kunndɛ kɛ bé fá Tidjane Thiam bé dí junman’n i ba.
Afuɛ akpi nyonn ablaun ni n’san [2023], Desamblu i le blun ni kun [16] su, cɛn nga bé yó aɲia’n, jɔlɛ difuɛ’m be fali be wun wlali ndɛ’n nun kpɛ nɲɔn su, kpɛkun be jrannin aɲia’n i bo. Jɔlɛ difuɛ’m be bu i kɛ ndɛ nga sran nɲɔn mɔ be kan sa tɛtɛ’m be ndɛ’n, be kannin’n, ɔ ti su kɛ be flɛ be kɛ be yo vote’n i listi’n su.
Kɛ politiki biro’n i aɲia kun mɔ be siesieli i afuɛ akpi nyonn ablaun ni s’san [2023] Desamblu i le blu ni n’gluan [19] su’n, PDCI kacili i aɲia’n i blɛ uflɛ afuɛ akpi nyonn ablaun ni n’san [2023] Desamblu i le ablaun ni nyonn [22] su’n, Félix Houphouët-Boigny i fondasi’n nun lɔ Yamoussoukro. Desamblu i le ablaun ni nyonn [22] su’n, be fali Tidjane Thiam kɛ ɔ yo PDCI i su kpɛn, ɔ nin vote ablaun’n’gluan n’siɛn ni bue ya su [ 96,5%].
Afuɛ akpi nyonn abla’n ni n’nann [2024], nglo anglo nun, be fali Sylvestre Emmou m’ɔ ti Pɔrt-Bouët lɔ klɔ kpɛn’n, ɔ nin Noël Akossi Bendjo be yoli fluwa klɛfuɛ dan’n be yoli anuannzɛ’n i nunfuɛ’m be nun nɲɔn su’n ɔ nin be su kpɛn’n3.",bau,unknown,train,Baoulé,Google WaxalNLP
bau_JK_JK_BCI_2_151,JK,"Kɛ Côte d’Ivoire kwla di Coupe du Monde klikli’n afuɛ 2006 nun’n, Didier Drogba yoli cinnjin sɛ?

Didier Drogba dili junman cinnjin kpa naan Côte d’Ivoire wa kwla bo Coupu di  Monde klikli’n  afuɛ 2006 nun. I nrun dinlɛ’n nin wafa ng’ɔ dili junman kpa  , ɔ wlali nvle’n i nunfuɛ’m be fanngan, be flɛli i kɛ Sua, kpɛkun ɔ wlali nvle wunmuan’n i fanngan. I like ng’ɔ yoli’n, ɔ yoli maan ɔ yoli sran dan kpa Côte d’Ivoire lɔ naan wa yo be wun kpinngbinlɛ nin be nzuɛn’n i su like kpa",bau,unknown,train,Baoulé,Google WaxalNLP
bau_KK_KK_BCI_2_197,KK,Kisie cɛn juman di fuɛ be kɔ juman.,bau,unknown,train,Baoulé,Google WaxalNLP
bau_JK_JK_BCI_2_111,JK,"Atin’n: Ɔ fin Abidjan ɔ kɔ Bouaké .

I nun Abidjan ni Bouaké be afien : Ɔ ti kilomɛtri kɔe 350
Dɔ nga be fa’n: dɔ 5 annzɛ dɔ 6 kondoblibli nun.

I klikli’n: Abidjan lɔ jasolɛ (i vie yɛle Cocody annzɛ Plateau lɔ)
Fa atin nga be flɛ i kɛ Autoroute du Nord’n, fa kɔ Yamusukro klɔ’n su lɔ.

 I nyɔn su’n: Amun ju Yamoussoukro klɔ’n su lɔ .
Kɛ a fin Abidjan lɔ’n, fa atin klikli’n (RN1) su naan w’a ju Yamusuklo.
Abidjan nin Yamusuklo be afiɛn’n ti nun kilo kɔe 240.
Blɛ nga be fa di junman’n: Ɔ kwla di dɔ 3 annzɛ 4.

I nsan su’n: Amun fin Yamoussoukro lele amun ju Bouaké .
Amun fa RN1 su be kɔ Bouaké lɔ.
Amun nian nzɔliɛ like’m be su lele naan amun a ju Bouaké klɔ’n su lɔ.
Yamusuklo nin Bouaké be afiɛn’n ti nun kilo kɔe 110.
Blɛ nga be waan be fa dí junlɔ: Ɔ kwla ju dɔ 1h30 lele dɔ 2.

 Like cinnjin nga be o atin’n su’n:
Abidjan (Kɔkɔdi/Platɔ): Lika nga be bo i bo’n.
Akpɔ ng’ɔ o nglo lɔ lika’n nun’n / RN1: Akpɔ dan ng’ɔ sin Abidjan nin Yamoussoukro be afiɛn’n.
Yamoussoukro: Côte d’Ivoire lɔ politiki klɔ dan’n, ɔ ti lika kpa mɔ be kwla lo wunmiɛn lɔ’n.
Bouaké: Lika kasiɛn nga be su kɔ’n",bau,unknown,train,Baoulé,Google WaxalNLP
bau_RK_RK_BCI_1_31c,RK,Wo dan ɔ yo sro kpa.,bau,unknown,train,Baoulé,Google WaxalNLP
bau_JH_JH_BCI_2_156,JH,Abidjan ti Côte d'Ivoire i sika ndɛ klɔ dan.,bau,unknown,train,Baoulé,Google WaxalNLP
bau_RK_RK_BCI_1_96,RK,Bakan i n'nann su ɔ lɛ sima n'nann.,bau,unknown,train,Baoulé,Google WaxalNLP
bau_JH_JH_BCI_2_180,JH,"?Daa aliɛ benin yɛ be fa n'gna annzɛ n'gnga n'gna be di ɔ?
Duo aliɛ nɛ be fa n'gn n'gna di non.",bau,unknown,train,Baoulé,Google WaxalNLP
bau_RK_RK_BCI_2_168,RK,"Acɛkɛ, aloko, kejenu, placali, fufu, garba, n'gatɛ tro, klaklo, banan aliɛ, duo aliɛ.",bau,unknown,train,Baoulé,Google WaxalNLP
bau_KK_KK_BCI_5_241,KK,"Laa waa kun nu, nnɛn blo adua kun su si’n wakama fie kun nun lele ɔ tɔ divɛnma blowa kun mon fu waka kun i sa ma mɔ ti nglonglo kpa su. Ɔ seli kɛ: “Like nga klua fa kpɛ mi nzueɛ yɔ wo yɛ.” Ɔ mugeli si’n lɔ kan, yɛ wandi tu tɔli waka i sama sɔ su, sangɛ i sa wa nyɛnmɛn kpa. Ekun, waa tu i ja wɔ si’n kpɛ nsan, yɛ tutɔ su ekun, sangɛ za klua y aye ekun. Ɔ miɛnni i nyin kpɛ sunman kɛ ɔ fa waka mma ngɔ klua laka sran, sangɛ i agualiɛ su, ɔ yacili i nun, kpɛkun ɔ nantili ɔli mmua, i kɔlɛ su ɔ seli kɛ: “N lafi su kɛ be ti yo vi.”

Talua kan’n nin anunman ng’ɔ ijɔ’n
Baoulé klɔ kun su lɔ’n, be flɛ talua kan kun kɛ Abla. Cɛn kun, kɛ ɔ́ nánti waka’n nun lɔ’n, ɔ wunnin anunman kun m’ɔ yoli i like yaya’n. Ɔ fɛli i ɔli awlo, yɛ ɔ niɛnnin i lika lele ɔ yoli juejue. Anuman’n, kɛ ɔ yoli i si’n, ɔ boli ijɔlɛ bo! Ɔ kannin ndɛ fɛfɛ wie mun kleli i, kpɛkun ɔ yoli i mo kɛ ɔ yoli i ye’n ti. I kacilɛ nun’n, ɔ mɛnnin i bakanngan’m be nnɛn ng’ɔ kwla yo like kun m’ɔ kunndɛ’n cɛn kwlaa’n. Fluwa sɔ’n ti’n, Abla yoli like kpa kpanngban i wun lɛ, kpɛkun ɔ kacili i klɔ lɔ bla m’ɔ ti sran dan’n. Ɔ kplinnin su kɛ ɔ́ úkɛ i awlobofuɛ nin i janvuɛ mun, naan aklunjuɛ nin wlogbi w’a tran i klɔ’n su. Ndɛ sɔ’n kle kɛ aklunye nin klun ufue yolɛ’n be ɲan su mmlusuɛ titi.",bau,unknown,train,Baoulé,Google WaxalNLP
bau_KK_KK_BCI_2_113,KK,"Khorogo wo Cɔt divua i ti su nglolɔ. Sɛ a jao Buake nan a wan kɔ lɔ, kɛ afi'n Ran Hotel fite, a fa ɔ sa fama su. A nanti mɛtri abla'n, yɛ a to akpɔ klikli, a jran i nuan lɛ, a fa  takisi fa jra Khorogo loto nga be flɛ i UTRAKO gari lɔ, ɔ wo Dares salam akpasua liɛ su lɔ. 
Kɛ a ju lɔ, kpɛ be tike, a tuɛ kalɛ kotokun nnun.
Khorogo lɔ, kɛ afi'n gare lɔ fite, tɔ ti jangua lɔ, be klɔ kpɛn i alo wo fama su lɔ, kɛ akpɛ mɛri sua dan i unn.",bau,unknown,train,Baoulé,Google WaxalNLP
bau_JK_JK_BCI_2_139,JK,"Mali lɔ klɔ dan benin yɛ UNESCO klɛli i dunman kɛ mɛn wunmuan’n be ninge ɔ?

Klɔ dan nga be flɛ i kɛ Timbuktu’n, be klɛli i UNESCO i mɛn’n nun ninnge’m be nun.",bau,unknown,train,Baoulé,Google WaxalNLP
bau_RK_RK_BCI_1_51,RK,"Wue ni ya cɛn n'glɛnmunu nyanmiɛn i su ɔ kpaja kpa,  via ɔ fite dɔ n'un ni sie su via ɔ fite i tiwa lɔ yɛ i bolɛ  dan ɔ yo degre ablasan [30°] kɛ be sekɛ midi su u'n via wa sie nyanmiɛn i afiɛn nu sɛsɛ , yɛ awunyɛ ɔ ye [23°] degre ablaun ni n'san  kɛ n'dɔ sua faju'n dɔ n'so su via fa tɔ  i atɔliɛ lɔ yɛ lika ɔ n'san.",bau,unknown,train,Baoulé,Google WaxalNLP
bau_JH_JH_BCI_5_250,JH,"Aunkpan ni ɛjua be'n si akpoa nan be nian benun kun n'gna ɔ lɛ fangnan. Aunkpan wan yo, mi ɛ n'nɛ tra su non. N'kla tutu baka me bo yɛ'n bubu sua mun. Yɛ ɛjua se kɛ mi ɛ n'nɛ fangna non. M'kla yo nan ahaluɛ flinnin nan do a tra su lelele nan sɛ klezua sɛ kun da asiɛ'n bɔbɔ ɔ be. 
Be sili akpoa cɛ kpa kɔkun sran fi wa kla gnanman kloilɛ i biegun su. Ajueliɛ lɔ be gnuli kɛ aja tufuɛ kun ɔ nanti akpɔ su. Yɛ aunkpan sekɛ yo, ma ji i n'glo klɔ kɛ mi ɛ'n gno sro traɔ non. Ma yo nan ajalɛ tufuɛ n'gna e a ji i tralɛ dan. 
Aunkpan fitali kekle kpa mɔ kla ji bian i tralɛ sangɛ ajalɛ tufuɛ trali i tralɛ dan i ase kekleke kpa man ɔ kli i'm. I ajueliɛ nan aunkpan nan jran.
Ɛjua srili buɛ yɛ ɔ sekɛ yaki mi nun man n'gno bie. Ɛjua boli bolɛ bo blɛblɛblɛblɛ. I bobolɛ nun, ajalɛ tufuɛ nan faman i i a sieman su, sangɛ kɛ ɔ jɛ kan, aunyɛyɛ bo i kulɛ bo nan wa jiji i tralɛ i atrase nan wa fa ɛunkpan flɔlɔ kun. Ɛjua te su bolɛ su, kɛ ɔ bo blɛblɛ ni ɔ do tra su lelele nan n'vufle a bo ajalɛ tufuɛ i  tulɛ bo nan wa ji tralɛ dan nan to a ji asiɛ'n. Kɔ e sɔ ni aunkpan te fita sangɛ ni ɛjua ni sri. Ɛjua sekɛ, ɛ gnui, akluye kla ja sanuan tra kekle yolɛ.
Sa n'gna ɔ fata kɛ e trɛ ase nnɛ n'gna nun yɛlɛ akluye gnon sro tra fangnan.

Daa bie ni ɛijerewa ni di juman dan kpa nan wa isa nigne mma mu lu i soi nun lɔ yɛ kotroko kun ɔn si lɛ. ɔ sei kɔ ɔ yaki juman diwa nan ɔ bla man be gan ngua nikaluɛ afin ɛrɛ ni nian baman ka. Yɛ ɛijerewa seli i kɛ ɔ sɛsɛ i ɔn sie nan ɛrɛ nan bɛ afin n sikɛ ɔ a e kekle kpa kpa afuɛ ngna.  
Kɛ ɛrɛ boli i bawa bo, ɛrɛ kuni kotroko kɔkun ni ɔ gnaman nigne diman yɛ i lua kpin su su kɛ ɛijerewa lɛ nigne diwa lɔ yɛ ɔ ɔli i srɛwa. Yɛ ɛijerewa seli i kɛ, sɔ ti kɛ ɛ dili juman kɛ nsa ni ɛ ɔn kla miɛnman mi ɔn. Yɛ ɔ seli kɛ, kɛ ɛ ɔn kɛ mi man ɔ nigne, sankɛ ɛ ye nigne kun manmi. 
Nnɛ sɔ kle kɛ sɛ ɔ buɔbuɔ ɔ ɔn sie, srɛ ɔn kuman ɔ sa kekle me nun.",bau,unknown,train,Baoulé,Google WaxalNLP
bau_JK_JK_BCI_1_56,JK,N'dɛ tchinba liɛ nzue le tɔ lele.,bau,unknown,train,Baoulé,Google WaxalNLP
bau_RK_RK_BCI_1_36a,RK,Abɛbɛmu be n'tu si'n kɔ anuman be anya i bo.,bau,unknown,train,Baoulé,Google WaxalNLP
bau_KK_KK_BCI_1_4c,KK,Afue I ɔdinatɛ taka tabli su.,bau,unknown,train,Baoulé,Google WaxalNLP
bau_RK_RK_BCI_1_82,RK,Be fa n'san bɔ ba cɛnu mɔcuɛ be fa tata mɔcuɛ su ɔ ka n'san.,bau,unknown,train,Baoulé,Google WaxalNLP
bau_JH_JH_BCI_3_213,JH,"Elizabeth II, famiɛn bla Royaume-Uni famiɛn dilɛ uflɛ'm, i ɛjue'n juli anaya i le [8] mɔjuɛ , [2022] afuɛ akpi n’ngnon ablanuni n’gnon nu. Kɛ e dili famien afuɛ [27] ablaun ni n'so, Balmoral Castle nu, [Ecosse] ekɔs lɔ. Anɛya i le [3] n'san su’n, tukpacɛ’n ti’n, famiɛn bla’n naa kluaa ɔman Highland Games m’ɔ o Braemar m’ɔ o be klɔ kpli nun lɔ nun  lɔ’n i bo, klɔ sɔ mɔ famiɛn klo lɔ kɔlɛ kpa. I ɛjue’n yoli maan sran’m me lua boli be ɔn dan, kɔkun be yili i ayɛ Rɔmu lɔ nin man unmuan’n nun, Lɔnduru lɔ.
I agualiɛ su’n, be sieli famiɛn bla’n i gnanmiɛn sulɛ sua nga be flɛ i kɛ Sɛin George. Famiɛn bla’n uli kpɛinngbɛin yolɛ’n ti Balmoral Castle lɔ, i kpɛinngbɛin’n nin sran ngnɔ sinnin i osu’n, mɔ be flɛ i kɛ Charles III’n, ɔ nin i wa bla Anne be o lɛ. Kɛ be fɛ i unmin luali sua’n nun lɔ Aberdeenshire lɔ’n, be fali Famiɛn bla’n i fui’n be ɔli loto nun anɛya i le [11] blu nin kun su, be ɔli Holyrood Palace m’ɔ ti famiɛn’n i sua’n nun lɔ’n, m’ɔ o Édimbourg lɔ’n. Kɛ aliɛ cɛnnin’n, famiɛn uflɛ sɔ’n fali asieliɛ’n i su sran’m be ɔli gnanmiɛn sulɛ sua’n nun lɔ, kɔkun kɛ be jueli gnanmiɛn sulɛ wafa kun yo’n, be fali asieliɛ’n be sieli sran kluaa be gnrun lele aliɛ cɛnnin nɔsua nun. Sonja’m me alapla kun fa famiɛn’n i fui gnɔli Édimbourg lɔ alapla jranlɛ’n nun lɔ kɔ Middlesex lɔ. Anɛya i le [13] bluni n’san su nɛsua nun’n, sran’m me fuɛn’n juli Buckingham Palace lɔ Lɔnduru lɔ. 
Kɛ nvle siefuɛ’n wuli m’ɔ ni ɔ lɛ afuɛ [96] abla n’glan ni n’siɛn, mɔ jueli afuɛ [70] abloso i famiɛn dilɛ’n i bo’n, ɔ yoli maan famiɛn i alobo’n nin nvle’n me afiɛn’n, ninnge dandan nin kanngan bie’m be kacili. Famiɛn bla’n i ndɛ kasiɛn n’gna ɔ kan kleli i yi wa bla yɛlɛ kɛ, “afɔtuɛ kpafuɛ n’gna ɔ fa mannin min’n.‘Sara, nan maan ɔ lua fi su kɛ ɛ ti kpa man min’.",bau,unknown,train,Baoulé,Google WaxalNLP
bau_JH_JH_BCI_1_24C,JH,Soi dan sɔ mɔ ti kpajalɛ kpankpan su nan bu bu.,bau,unknown,train,Baoulé,Google WaxalNLP
bau_JH_JH_BCI_1_14B,JH,Ɔ ti kɛ n'zue ni ma tɔ sa.,bau,unknown,train,Baoulé,Google WaxalNLP
bau_JK_JK_BCI_2_106,JK,"Sɛ amun fin Yopougon Maroc lubafriki lɔ nan amu kɔ Yopougon  farimasi keneya amun fa atin:

I klikli’n [1]. E bo e bo  Yopugon Marocu :
Amun bo i bo Lubafriki lɔ (blɛ sunman’n, lika nga be sin nun’n, ɔ ti lika cinnjin kpa kun).
Fa atin dan ng’ɔ kɔ Niangɔn Sud annzɛ Niangɔn Nɔru lɔ’n.

I jon sun [2]. Akpɔ nga be fa kɔ Niangon lɔ’n:
Amun sin lika nga sran’m be si be’n be nun kɛ Carrefour Sable annzɛ Carrefour Académie de Polici (sɛ apkɔ ɔti pka).
Amun wɔ amun nrun trele amun nian like nga be klɛli i su’n naan amun a ju Niangon, lika nga sran’m be si i kpa’n, m’ɔ yo maan amun mantan lika nga amun su kɔ’n i wun koko lɛ’n.

I nsan su [3]. Kɛ be ju Yopougon keneya lɔ ayre atɛ lɔ’n:
Kɛ amun ko ju Niangon lɔ’n, amun nian ajalɛ nga be man amun’n be su. Farmasi sɔ’n wo aata diwlɛ ulɛ annzɛ lika nga be si be kpa’n be wun koko lɛ.
Sɛ ɔ fata kɛ amun usa amun lɔfuɛ mun’n; lɔfuɛ’m be si ayre yowlɛ sɔ’n kpa.

I n'nan su [4]. Lika’n i nun mmuammua’n nin blɛ nga be sunnzunnin’n:
Ɔ ti mmuammua: Ɔ kwla ju kilomɛtri n'so [7] annzɛ blu [10], ɔ fii akpɔ’m nga be fa.
Blɛ nga be fa kɔ lika’n: Sɛ e bu wafa nga Yopougon lɔ kondoblibli'm be sin sin’n i akunndan’n, ɔ di miniti kɔe abla'n [20] annzɛ ablacen[30].",bau,unknown,train,Baoulé,Google WaxalNLP
bau_JK_JK_BCI_2_156,JK,"Tour Eiffel jrannin Pari klɔ’n i afiɛn lɔ, yɛ afuɛ kwlaa nun’n, sran miliɔn kpanngban be ba lɔ.",bau,unknown,train,Baoulé,Google WaxalNLP
bau_RK_RK_BCI_1_23b,RK,lika wa kpaja fitɛ fitɛ kpa.,bau,unknown,train,Baoulé,Google WaxalNLP
bau_JH_JH_BCI_2_196,JH,"[Sainte Cecile]Be di sin sesil , miziki bofuɛ’m be cɛn’n, sekewɛ i le ablauni n'gnon su kɔdivoiri lɔ.",bau,unknown,train,Baoulé,Google WaxalNLP
bau_KK_KK_BCI_2_100,KK,"Mmla [15] blu ni nnun: Sran kluaklua lɛ atin ɔ fin nvle kun nun. 

Be klua bu man sran kun lufle yiman  i nvle mɔ finu nun, annzɛ kusu ɔ klua kaci i nvle'n.",bau,unknown,train,Baoulé,Google WaxalNLP
bau_JH_JH_BCI_2_113,JH,"Sɛ amun o Korogho lɔ naan amun kunndɛ kɛ ame kɔ Abijan’n, amun fa loto ngna ɔ kɔ jua afiliɛ lɔ lika’n nun lɔ’n, kɔkun ame gnu atin dan kun mɔ kɔ Abidjan lɔ seii. Ɔ fata kɛ be fa dɔ koju n’siɛn [6] annzɛ [7] n’so ɔ fi wafa nga be jran jran me nun. Kɛ amun ko ju Abidjan lɔ’n, sɛ ɔ fata kɛ amun ju Cocody akpasoi nun lɔ, ɔ fata kɛ amun fa yango annzɛ takisi.",bau,unknown,train,Baoulé,Google WaxalNLP
bau_JH_JH_BCI_3_216,JH,"Be mannin sran [6]n'siɛn ninnge n'gna be yoli mɔ be yoli sran’m me ye dan’n, i ti. Be n'gna be gnannin akatua sɔ’n be junman’n nin ningne n'gna be unnin be’n, be bo i bo wafa n'gna protɛin’m me ti’n, ɔ nin wafa n'gna mannzin’m be suan nigne’n, ɔ fa ju ɛlɛ kunlɛ naan man kun wa yoman ɛlɛ ningne n'gna be flɛ i kɛ nucléaire’n i nun.
Kanan ba kle sran n'gna be man be akatua mu, be dun mua fa sran klikli sɔ’n me ko man Akademi’n i nunfuɛ kluaa n’gna be man ajalɛ’n anzɛ be n’gna be di m’mla su mu. Kofie i ajueliɛ lɔ’n, akpasua n’gna be flɛ i kɛ Nobɛli’n, ɔ klɛ sran [5] n’nun be dunman kasiɛn kun, kɔkun fluwa sifuɛ dandan kluaa n’gna i sin, ɔ fata kɛ be kle sran n’gnɔ fa akatua sɔ’n, be kplin su.
Sɛ fluwa n’gna be waan be klɛ, be nun kun wa fiteman aniɛn n’gna jɔlɛ difuɛ’m be dan nika be klua gnun i nun, Akademi’n klua se kɛ be kaki i aniɛn gnunmin kun. I wafa kunngba, sɛ fluwa klɛfuɛ [1] kun mɔ be fali i dunman’n, nan sɛ komite’n simɛin kpa, sanngɛ ɔ yo kɛ ɔ nin i fata kɛ be mɛin i akatua sɔ, Fondation Nobel sunman sran n’gna be si fluwa sɔ kpa fa su akunan.
Kɛ be ko suan fluwa klɛfuɛ nga be si akplowa’n be fluwa’m be su like kpa’n, blɛ mɔ nika’n ti mlanwa’n, jɔlɛ difuɛ’m be siesie nnɛ kanlɛ kpanngban kpa yɛ be ja nika kun be kaki kaki aunan mau. Blɛ sunman nun’n, be dun mua kanngan fluwa klɛfuɛ kun i fluwa’m me nun, mɔ be bo be dunman kpɛ sunman’n. I lɛ nun’n, Akademi’n bu fluwa klɛfuɛ n’gna be fali’n i fluwa uflɛuflɛ’m be akunndan. Kɛ be ko ye i klua ko jue, fɛlɛ i bo bolɛ nun,  jɔlɛ difuɛ me kle sran n’gna ɔ fata kɛ ɔ gnan akatua sɔ bi ba fa mɛin.",bau,unknown,train,Baoulé,Google WaxalNLP
bau_JK_JK_BCI_5_241,JK,"Tchin kun mɔ lika’n ti mlanwa’n, gboclokofi kun  ɔ luan sinn waka mma fie kun nun lele ɔ djuli waka mma kun m’ɔ su  mɔn blɛ liɛ i ma ɔ blo ɔ i sama kun su. Ɔ seli kɛ: “mi kundɛ n'ga ɔ clua djɔ miin n'zue yɛ.” ɔ wɛli i siin kan, kpɛkunɔ wandili yɛ ɔ tuli sɛngɛ wa gnanman waka ma. Ɔ sɛ i siin ekun ɔ mungesien m'mua ekun, pkɛ n'gnon, pkɛ n'san, yɛ ɔ tu ekun ɔ, sanngɛ wa yoman ye.Ɔ yoli ekun lele ni lele  , i wan ɔti waka m'ma n'ga wa do, sanngɛ ɔ yoman ye. waa yakinun yɛ ɔ yɔli angban fitalɛlɔ yɛ ɔ se kɛ : « N lafi su kɛ ɔ yoman bɛ fɛ.»",bau,unknown,train,Baoulé,Google WaxalNLP
bau_JH_JH_BCI_1_20B,JH,Gbanflin I ja m'kpin.,bau,unknown,train,Baoulé,Google WaxalNLP
bau_RK_RK_BCI_1_37a,RK,Nanni su cuɛn sua ɔ fakɔ yi iblo ofuɛ sulɔ.,bau,unknown,train,Baoulé,Google WaxalNLP
bau_JH_JH_BCI_1_65,JH,"Kɛ n'glan tata mɔjuɛ su, ɔ man mi ablosso ni n'gnon.",bau,unknown,train,Baoulé,Google WaxalNLP
bau_JK_JK_BCI_2_113,JK,"Atin’n: Ɔ fin San Pɛdro ɔ kɔ Abidjan .

I nun mmuammua’n: Ɔ ti kilo 350 lele 400
Dɔ nga be fa’n: Dɔ 6 annzɛ dɔ 7 loto nun, ɔ taka wafa nga sran’m be sin’n su

I klikli’n: San Pedro lɔ jasolɛ
Kɛ a fin San Pedro lɔ’n, fa atin nga be flɛ i kɛ Route Nationale 1 (RN1) m’ɔ kɔ nglo lɔ lika’n nun’n, fa kɔ Abidjan lɔ.

 I nɲɔn su’n: Amun su RN1 su be kɔ Divo .
Ɔ jaso San Pedro su RN1 su naan w’a ju Divo klɔ’n su lɔ.
San Pedro nin Divo be afiɛn’n ti nun kilo kɔe 100
Blɛ nga be waan bé fá dí junman’n: Ɔ kwla ju dɔ 1h30 lele dɔ 2.

I nsan su’n: Amun tu Divo lɔ lele amun ju Yamoussoukro .
Kɛ a fin Divo lɔ’n, fa atin nga be flɛ i kɛ RN1’n su kɔ Yamoussoukro lɔ.
Divo → Yamusukro i afiɛn’n ti nun kilo kɔe 150
Blɛ nga be fa di junman’n: Ɔ kwla di dɔ 2,5 annzɛ dɔ 3.

I nsan su’n: Amun fin Yamoussoukro be ju Abidjan lɔ.
Kɛ a fin Yamoussoukro lɔ’n, fa atin dan nga be flɛ i kɛ Félix Houphouet-Boigny’n su kɔ Abidjan lɔ.
Yamusukro nin Abidjan be afiɛn’n ti nun kilo kɔe 240
Blɛ nga be fa yo’n: Ɔ kwla ju dɔ 3.

 Lika cinnjin mun:
San Pedro: Lika nga be bo i bo’n, ɔ nin i mmeli jranwlɛ’n, ɔ nin i nun ninnge mun.
RN1 (Nvle’n i atin klikli’n): Akpɔ dan ng’ɔ sin San Pedro nin Abidjan be afiɛn’n.
Divo: Klɔ dan kun m’ɔ o nvle’n i atin dan’n su’n.
Yamoussoukro: Ɔ ti Côte d’Ivoire i politiki klɔ dan’n.
Félix Houphouet-Boigny atin dan’n: Akpɔ dan ng’ɔ sin Yamusukro nin Abidjan be afiɛn’n.
 Blɛ kwlaa nga be fa loto nun’n:
Ɔ kwla di dɔ 6-7, ɔ taka loto’m be sinsinlɛ’n nin lika’n i nun lika’n be su.",bau,unknown,train,Baoulé,Google WaxalNLP
bau_RK_RK_BCI_2_123,RK,Treichvilli lɔ gua’n [Abidjan] : Gua kun mɔ sran’m be kwla fa be wun wlɛ i Ivoirifuɛ’m be nzuɛn’n nun’n.,bau,unknown,train,Baoulé,Google WaxalNLP
bau_JH_JH_BCI_1_19B,JH,Cacao nan su.,bau,unknown,train,Baoulé,Google WaxalNLP
bau_JH_JH_BCI_1_88,JH,Akisi ti m'mla gna be di junman dɔtrɔ lɔ me nu kpinkpin non.,bau,unknown,train,Baoulé,Google WaxalNLP
bau_KK_KK_BCI_1_28a,KK,"Asamoa ni i yi, ni wa be su kɔ fie su.",bau,unknown,train,Baoulé,Google WaxalNLP
bau_JH_JH_BCI_1_4B,JH,[1] Kun o be afiɛn.,bau,unknown,train,Baoulé,Google WaxalNLP
bau_RK_RK_BCI_1_89,RK,"Jese'n yɔ ti afuɛ nu anglo i n'nu su yɛ sekewa'n ɔ ti anglo i blu ni kun su, kɔnguɛ n'zue'n yɔ ti i kasiɛn yɔ.",bau,unknown,train,Baoulé,Google WaxalNLP
bau_JH_JH_BCI_4_238,JH,"Taï Parc Nationali [Le parc national de Taï], m’ɔ o Côte d’Ivoire i jua atɔliɛ lɔ lika’n nun’n, ɔ ti sran ble me mvle nun lɔ waka dandan nga be o nika nga nika’n ti mlanwa’n be nun kasiɛn’n, mɔ UNESCO fali be sieli i man wunmuan’n nun nika’m me nun’n, kɛ ɔ fɛ i afuɛ akpi kun ablaun’gnlan ni n’gnon [1982] nun’n.  Ɔ ti nika nga nnan wafawafa ngna be ti i diɛ ngunmin’n me o lɛ’n, yɛ nnan wafawafa kɛ suɛ sa’n, ɔ nin waka’m be nun nnan nga be flɛ i kɛ ɛsui, ɔ nin kɔklɔkɔ dandan’m be o nun bie. Be si nika sɔ’n i waka klanman kpa mun nin nika nga be o lɛ’n, mɔ be di junman cinnjin kpa nnɛn wafawafa ngna be su saci’n be sasalɛ nun’n. Kɛ mɔ Taï National Park ti nnan nin waka’m be nika m’ɔ ti sanwun’n ti’n, ɔ uka fluwa sifuɛ dandan’m be nike kunndɛlɛ nin nika’n i lika nianlɛ’n su, kɔkun ɔ yo maan sran’m me gnun wafa nga be kwla sasa lika’n.",bau,unknown,train,Baoulé,Google WaxalNLP
bau_RK_RK_BCI_2_164,RK,"Nzue ba nga be flɛ i kɛ Comoé’n, ɔ sin lika nga be flɛ i kɛ parki national’n i nun, yɛ lɔ yɛ sui nin nnɛn kpanngɔ’m be sin lika nga be sieli be lika’n be afiɛn lɔ’n niɔn.",bau,unknown,train,Baoulé,Google WaxalNLP
bau_JH_JH_BCI_5_251,JH,"Daa jin kun, ontin ontin kun tali nanni yi kun n'na kɛ be tu n'gnodi. Ɔ fuli nanni nun kɔkun  ɔ klo i sri yɛ ɔ sekɛɛ. Ɛ ti kan sa yɛ ɛ e sɛ nan ɛ ni mi a kla tu n'gnodi. Ontin ontin tɛsu kɛ m kla e kan an sɔ angɛ'm gne sro afin'n tali n'nan kpankpan be nna yɛ be nian kloi man mi le. Nanni gnolɛ ni ɔ te klo i sri sangɛ ni ɔ yo i sin flɔlɔ kan afin ɔ kunnɛ man kɛ n'nan uflɛ me sɛ kɛ ɔ lɛman fangna tiɛ man ɔ ni ontin ontin be tu gnodi non. Ontin ontin tuli ɔ li nanni i n'nɔ yɛ bo onton onton lɛ i ti i'n nɔ. Nanni i wan ɔ yonan ɔ fuiɛn sangɛ ontin ontin tu n'ninin dan trasu. Kɔ tu ni ɔ onton i su nu ni ɔ bosi ja nanni i ti ni ɔ yo nin ɔ kɔ i gnru lele yɛ nanni bo ya falɛ bo yɛ ɔ sonman i nun kun. I wan ɔ kpɛ i ti'n nan ɔ fɛ i buɛ fa bɛtɛ ontin ontin sangnɛ ontin ontin tu n'nin nin tra su nan nanni nan fa ya a trasu afin wa lu i yanu. I wan ɔ i ontin ontin sangɛ ni ontin ontin i janu kpɛ trasu yɛ ɔ laka li nanni nɛ ɔ tu ɔliɔ. Lele nan i ajueliɛ nan nanni nan gnu gnazuiɛn. 
Ontin ontin klɛli, ontin ontin kan n'gnalɛ, gnonsiɛn wafa kan an n'gnalɛ ɔ klɛli. Nnan kun n'gnalɛ me srisri li sangɛ i sasi a bubu min. 
Nnɛ ngna e trɛ i ase yɛlɛ kɛ nanman e bu sran ngna e ni tu i kan an trasu kanzɛ bɔbɔ ɔ ti kan traɔ, nan bu i kan.",bau,unknown,train,Baoulé,Google WaxalNLP
bau_RK_RK_BCI_2_147,RK,"Kosan kun:
?Like dan benin yɛ Félix Houphouët-Boigny yoli Ivoiri lɔ sika ndɛ’n nun ɔn?

I su tɛlɛ: Félix Houphouët-Boigny yoli maan Ivoiri lɔ sika ndɛ’n yoli dan kpa, ɔ yoli maan Ivoiri lɔ sika ndɛ’n yoli kpa, ɔ yoli maan be wlali cacao nin kafe be yilɛ fanngan, i sɔ’n ti’n, Côte d’Ivoire yoli mɛn wunmuan’n nun sran dan lika sɔ’m be nun.",bau,unknown,train,Baoulé,Google WaxalNLP
bau_JH_JH_BCI_4_236,JH,"SIR ya ɔ ti akpasua n’gna be petrɔli non, afuɛ akpi kun ya n’gnlan ablosiɛn ni n’gnon [1962], fɛlɛ [Octobre] i le n’san su’n, kɔdivoiri lɔ awa’n yɛ ɔ yili i ɔ, ɔ nin man wunmuan’n nun petroli anuannzɛ’m be ukalɛ’n su ɔ.",bau,unknown,train,Baoulé,Google WaxalNLP
bau_RK_RK_BCI_1_15a,RK,N'sue ba su son'gi si'n oka i bo.,bau,unknown,train,Baoulé,Google WaxalNLP
bau_KK_KK_BCI_1_23a,KK,Anglo su jaso.,bau,unknown,train,Baoulé,Google WaxalNLP
bau_JH_JH_BCI_4_233,JH,"Laurent Gbagbo, be wuli i afuɛ akpi kun ya n’gnlan ablanan nin unu nun [1945] djesse [Mai] i le ablasan ni kun [31] su Gagnoa lɔ, ɔ ti kodivoiri lɔ laa sran’m me su nigne suanfuɛ, ɔ ti fluwa klɛfuɛ, ɔ ti nvle’n i su kpɛin, ɔ yoli kɔdivoiri [Côte d’Ivoire] i nvle’n i su kpɛin afuɛ akpi n’gnon su, fɛlɛ [Octobre] i le ablauni n’siɛn [26] su lele afuɛ akpi n’ngnon ni blu ni kun nun [2011]. Ɔ nin i yi Simone be takali anuannzɛ nga be flɛ i kɛ Front populaire ivoireen (FPI) m’ɔ o bue ng’ɔ ti be fama su’n i nunfuɛ’n, yɛ ɔ ti [Félix Houphouët-Boigny] i kpɔfuɛ laa. Afuɛ akpi n’gnon [2000] nun’n, be fali i kɛ ɔ yo Côte d’Ivoire i su kpɛin, ɔ nin Robert Guéï m’ɔ su tu i junman’n nun’n, be kunnin alɛ. I junman’n nun’n, politiki nin sonja’m be afiɛn nnɛ tɔli afuɛ kpanngban kpa. Sanngɛ, kɛ nanngan mɔ tɔli nvle’n i akpasua fanunfanun nin politikifuɛ’m be afiɛn’n, ɔ yoli maan Laurent Gbagbo i junman’n yoli tɛ kpa, afuɛ [2010] akpi ngnon ni blu nun’n, kɛ be yoli nvle kpɛinngbɛin’n i ɛlɛ’n, nangnan nga ɔ tɔli kɛ Alassane Ouattara kluali i’n, ɔ tɔli Côte d’Ivoire lɔ. Nvlefuɛ’m be ɛlɛ m’ɔ kunnin sran’m kpankpan kpa, be  mmoja’n. Blɛ sɔ’n nun’n, sa kekleekle yolɛ’n, nin sran kunlɛ’n, ɔ nin sran’m be afiɛn’n ti nun dan’n, be o lɛ. Gbagbo wa kplinman su kɛ ɔ fa famiɛn dilɛ’n man, ɔ maan be trɛli i afuɛ [2011] akpi ngnon afɔliɛ  nun, kɔkun be fɛli i ɔli jɔlɛ difuɛ dandan’m be ja su  naan be tɔn i suɛn kɛ ɔ yoli sran’m be sa tɛ.",bau,unknown,train,Baoulé,Google WaxalNLP
bau_RK_RK_BCI_1_76,RK,Sɛ be cɛ nyonn nu n'nu be fa tata ablaɔcuɛ su ɔ man ablasan ni nyonn.,bau,unknown,train,Baoulé,Google WaxalNLP
bau_RK_RK_BCI_2_97,RK,Klɔ sran be klua klua be ti kun ti yanlɛ nu ɔ ni anyrunnyan nu yɛ ɔ ni n'mla nu. Be klua be lɛ aku'ndan ɔ ni afɔtuɛ manlɛ i sɔ ti man  be tu anian man tranlɛ aja.,bau,unknown,train,Baoulé,Google WaxalNLP
bau_RK_RK_BCI_2_194,RK,"Kɛ bé dí Paki’n, Klistfuɛ’m be yia be wla kpɛn Zezi Klist i cɛnlɛ’n su.",bau,unknown,train,Baoulé,Google WaxalNLP
bau_KK_KK_BCI_2_121,KK,"Gran Basamu wo Abijan i via tigeluɛ lɔ, yɛ be afien ti nun, kilo ablanan ni nnyon. Ɔ Laa Cɔt divua nvle su  klɔ dan, yɛ sran’m be si i sua nga be kplannin be laa’n, ɔ nin jenvie nuan lika klanman’be ti .",bau,unknown,train,Baoulé,Google WaxalNLP
bau_JK_JK_BCI_1_67,JK,Be fa blu ni kun be faa ukɛ yi n'san sun ɔ yo blu nu n'nan,bau,unknown,train,Baoulé,Google WaxalNLP
bau_RK_RK_BCI_3_220,RK,"I ngba nun’n, aliɛ’n yɛle nnɛn, waka, nɲa (ɔ ju wie’n, bactérie annzɛ minéraux) annzɛ chimiki aliɛ, mɔ nnɛn nga be le nguan’n be di be aliɛ dilɛ ti’n.

Sanngɛ cɛn dilɛ annzɛ be ɲin su yiyilɛ aliɛ wie o lɛ mɔ be nun wie yɛle aliɛ nga be flɛ i kɛ aliɛ nga be kwla di’n, yɛle kɛ be timan cinnjin sran’m be aliɛ dilɛ nun. Be flɛ aliɛ sɔ mun kɛ aliɛ nga be fa yo ninnge mun kpa’n (annzɛ UPF) (mɔ be bɔbɔ be ti “aliɛ ng’ɔ timan kpa’n” i dan lika’n).

Be flɛ aliɛ nga be ti nzue’n be kɛ “nzan” .

Aliɛ’n i bue dan kpa kun saci ka naan b’a di. Aliɛ kpanngban be saci. FAO (akpa sua n'ga be nian aliɛ ni fie su nige be su) bu i kɛ sɛ be yoman aliɛ ng’ɔ saci’n nin ng’ɔ saci’n i kan’n, be su kwlá manman asiɛ wunmuan’n i aliɛ. FAO fali like kun niannin afuɛ akpi nyon ni blu ni kun  [2011] nun, kpɛkun ɔ seli kɛ afuɛ kwlaa nun’n, aliɛ nga be fa man sran mun’n, be nun nsan su’n, be saci mɛn wunmuan’n nun. Aflansi lɔ’n, aliɛ nga be saci’n, ɔ ti tɔnun miliɔn blu [10] tra su afuɛ kwlaa nun, annzɛ aliɛ miliar  blu ni mɔcuɛ [18 ]mɔ be gua i nɲa’m be nun’n. Kɛ ɔ ko yo naan b’a kwla jran nɲa’m be ɲrun kekle’n, marki wie mun (aata difuɛ dandan mun, aata difuɛ kanngan mun, ɔ nin wie mun ekun) be nin anuannzɛ wie’m be tra janvuɛ naan be fa aliɛ nga be tofuɛ’m be toman’n be man, sanngɛ be te nanti mmla nga be o lɛ’n be su.",bau,unknown,train,Baoulé,Google WaxalNLP
bau_RK_RK_BCI_2_173,RK,"Blɛ sunman nun’n, awlobo’n i nun cɛn ngunmin kun’m be nun’n, be di fufu .",bau,unknown,train,Baoulé,Google WaxalNLP
bau_JK_JK_BCI_2_121,JK,Klɔ’n i su lɔ ninnge’m be siesielɛ nin aata dilɛ junman’m be dan lika be o lika Plateau lɔ.,bau,unknown,train,Baoulé,Google WaxalNLP
bau_KK_KK_BCI_3_219,KK,"Afuɛ akpi nnyon abla’n ni nnan [2024], fɛlɛ i le blu ni ngluan [19] su, Komisiɔn ngɔ nian vote’m be su’n, ɔ boli vote listi’n i nun nianlɛ bo mɔ sran kɔe akpi mɔcuɛ be o nun. Ɔ tike lika akpi blu ni nnyon [12.000] mɔ be klɛ sran’m be dunman’n nvle umuan nun. Sɛ be klɛ be dunman, ɔ fata kɛ be klɛ sran akpi nnan ni si’n be dunman le mɔcuɛ nsan nun lele sekewa anglo i le blu [10], afuɛ akpi nnyon abla’n ni nnan [2024] nun.
Kɛ ɔ ko yo naan be di junman’n i kpa’n, be man sran’m be nvle i nunfuɛ’m be fluwa, kpɛkun be klua fa be nvle’n i nunfuɛ’m be fluwa’n be klɛ be dunman. Kannzɛ bɔbɔ be fali ajalɛ sɔ’n, sanngɛ be nga be tanndan sran’m be nyrun’n, be su se kɛ be fa blɛ nga be fa lu soja’m be nun’n be sie i si’n.
Afuɛ akpi nnyon abla’n ni nnan [2024], sekewa anglo i cɛnba mɔcuɛ su, mmla nga Conseil des ministres fali ti’n, awa fali le mɔcuɛ kun fa ukali vote’m be kannganlɛ blɛ su naan b’a nian vote’m be listi nun, lele mɔ fa ju sekewa anglo i le blu ni nso [17], afuɛ akpi nnyon abla’n ni nnan [2024] nu.",bau,unknown,train,Baoulé,Google WaxalNLP
bau_JK_JK_BCI_3_217,JK,"Goli amoin, mɔ be si i Baule be afiɛn lɔ’n, ɔ nin Kounanhiri lɔ Wan/Guro be afiɛn’n, ɔ ti Ivoirienfuɛ’m be nzuɛn’n i nun able silɛ like sanwun kun. 

Goli amoin fin Wanfuɛ mun be lɔ. I sɔfuɛ mun be ɛ be dunmua  trannin Bouaké lɔ klikli’n, yɛ  “goli” ɔ ti be able silɛ laa’m be nun kun m’ɔ i nzɔliɛ like’n yɛlɛ amoin goli. Kɛ nga Wan fa kan’n sa’n, kɛ goli’n ɔ si able’n nga wo dandan nga be flɛ i dragon si. I sa ng’ɔ yo be kpɛ kunngba’n, ɔ nin ng’ɔ yo be kpɛ sunman’n, kɛ be si able’n, be ti wawɛ kun m’ɔ tran sran ng’ɔ wla’n i tralɛ niɔnɛ. E wun dunman Goli sran nga be wan ɔ sasa be wun’n, annzɛ alobo kun nun naan man duman sɔ ɔ kalɛ blɛ kwlaa nun’n, be su. I vie yɛle kɛ be flɛ bian’n kɛ Goli Bi, i bo’n yɛle kɛ Goli i wa, kpɛkun be flɛ bla’n kɛ Goli Nan, i bo’n yɛle kɛ Goli i wa bla. Kɛ sran ng’ɔ le dunman sɔ’n tɔ tukpatchɛ’n, be fa bua annzɛ akɔ kun be yi tɛ Goli i tralɛ’n su, naan wa yo djuedjue ekun.


Baoulé nga kɛ bedjuli gbɛkɛklɔ lɔ afuɛ 1900 nun lɔ’n, be yoli Goli i tralɛ’n be liɛ’n, be nun’n, Goli kan Nyamien i wa’n, m’ɔ ti gnanmiɛn su lɔ Gnanmiɛn’n nga ɔ o gnamian sulɔ annzɛ  Kplé-Kplé i si’n i ndɛ. Goli ɔ ti Baule’m be nun Gnanmien kun m’ɔ sasa sran’n, “Amouin” Baule aniɛn’n nun.",bau,unknown,train,Baoulé,Google WaxalNLP
bau_KK_KK_BCI_2_207,KK,?Nguɛ tiɛ kuasi i ima ti ɔkluɛ sɔ nion?,bau,unknown,train,Baoulé,Google WaxalNLP
bau_RK_RK_BCI_1_18b,RK,N'zue dan kun wa miɛn klɔ'n.,bau,unknown,train,Baoulé,Google WaxalNLP
bau_JH_JH_BCI_1_30B,JH,Bana m'ma nan flo i soi su a tɔ.,bau,unknown,train,Baoulé,Google WaxalNLP
bau_JK_JK_BCI_2_109,JK,"Atin’n: Ɔ fin Kap Sud Markɔri ɔ kɔ Yopougon Farmasi Keneya lɔ

I klikli’n: Ɔ fin Kap Sud Marcory lɔ fiteli .
Kɛ a fin Kap Sud lɔ’n, fa atin nga be flɛ i kɛ Boulevard Valéri Giscard d’Estain’n, fa kɔ Pɔnti Houfout-Boigny lɔ.

I nɲɔn su’n: Amun kpɛ Houphouët-Boigny i su
Fa Houphouët-Boigny i su atin’n naan w’a kpɛ nzue ba’n nun w’a ju Treikivili lɔ.
 I nsan su’n: Amun wlu atin nga be flɛ i kɛ Autoroute du Nord m’ɔ fin Treichville’n i nun
Kɛ amun ko ju atin nga be sin Pont’n i sin’n su’n, amun fa atin nga be flɛ i kɛ Autoroute du Nord’n be kɔ Yopougon lɔ.
I nsan su’n: Wlu Yopougon Farmasi Keneya lɔ
Kɛ amun fin atin nga be flɛ i kɛ Autoroute du Nord’n su’n, amun fa amun ti’n be kɔ Yopougon Maroc Lubafrique lɔ, kpɛkun amun nian like nga be kle kɛ amun kɔ Pharmacie Keneya lɔ’n su.
 Lika cinnjin mun:
Cap Sud Marcory: Lika nga be bo i bo’n, ɔ nin i aata diwlɛ nga sran’m be si be kpa’n.
Pont Houphouët-Boigny: Pont dan ng’ɔ sin Markori nin Yopougɔn be afiɛn’n.
Akpɔ dan ng’ɔ o nglo lɔ lika’n nun’n: Axis dan ng’ɔ kɔ Yopougon lɔ’n.
Maroc Lubafrique m’ɔ o Yopougon lɔ’n: Sɛ amun nian ndɛ sɔ’m be su’n, amún jú Keneya lɔ ayre yowlɛ’n nun lɔ.su lɔ’n i su.",bau,unknown,train,Baoulé,Google WaxalNLP
bau_JH_JH_BCI_1_51,JH,"Fue jin n'glɛmum nika dolɛ ti degre akpi n'nan yɛ nzue ti ablasso ni kun ya su [70%], yɛ aukpan ti kilometri ablan'glan ni bue. Kɛ nɔsua nun dɔ n'nan si, lika ne yo kpa yɛ jua fite kpɛkun nzue i tɔlɛ ɔ kaki kaa lee ɔ fa ju ya ablamɔjuɛ. Nwue ne tɔ jɔlɛ ni fue nin ya. Sanngɛ le mɔjuɛ i avieliɛ lɔ, mlanmlanmlan yɛ jua tɔ kpɛkun nika ne yo degre ablaouni n'siɛn bi bue.",bau,unknown,train,Baoulé,Google WaxalNLP
bau_KK_KK_BCI_1_7a,KK,Cɔcɔti wa sata waka be ya fiɛn.,bau,unknown,train,Baoulé,Google WaxalNLP
bau_KK_KK_BCI_2_208,KK,?Akisi fa li tralɛ ufuɛ fuɛ?,bau,unknown,train,Baoulé,Google WaxalNLP
bau_KK_KK_BCI_1_42,KK,"Andɛ kisie, kɛ be se kɛ n'glɛnmunu dɔ n'nsan su, n'zue waa tɔ lee fa ju dɔ n'nu su. I tɔlɛ su,  awukpan waa fita dan kpa; i fangan n'ga ɔ fa fita, clua ju kilomɛtri n'san dɔ kun nu. Yɛ, kɛ ɔ kpɛ, via waa fite. I n'dɔsua nu, dɔ n'nan ni isi'n su, lika waa kpaja .
Sangɛ, jɔlɛ, mlan, we, yɛ yɛ, kɛ e fa ese n'zue waa tɔ tra kisie liɛ.
Lemɔcuɛ afiɛn nu, via fite. yɛ lika le do fa ju degle abla'n ni n'gluan su.",bau,unknown,train,Baoulé,Google WaxalNLP
bau_KK_KK_BCI_1_23b,KK,Via ni anglo ba be a ya nu.,bau,unknown,train,Baoulé,Google WaxalNLP
bau_JK_JK_BCI_4_232,JK,"Sran sɔ mɔ be flɛ be kɛ ""système magique"" be ti miziki bofuɛ akpasua kun mɔ sran’m be klo i kpa’n, mɔ be fin Abidjan lɔ’n. Be ti janvuɛ nnan. Be ɲinnin Anumabu lɔ lika nga sran’m be tran lɛ’n, yɛ lɔ miziki’m be wlawlali be kpa.

Be jue tolɛ wafa’n, be fa zuglu nin be nvle’n nun lɔ jue tolɛ wafa uflɛ mun be sanngan nun. Zuglu jue’n yɛ ɔ ti be nɛn’n i bo bolɛ’n niɔn. Blɛ sunman nun’n, Magic System i jue’m be kan tchɛn kwlaa nun ninnge’m be ndɛ, ɔ maan be jue’m be ti ndɛ ngbɛn, kpɛkun be fa sran kpanngban be ndɛ’n be sie be klun.

Be nyin su yiyilɛ’n fin jue nga be flɛ i kɛ “Premier Gaou” m’ɔ kan bian kun m’ɔ I nyi timan tilɛ ndɛ’n, mɔ i bo bolɛ nun’n, bla kun m’ɔ klo anyanbe un ninnge mun’n, ɔ lakali i’n, sanngɛ i sin’n, ɔ kakili tabli’m be sin’n. Nan sran ble mɛn’n nun ngunmin yɛ jue sɔ’n yoli maan be dunman’n fuli ɔ, sanngɛ mɛn wunmuan’n nun kusu. Jue sɔ’n i nun jue’n m’ɔ saki sran’n, ɔ nin ndɛ ng’ɔ kan’n, ɔ yoli maan be nga be ti ndɛ’n be klun jɔli, kpɛkun ɔ kakili jue fɛtri nin anyia’m be bo.

Kɛ mɔ be yoli kpa’n ti’n, Magic System fali jue nga be flɛ i kɛ hit’n, ɔ yili i nglo titi. Sran’m be kloli be kpa, kpɛkun kɛ be bo balɔn dandan’m be bo’n, be fali be kɛ jue nga be tomɛn i’n sa bɔbɔ, ɔ maan be jue’m be yo sran’m be fɛ kpa.

Kɛ be se kɛ be bo jue’n, be si kɛ be yo sran’m be ye. Be fali be wun wlali aklunye junman fanunfanun nun, i li suklu dilɛ’n, ɔ nin Côte d’Ivoire lɔ nvle nga be leman like’n be ukalɛ’n.

Kɛ mɔ be bo jue’n i kekle kpa’n, mɔ be bo jue’m be tɛtɛ kpa’n ti’n, be nyannin lika mɛn wunmuan’n nun sran kpanngban mɔ be klo be’n be awlɛn’n nun. Be jue’m be te man aklunjuɛ, be wla sran’m be fanngan kɛ be si able, yɛ be kan ndɛ kpa, ɔ maan be ti jue akpasua nga be fin Afriki de l’Ouest lɔ mɔ sran’m be klo be kpa’n, be nun kun.",bau,unknown,train,Baoulé,Google WaxalNLP
bau_KK_KK_BCI_1_19c,KK,Amango  wa bo njrɛ dan kpa.,bau,unknown,train,Baoulé,Google WaxalNLP
bau_KK_KK_BCI_1_5a,KK,Nzrama wo via i klun.,bau,unknown,train,Baoulé,Google WaxalNLP
bau_RK_RK_BCI_1_18c,RK,Wia su kpaja klikli kpa asiɛ su.,bau,unknown,train,Baoulé,Google WaxalNLP
bau_RK_RK_BCI_2_134,RK,"Fɔkɔ atɛ yolɛ’n nin Côte d’Ivoire nin Mali be sika ndɛ’n be kɔ likawlɛ kpa, ɔ maan be afiɛn’n w’a yo kpa laa.",bau,unknown,train,Baoulé,Google WaxalNLP
bau_JK_JK_BCI_1_53,JK,"N'dɛ tchinba liɛ, lika wa yo fɔrr. Bɔlɛ ɔ wawa yɛ degre celsis ɔti n'nun. Nwue su tɔman.",bau,unknown,train,Baoulé,Google WaxalNLP
bau_JH_JH_BCI_2_114,JH,"Sɛ aiman nan ɛ ba Daloam kɔ loto jranlɛ gna mɔ o jua tɔlɛ lɔ nan a ko fa loto. Lɔ diɛ be kondi blɛblɛ kɔkun a me jɛ ati nun kpa sanngɛ ɔ ti a kekle, kɔ ye nan a ma jua nɛ ɔ ti djidji non. Kɛ a me ba atinun, loto ne jran kpɛ[14]  blu ni n'nan nan ama ju yopougon ni a flɛ mi nan man ba a fa ɔ.",bau,unknown,train,Baoulé,Google WaxalNLP
bau_KK_KK_BCI_1_2b,KK,Puku bofuɛ be lɛ sika kaka.,bau,unknown,train,Baoulé,Google WaxalNLP
bau_KK_KK_BCI_2_182,KK,"Afuɛ akpi nnyon ni abla'n ni nnyon [2022], fɛlɛ anglo nu, kɛ be yo UA i anya Addis-Abeba lɔ’n, be fali Moussa Faki Mahamat kɛ ɔ yo UA i komisiɔn’n i su kpɛn ekun.",bau,unknown,train,Baoulé,Google WaxalNLP
bau_RK_RK_BCI_5_253,RK,"Cɛn kun’n, Anglo’n sunmannin kakaa  kaan kun sran’m be wun lɔ. Ɔ seli i kɛ: “Kɔ sran’m be wun lɔ, ko se be kɛ n su wu naan ń cɛ́n. Bé wú yɛ bé sá be sin nguan nun wie. 

Kakã’n boli i sin kɔlɛ bo, sanngɛ  boli kun wanndili ɔli, ɔ usali kɛ: ?Nin yɛ a su kɔ ɔ? 

Kakã’n seli kɛ: “N su kɔ sran’m be wun lɔ.” Anglo’n seli min kɛ n se be kɛ ɔ su wu naan ɔ́ sá i si'n nguan nu. Bé wú, kpɛkun bé sá be sin nguan nun ekun. 

boli  seli kɛ: “N wanndi ndɛndɛ tra wɔ kpa.” Maan n wɔ ɔ osu nun. 

Kakã’n kplinnin su yɛ nnɛn’n wanndili ɔli sran’m be wun lɔ. Kɛ ɔ juli lɔ’n, ɔ seli kɛ, “Annglo’n se kɛ ɔ su wu naan ɔ su baman nguan nun kun.” Ɔkussu wie. 

I sɔ’n yoli sran’m be ya dan. Be kunndɛman kɛ bé wú. Be wanndili be ɔli Anglo’n i wun lɔ, kpɛkun be usali sɛ ɔ ti nanwlɛ o.

Anglo’n fali ya dan kpa. “boli  buli amun ato!” ɔ seli sɔ. N wu, sanngɛ n sa min sin nguan nun titi. Kɛ amun sa. 

Anglo’n fali waka kun, kpɛkun ɔ boli  boli'n i bue su. Kɛ ɔ fɛ i lɛ’n, boli i bue ti nun.",bau,unknown,train,Baoulé,Google WaxalNLP
bau_JK_JK_BCI_2_129,JK,"Boigny, yɛ yoli Cote d'Ivoire pkɛnngbɛn clicli niɔn.",bau,unknown,train,Baoulé,Google WaxalNLP
bau_RK_RK_BCI_1_2a,RK,Yɔbuɛ wo n'zue i bolɔ.,bau,unknown,train,Baoulé,Google WaxalNLP
bau_JK_JK_BCI_2_145,JK,"Afuɛ blu nga politiki nin sika ndɛ’m be tɔli’n, Laurent Gbagbo yɛ ɔ ti Côte d’Ivoire lɔ siefuɛ’n niɔn.",bau,unknown,train,Baoulé,Google WaxalNLP
bau_JH_JH_BCI_1_11B,JH,Sran me kluklua be tratra be n'su.,bau,unknown,train,Baoulé,Google WaxalNLP
bau_RK_RK_BCI_1_50,RK,"Fue ni monnin angban ni n'zue be wa ba, arɛ wa fita yɛ angban be fitawa ba n'glo lika nɔ kɔ fɛi  n'dɔ sua nu dɔ [7] n'so ɔ ni dɔ [8] mɔcuɛ, angban i fitawa n'dɛndɛ ɔ klua ju dɔ [65km/h]  kun kilometri  abluesɛn ni n'nu  yɛ n'dɔ sua nu dɔ [9] n'gluan su angban i fitawa ɔ kanse yɛ ɔ yo dɔ [30km/h] kun ablau'n kilometri.  Nzue tɔlɛ i like n'gɔ kwla yo'n ɔ fɛtɛ fɛtɛ yɛ ɔ yo'n blun ni n'nu ya su [15%], aiman kisie cɛn nyanmiɛn i su za kpaja klanman yɛ angban ɔ fita blɛblɛ.",bau,unknown,train,Baoulé,Google WaxalNLP
bau_KK_KK_BCI_4_235,KK,"Afuɛ apki kun ya ngluan ablasan ni ngluan [1939] nun, Bretɔnu anya bo lɔ, Flansi sika nianfuɛ su kpɛn Rene Pleven, fa sie li Flansi Klɔ kpɛn be nyru kɛ ɔ fata kɛ be kaci sika mma nga be flɛi kɛ Franc de l’Afrik-Osidantali Fransɛzi. Sika sɔ nga be fa kaci li laa liɛ, be flɛ kɛ Franc des colonies française d’Afrique. Sika sɔ sranble nvle nsan yɛ be di su ɔ, sangɛ ɔ ni Flansifuɛ mu be sika liɛ i ti sɛman. Vle nga be di sika sɔ su yɛ lɛ nga yea bobo be yɛ; Sranble mɛn nga be wo nvle ya fiɛn lɔ, ɔ ni nga be wo i cɔn’jɔsu lɔ, Togo nvle, Kamerunu nvle, Cɔt divua mɛn, ɔni Somali mɛn, Madagasca mɛn, yɛ Renion vle liɛ. Fran SEFA [CFA] i kpɛlɛsu, Blɔfuɛ be sika mma  liɛ cɛnni tra Sranble be liɛ ; be bablu kun [1Fr] ti sranble be  [1,70Fr] bablukun ni i si’n.
 Afriki Ɔsidantal Fransɛzi, ni Togo nvle be kpɛli sika yi lɛ sua afuɛ [1955] akpi kun ya mgluan ablenu ni nnu nu i Angbɔ anglo le blu ni nyon su.

Afuɛ [1958] akpi kun ya ngluan ni ablenu ni mɔcuɛ nu nun, sika sɔ i duman kpɛu’n kɛ Cominote Flansɛz de lAfrik [SEFA]. I si’n, afuɛ akpi ya ngluan ablesiɛn [1960] nun, sranble be ti nyan lɛ blɛ nu, waa fali duman uflɛ ekun kɛ Franc de Coperation Finansiɛ an Afrik de Luɛs [SEFAO], ka nan wa kaci Union economik e monetɛɛ Uɛs Afrikɛ (UEMOA) liɛ. Afuɛ [1959] akpi kun ya ablanu ni ngluan nun, be takali sika sua nga be flɛ i Bank Santral dɛ zEta de lAfrique de Luɛs (BESEYAO), yɛ ɔ kacili sika kpɛlɛ sua niɔ.
 Afuɛ [1962]  akpi kun ya ngluan ablasan ni nnyon I jese anglo nu cɛn ba blu ni nnu su, nvle nga be wo Inion monetɛɛ uɛs afrikɛ’n anuannzɛ nu baa fa SEFA kɛ sika mma nga be di su be afiɛn.",bau,unknown,train,Baoulé,Google WaxalNLP
bau_JK_JK_BCI_2_181,JK,"ONU (Nations Unies) di junman naan fɔundi, nin alaje, nan mɛn wunmuan’n nun wa yo kpa.",bau,unknown,train,Baoulé,Google WaxalNLP
bau_JH_JH_BCI_1_3A,JH,Kuassi a lua i bii m'ssan su.,bau,unknown,train,Baoulé,Google WaxalNLP
bau_JH_JH_BCI_2_187,JH,"Afuɛ kwlaa nun’n, be di be ti e ti delɛ i cɛn’n anglo gna be flɛ kɛ afcliɛ nun i le n'so so.",bau,unknown,train,Baoulé,Google WaxalNLP
bau_RK_RK_BCI_2_204,RK,Agbɔ nu be di fɛtri dan.,bau,unknown,train,Baoulé,Google WaxalNLP
bau_JH_JH_BCI_2_127,JH,Akissi'n ton gbɔlu tro ni lokpa aliɛ.,bau,unknown,train,Baoulé,Google WaxalNLP
bau_KK_KK_BCI_2_167,KK,"Kossan: ?Klɔ be ni su ɛ baziliki wo ɔ?

I su tɛlɛ: Baziliki wo Yamusuklɔ.",bau,unknown,train,Baoulé,Google WaxalNLP
bau_KK_KK_BCI_1_17b,KK,Nzueba ba wo oka nnun be afiɛn.,bau,unknown,train,Baoulé,Google WaxalNLP
bau_JH_JH_BCI_4_227,JH,"Kɛ e yo spɔri’n, e unnan nun yi ɔrmɔnun kɛ endorphine, annzɛ dopamine annzɛ adrenaline sa mɔ be uka e naan y’a yoman sro’n, ɔ yo maan e lafiman kpa, ɔ yo maan e wunman gnrɛinnɛn dan, yɛ ɔ yo kɛ ayre nga be fa yo sran’n i fɛ nun sa. Spɔri ti sran’m be klolɛ’n i nglo yilɛ nigne, ɔ ti nigne kun mɔ be fa tu sran fɔ’n, ɔ nin nglɛlɛ’n, ɔ nin be unnɛn’n i unmiɛn dolɛ’n be sansan be wun’n. Kɛ ɔ fɛ i daa’n, ɔ lɛ nika cinnjin kpa sran’m be nzuɛin’m be nun, ɔ bo i bo Glɛki’m ballon bolɛ’n su lele fa ju annɛ mɔ sran miliɔn kpanngban be yia lɔ’n. Spɔri’n tra aniɛn nin nzuɛin’m be afiɛn’n, ɔ yo maan sran’m be bo yo kun aklunjuɛ dilɛ blɛ’m be nun, ɔ yo maan be akunnnan’n sanngan, yɛ be yo be un kpa. Nan nigne klelɛ gnunmin yɛ ɔ ti ɔ, sanngɛ ɔ ti man unmuan’n nun aniɛn mɔ yi nzuɛin kpa kɛ yakpa. Kɛ be sie kpilɛ, be wun kpinngbinlɛ’n anwɛ spɔri di junman cinnjin kpa sran’m be juejue yolɛ’n nin be unmiɛn dolɛ’n be nun. Ɔ lua sran’m me fanngan kɛ be di junman kpa, ɔ lua be unnan’n i fanngan, kɔkun ɔ yo maan be akunnnan’n yo diin. Gbanflɛin nin talua mun be diɛ’n, ɔ ti nigne klelɛ ninngne kpa kun, ɔ kle ningne kɛ srɛ nun tranlɛ’n sa, ɔ kle mmla’m be su nantilɛ’n, ɔ nin kɛ sa bie tɔ’n, ɔ jran kekle. Kpinngbin’m be diɛ’n, blɛ sunman nun’n, ɔ kaki nigne kun mɔ be fa yo naan ba klua jran kekle cɛn kluaa’n, mɔ bie diɛ’n ɔ yo be ya’n. Be fa nvle nun nin man unmuan’n nun ajalɛ’m be nun, be fa spɔri’n be di junman naan fɔundi, sran’m be kluaa be yo kun nika ngna bie diɛ’n, sran’m me afiɛn’n ti nun annzɛ politiki nun’n, be nun.",bau,unknown,train,Baoulé,Google WaxalNLP
bau_KK_KK_BCI_4_225,KK,"Mmla nga be o sran’m be mɛn be nun, ɔ nin sran nga be o akpasua sɔ mu be nun, be silɛ’n, be nyanmiɛn sulafilɛ’n, be junman dilɛ’n, be mmla’n, be nzuɛn’n, be like nga be kwla yo, be ayeliɛ’n, ɔ nin be nzuɛn’n. Blɛ sunman nu, sran be nzuɛn fi’n mɛn i ɛkpasua kun su, anzɛ be fa ton nvle kun.
 Klɔ sran be nyan be nzuɛn, be fa be nzuɛn’n be suan like, ɔ nin be afiɛn tranlɛ’n, kɛ nga be nzuɛn i wafawafa fa kle’n sa.

Klɔ sran be nzuɛn i su m’mla kun kle aeliɛ nga be kwla kplin su sran be afiɛn; ɔ ti like klelɛ kɛ aeliɛmu, wafa nga be fa lualua be nyu’n, ijɔlɛ wafa, ɔ nin ayeliɛ sa kun nun, m’ɔ ti like nga be lafi su sran akpasua kun nun i ajalɛ. Sɛ be kplin aeliɛ kunngba cɛ su sran akpasua kun nun’n, ɔ kwla fa sa cecle tɔ e su, kɛ nga nnɛn wafa kunngba cɛ le fɛ yo kann, sɛ i tranlɛ ka ci sa, afin be leman like nga be kwla fa tɛ kacilɛ sɔ su. Ɔ maan, soja be nzuɛn nun, be bu yakpa yɔlɛ kɛ sran kun i nzuɛn sa, kpɛkun be bu i sɔ kɛ i junman m’ɔ fata kɔ ɔ di sa, sran’m be anyrun’nyan yilɛ’n, ɔ nin sran akpasua i su nantilɛ kɛ be ti nzuɛn kpa annzɛ be ti junman dilɛ i su tɛlɛ alɛ i nun. Nyanmiɛn sulɛ wafa’m be nun’n, be kwla wun nzuɛn kunngba sran akpasua kun nun.

Klɔ sran’m be nzuɛn i kacilɛ’n, annzɛ be siesielɛ uflɛ’n, yɛle sran’m be nzuɛn’n i su akunndan bulɛ i kplanlɛ uflɛ. Ninnge nga be wla sran fanngan kɛ be kaci be nzuɛn, ɔ nin ninnge nga be tanndan be nyrun, be fin be klun lɔ. Klɔ sran’m be nzuɛn’n, ɔ fin gua su lɔ, ɔ fin sran be clɔ nion ta ba nion,
Anuannzɛ kɛ UNƐSICO [UNESCO] sa, be mian be nyin be sasa sran be nzuɛn.",bau,unknown,train,Baoulé,Google WaxalNLP
bau_JH_JH_BCI_2_204,JH,"Angbɔ nun’n, blɛ sunman nun’n, glaci kata oka’m be su.",bau,unknown,train,Baoulé,Google WaxalNLP
bau_JK_JK_BCI_2_193,JK,"Afuɛ uflɛ cɛn dilɛ’n, mɔ be di i  Angbɔ i cɛn ba kun su’n, ɔ ti afuɛ uflɛ bo bolɛ nin cɛn dilɛ nvle wunmuan’n nun.",bau,unknown,train,Baoulé,Google WaxalNLP
bau_RK_RK_BCI_1_42,RK,Lemɔcuɛ ganu kɔ fɛ i jɔlɛ cɛn bɔ faju monnin via le bo kpa yɛ nyanmien i su le kpaja kpa. Lika dolɛ ɔ yo degre ablanan [40°] aunyɛ ɔ leba dan i sɔ ti amu sɔ amu ventilatɛri yɛ amu fa katavia sɛ amu su fite.,bau,unknown,train,Baoulé,Google WaxalNLP
bau_JH_JH_BCI_1_8B,JH,Koniɛn difuɛ nan ku ɛsui [100] ya.,bau,unknown,train,Baoulé,Google WaxalNLP
bau_JK_JK_BCI_2_182,JK,"Banki ng’ɔ cti mɛn wunmuan’n iliɛ, ɔ man sika kpanngban naan be uka nvle nga be su kɔ be nrun’n naan ba kwla kun yalɛ’n.",bau,unknown,train,Baoulé,Google WaxalNLP
bau_KK_KK_BCI_2_152,KK,"Ye nvle wa, jue tofuɛ nga be lɛ nyru kpa yɛ lɛ, Monik Seka, Tiken Jah, Dj Arafati, Mewe. Mɛn umuan nu, Alfa blondi i jue be yo sran kaka be fɛ, ekun blɛ kasiɛn nga nu, jue to fuɛ kɛ, Himra, Didi be, ni yɛ ba fa mɛn nion.",bau,unknown,train,Baoulé,Google WaxalNLP
bau_JH_JH_BCI_1_7C,JH,Ba kangnan me kpu akoli.,bau,unknown,train,Baoulé,Google WaxalNLP
bau_JH_JH_BCI_2_146,JH,Yɛ e man i n'nun su siefuɛ be flɛ i Guei Robert sangɛ i diɛ be kunli i n'nɛ nun kpa.,bau,unknown,train,Baoulé,Google WaxalNLP
bau_JH_JH_BCI_1_53,JH,Nika ne yo ɛrɛ kpa andɛ kɛ aliɛ e a djin lɛ.,bau,unknown,train,Baoulé,Google WaxalNLP
bau_JK_JK_BCI_1_68,JK,Be fa blu ni n'gon i kpe n'nan ɔ yo ablanan ni nan,bau,unknown,train,Baoulé,Google WaxalNLP
bau_JH_JH_BCI_4_230,JH,"Yalɛ’n yɛlɛ, nvle kun nun’n, kɛ be o nika ngna be lɛman ninnge’m be nun’n, sɛ be fa be sunnzun sran ngna be lɛ ninnge kpa’n; i sɔ’n ti’n, ɔ yo kekle man sran kun nin i sran ngn ɔ klo i’n be liɛ’n, sanngɛ agnanbeunfuɛ’m me bu i fɔ bie. Sanngɛ, yalɛ’n i su nnɛ ngna sran kluaa nuan sɛ su’n, ɔ nin nnɛ ngna sran klua klua kan’n.  Yalɛ’n ti sa tɛ kpa kun mɔ tɔ sran miliɔn kpanngban be su man unmuan’n nun’n, ɔ kle kɛ ninngne cinnjin kɛ aliɛ sa’n, nin suklu dilɛ’n, nin tukpacɛ’n i tralɛ’n, ɔ nin sua kpa’m be gnanlɛ’n wa saci. Nan sika’n i kanlɛ’n i gnunmin ti ɔ, sanngɛ ɔ kan sran’m be tranlɛ’n, ɔ nin be nzuɛin’n, ɔ nin be akunnnan’n be nnɛ bie, mɔ blɛ sunman nun’n, sran’m be titi nun be tran nika ngna be timan kpa’n, mɔ be ti be gunmin’n. Yalɛ mɔ cɛman’n, ɔ klua fa sran mun lua sa tɛ kun mɔ i nunnunlɛ’n ti kekle’n i nun, mɔ sika nnɛ’n nin suklu dilɛ’n be nunman lɛ’n ti’n, sran’m be fa be un mantan sran mun titi’n, ɔ fin blɛ kun nun lele ɔ fa ju blɛ uflɛ nun’n. Sanngɛ, nan yalɛ’nɛ ɔ fata kɛ be yo ɔ; ɔ fin sika nnɛ nin politiki nnɛ nun ajalɛ ngna be fa’n, mɔ blɛ sunman nun’n, sran’m be afiɛn’n timan kun’n ti’n, ɔ yo tɛ kpa’n. Sran’m be afiɛn nangan’n, nin ninngne’m be siesielɛ kpa’n, nin ɛlɛ kunlɛ’n, ɔ nin sanvuɛsa ngna be tɔ asiɛ’n su’n, be klua yo maan sa sɔ’n yo tɛ kpa, sanngɛ ajalɛ’m be o lɛ. Suklu kɔlɛ’n, tukpacɛ’n i tralɛ kpa’n, ɔ nin sika nnɛ’n i su mmla ngna be fa sran kluaa be di junman’n, be klua uka sran mun naan ba fite yalɛ nun. I bie yɛlɛ kɛ, sika kanngan’m be su ajalɛ’m be yo maan sran kpanngban be bo wata kanngan’m be bo, kɔkun be yo maan lɔ sika nnɛ’n yo kpa, i sɔ’n ti’n, yalɛ’n wa kan ase klɔ’n su lɔ.",bau,unknown,train,Baoulé,Google WaxalNLP
bau_JH_JH_BCI_2_121,JH,Katiola diɛ ɔ o jua i tɔlɛ lɔ. Ɔ ti guro me klɔ kun mɔ be sanu juman ti be jiji dan kpan kun afin i tiɛ man be gnan nigne dia ɔ.,bau,unknown,train,Baoulé,Google WaxalNLP
bau_KK_KK_BCI_1_85,KK,"Gannan ni Cɔt divua be kɔ bo balon, be lua li bii nsan nu. Bi i clicli su, Gannan mu yɛ be dumua be lua liɔ, isi'n nan Cɔt divua ba luɛ nnyon ni nsan su.",bau,unknown,train,Baoulé,Google WaxalNLP
bau_RK_RK_BCI_2_124,RK,"Nimba oka’n: Ɔ ti oka kun m’ɔ o Côte d’Ivoire, nin Gine, ɔ nin Liberia be afiɛn’n, ɔ ti kpa kɛ be nanti be kɔ lika’n.",bau,unknown,train,Baoulé,Google WaxalNLP
bau_RK_RK_BCI_1_32b,RK,Ciɛn klua mi fu kpangɔ su.,bau,unknown,train,Baoulé,Google WaxalNLP
bau_JK_JK_BCI_1_84,JK,Kɛ be wandi Marie yoli sran n'gnon sun mɔn djuliɔ.,bau,unknown,train,Baoulé,Google WaxalNLP
bau_RK_RK_BCI_2_127,RK,Koffi i sulafilɛ’n yɛle kɛ ɔ́ síesíe cɛn dilɛ dan kun.,bau,unknown,train,Baoulé,Google WaxalNLP
bau_JH_JH_BCI_1_19C,JH,Afuɛ n'gna diɛ nigne me su m'ma kpa tra titi diɛ.,bau,unknown,train,Baoulé,Google WaxalNLP
bau_JH_JH_BCI_2_133,JH,"Mali lɔfuɛ me si kɛ be nzuɛn’n ti kpa, yɛ Saheli lɔ lika’m me ti klanman kpa.",bau,unknown,train,Baoulé,Google WaxalNLP
bau_KK_KK_BCI_1_36c,KK,Akɔ nga ɔ to li sua i sin lɔ wa bobo.,bau,unknown,train,Baoulé,Google WaxalNLP
bau_JH_JH_BCI_2_110,JH,"Kɛ amun fin loto jranwlɛ lɔ’n, amun fa Rue des Voyageurs su nglo lɔ lika’n nun kɔlɛ bo, kɔkun amun nanti kɔ ye mɛtri [500] ya n’nun. Kɛ ame gnu  ayre tɔlɛ kun, amun kpɛ amun sin jua atɔliɛ lɔ Avenue des Manguiers su. Amun fa atin sɔ’n su trele kilo mɛtri [1] kun , amun sin nika nga be fa sran mun kɔ anzɛ be tu ajalɛ, amun fama su lɔ. Kɛ amun ju Rue des Palétuviers su’n, amun kpɛ amun sin wia atɔliɛ lɔ lika’n nun, kpɛkun amun sin mɛtri [1000] akpi kun, amun sin suklu ba kanngan’m be suklu kun m’ɔ o amun sa fama su’n i wun lɛ. Kɛ amun ko sin lika uflɛ’n, amun fa amun ɲrun wia atɔliɛ lɔ lika’n nun kan naan amun fa Rue des Oliviers. Klɔ’n i su lɔ fluwa siewlɛ’n wo i gnrun lɛ kan, nian jua tɔlɛ lɔ.",bau,unknown,train,Baoulé,Google WaxalNLP
bau_RK_RK_BCI_1_10a,RK,Duo m'ma n'san be lɔgɔ cofie i paplanu.,bau,unknown,train,Baoulé,Google WaxalNLP
bau_KK_KK_BCI_2_169,KK,"Be yo acɛkɛ ni agba. kanan ba ton, be bo agba, kpɔkun be si manzi nu, i si'n  be miannu, yɛ be luɛ via nu ni be sua ton.",bau,unknown,train,Baoulé,Google WaxalNLP
bau_JH_JH_BCI_1_2A,JH,Wo nan lu gnan'man nu.,bau,unknown,train,Baoulé,Google WaxalNLP
bau_RK_RK_BCI_1_24b,RK,Yɔbuɛ kpangan be ciɛn lika kun lɛ.,bau,unknown,train,Baoulé,Google WaxalNLP
bau_KK_KK_BCI_1_30a,KK,Kuain kpɛ manda i fie i tiwa lɔ.,bau,unknown,train,Baoulé,Google WaxalNLP
bau_JK_JK_BCI_2_189,JK,Noɛli cɛn dilɛ’n ti blɛ kun mɔ Klistfuɛ awlobo’m be kwla yia asɔnu lɔ yɛ i kasiɛn aliɛ kpa kun  be wun lɛ ɔ.,bau,unknown,train,Baoulé,Google WaxalNLP
bau_RK_RK_BCI_2_200,RK,Ayiman we ciɛn e kɔ suklu.,bau,unknown,train,Baoulé,Google WaxalNLP
bau_KK_KK_BCI_1_6c,KK,Obuɛ pienbie kun fiti bakangan be balon.,bau,unknown,train,Baoulé,Google WaxalNLP
bau_KK_KK_BCI_1_12b,KK,Obuɛ kukluku kun wo kpata bo lɛ.,bau,unknown,train,Baoulé,Google WaxalNLP
bau_KK_KK_BCI_1_69,KK,Be fa nso tata mɔcuɛ su ɔ yo ablenu ni nsiɛn,bau,unknown,train,Baoulé,Google WaxalNLP
bau_JK_JK_BCI_2_207,JK,"Kulɛri benin yɛ amun klo i kpa ɔ, yɛ ngue ti ɔ?",bau,unknown,train,Baoulé,Google WaxalNLP
bau_RK_RK_BCI_1_95,RK,Anglo i cɛn ba blu ni n'so su be bo anya i editiɔn blu ni n'so su.,bau,unknown,train,Baoulé,Google WaxalNLP
bau_RK_RK_BCI_5_241,RK,"Cɛn kun mɔ lika’n ti lowa kpa , blo alua  kun su sin waka mma fie kun nun lele ɔ juli viɲin mma kun m’ɔ su ɲin viɲin waka kun m’ɔ su ɲin waka mma ng’ɔ ti nglonglo kpa’n su’n, i su. Ɔ seli kɛ: “Like ng’ɔ fata kɛ n yo naan min nzue’n w’a kun man mi ku, i su yɛ ɔ o lɛ .” Ɔ fali ja kan sinnin i sin, ɔ wanndili, ɔ tu sinnin, kpɛkun ɔ sinnin waka m'ma i wun lɛ kan. Kɛ ɔ kpɛli i sin ekun’n, ɔ fali “Kun, nɲɔn, nsan,” ɔ tu sinnin, sanngɛ w’a yoman ye kun. Ɔ miɛnnin i ɲin kpɛ sunman kɛ ɔ́ fá waka mma ng’ɔ kwla laka sran’n, sanngɛ i agualiɛ su’n, ɔ yacili i nun, kpɛkun ɔ nantili ɔli, ɔ fɛli i bue’n ɔli aunmuan’n nun, ɔ seli kɛ: “N lafi su kɛ be ti nvan.”",bau,unknown,train,Baoulé,Google WaxalNLP
bau_JH_JH_BCI_1_40A,JH,Kuaku djaoli n'glinmon yɛ wa non kacɛ nun mangnin kan ɔ ma kɔ fiesu siɛn.,bau,unknown,train,Baoulé,Google WaxalNLP
bau_JK_JK_BCI_2_136,JK,"Liberia lɔ’n, klɔ dan nga be flɛ i kɛ Monrovia’n, ɔ nin Atlantiki jenvie’n be afiɛn’n ti man nun.",bau,unknown,train,Baoulé,Google WaxalNLP
bau_JK_JK_BCI_2_166,JK,"Afuɛ 1889 nun’n, be kplannin Pari lɔ like dan , yɛ be kplannin i mɛn wunmuan’n nun ninnge’m nan be bla lɔ baa nian like be nin ɔ ?

Be kplannin sua nga be flɛ i kɛ Tour Eiffel’n, afuɛ 1889 nun’n, kɛ be yi mɛn wunmuan’n nun ninnge’m be nglo’n.",bau,unknown,train,Baoulé,Google WaxalNLP
bau_RK_RK_BCI_4_232,RK,"Didje Iv Dʁɔɡba Tebili; be wuli i[ afuɛ akpi kun ya n'gluan ablueso ni mɔcuɛ  nun Marsi i le blun ni kun su] ɔ ti Ivoiri lɔ laa banon tofuɛ kun m'ɔ boli banon kɛ sran kun sa.  Ɔ ti sran ng’ɔ boli nzɔliɛ kpa’n, yɛ ɔ ti Côte d’Ivoire i nvle’n i nunfuɛ’m be su kpɛn laa. Be siyi i juman kpa Chelsea lɔ, lɔ yɛ ɔ ti klɔ’n i nunfuɛ ng’ɔ bo nzɔliɛ kpa kɛ nvle uflɛ nunfuɛ sa’n, yɛ dɔ nga su’n, ɔ ti sran ng’ɔ bo nzɔliɛ kpa’n i nnan su’n. afuɛ akpi nyonn blun ni nyonn  nu, Chelsea Magazine usali Drogba kɛ Chelsea i jue tofuɛ dan kpa n'ga be toli i n'dɛ nu. Afuɛ akpi nyonn ni ablaun  nun’n, be fali i dunman Chelsea i afuɛ akpi nyonn ni blun faju afuɛ akpi nyonn ni ablaun[ 2010–2020 ] nun’n, be nun kpafuɛ’m be nun.   Sran sunman be bu i kɛ ɔ ti sran ble’m be nun jue tofuɛ dan kpafuɛ’m be nun kun, be si i kɛ ɔ tu ndɛndɛ, ɔ kwla tu aunmuan’n nun, yɛ ɔ kwla bo jue kpa, ɔ kwla bo jue trele. Drogba ti sran ble nu balɔn tofuɛ kpa kpɛ n'ɲon  afuɛ akpi nyonn ni n'siɛn faju akpi nyonn ni n'gluan [2006 eni 2009].",bau,unknown,train,Baoulé,Google WaxalNLP
bau_RK_RK_BCI_1_78,RK,Sɛ be cɛ kun nu blu be fa tata miliɔn kun su ɔ yo ya akpi kun.,bau,unknown,train,Baoulé,Google WaxalNLP
bau_JH_JH_BCI_1_34B,JH,Adoi dan ni i kɔmi gnanman tindin kpa.,bau,unknown,train,Baoulé,Google WaxalNLP
bau_JH_JH_BCI_2_174,JH,"Kɔdivoiri lɔ nnɔsua nun’n, ɔ fata kɛ be di jue nga be iton ni kpan'n.",bau,unknown,train,Baoulé,Google WaxalNLP
bau_JH_JH_BCI_1_9C,JH,Aufuɛ mun ɛ be dili juman sɔ non.,bau,unknown,train,Baoulé,Google WaxalNLP
bau_RK_RK_BCI_5_240,RK,"Cɛn kun, kɛ asɔmɔli kun su lafi’n, gbekle kan kun boli wanndilɛ bo i su. Assomoli’n jasoli, ɔ fɛli i ja dan’n sieli i su kpɛkun ɔ tikeli i ɲinma dandan’m be su naan w’a min i. gbekle  ba kaan’n kpannin seli kɛ: “Famiɛn, yaci cɛ min.” Yaki min wun sa cɛ min blɛ nga nun, min wla su fiman su le. ?Wan yɛ ɔ si kɛ cɛn wie lele’n, n su kwlá diman amun junman-ɔn?  Kɛ jra’n wunnin kɛ alua’n kwla ukɛ i’n, ɔ yoli i fɛ dan, ɔ maan ɔ mannin i ja’n su, kpɛkun ɔ yacili i nun. Kɛ ɔ cɛli kan’n, aya kun tɔli jra’n su, kpɛkun kodiawiefuɛ nga be kunndɛ kɛ bé fá kɔ́ famiɛn’n i wun lɔ nguan nun’n, be trɛli i waka kun su, kpɛkun be ɔli nnɛn kpanngɔ kunndɛlɛ naan b’a fa i b’a ɔ. I lɛ nun’n, nnɛn kpanngɔ kaan’n sinnin lɛ, kpɛkun kɛ ɔ wunnin sa kekle nga jra’n wunnin i’n, ɔ mantannin i, kpɛkun w’a cɛman yɛ ɔ ɲinnin ɲanman nga be fa cici nnɛn’m be famiɛn’n niɔn. “?Nán ndɛ nanwlɛ yɛ n kannin ɔn?  gbekle ba  kan’n seli sɔ.",bau,unknown,train,Baoulé,Google WaxalNLP
bau_JK_JK_BCI_1_87,JK,N'zue ba n'ga ɔ ti dan Cote d'Ivoire wa yelɛ Comoe.,bau,unknown,train,Baoulé,Google WaxalNLP
bau_JH_JH_BCI_1_24A,JH,Boli kun dji soi i ti sulɔ.,bau,unknown,train,Baoulé,Google WaxalNLP
bau_JH_JH_BCI_2_132,JH,"1- Mali
2- Kamerunu
3- Gabon
4- Ghanna
5-Anangno
6- Bukinann
7- Angola
8- Guine",bau,unknown,train,Baoulé,Google WaxalNLP
bau_JH_JH_BCI_1_32C,JH,Baba ɔn kɔ fiesu ni kpangnɔ.,bau,unknown,train,Baoulé,Google WaxalNLP
bau_JK_JK_BCI_5_242,JK,"Kɛ mɔ bua tafuɛ’n nin i adua’m be niannin be wun su’n ti’n, ɔ yoli kekle kpa mannin bulɛ kun kɛ ɔ munge be wun lɔ. Sanngɛ tchin kun’n, ɔ wunnin bua kun i kplo mɔ be kpɛli i bua’n mɔ be yili i blo’n, ɔ kɔ fali faluɛ i pklo liɛ sun yɛ ɔni bua mun yɛ be luan. Bua ba ng’ɔ ti buani i liɛ’n, mɔ bulɛ ɔ luɛ i pko,ɔ sun blolɔ adua mɔn fali bua pko fa gata i liɛ su sun. Ɔ fali buani fa ɔli clɔ ti bo, ɔni yi be di aliɛ kun ,yɛ kɛ ɔ djukan, ɔ lakalakali buani yɛ ɔ dili yi pka.",bau,unknown,train,Baoulé,Google WaxalNLP
bau_KK_KK_BCI_1_20a,KK,Kofi su tu i ja si kpaco.,bau,unknown,train,Baoulé,Google WaxalNLP
bau_JH_JH_BCI_2_206,JH,"Anɛya nun’n, kɛ suklu m'ma me  n'miɛn dolɛ ko jue, be sa be sin suklu lɔ.",bau,unknown,train,Baoulé,Google WaxalNLP
bau_KK_KK_BCI_2_133,KK,N kunndɛ kɛ n kɔ Ghana lɔ naan n ko wun i jenvie nuan lika klanman’m be luɛ,bau,unknown,train,Baoulé,Google WaxalNLP
bau_RK_RK_BCI_2_116,RK,"Asɔnun sua nga be flɛ i kɛ e aklujuɛ bla Yamusuklɔ lɔ : Ɔ ti asɔnun sua dandan nga be o mɛn’n nun’n, be nun kun, yɛ wafa nga be kplannin i’n, ɔ yo sran’m be abonuan.",bau,unknown,train,Baoulé,Google WaxalNLP
bau_JH_JH_BCI_2_115,JH,"1- Bouake yɛ ɔ ti Balue me klɔ dan non.
2- Abijan ɛ ɔ ti Cote Divoiri lɔ be klɔ dan non kɔkun ɔ ti capitali non.
3- Daloa ti e klɔ dan n'san su non.
4- Daukro ti daa man siesie fuɛ kun.
5- Yamusuklɔ yɛ ɔ ti capital politiki non.",bau,unknown,train,Baoulé,Google WaxalNLP
bau_RK_RK_BCI_1_10c,RK,Konan ɔ su kɔ sumiɛn I javuɛ mu.,bau,unknown,train,Baoulé,Google WaxalNLP
bau_JH_JH_BCI_2_168,JH,"1- Atchɛkɛ
2- Gariba
3- Kedjenu
4- Placali
5-Bana aliɛ
6- Aloko
7- M'gnatɛ tro
8- Gbɔlu tro
9- Klaklo
10- M'vufu.",bau,unknown,train,Baoulé,Google WaxalNLP
bau_JH_JH_BCI_1_50,JH,Anɛ ti anɛya i le ablassan ni m'glan yɛ ɔ ti mlan jin kassiɛn ni e lu fɛlɛ nu. M'zue te ye blɔlɛ lele gnliɛmon nu dɔ blue e to su. I aliɛ gnɔ jin ti djolɛ mɔ e di fɛtri gna ɛ flɛ i anɛya.,bau,unknown,train,Baoulé,Google WaxalNLP
bau_RK_RK_BCI_1_13a,RK,Yao ɔ wo i kpangɔ klanman su.,bau,unknown,train,Baoulé,Google WaxalNLP
bau_JK_JK_BCI_2_160,JK,"Kilimanjaro yɛ ɔ ti sran ble mɛn’n nun oka ng’ɔ ti nglonglo kpa’n niɔn, i nglonglo’n ju mɛtri 5895.",bau,unknown,train,Baoulé,Google WaxalNLP
bau_RK_RK_BCI_1_13b,RK,Aluɛnba  ufue ɔ wo sran i klun.,bau,unknown,train,Baoulé,Google WaxalNLP
bau_JH_JH_BCI_1_93,JH,Bua ablaɔn ni akɔ ablamɔjuɛ ba u.,bau,unknown,train,Baoulé,Google WaxalNLP
bau_RK_RK_BCI_2_118,RK,"Abokouaméklɔ lɔ lika nga be nian nnɛn’m be su’n: lika nga be nian nnɛn’m be su’n, ɔ mantan Yamusuklɔ, ɔ ti lika kpa kɛ be nian nnɛn’m be lika.",bau,unknown,train,Baoulé,Google WaxalNLP
bau_JK_JK_BCI_2_192,JK,"Ascension ti Zezi i ɲanmiɛn su lɔ fulɛ cɛn, ɔ ti lafilɛ nin Ɲanmiɛn sulafilɛ’n be nzɔliɛ, yɛ ɔ man akunndan bulɛ nin cɛn dilɛ blɛ Klistfuɛ’m be nzuɛn’n nun.",bau,unknown,train,Baoulé,Google WaxalNLP
bau_JH_JH_BCI_1_36A,JH,Wɛma me ma nonnon baka flamele i n'djrɛ nun.,bau,unknown,train,Baoulé,Google WaxalNLP
bau_KK_KK_BCI_2_123,KK,"Kong Nnyamiɛn flɛfuɛ be sua, ti sua kun mɔ be fa aunyannu be kplannin’n, ɔ ti Côte d’Ivoire i nglo lɔ lika i laa sua’m be kplanlɛ’n i nzɔliɛ like.",bau,unknown,train,Baoulé,Google WaxalNLP
bau_RK_RK_BCI_2_190,RK,"Fɔundi cɛn’n,  be di i Desamblu i le [15] blu ni n'nu su’n.",bau,unknown,train,Baoulé,Google WaxalNLP
bau_JK_JK_BCI_2_128,JK,"Aya gua i fie’n nun flɛri’m be su nzue, i flɛri’m ba yo klanman kpa",bau,unknown,train,Baoulé,Google WaxalNLP
bau_RK_RK_BCI_2_192,RK,"Eid-el-Kebir, annzɛ Tabaski cɛn dilɛ’n, be fa bua kun be yi tɛ.",bau,unknown,train,Baoulé,Google WaxalNLP
bau_JK_JK_BCI_2_183,JK,OMS (Organisation mondiale de la santé) di junman cinnjin kpa mɛn wunmuan’n nun tukpacɛ’n i siesielɛ nun.,bau,unknown,train,Baoulé,Google WaxalNLP
bau_JH_JH_BCI_1_38A,JH,Kuan'n a kanga i fluwa me klua klua yɛ ɔ ka [19] blu ni n'glan ni wa jue.,bau,unknown,train,Baoulé,Google WaxalNLP
bau_JH_JH_BCI_1_30C,JH,Poyo nan blo.,bau,unknown,train,Baoulé,Google WaxalNLP
bau_KK_KK_BCI_1_81,KK,Kun ni si'n uka kun ni si'n nsiɛn yo nn yon ni si'n nsan.,bau,unknown,train,Baoulé,Google WaxalNLP
bau_RK_RK_BCI_1_45,RK,"Angbo i cɛn ba [3] n'san, n'nan [4] ɔ ni [6] n'siɛn su bɔ yɛ le mlan, fue ɔ ni monnin cɛn via bo kekle kpa.
Blɛ sɔ ye kpa man be n'ga ba wlɛ cacao, be n'ga ba wlɛ tro fie m'ma ɔ ni be n'ga be a kpu koli.",bau,unknown,train,Baoulé,Google WaxalNLP
bau_JH_JH_BCI_2_99,JH,"M'la [7] n'so : Sran me kloio kloi be ti kun m'mla i srun yɛ be kloi kloi be sɛ, m'gbakiɛ niman nun.Sɛ sran bie wan ɔ miɛnmiɛn bie m'mla di be klua klua be ti n'dɛ sɛ be n'gnoliɛ ni n'mla m'gna ɔ kɔman kun.",bau,unknown,train,Baoulé,Google WaxalNLP
bau_KK_KK_BCI_1_31c,KK,Guɛma ba do.,bau,unknown,train,Baoulé,Google WaxalNLP
bau_RK_RK_BCI_2_132,RK,"Gannan 
Burkina Faso
Mali
Liberia
Gine
Sirra Leɔnn
Togo
Daomiɛn nvle
Nizɛr
Anango be klɔ.",bau,unknown,train,Baoulé,Google WaxalNLP
bau_KK_KK_BCI_1_17a,KK,Nnɛn be su non bla.,bau,unknown,train,Baoulé,Google WaxalNLP
bau_JK_JK_BCI_4_230,JK,"Blɛ kun nun!  Klɔ kaan kun su’n, awie mma kan kun o lɛ.  Nma’n ti kaan kpa, yɛ ɔ ti ble.  Ɔ sunnzunnin kɛ ɔ́ ɲín kátchi waka klanman kpa.

 Tchɛn kun’n, fie difuɛ kpɛnngbɛn ng’ɔ si ngwlɛlɛ’n, ɔ luali awie’n asiɛ’n su.  Nɲa’n i klun jɔli sanngɛ srɛ kunnin i ekun.  ?N kwla yo dan sakpa?  ɔ usali sɔ.

 Fiessu bian srili kɔkun seli yi kɛ, ''hɛ, a kula. Lafi ɔ wun su kɔkun jran kekle.''

 Tchɛn’m be sinnin, kpɛkun nma’n boli ɲinlɛ bo.  Sa kekle sunman be tɔli i su: wia’n tɔli dan, nzue’n tɔli dan, yɛ aunmuan’n tuli dan kpa.  Sanngɛ w’a yatchiman.

 N'ma e ɲinli titi kɔkun w'a tchɛman, e katchili waka kaan kun.  Ɔ ɲannin janvuɛ uflɛ mun: nnɛn kpanngɔ mun, nin nnɛn kpanngɔ mun, ɔ nin anunman mun.

 Afuɛ kpanngban sinnin, kpɛkun waka sɔ’n katchili waka klanman kpa.  Ɔ mannin sran kpanngban be ɲanmiɛn su lɔ, ɔ man waka mma mun, yɛ ɔ man be tranwlɛ.",bau,unknown,train,Baoulé,Google WaxalNLP
bau_RK_RK_BCI_2_199,RK,Andɛ ti mlan ciɛn.,bau,unknown,train,Baoulé,Google WaxalNLP
bau_RK_RK_BCI_1_17b,RK,Klɔ ɔ wo bo i afiɛn lɔ.,bau,unknown,train,Baoulé,Google WaxalNLP
bau_JH_JH_BCI_1_59,JH,"Djin ne bo ibo jua i bo, sanngɛ amun minndɛ kɛ nan a ma ɔ klɔ afin aunkpan dan bie e tu lele nɔsua nun",bau,unknown,train,Baoulé,Google WaxalNLP
bau_JH_JH_BCI_3_218,JH,"Ndɛ mma “aata dilɛ’n” i bo’n yɛle kɛ, sɛ e fa e wun mantan i kacilɛ’n blɔfuɛ nun’n, ɔ ti like kpanngban nin like fanunfanun: société, affaire(s), commerce, secteur... Aata dilɛ’n kusu kle aata difuɛ’m be junman dilɛ’n i su ndɛ nga be o Wall Street lɔ’n, ɔ nin . projets modestes du quartier déstructeur. Aata dilɛ’n yɛ ɔ ti junman diwlɛ’n niɔn, yɛ wie liɛ’n, junman diwlɛ’n i bo bolɛ’n bɔbɔ’n: ɔ yo aata, yɛle kɛ ɔ yo ninnge atɛ, kɛ nga junman sunianfuɛ wie’m be fa bo be junman difuɛ’m be awlo lɔ’n sa (ɔ nin wie mun ekun). Kɛ nga amun fa wunnin i wlɛ’n sa’n, aata dilɛ’n ti ndɛ mma kun m’ɔ kwla tra ndɛ’n kwlaa ɔ, ɔ timan weiin, yɛ ɔ ti ndɛ trele, ɔ maan kɛ ɔ ko yo naan sika ndɛ’n w’a yo amun fɛ’n, amun kwla kan ndɛ kwlaa nga amun klo’n. I kpa bɔbɔ’n, ndɛ mma’n i sin ndɛ’n yɛ ɔ́ klé amun like nga sran nga amun nin i su koko yalɛ’n, ɔ sunnzunnin’n i kpa’n niɔn.",bau,unknown,train,Baoulé,Google WaxalNLP
bau_JH_JH_BCI_1_17B,JH,N'dre ni yɔbuɛ me o i nuan su.,bau,unknown,train,Baoulé,Google WaxalNLP
bau_JK_JK_BCI_1_88,JK,Dɔtrɔbla n'ga mun ba djra be kɔ Dɔtrɔbla n'ga ɔ ba kasien yi alolɔ. .,bau,unknown,train,Baoulé,Google WaxalNLP
bau_KK_KK_BCI_1_35b,KK,Ablɛlɛ ti blo wa.,bau,unknown,train,Baoulé,Google WaxalNLP
bau_JH_JH_BCI_1_47,JH,"Kɔ fɛi aiman si silɔ mɔ e fa lu angbo nu, ɛrɛ ne bo bawa bo. I sɔ blɛ kubgba nu, blɔfuɛ me ɛrɛ blɛ ne tɔtɔ lele mumu ne fa jue.",bau,unknown,train,Baoulé,Google WaxalNLP
bau_JH_JH_BCI_2_101,JH,"M'la [16] bluni n'siɛn: Kɛ ɔ fin afuɛ nga be kla ja bla nun, yasua nin bla me kla ja bla annzɛ bian, be kla gnan alobo. Be lɛ atin mɔ be yo nigne kunngba n’gna sran me klua be yo. Kɛ'n kɛ bla kun ni yasua ben' ja ni be n'gnon ba kplin be n'su. Alobo ti gnanmiɛn su nigne kun mɔ ɔ fata kɛ be sɛsɛ.",bau,unknown,train,Baoulé,Google WaxalNLP
bau_JK_JK_BCI_2_173,JK,Aliɛ ng’ɔ klo i kpa’n yɛle akɔ kedjenou m’ɔ nin avie.,bau,unknown,train,Baoulé,Google WaxalNLP
bau_RK_RK_BCI_2_102,RK,"[1] kun. Sran klwaa bɔ o, kanzɛ sɛ ɔ o i ngumi'n o, kanzɛ sɛ ɔ o sran akpasua wie nun o, ɔ lɛ wu'n ati'n kɛ ɔ nyan i bɔbɔ i sa'a ti like.
[2] Nyonn.  Nan man be de sran kun sa'a ti like i sa nu'n we kekle su.",bau,unknown,train,Baoulé,Google WaxalNLP
bau_KK_KK_BCI_1_8b,KK,"Alɛ blɛ nu, sran be wouli kpa.",bau,unknown,train,Baoulé,Google WaxalNLP
bau_RK_RK_BCI_1_8a,RK,Ose fuai wa kpɛ oflɛ nu kun ni si'n.,bau,unknown,train,Baoulé,Google WaxalNLP
bau_JH_JH_BCI_1_66,JH,Sɛ e jɛ ablosiɛn nu m'ssan ɔ man ablanun.,bau,unknown,train,Baoulé,Google WaxalNLP
bau_RK_RK_BCI_1_81,RK,Be fa ku'n ni bue be fa uka kun bɔ ba cɛnu n'siɛn ɔ yo nyonn bɔ ba cɛnu n'san.,bau,unknown,train,Baoulé,Google WaxalNLP
bau_JH_JH_BCI_2_134,JH,Anangno ti n'vle n'ga sran be sonli kpa Afriki nu kɔkun  be sika n’nɛ ti be jiji dan kpa.,bau,unknown,train,Baoulé,Google WaxalNLP
bau_RK_RK_BCI_1_17a,RK,N'zue n'ji yɔbuɛ nu.,bau,unknown,train,Baoulé,Google WaxalNLP
bau_KK_KK_BCI_1_25b,KK,Tro nzue ji sin su.,bau,unknown,train,Baoulé,Google WaxalNLP
bau_KK_KK_BCI_1_47,KK,"Jɔlɛ cɛn mɔ ti anglo i cɛn le blu ni n'san su, kɔ bo i bo nglɛnmu nu dɔ nsannisi, bɔlɛ bo ngualɛ bo. Kɛ e ju i nyru lɔ kan, awungban waa fita. I sɔ wa yo man, lika i jɔ wa fa ju abla'ngluan ni n'nyon ya su [92%]. Kɛ e fɛ su i su dɔ blu ni kun su, via bo vɛɛ kan fa ju ndɔsua nu dɔ n'siɛn su. I sɔ blɛ liɛ nganu, tukpacifuɛ mu, nan man be tran sua nu dan. Sɔ e ye sɔ tukpacɛ ti'n be su.",bau,unknown,train,Baoulé,Google WaxalNLP
bau_JK_JK_BCI_1_75,JK,Be fa kun bue n'nun kpɛ ablahun be fa uka yi ablasen su yɛ be fa ablanan ukasun ekun ɔ yo blu ni mɔtshuɛ,bau,unknown,train,Baoulé,Google WaxalNLP
bau_JH_JH_BCI_1_44,JH,"Anɛ ti klananan m'deya i le ablaouni m'glan, ɔ fata kɛ sɛ ɛ kɔ guabo ɛ fa katajua afin ɛjua ne bo  m'glɛmon lele nɛssoi flɔlɔlɔ, anglo ne fite  su ni ɔ te bo. Kɔkun nan i kloia ɔ, ahongban ne fita kɔgue sangɛ m'zue m'ma kun sa kaman assiɛ.",bau,unknown,train,Baoulé,Google WaxalNLP
bau_RK_RK_BCI_2_203,RK,Be wuli Ajua jɔlɛ ciɛn.,bau,unknown,train,Baoulé,Google WaxalNLP
bau_KK_KK_BCI_3_215,KK,"Denis Mukwege, be wuli i afuɛ akpi kun ya ngluan ablenu ni nnu [1955] nun nglo anglo i le kun [1] su Bukavu, Kongo Bɛlizi nvle nlɔ. Ɔ ti Kongo lɔ bla’m be dɔɔtrɔ, ɔ ni’n sran’m be ati’n difuɛ, ɔ ni’n Pantekɔtu lɔ Kriitfuɛ be jasin fɛ i bolɛ i su kpɛn.
I suan duman yɛlɛ kɛ “sran ngɔ siesie bla mun”. Ɔ nyannin akatua kpanngban kɛ ɔ fali ajalɛ kɛ nan man b kpɛ bla be bla lika i Republik Démokratik du Kongo nvle nɔ. I akatua ngɔ nnyanni be be flɛ vie nbe kɔ, Sakharov Prix nun, ɔ ni’n Prix Nobel de la paix mon ɔ nyɛnni afuɛ akpi nnyon blu ni mɔcuɛ [2018] nun.

Denis Mukwege ti Pantekɔtu asɔnu kpɛnngbɛn kun i wa, ɔ dili i suklu klikli Bukavu lɔ famiɛn sua nun lɔ, i si’n, ɔ dili suklu nnyon su Bukavu lɔ Bwindi suklu dan nun lɔ RDC nvle i klɔ kivu, lɔ yɛ ɔ nyannin biochimie nun diplɔmu afuɛ akpi kun ya ngluan ableso ni nnan [1974] nun. Kɛ ɔ dili afuɛ nnyon Kinshasa suklu dan lɔ, ɔ wunnin ati’n, ɔ klɛli i dunman, afuɛ akpi kun ya ngluan ableso ni nsiɛn [1976] nun, Ɔ o Burundi lɔ dɔɔtrɔ suklu nun.
Kɛ afuɛ akpi kun ya ngluan ablaɔcuɛ ni nsan 1983 nun, ɔ nyannin dɔɔtrɔ diplɔmu, ɔ dili junman klikli Lemera lɔ dɔɔtrɔ sua nun lɔ, mɔ o Bukavu i nglo lɔ lika nun. Afuɛ akpi kun ya ngluan ablaɔcuɛ ni nnan [1984] nun, Suɛdi lɔ Pantekɔtu be anuannzɛ mɛnni’n i sika naan wa di bla be tukpacɛ i su like Angers Suklu dan nun, Aflansi lɔ. Ɔ ni’n Angefuɛ kun be takali anuannzɛ nga be flɛ i kɛ France-Kivu, naan be ukɛ i lika ngɔ fi’n.
Afuɛ akpi nnyon blu ni nnnu [2015] i,  ananya i le abla’n ni nnan []24 su, kɛ ɔ dili junman kun mɔ suan Étiologie, classification et traitement des fistules urogénitales traumatiques et des fistules génito-digestives inférieures de l’Est de la RDC, ɔ kacili dɔɔtrɔ bian Bruxelles lɔ Suklu Dan nu.",bau,unknown,train,Baoulé,Google WaxalNLP
bau_RK_RK_BCI_1_67,RK,Be fa blun ni kun be fa uka n'san su ɔ yo blun ni n'nan.,bau,unknown,train,Baoulé,Google WaxalNLP
bau_JK_JK_BCI_2_159,JK,"Assinie ti jenvie nuan lɔ lika kun mɔ sran’m be klo i kpa’n, afin i jenvie’n i nuan lɔ anhuNyan ufue’n nin nzue’n be ti ufue.",bau,unknown,train,Baoulé,Google WaxalNLP
bau_JH_JH_BCI_1_61,JH,"Kɔnguɛ nu, anglo ne ta yɛ nika ne yo djuwa yɛ nika ne yo diii, gnanmiɛn ne sene kɔkun nika ne yo tuonn.",bau,unknown,train,Baoulé,Google WaxalNLP
bau_JK_JK_BCI_2_99,JK,"M'mla[7] nso: Sran kwlakwla be ti kun m'mla nu, kɔkun ɔ fata kɛ mmla kan be klwaa be ti ndɛ. Ɔ fata kɛ be sasa be klwaa be ja kungba su. Nan be sekɛ be yiyi sran be nu, yɛ be su di man mmla ngɔ woyɛ su.",bau,unknown,train,Baoulé,Google WaxalNLP
bau_KK_KK_BCI_1_35c,KK,Amlon saki li.,bau,unknown,train,Baoulé,Google WaxalNLP
bau_KK_KK_BCI_1_30c,KK,Ye tu li duo guɛ li ii fie su lɔ.,bau,unknown,train,Baoulé,Google WaxalNLP
bau_JK_JK_BCI_3_211,JK,"Pele i sɛ su: “famiɛn’n” i fuɛn’n juli asieliɛ’n su lɔ.Lula ɔ kɔ koto li Brezili lɔ balɔn tofuɛ dan’n i asieliɛ’n i nrun lɛ jɔlɛ, kɛ i sufuɛ kpanngban mɔ be bali be “famiɛn’n” i kalelɛ’n sa.                                                                                                                                                                                                                                                                                                                                                                                                                                                                                                 Sran kpanngban kpa, mɔn be yo be yima su srosro, be bali “Famiɛn Pelɛ” m’ɔ wuli we tshɛn ng’ɔ sinnin lɛ’n nun’n, m’ɔ le afuɛ able mɔtchuɛ ni ngnon’n [82]. Sran akpi ngnon ni ablasen [230.000] tra su be yiali Brezili lɔ balɔn bofuɛ dan’n i alaka’n i nrun lɛ dɔ ablaɔn ni nnan [24] nun. Kɛ Santos FC i nuan ijɔfuɛ kun kan sran nin be nga be suɛnnin i bo mɔ be yiali Pele i alaka’n i nrun lɛ’n, mɔ be yili i nglo jɔlɛ Angbɔ i tshɛnba nsan[3] sun, i ndɛ kleli zunali nga be flɛ i kɛ Agence France-Presse’n, ɔ seli kɛ: “Kɛ nga sonja’m be polisie’m be fa sunnzunnin’n sa’n, akpi ngnon ni nsan sran akpi ngnon ni ablasen[ 230.000] tra su yɛ be yɔ liɔ.” be o Brezili klɔ’n i via afiliɛ lɔ lika’n nun lɔ balon bo wa lika’n i afiɛn lɔ.                                                                                                                                                                                                                                                                                                                                                                                                                                         Brezili lɔ siefuɛ Luiz Inacio Lula da Silva juli Santos lɔ ɔ kɔ koto pele i alaka i un. Kɛ Lula fali alapla’n juli stadi’n lɔ, ɔ ka lɛ kɔ yoli Pele i angbeti bla’n i yako, kɛ ɔ juli nglo sua dan nga be fa sran’n i fuɛn’n be  sieli i lɔ’n. I sin’n, nvle siefuɛ’n ɔli nyanmiɛn sulɛ nga be sui Pelɛ i fuɛn’n i nrun lɛ kan ka naan ba fa fuin kondoblibli ba fa alaka ba fa kɔ luin i Santos akpɔ sun.                                    

Pele i fuɛn’n juli lika kasiɛn nga ɔ kɔ do wunmiɛn lɔ’n, m’ɔ ti asieliɛ dan kun m’ɔ jran nglo, mɔn o Santos lɔ’n. Brezilifuɛ’m be ayɛ kasiɛn nga be fa mannin balɔn tolɛ’n i “famiɛn’n” i avieliɛ lɔ’n, be fali dɔ nnan[4] be sinnin klɔ sɔ mɔn o jenvie’n i nuan lɔ’n, mɔn mmeli jranwlɛ dan kpafuɛ’n Amlɛnkɛn’m be mɛn’n i nglo lɔ lika’n nun’n, mɔn nin Sao Paulo be afiɛn’n ti nun kilomɛtri ableso ni nnun[75], i akpɔ’m be su. Fluwa nga be flɛ i kɛ Guinness Book of Records’n, ɔ seli kɛ asieliɛ nga be flɛ i kɛ nécropole écuménique mɔ be yo awlobofuɛ’m be ngunmin be asieliɛ’n, yɛ ɔ ti asieliɛ ngɔ ti nglo nglo kpa mɛn’n nun ɔn.",bau,unknown,train,Baoulé,Google WaxalNLP
bau_JH_JH_BCI_2_147,JH,"?Wan ɛ ɔ yoli Kɔdivoiri  man sie sie fuɛ n'gnon su non?
Kɔdivoiri be man sie sie ngnon su nɛ konan bɛdiɛ.",bau,unknown,train,Baoulé,Google WaxalNLP
bau_RK_RK_BCI_1_38a,RK,Akisi i suklu flua'm wa ji sua.,bau,unknown,train,Baoulé,Google WaxalNLP
bau_JK_JK_BCI_2_97,JK,"M'mla [1] kun: Sran kwlakwla be wu be kɛ be ti sran kun sa, be kwlakwla be le atin be yo like kunngba'n. Be lɛ akunndan bulɛ nin klun akunndan, ɔ maan ɔ fata kɛ be nin be viengu be tran kɛ aniaan sa.",bau,unknown,train,Baoulé,Google WaxalNLP
bau_JH_JH_BCI_1_96,JH,Kuaku fa nanni mɔcuɛ fa kaki boli blu-nin-mɔjuɛ.,bau,unknown,train,Baoulé,Google WaxalNLP
bau_JH_JH_BCI_1_23C,JH,Gnanmiɛn i i su nan kata.,bau,unknown,train,Baoulé,Google WaxalNLP
bau_RK_RK_BCI_2_131,RK,"Man oka’m be su lɔ’n, Aminata klɛli jue kun.",bau,unknown,train,Baoulé,Google WaxalNLP
bau_KK_KK_BCI_1_16b,KK,Alagba I wawɛ wo I sin lɔ.,bau,unknown,train,Baoulé,Google WaxalNLP
bau_JH_JH_BCI_2_207,JH,N'zu tiɛ man jeliwa ti ble non?,bau,unknown,train,Baoulé,Google WaxalNLP
bau_RK_RK_BCI_1_22a,RK,"Boli n'ji fie nu, ɔ su di ijre",bau,unknown,train,Baoulé,Google WaxalNLP
bau_RK_RK_BCI_2_172,RK,"Kɛ cɛn’n ko sin’n, placali dilɛ klua ɔ fɔnvɔ sran.",bau,unknown,train,Baoulé,Google WaxalNLP
bau_JH_JH_BCI_2_142,JH,Bɛdiɛ yɔ eli e man su kpinkpin n'gnon su non.,bau,unknown,train,Baoulé,Google WaxalNLP
bau_JK_JK_BCI_1_81,JK,kun ni bue ngnon be fa uka kun ni bue n'sien sun ɔ yo n'gnon ni bue n'san,bau,unknown,train,Baoulé,Google WaxalNLP
bau_RK_RK_BCI_1_37b,RK,Wia ɔ bo klanman kpa n'gluin mu.,bau,unknown,train,Baoulé,Google WaxalNLP
bau_JK_JK_BCI_1_65,JK,Be fa mɔtshuɛ i kpe n'gluan ɔ yo ableso ni n'gnon,bau,unknown,train,Baoulé,Google WaxalNLP
bau_RK_RK_BCI_3_218,RK,"Ndɛ nga be flɛ i kɛ jasin fɛ bolɛ’n, ɔ kle wafa kwlaa nga be fa cɛcɛ sran’m be nun’n, be fa tru annzɛ be fa kan ndɛ sran’m be afiɛn, be fa kan ndɛ’n sran kpanngban annzɛ be fa kan ndɛ’n, annzɛ ndɛ nga be klɛ’n, annzɛ ndɛ nga be wun i’n, annzɛ ndɛ nga be ti’n, annzɛ ndɛ nga be ti’n (kɛ aladio, televiziɔn, sinema, ɛntɛnɛti, zronali, telekomunikasiɔn, ninnge uflɛ wie mun ekun).  Be fa ndɛ sɔ’n be di junman blɛ sunman nun kɛ Angle nun ndɛ mma mass-media annzɛ mass media blɔfuɛ nun.

Ndɛ nga be flɛ i kɛ mass media’n, ɔ kan jasin bolɛ ninnge nga be truli dan’n, mɔ kɛ sran kpanngban be se kɛ be kan ndɛ’n, be tɛ su ndɛndɛ’n, mɔ blɛ sunman nun’n, be fa be ɲin su yiyilɛ ndɛ’n be uka su’n, be ndɛ. Be nga be flɛ be kɛ zronali klɛfuɛ’m be dan lika be fa zronali klɛfuɛ nin be ɲin su yiyilɛ junman difuɛ mun be di junman. Be dun mmua fa ndɛ’m be fin ndɛ’m be nun, be nian naan ndɛ’m be sasalɛ’n w’a yo kpa, i sɔ’n ti’n, be kwla ɲan ndɛ tiefuɛ, kpɛkun i nɲɔn su’n, be fa ndɛ’m be atɛ yolɛ’n be fa bo be ndɛ tiefuɛ’m be ɲrun. I sin’n, be fali telefɔnu nun ninnge’m be atɛ yolɛ’n nin fluwa nga be bo jasin fɛ’n, mɔ be bo jasin fɛ’n nin jasin fɛ’n be ngunmin’n, be bu be kɛ jasin bofuɛ mun sa wie .

Kɛ afuɛ 1990 nun’n, ɛntɛnɛti’n fiteli’n, zronali’m be nun ndɛ’m be sɔnnin kpa ɛntɛnɛti su. Nanwlɛ, zronali klɛfuɛ’m be kunndɛli kɛ bé yó blɛ uflɛ sɔ’n i nunfuɛ, afin be yili be zronali’m be nun ndɛ’m be ɛntɛnɛti su, sanngɛ nán ɛntɛnɛti su jasin bofuɛ’m be ngunmin yɛ be yi jasin fɛ’n ɛntɛnɛti su ɔ, infomediaires, blogs nin interneti sites natives be o lɛ wie.

I sɔ ndɛ fanunfanun’m be kle wafa nga be fa sa nga be ju dɔ nga su’n be di junman’n, ɔ nin be ndɛ nga be klɛli’n, mɔ be ti nzɔliɛ kpa ndɛ akpasua nga be kan politiki nun sa nga be ju dɔ nga su’n be ndɛ’n be nun’n, be nun’n, ndɛ sɔ’n ti ndɛnngan ndɛnngan. Ɔ le wafa nga be fa jasin fɛ’m be di junman ɛntɛnɛti su’n, afin nán jasin fɛ’m be kwlaa be le wafa kunngba’n mɔ be fa kle be akunndan’n ndɛ nga be kan be ndɛ’n be su ɔ. Ɛntɛnɛti su jasin fɛ bolɛ lika kwlaa kplan i bɔbɔ i wunmiɛn’n m’ɔ fin mmla dan annzɛ kaan nga be kpɛli fluwa klɛfuɛ’m be su’n, mɔ i bo’n gua wafawafa’m be su’n:

Be nga be di junman ɛntɛnɛti su’n, ɔ nin be nga be bo jasin fɛ’n mɔ ɔ fata kɛ be nanti mmla nga be sie be zronali klɛlɛ junman’n su’n, be fa sa sɔ’n i su ndɛ nanwlɛ kun. Be kan ndɛ’n i mmuammua lɔ, ɔ yo kɛ be yimɛn i bue fi nglo sa. Sanngɛ, wafa nga be fa ndɛ’m be di junman’n, ɔ kwla yo fanunfanun kpa titre kun nin i wiengu’m be afiɛn, kɛ mɔ zronali klɛfuɛ’m be akpasua’m be le ndɛ kanlɛ kontra’n ti’n. Sanngɛ, be kwla fa ndɛ kanlɛ wafa’m be fa yi zronali klɛfuɛ’n i akunndan’n i nglo ngwlɛlɛ su kpa.
Blɔgu nin ɛntɛnɛti su ɛntɛnɛti adrɛsi’m be le atin be kan be klun ndɛ kpa. Titi’n, be nga be klɛli ɛntɛnɛti adrɛsi sɔ mun’n, be kle kɛ be fali be wun mannin kpa, yɛ be yi i nglo wafa fanunfanun nun.
Stratégies enunciatives nin discursives mɔ ndɛ akpasua’m be klɛfuɛ’m be fali’n, be ti kɛ nga sa (be timan ngboko):

Desɛn nga be yi ndɛ akpasua’m be nglo’n, be kwla bo ndɛ wie mun annzɛ be kwla yoman sɔ wie. Be kwla fa foto’n be di junman kɛ ndɛ akpasua’n i su sunnzun ase sa, ɔ maan ɔ timan ndɛnnganfuɛ annzɛ kusu be kwla fa ndɛ kun be kan kle sran mun annzɛ be kwla fa ndɛ kun be kan ndɛ tɛ.
Blɔgu nin ɛntɛnɛti adrɛsi nga be le atin be kan be klun ndɛ’n, be kplanman be ndɛ’m be wafa nga be fa kan ndɛ’n ɛntɛnɛti su’n sa, be fa ajalɛ wie mun naan b’a kan be klun ndɛ kɛ: ndɛ kpɔlɛ tɛnndɛn nga be fa akplowa’n, mɔ be fa ndɛ kpanngban be siesie be wun’n, be fa ndɛ nga be kan kle sran ng’ɔ kanngan nun’n, ndɛ mma nga be bo’n ti kpa’n (melioratif annzɛ pejoratif) yɛ be si be bɔbɔ. Be sisiman be bo naan b’a kle kɛ be fali be wun wlɛli i nun, naan b’a fa sran klikli’n b’a di junman.
I sɔ’n ti’n, kɛ be se kɛ be fa be ɲin sie i like kun su’n, be fa be ɲin sie i ndɛ’m be su kpa: sɛ ndɛ kun kwla yo maan politikifuɛ’m be fa be ɲin sie su’n, be nga be usali be kosan’n, be falɛ’n ti like kun m’ɔ kle kɛ be fali ajalɛ kun sɛ sran kun . politiki anuannzɛ’n i nunfuɛ’m be sɔnnin tra anuannzɛ uflɛ. Lexique kusu di junman cinnjin kpa kannzɛ bɔbɔ be sunnzun i tra blɔgu nin ɛntɛnɛti adrɛsi nga be o lɔ’n be nun’n.",bau,unknown,train,Baoulé,Google WaxalNLP
bau_RK_RK_BCI_1_57,RK,"Fue cɛn lika wa sangan tɛ, nyanmiɛn su n'du tu'n kpa angban fita  n'dɔ [10km/h] ku'n kilometri blun.",bau,unknown,train,Baoulé,Google WaxalNLP
bau_RK_RK_BCI_3_211,RK,"Kɛ be yoli Pelé i opele afuɛ  [2021]  akpi nyonn ablaun ni kun  Sɛptamblu nun’n, ɔ jasoli dɔɔtrɔ lɔ anglo’n i awieliɛ lɔ, kpɛkun ɔ yoli i kansɛli’n i ayre titi. Kɛ be wlɛli i Albert Einstein i dɔɔtrɔ lɔ ekun Sao Paulo lɔ afuɛ  [2022] akpi nyonn ablaun ni nyonn, Novamblu i le  [29 ] ablaun ni n'gluan su’n, be bu i kɛ tukpacɛ sɔ’n ti “srɛ”. Afuɛ  akpi nyonn ni ablaun ni nyonn [2022], Desamblu i le  ablaun ni nyonn[ 22 ]su’n, dɔɔtrɔ’n seli kɛ i tukpacɛ’n su yo tɛ kpa, naan kɛ mɔ “i ɲinma’n nin i awlɛn’n” be timan kpa’n ti’n, ɔ fata kɛ be niɛn i lika “kpa”. Afuɛ akpi nyonn ablaun ni nyonn  [2022], Desamblu i le ablaun ni n'gluan [29] su’n, kɛ ɔ́ ɲán afuɛ ablaumɔcuɛ ni nyonn  [82], kansɛli nyonn[ 2], kunnin i. Ɔpitali’n kan wie ndɛ kun m’ɔ nin “be wunnɛn’n i lika sunman be saci’n” be kɔ likawlɛ’n.

Be nga be sɔli nun’n, be sɔnnin kpa, Luiz Inácio Lula da Silva m’ɔ ti Brezili lɔ nvle’n i su kpɛn’n, ɔ bu i kɛ “Brezilifuɛ’m be nun kaan sa yɛ be fali i nvle’n i dunman’n be ɔli lele ɔ fa juli lɔ’n niɔn” naan “be nin a ɲanman  blu [10] kɛ blun [10] sa le.” Michel Platini kan guali su kɛ Pelé “ti balɔn tolɛ’n i wunmuan’n,” Kylian Mbappé seli kɛ “be wla su fiman i aja’n su le” yɛ Neymar seli kɛ “Pelé kacili like kwlaa. Ɔ kacili balɔn tolɛ’n i nun ninnge’m be yilɛ, ɔ kacili be ɲin su yiyilɛ like”.

Kɛ i wie’n sinnin’n, Brezili lɔ awa’n seli kɛ cɛn nsan, nvle’n nunfuɛ’m bé sún i. O famiɛn be sieli i Santos lɔ, awlobofuɛ’m be ngunmin be nun, kɛ be tikeli sran’m be ɲrun’n, Santos[ FC64] abluesiɛn ni n'nann i stadi Urbano-Caldeira lɔ’n.
Kannzɛ bɔbɔ Pelé ɲannin titre sɔ’n i afuɛ [17] blu ni n'so nun’n, sanngɛ ɔ dili junman Santos FC lɔ, w’a yoman sran nga be tua i sika dan’n. Kɛ mɔ Brezili lɔfuɛ’m be ti dan’n, mɔ be faman be kɔ lika’n ti’n, be kwlá sieman nvle’n i nun balon tolɛ’n i bo titi’n ti’n, Santos FC to balon São Paulo lɔ balɔn tolɛ’n nun, yɛ ɔ nin Rio de Janeiro balɔn  tofuɛm be yali nu, ɔ ti nvle’n i balɔn tolɛ’n lika n’ga be to balɔn kpa be nu kun. I sin’n, klɔ nga be ti kpa kpa’n, be di Rio-São Paulo lɔ alɛ’n, m’ɔ kle Brezili lɔ alɛ’n i kpa’n. Santos FC kwlali Paulista i balɔn tolɛ’n i ti’n lika nga Pelé wieli balɔn tofuɛ dan kpafuɛ’n i bo’n, ɔ fali balɔn abluenu ni mɔcuɛ [ 58]  i sin’n, i kpɛ klikli nga be yoli i klɔ’n i su ndɛ’n nun’n, ɔ yoli Rio-São Paulo balɔn tofuɛ afuɛ [1959]  akpi ya n'gluan ni abluenu ni n'gluan nun, i sin’n, ɔ ɲannin balɔn uflɛ nɲɔn São Paulo lɔ afiɛn [1960] akpi kun ya ngluan ablesiɛn, afuɛ [1961] akpi kun ya ngluan ablesiɛn ni kun. Asa ekun’n, klɔ sɔ’n kɔ lika sunman mɛn wunmuan’n nun, ɔ ni Erɔpu lɔ naan w’a wun klɔ kpafuɛ nga be o mɛn laa’n nun’n, mɔ be sisiman be bo naan b’a man Pelɛ i like’n. Afuɛ [1960] akpi kun ya ngluan ablesiɛn nun ngunmin’n, Pelɛ boli alɛ. Sanngɛ, Brezili lɔ nvle’n i nunfuɛ’m be anuannzɛ’n fali ajalɛ kɛ ɔ́ núnnún ndɛ sɔ’m be kanlɛ, naan ɔ́ sé kɛ ɔ ti “nvle’n i aɲanbeun like mɔ be kwlá faman be kɔman nvle uflɛ nun’n.”

Pelé m’ɔ ti Brezili lɔ balon bofuɛ’m be nun kun mɔ be kwlá kpɛmɛn i akplowa’n, ɔ dili i Cupu di Mondu nɲɔn su’n afuɛ [1962] akpi kun ya ngluan ablesiɛn ni nyon nun Chili lɔ. Afuɛ [1962] akpi kun ya n’gluan ni ablesiɛn ni nyonn Mɛ i le [30] ablasan su’n, Brezili nin Mɛksiki be boli be wun, kpɛkun be kwlali be [2-0] nyonn ni mlɔnmlɔn, Mário Zagallo nin Pelé be bilɛ’m be ti. Zuɛn i le [2] nyon su’n, kɛ be nin Tchécoslovaquie bé dí alɛ’n, Pelé i bɔbɔ i wunnɛn’n tɔli tukpacɛ miniti [25] ablaun ni n’nu su’n  sanngɛ ɔ kali lika’n nun lele be wieli alɛ’n i bo, afin b’a manman sran’m be atin kɛ be kaci be. Be wieli be afiɛn [0-0] mlɔnmlɔn ni mlɔnmlɔn lika klua. Pelé manman li Tʃɛkoslovaki lɔ defansifuɛ’m be kɛ be boli be balɔn i kpa’n ti, afin i sinfuɛ’m be jrannin be ayeliɛ’n su naan w’a yomɛn i tukpacɛ’n i tɛ kpa. Kannzɛ sa kwlaa sɔ’m be juli’n, sanngɛ Pelɛ w’a kwlá jranman i ja’m be su ekun, i sɔ’n ti’n, w’a diman alɛ uflɛ fi alɛ sɔ’n nun. Sanngɛ Seleção mɔ Garrincha m’ɔ timan kekle’n, m’ɔ leman fɔ’n yɛ ɔ sie i ekun’n, ɔ kwlali kpɛ nɲɔn su. Afuɛ [1962] akpi kun ya n’gluan ni abluesiɛn ni nyon nun Cupu di Mondu sɔ’n nun’n, kɛ mɔ be kleli wafa nga be kwla di junman’n i dan’n ti’n, be nuan sɛli su kɛ Pelé yɛ ɔ́ fá goalkeeper i osu’n niɔn, sɛ ɔ yo i ya naan ɔ fata kɛ ɔ jaso alɛ’n i bo lɔ’n. I wafa kunngba’n, afuɛ [1964] akpi kun ya n’gluan ni abluesiɛn ni n’nan nun’n, ɔ fali Gilmar i osu’n, ɔ boli i klɔ nga be flɛ i kɛ Santos FC’n i nun.",bau,unknown,train,Baoulé,Google WaxalNLP
bau_KK_KK_BCI_1_23c,KK,"Kɛ nzue su tɔ, bolɛ guɛ I bo.",bau,unknown,train,Baoulé,Google WaxalNLP
bau_KK_KK_BCI_2_131,KK,"Nyanndra waka i bo lɔ’n, Yapo kannin laa ndɛ’m be kleli Kone ni'n Seri, kpɛkun ndɛ kluaa ng’ɔ kan’n, ɔ fa be akunndan.",bau,unknown,train,Baoulé,Google WaxalNLP
bau_KK_KK_BCI_2_162,KK,"Baziliki, ti mɛn nu nu asɔnu sua dan i nnyon su. La Cɔt divua i su klɔ kpɛn niɔ kplan nion.",bau,unknown,train,Baoulé,Google WaxalNLP
bau_KK_KK_BCI_2_116,KK,"Asɔnusua san ngɔ suan Sɛn Pɔl, ɔ ti sran’m be nyin su yiyilɛ like, ɔ ti sua kplanlɛ junman dan kpa, yɛ ɔ ti lika dan kun mɔ sran’m be kɔ lɔ be ko nian. Ɔ ni'n Plato jistisi sua be afiɛn ti nun mɛtri ablenu.",bau,unknown,train,Baoulé,Google WaxalNLP
bau_JH_JH_BCI_2_165,JH,Pont Félix Houphouët-Boigny ti Abidjan lɔ lika ngnon be afiɛn.,bau,unknown,train,Baoulé,Google WaxalNLP
bau_JH_JH_BCI_2_100,JH,"M'la [15] bluni n'nu :  Sran kloi kloi mɔ o sa ɔ ni fata kɛ ɔ yo n'vle kun nun fuɛ. 
 Be ka fama glai fa gbɔman sran kun i n'vle mɔ  c fi nun fuɛ anzɛ be se kɛ ɔ kloi kloiman n'flefuɛ uflɛ nufuɛ kaki.",bau,unknown,train,Baoulé,Google WaxalNLP
bau_KK_KK_BCI_2_184,KK,"Afuɛ akpi nnyon ni abla'n ni kun [2021], i jese anglo nun, mɛn wunmuan’n nun sran’m be juejue yolɛ anyia i bo Geneve lɔ, be fali Tedros Adhanom Ghebreyesus kɛ OMSI i su kpɛn ekun.",bau,unknown,train,Baoulé,Google WaxalNLP
bau_KK_KK_BCI_2_141,KK,"Kɔ fɛ i blɛ mɔ Cɔt divua nvle nyinni i ti, klɔ kpɛn ngɛ be tranni bia su be yɛ bo wo yɛ; Hufue Buanyi, Konan Bɛdiɛ, Gbagbo Laurant, Gehi Robɛ, ni Alasani Uatara",bau,unknown,train,Baoulé,Google WaxalNLP
bau_KK_KK_BCI_2_135,KK,"Famiɛn diluɛ nga be le klualɛ kpa’n, be o Dahomey mɔ siɛn be flɛ i kɛ Bɛnin i nun.",bau,unknown,train,Baoulé,Google WaxalNLP
bau_JH_JH_BCI_1_82,JH,Sɛ e bu mɔcuɛ nun n'gnlan fa tata blu su ɔ fite akpi ngbi.n'san.,bau,unknown,train,Baoulé,Google WaxalNLP
bau_RK_RK_BCI_2_205,RK,Juaklɛ nu awuyɛ ba dan.,bau,unknown,train,Baoulé,Google WaxalNLP
bau_JK_JK_BCI_1_47,JK,Anglo n'ga ɔ balɔ nun yi monnin tchin mɔn ti anglo yi tchinba clicli sun lika wa yo fɔr pka pkɔkun n'zue kan n'gan ɔ wa . Yi sɔ n'zueliɛ ɔ do lopka yi pka sɛ ngɛ sran mun be clua fiteman.,bau,unknown,train,Baoulé,Google WaxalNLP
bau_JH_JH_BCI_2_158,JH,Be fali Grand-Bassam be sieli UNESCO i mɛn wunmuan’n nun lika’m be nun.,bau,unknown,train,Baoulé,Google WaxalNLP
bau_RK_RK_BCI_2_191,RK,"Kɛ Ramadan anglo sanwun’n wie’n, Ivoiri lɔ Mizilman’m be srɛ Ɲanmiɛn.",bau,unknown,train,Baoulé,Google WaxalNLP
bau_RK_RK_BCI_1_7a,RK,Sran ble n'nyon be ni blɔfuɛ kun be su nanti.,bau,unknown,train,Baoulé,Google WaxalNLP
bau_JK_JK_BCI_2_134,JK,"Gine lɔ’n, Nimba oka’n ti lika klanman kpa kun mɔ be kwla kɔ nian ɔn.",bau,unknown,train,Baoulé,Google WaxalNLP
bau_RK_RK_BCI_1_19c,RK,Flɛli klanman kun wa nyii .,bau,unknown,train,Baoulé,Google WaxalNLP
bau_JK_JK_BCI_2_127,JK,"Konan, la sofa’n su wasu lɛ yɛ i aklala wa lɛ i unɛ,",bau,unknown,train,Baoulé,Google WaxalNLP
bau_JH_JH_BCI_2_191,JH,"Ramadan i ajuieliɛ cɛn, gnanmiɛn flɛ fu me  di cɛn sɔ’n.",bau,unknown,train,Baoulé,Google WaxalNLP
bau_KK_KK_BCI_1_4b,KK,Sran [3] nsan be ti moto blefuɛ su.,bau,unknown,train,Baoulé,Google WaxalNLP
bau_KK_KK_BCI_1_74,KK,Be fa kun ni si'n nnan fa tata abla'n su ɔ yo nnun.,bau,unknown,train,Baoulé,Google WaxalNLP
bau_RK_RK_BCI_2_115,RK,"Abijan : Klɔ dan kpafuɛ’n, sika ndɛ’n i su kpɛn’n, ɔ nin sran’m be nzuɛn’n i su kpɛn’n.
Buake : Klɔ dan nɲɔn su’n, ɔ nin lika nga be di junman lɔ’n, be o nvle’n i afiɛn lɔ.
Dalua  : Klɔ cinnjin kpa nga be yi kakaa’n i wia atɔliɛ lɔ’n.
Yamusuklɔ : Politiki nin sielɛ klɔ dan’n, be si i kpa Notre-Dame de la Paix lɔ asɔnun sua’n ti.
San-Pédro : Ɔ ti mmeli jranwlɛ cinnjin kpa kun mɔ be fa kakaa be kɔ nvle uflɛ nun’n, ɔ nin aata diwlɛ lika’n.
Korhogo : Ɔ o nglo lɔ lika’n i afiɛn lɔ, be si i kɛ be di fie, yɛ be di junman be sa nun.
Man : Klɔ ng’ɔ o oka’m be su’n, mɔ i lika’n ti klanman’n, ɔ nin i turismu’n ti’n, sran’m be si i 
kpa’n.
Gagnoa : Klɔ nga be di fie’n, ɔ o wia atɔliɛ lɔ lika’n nun.
Abengourou : Agni i nzuɛn’n nin fie dilɛ lika’n i wia afiliɛ lɔ lika’n.
Odienné : Klɔ ng’ɔ o wia atɔliɛ lɔ lika’n nun’n, mɔ be si i kɛ ɔ le mɛn’n i nunfuɛ’m be nzuɛn’n, ɔ nin sika ɔkwlɛ nga be yi be’n .",bau,unknown,train,Baoulé,Google WaxalNLP
bau_KK_KK_BCI_1_38b,KK,Fluamu be wo bibliotɛki nu.,bau,unknown,train,Baoulé,Google WaxalNLP
bau_JH_JH_BCI_2_166,JH,"Klɔ benin su yɛ be kplannin Notre-Dame de la Paix lɔ asɔnun sua’n niɔn?
Yamusuklɔ lɔ ɛ ɔ o non.",bau,unknown,train,Baoulé,Google WaxalNLP
bau_KK_KK_BCI_2_177,KK,"Dua aliɛ, ti aliɛn kun mɔ be tɔ di duo blɛ nu.",bau,unknown,train,Baoulé,Google WaxalNLP
bau_KK_KK_BCI_1_60,KK,"Ndɔsuanu lika i do wa ju degle blu ni nyon [12°C], sangɛ kɛ e fa ju i nyru lɛ kan, kpɛsu fa degle ngluan [9°C].",bau,unknown,train,Baoulé,Google WaxalNLP
bau_JK_JK_BCI_2_199,JK,"Ya cɛn’n ti Nyanmien flɛfuɛ mu be srɛlɛ cɛn, kpɛkun blɛ sunman nun’n, be di junman dandan’ɛkun blɛm be cɛn.",bau,unknown,train,Baoulé,Google WaxalNLP
bau_RK_RK_BCI_5_249,RK,"Cɛn kun, kan'ga  nɲɔn be su nanti jenvie nuan lɔ. Kan'ga i nin’n seli i wa’n kɛ: “A nantiman klanman. Ɔ fata kɛ a nanti trele, nán nanti bue kun su. 

Kan'ga ba’n seli kɛ: “?Sanngɛ manmi, sɛ a nanti bue kun su kɔ bue kun’n, ɔ́ yó sɛ naan m’an nanti trele? 

Kan'gan i nin’n buli akunndan kan, kpɛkun ɔ seli kɛ, “Ɔ ndɛ’n ti su. Ɔ fata kɛ n kle ajalɛ kpafuɛ’n. Nian min siɛn’n. 

kan'ga ba i manmi boli nantilɛ bo trele, kɔkun kan'ga ba’n suli i su. W’a cɛman, be nɲɔn’n be nantili jenvie nuan lɔ klanman kpa.

Ndɛ’n i su ndɛ’n: ajalɛ’n yɛ ɔ ti mmla kpafuɛ’n niɔn. Sɛ amun kunndɛ kle sran kun yo like kun’n, ɔ fata kɛ amun kle i ajalɛ kpa.",bau,unknown,train,Baoulé,Google WaxalNLP
bau_KK_KK_BCI_2_160,KK,"Binzɛvilli ti klɔ kun mɔ wo Abijan i bue kun lɛ. Ɔ ti lalafuɛ klɔ, lɔ be klua wun blɔfuɛ nga be ba e nvle wa klikli su be sua mu. Ekun, sua kun wolɔ be nian ahikaba be lika lɔ.",bau,unknown,train,Baoulé,Google WaxalNLP
bau_RK_RK_BCI_2_174,RK,Aviɛ dilɛ n'ti bakan be liɛ.,bau,unknown,train,Baoulé,Google WaxalNLP
bau_RK_RK_BCI_2_158,RK,"Kɛ amún nánti Grand-Bassam m’ɔ ti laa mɛn siefuɛ’m be klɔ dan’n su lɔ’n, amun kwla nian wafa nga blɛ sɔ’n nun’n be kplannin sua’n, kpɛkun amun ti Atlantiki jenvie’n i kpanlɛ’n.",bau,unknown,train,Baoulé,Google WaxalNLP
bau_KK_KK_BCI_2_201,KK,Fue nian ti Kofi i aja cɛn nion,bau,unknown,train,Baoulé,Google WaxalNLP
bau_KK_KK_BCI_1_78,KK,"Kun be cɛ nu blu, yɛ be fa tata akpin'gbi'n kun su yo akpi kun.",bau,unknown,train,Baoulé,Google WaxalNLP
bau_KK_KK_BCI_1_29a,KK,Flete kun ji cakɛ nou lɔ.,bau,unknown,train,Baoulé,Google WaxalNLP
bau_KK_KK_BCI_3_220,KK,"Stanislas Zeze ti Cɔt divua lɔ aata difuɛ kun mɔ takali sika ndɛ’n i su nianlɛ junman diluɛ kun mɔ be flɛ i kɛ Bloomfield1.
Ɔ ti sran kun mɔ klɛli sran’m be su ndɛ fluwa kun’n.
Bakan nun, suklu dilɛ nin i bo bolɛ
Stanislasi Zɛzi ti soja kun i wa. I nun mɔ le afuɛ blu ni mɔcuɛ, i baba wuli. Blɛ ngɔ yo maan ɔ jran kekle, mɔ se kɛ ɔ man i atin naan wa klua jran sa kekleekle’m be nyrun kekle, wa siesie be annzɛ wa klua jran be ɲrun kekle. Ɔ suanni’n sran’m be mmla’m be su like Aflansi lɔ, kpɛkun ɔ ɔli i nyrun Amlɛnkɛn’m be lɔ.
Be flɛ i kɛ bian ngɔ le sosɛti ɔkluɛ’n, ɔ di junman rezo sosiosu, yɛ be bu i kɛ ɔ ti sran ngɔ klua yo like kpa’n i ajalɛ. Kɛ ɔ dili junman Amlɛnkɛn’m be mɛn nun lɔ’n, Sikasua i ngɔ nian mɛn wunmuan’n su’n i nun’n, ɔ sali i si’n ɔ ko trannin Afriki lɔ lika ngɔ dili junman nvle sunman be anuannzɛ kun i dunman nun. Afuɛ akpi kun ni nso 2007 nun, ɔ fali ajalɛ kɛ ɔ síesíe Bloomfield Investment Corporation, sika ndɛ’n i su nianlɛ anuannzɛ kun mɔ fa nvle’n nun sika’m be nzɔliɛ like kun fa nian wafa nga sika guafuɛ’m be klua fa sika gua junman diwlɛ’m be nun.
Ɔ ti sran kun i su ndɛ fluwa kun klɛfuɛ, ɔ kan wafa ng’ɔ kunndɛ kɛ ɔ fa sa ngɔ juli i ati’n su, ɔ kle gbanflɛn nin talua mun.
Titi’n, zunali klɛfuɛ’m be usa i kosan naan wa kan i akunndan aata dilɛ ndɛ’m be su.",bau,unknown,train,Baoulé,Google WaxalNLP
bau_KK_KK_BCI_2_198,KK,Monni'n cɛn ti asɔnu cɛn.,bau,unknown,train,Baoulé,Google WaxalNLP
bau_KK_KK_BCI_1_25a,KK,Cafe n'zue wo towa nu.,bau,unknown,train,Baoulé,Google WaxalNLP
bau_JH_JH_BCI_2_173,JH,N’vufu ti laa aliɛ kun mɔ be fa banana mɔ be kpɛli’n be yo ɔ.,bau,unknown,train,Baoulé,Google WaxalNLP
bau_RK_RK_BCI_2_99,RK,"M'mla nun'n e klwaa e ti kun. Kpɛkun, wafa n'ga m'mla fa sasa e ti kun. Ɔ lɛ man sran kun ni i liɛ. M'mla nun, ɔ ni fata kɛ sran be klwaa be sasalɛ ɔ yo wafa kungba, sunzunlɛ n'ga ɔ ni jajalɛ n'ga be kɔman lika ule'n i lika, ni sa wafa wafa n'ga be kɔ fɛ i sɔ liɛ'n kɔ ba i lika'n.",bau,unknown,train,Baoulé,Google WaxalNLP
bau_JK_JK_BCI_2_147,JK,"Wan yɛ  yoli Cɔte d'Ivoire sun mɛn pkɛnngbɛn n'nyon su nion ? 

Afuɛ 1993 nun’n, kɛ nvle siefuɛ klikli’n, kɛ Fɛlisi Houphouët-Boigny’n, ɔ wuli’n, yɛ ɔ fali mɛn niɔn .",bau,unknown,train,Baoulé,Google WaxalNLP
bau_KK_KK_BCI_5_249,KK,"Cɛn kun, kan’ga nnyɔn be su nanti jenvie nuan lɔ. Kan’ga i ni seli i wa
 Kɛ: “A nanti nnyannzuɛn su. Ɔ fata kɛ amun nanti trele, nan amun nanti bue kun su. 

Kan’ga ba seli kɛ: “? Sanngɛ manmi, sɛ a nanti bue kun su kɔ bue kun, ɔ yo sɛ naan man nanti trele? 

Kan’ga i ni buli akunndan kan, kpɛkun ɔ seli kɛ, “Ɔ ndɛ ti su. Ɔ fata kɛ n kle ajalɛ kpafuɛ. Nian mi siɛn. 

Kan’ga manmi boli nantilɛ bo trele, kɔkun kan’ga ba suli i su. Wa cɛman, be nnyon be nantili jenvie nuan lɔ klanman kpa.

Ndɛ i bo yɛ lɛ kɛ: ajalɛ yɛ ɔ ti mmla kpafuɛ nion. Sɛ amun kunndɛ kɛ sran kun yo like kun’, ɔ fata kɛ amun kle i ajalɛ kpa.

Assomoli’n nin Nanan i yakpa yolɛ’n .
Baoulé lɔ gbanflɛn kan kun mɔ be flɛ i kɛ Nanan’n, kɛ jra kun m’ɔ le awe’n, ɔ wa tɔli i klɔ’n su’n, ɔ kleli kɛ ɔ le yakpa dan. Kɛ mɔ Nanan leman like uflɛ fi saan ɲin kekle yolɛ’n ti’n, ɔ fali i ngwlɛlɛ’n fuannin jra’n, w’a yoman sa kekleekle mun. Kɛ ɔ kplannin aya kun m’ɔ ti ngwlɛlɛfuɛ’n, m’ɔ fali ngwlɛlɛ’n, ɔ kwla sasali lɔfuɛ mun, kpɛkun ɔ fuannin jra’n klɔ’n su lɔ. Klɔfuɛ’m be dili i yakpa yolɛ’n i cɛn, kpɛkun Nanan kacili yakpa yolɛ’n i nzɔliɛ like. Ndɛ sɔ’n kle kɛ yakpa yolɛ kpa’n fin ngwlɛlɛ’n, nin ɲin kekle yolɛ’n, ɔ nin ngwlɛlɛ’n, nán wunmiɛn ng’ɔ ti tɛtɛ’n nun ɔn.",bau,unknown,train,Baoulé,Google WaxalNLP
bau_RK_RK_BCI_1_18a,RK,Angloba kpaja jevie su.,bau,unknown,train,Baoulé,Google WaxalNLP
bau_JK_JK_BCI_1_90,JK,Jubitaire yɔ ti planɛti be nun dan niɔn.,bau,unknown,train,Baoulé,Google WaxalNLP
bau_JH_JH_BCI_2_141,JH,"Be n'gna ba tinglɛ e man mu ɛ. Konan Bɛdiɛ, Laurent Gbagbo, Alassane , Houphouet Boingy.",bau,unknown,train,Baoulé,Google WaxalNLP
bau_KK_KK_BCI_1_40c,KK,Su nanan be yasua nzan vie.,bau,unknown,train,Baoulé,Google WaxalNLP
bau_JH_JH_BCI_1_60,JH,"Ndɛsuanu lika ne yo dii yɛ blɛ ne yo fɛ kpɛ, gnanmien su lɔ e yo sanzun, yɛ nika ne yo degre ablenuni m'siɛn.",bau,unknown,train,Baoulé,Google WaxalNLP
bau_RK_RK_BCI_1_16a,RK,"Baba ti bia n'su ,ɔ su kann'gan flua.",bau,unknown,train,Baoulé,Google WaxalNLP
bau_RK_RK_BCI_1_16b,RK,Sran kun ɔ su nyan tele.,bau,unknown,train,Baoulé,Google WaxalNLP
bau_KK_KK_BCI_1_68,KK,Be fa blu ni nnyon tata nnan su ɔ yo ablanan ni mɔcuɛ.,bau,unknown,train,Baoulé,Google WaxalNLP
bau_RK_RK_BCI_1_49,RK,"Lemɔcuɛ n'ga nu cɛn ba ablaun ni n'nu, ni n'siɛn ,ni n'so ɔ ni mɔcuɛ bɔ yɛlɛ jɔlɛ, mlan, wue yɛ ya cɛn via bolɛ wa yo dan. Lika dolɛ ɔ yo degre ablanan [40°], kɔ fɛ jɔlɛ i dɔ mɔcuɛ ni buɛ bɔ faju dɔ blun ni kun su lowa'n ɔ kan ase yɛ ɔ yo degre ablasan [30°], mlan ni wue yɛ ya cɛn lika wa jɔ, angban i fita wa ɔ ye dɔ kun kilometri blun ni n'nu [15km/h] yɛ via ɔ tɔ undɔ sua nu dɔ n'nso su yɛ angloba fite dɔ mɔcuɛ ni sie.",bau,unknown,train,Baoulé,Google WaxalNLP
bau_KK_KK_BCI_1_6b,KK,Laa sran be nzuɛn ti kpa tra siɛn mma be liɛ.,bau,unknown,train,Baoulé,Google WaxalNLP
bau_JH_JH_BCI_1_57,JH,"Nzue ni ma tɔ dan, ɔ nin aunkpan m’ɔ fita kekle kpa.",bau,unknown,train,Baoulé,Google WaxalNLP
bau_JK_JK_BCI_2_198,JK,Mlan cɛn ti cɛn n'ga be fa man bakanngan kaka me like uflɛ yowa.,bau,unknown,train,Baoulé,Google WaxalNLP
bau_JH_JH_BCI_2_108,JH,"Sɛ amun waan amún kɔ Daoukro lika nga be fa loto lɔ, amun bo i bo loto jranwlɛ’n nun lɔ, kpɛkun amun fa atin’n i bue bɛ su trele be sin Rue des Tamarins su. Amun wɔ amun gnrun trele mɛtri ya n’siɛn [600] lele naan amun nin Boulevard des Cocotiers be san nun. Amun kpɛ amun sa fama su naan amun fa loto’n be kɔ kilo kun ni bue, amun sin suklu kun m’ɔ o amun sa fama su’n i wun lɛ. Kɔkun, fa atin’n i bue bɛ su kan naan lu Avenue des Orchidées nun. Busi jranwlɛ’n wo i gnrun lɛ kan, kɛ be sin lika nga be sin sin i sin’n.",bau,unknown,train,Baoulé,Google WaxalNLP
bau_JH_JH_BCI_2_153,JH,"?Kɔdivoiri lɔ jue tofuɛ onin yɛ sran’m be si i jue nga be flɛ i kɛ Sweet Fanta Diallo’n niɔn?
Alfa Blondi i jue nga be flɛ i kɛ Sweet Fanta Diallo’n, i ti yɛ sran’m be si i kpa ɔ.",bau,unknown,train,Baoulé,Google WaxalNLP
bau_JH_JH_BCI_1_18C,JH,Nika nan du tu'n kpa.,bau,unknown,train,Baoulé,Google WaxalNLP
bau_RK_RK_BCI_2_111,RK,"Sɛ amun waan amún fá sran’m be loto’n bé kɔ́ Abidjan lɔ bé kɔ́ Bouaké’n, amun bo i bo Treichville lɔ loto jranwlɛ’n nun (annzɛ Anyama lɔ loto jranwlɛ’n nun sɛ amun mantan koko’n). Kɛ a fin lɔ’n, fa bisua annzɛ ijre nun taksi m’ɔ kɔ nglo lɔ lika’n nun’n, kpɛkun nian sɛ ɔ su kɔ Bouaké lɔ o. Atin’n i dan lika’n, ɔ́ fá  natiɔnali kun [N1] (akpɔ dan’n), ɔ́ sín klɔ kɛ Divo nin Sinfra sa’m be su. Titi’n, loto nun cisanfuɛ’m be fa atin nga be kle i Google Maps su’n, mɔ i nun’n be se kɛ be ka  natiɔnali kun [N1] su be kɔ Bouaké lɔ’n, be sin lika kɛ Adzopé sa’n be sin. Ɔ fa dɔ kɔe  n'nann anzɛ n'nu [4-5], ɔ taka lika nga be jran lɛ’n, ɔ nin wafa nga be sin sin’n be su, kpɛkun kɛ amún jú Bouaké lɔ’n, bé fá amun kɔ́ klɔ’n i afiɛn lɔ.",bau,unknown,train,Baoulé,Google WaxalNLP
bau_JK_JK_BCI_2_175,JK,Aliɛ dan’n i cinnjinn  yɛle avie kin inwa ni druvi’n mon manku o nu kpa.,bau,unknown,train,Baoulé,Google WaxalNLP
bau_KK_KK_BCI_2_203,KK,Ya cɛn ma kɔ lika nan ma ba.,bau,unknown,train,Baoulé,Google WaxalNLP
bau_JK_JK_BCI_3_215,JK,"Yɛ ɔ o République Fédérale d'Allemagne (RFD) i awa’n i su kpɛn’n  ɔtɔbru 1969 nun ɔ, mɔ be flɛ i kɛ Willi Brandt’n, ɔ su miɛn i gnin naan ɔ nin nvle nga be o wia afiliɛ lɔ’n be afiɛn’n wa yo kpa. I djunman ng’ɔ dili’n ti’n, be mɛnnin i akatua Nobɛli afuɛ 1971 nun.

Bɛrlɛn mɛri afuɛ 1957 mɔn dju 1966 nun, Willi Brandt ɔ kakilin RFA chancelier  clicli afuɛ 1969kɛ be di alɛ nun. Ɔ fali nvle uflɛ nun politiki kun m’ɔ fa i gnin sie i nvle nga be o kominisi’m be anuannzɛ’n nun’n be wun ase kanlɛ’n su’n, ɔ sieli i gnrun: ostpolitik, annzɛ politiki ng’ɔ nin via afiliɛ lɔ lika’n be kɔ likawlɛ’n. Ɔ ti aenguɛ kpanngban mɔ be nin nvle sɔ’m be trali’n, i li aenguɛ kun mɔ be nin Iniɔn Sovietiki be trali’n, annzɛ kusu be nin Pologne be afiɛn’n yoli kpa’n, afuɛ 1970 nun.

Afuɛ 1970 Desanblu nun’n, kɛ Brandt ko niannin be osu’n, ɔ kotoli  umiɛn nga be o ghetto de Varsovie lɔ. Ɔ maan, kpɛnngbɛn’n fa adjalɛ nga be nin Klistfuɛ Demokrati nga be dun mmua trannin i gnrun’n, yɛ Kɔnrad Adenauer o be nun’n, be timan kun’n. Kɛ Brandt nunule be fluwa nga be flɛ i kɛ Traité de Varsovie mɔ Alemagnin lɔ Parlement fali su afuɛ 1972 nun’n, ɔ nunnunnin ndɛ nga RFA seli kɛ ɔ fa man Prusse lɔ lika nga Pologne fali’n, i sɔ’n ti’n, ɔ fali alɛ’n i sin Oder-Neisse i nvle’n i pkɛlɛ mɛnni i.

Nigue cluaclua nga ɔ li man mɛn ɔ djɔ i ti’n, Brandt m’ɔ lɛ afuɛ ablenu ni nso [57], ɔ gnannin akatua nga be flɛ i Nobel de la paix  afuɛ 1971, Ɔtɔblu nun. I djanvuɛ politikifuɛ’m be yili i ayɛ sɔ’n, sanngɛ be nga be tanndan i nrun’n, ba sɔman i nun klanman. Ɔ miɛnnin i gnin kpa naan ɔ nin via afiliɛ lɔ nvle’m be afiɛn’n sɛ lele afuɛ 1974 nun’n, kɛ ndɛ tɛ kun tɔli i afɔtuɛ manfuɛ’m be nun kun mɔ be seli kɛ ɔ n sasa RDA lfuɛmu, ɔ seli kɛ ɔ kɔ do umiɛn.",bau,unknown,train,Baoulé,Google WaxalNLP
bau_JH_JH_BCI_2_169,JH,Gariba ti aliɛ kun mɔ gbanflɛn nin talua me klo i kpa ɔ.,bau,unknown,train,Baoulé,Google WaxalNLP
bau_KK_KK_BCI_1_27c,KK,Kɔ fa baba I kpangɔ ngɔ wo sua nga srala yɛ ɔ ti I anuan fite.,bau,unknown,train,Baoulé,Google WaxalNLP
bau_JK_JK_BCI_4_228,JK,"Politikifuɛ mun yɔ lɛ awafuɛmun ablokimɛn n'ga be wan awafuɛmun be wunmian ɔ tra nike wafa kluaklua liɛ kan n'ga yɛ tranlɛ, kan n'zɛ gnanmien su fuɛ o. Kɛ bedi blɔfuɛ gnanmien sufuɛ be alɛ huguenotfuɛmu ni katholikifuɛmu be bue n'gnon be wan awunkɛ be asiɛ wa tɔ kowun wun ba sie famien mɔn ɔ nian klɔfuɛ be n'gba besu. I sɔ blɛ nun kɛ be bo politiki duman ɔ tikɛ nige tɛ sa mɔn yi n'dɛ numan angundan nun n'dɛ ɔni gnanmien sufuɛ nun n'dɛ.

Fluasifuɛ dandan mun ɔni jurisimun be klɛ politiki yi sun flua be san n'ganbe ni akpasua uflɛmun , be flɛ be nga be klu jɔasu . Be liɛ be kloman politiki n'ga Konan yi akpasua sun be yo. Politiki n'dɛ n'ga be dunmua be klɛli yi mɔn ɔ se kɛ katholiki mun be ni amuɛnfuɛ mun be bo yo kun Konan be wun.

Be fa sun kɛ politiki yɛ ɔ klua yo man be sie  famien nan sran ba gnan fɔn'diɔ. Be fa sun n'zulɛ Ndri Yao i politiki ɔni Amoin mɔn Abloki be politiki yekun.

Kɛ Baule be trili , Kuajo wan politiki sun yɛ be nianli yi tiɛ be triliɔ.",bau,unknown,train,Baoulé,Google WaxalNLP
bau_JH_JH_BCI_2_128,JH,Alasanu ɔ li blɔfuɛ me mannu lɔ anɛ yɛ wa juwa ɔ.,bau,unknown,train,Baoulé,Google WaxalNLP
bau_RK_RK_BCI_1_32a,RK,"Kuajo ɔ ti i kpangɔ su, ɔ su kɔ suklu.",bau,unknown,train,Baoulé,Google WaxalNLP
bau_JH_JH_BCI_2_120,JH,Cocody ti akpasua kun mɔ i su sran gna be o lɔ me ti [40459]akpi ablanan  ya n'nan ni ablonu ni n'glan.,bau,unknown,train,Baoulé,Google WaxalNLP
bau_KK_KK_BCI_1_17c,KK,Bakanngan be to obuɛma fa guɛ I gbo nu.,bau,unknown,train,Baoulé,Google WaxalNLP
bau_KK_KK_BCI_1_11a,KK,Nje ba bo sin ba yia wo.,bau,unknown,train,Baoulé,Google WaxalNLP
bau_JH_JH_BCI_1_68,JH,"Kɛ un fa bluni m'gnon tata n'nan su, ɔ man mi ablanan ni mɔdjuɛ.",bau,unknown,train,Baoulé,Google WaxalNLP
bau_JH_JH_BCI_1_13B,JH,Sran bie I lua a bo.,bau,unknown,train,Baoulé,Google WaxalNLP
bau_RK_RK_BCI_1_72,RK,Ya kun sie yɛlɛ abluenu.,bau,unknown,train,Baoulé,Google WaxalNLP
bau_JH_JH_BCI_1_75,JH,Ablaɔn uka ablassan yɛ ablaun ukasu eku kɔkun e bunu kun nun n'ssan ɔ yo abla n'glan nglan.,bau,unknown,train,Baoulé,Google WaxalNLP
bau_JH_JH_BCI_1_62,JH,Sɛ on fa n'nan fa uka n'ssan su ɔ yo n'so.,bau,unknown,train,Baoulé,Google WaxalNLP
bau_KK_KK_BCI_2_147,KK,Kosan: ? Wan yɔ deli sranble be kanga dilɛ nu ɔ?   I su tɛlɛ: Sran nga ɔ deli sranble i kanga dilɛ nu yɛ lɛ nanan Ofuɛ.,bau,unknown,train,Baoulé,Google WaxalNLP
bau_JH_JH_BCI_1_16B,JH,Sran kun ti bia su lɛ.,bau,unknown,train,Baoulé,Google WaxalNLP
bau_JH_JH_BCI_1_83,JH,Mi ɛ ɔn ti e alobonu ba kli kli non.,bau,unknown,train,Baoulé,Google WaxalNLP
bau_RK_RK_BCI_1_48,RK,"Kisie cɛn unglɛnmunu kɔ fɛi dɔ [6] n'siɛn su ni bue bɔ faju dɔ [10] blun su, nyanmiɛn i su wa du kpa. Kɛ be sekɛ dɔ [14], [15], [16], [17] blu ni n'nann, n'nu, n'isiɛn, n'so n'zue dan ku wa tɔ, i tɔlɛ ɔ ye [28%] ablaun ni mɔcuɛ ya su  i tɔlɛ dan kpa  yɛlɛ [80%] ablaɔcuɛ ya su  lika i jɔlɛ ye [76°] degre abluenso ni n'siɛn  kɛ be sekɛ n'dɔ sua nu dɔ [9] ungluan su n'zue ɔ jran tɔlɛ yɛ nyanmiɛn su titi klanman yɛ nuagi be fite lɛ yo [13°] degre blun ni n'san yɛ duawa ɔ yo [50°] degre abluenu  kɛ lika cɛn jɔlɛ n'glɛnmunu via ɔ fite dɔ [7] n'nso ni bue su.",bau,unknown,train,Baoulé,Google WaxalNLP
bau_KK_KK_BCI_1_39b,KK,Nvɔlɛ ba san domi.,bau,unknown,train,Baoulé,Google WaxalNLP
bau_RK_RK_BCI_2_166,RK,"?Ngue yɛ ɔ ti e aujuɛ bla  Baziliki’n i kplanlɛ wafa’n i wafa’n niɔn?
Basiliki e aujuɛ bla m’ɔ o Yamusoklɔ lɔ’n, sran’m be si i kpa kɛ ɔ ti asɔnun sua dandan nga be o mɛn’n nun’n be nun kun, i sua’n i nglo lɔ lika’n ti abonuan, yɛ i kplanlɛ wafa’n fin Rɔmu lɔ asɔnun sua nga be flɛ i kɛ Saint-Pierre’n.",bau,unknown,train,Baoulé,Google WaxalNLP
bau_KK_KK_BCI_4_231,KK,"Afuɛ [2019] akpi nnon blu ni ngluan i fɛlɛ anglo i le [12] blu ni nnon su, kɛ Arafat yoli moto asidan Abidjan lɔ, ɔ wuli Abidjan lɔ dɔɔtrɔ lɔ. Be seli kɛ i moto’n nin loto kun be tɔli Angre lɔ lika’n nun lɔ monnin, ɔtɔbu i le [11] blu ni kun, afuɛ [2019] akpi nnyon blu ni ngluan. I sin, be fɛli i ɔli dɔɔtrɔ lɔ Abijan lɔ, afin i ti kpɛli ka naan wa wu, Ɔktɔblu i le [12] blu ni nnyon su nglɛmun dɔ [8] mɔcuɛ su.

Kɛ i vie ndɛ truli’n, i sran kɔe [1.000] akpi kun, be yiali Kokody klɔ i wun koko lɛ dɔɔtrɔ sua ngɔ wuli lɔ’n i wun koko lɛ, kpɛkun be sunnin i vie i ti, be seli kɛ Arafati kua wuman. Kɛ be sieli i’n, kɛ ndɛ kun tili kɛ be fɛli i fuɛn be mannin Nyanmiɛn sulɛ wafa’m be nunfuɛ mun, i sinfuɛ vie be fuli i ndian un.Polisie’m be miannin be nyin kpa naan ba klua nian sran kpanngban nga be yiali lika sɔ nun be lika.I sran kpanngban kpa be yiali i sua i wun lɛ wie be toli i jue nga be ti kpa be nun wie mun.Morisi Kuaku Bandaman mɔ ti Kɔdivua lɔ sran be nzuɛni su kpɛn, ɔ boli i vie’n i jɔ, kpɛkun be yoli i ayɛ.",bau,unknown,train,Baoulé,Google WaxalNLP
bau_KK_KK_BCI_2_134,KK,Burkina Faso lɔfuɛ’m be si i kɛ be di cɛn dilɛ wafawafa kpanngban.,bau,unknown,train,Baoulé,Google WaxalNLP
bau_JH_JH_BCI_1_28C,JH,Suklu m'ma ma fite yɛ be m kɔ alo.,bau,unknown,train,Baoulé,Google WaxalNLP
bau_JH_JH_BCI_3_219,JH,"Politiki anzɛ man i siesielɛ  i bo dan nun’n, yɛle kɛ sran’m me sielɛ’n, ɔ kle nigne ngnɔ kan Nvle kun i siesielɛ’n nin klualɛ’n i dilɛ nvle kun mɔ ti siesiewa’n i nun’n. I ngba nun’n, nvle kun, sran akpasua kun, sran akpasua kun i politiki’n, ɔ nin mmla kun mɔ i bo bofuɛ’m be klɛli’n, m’ɔ yiyi i nun ningne’m be nun’n, ɔ nin wafa ngnɔ di junman’n me kɔ likaluɛ. Ɔ nin wafa ngnɔ nin sran akpasua uflɛ’m be tran’n. Ɔ maan politiki’n yɛle nigne ngnɔ kan sran’m me kluaa be nnɛ’n, ɔ nin sran kunngu kunnngun annzɛ sran kpanngban be kluaa be nnɛ’n. I sɔ’n ti yɛ politiki nigne suanlɛ annzɛ politiki nigne suanlɛ’n ni tru nvle kun i lika kluaa nun non.
I wafa n’gnɔ ti kekle kpa’n nun’n, ɔ kan klualɛ’n i su junman dilɛ’n i nnɛ, yɛle kɛ klualɛ’n i su akplowa’n, ɔ nin klualɛ’n i su nnɛ kanlɛ’n, yasua nin bla n’gna be lɛ klualɛ’n be afiɛn, ɔ nin politiki anuannzɛ fanunfanun n’gna be klua tran be nun’n, kɛ  klualɛ kunngba sɔ’n i su nianlɛ’n.",bau,unknown,train,Baoulé,Google WaxalNLP
bau_JK_JK_BCI_2_167,JK,"Oka dan benin yɛ i nglo lɔ’n ju mɛtri 5895 mɔ mɛn wunmuan’n nun sran nga be kɔ lika’n be klo i ɔ?

Kilimanjaro i nglo lɔ’n ti mɛtri 5.895, yɛ be nga be fin mɛn wunmuan’n nun’n, be klo i kpa.",bau,unknown,train,Baoulé,Google WaxalNLP
bau_JK_JK_BCI_1_95,JK,"Be nga be bali suklu n'dɛ, be ti sran ablanan [40]. Be nun nso[7] b’a tranman lɛ",bau,unknown,train,Baoulé,Google WaxalNLP
bau_KK_KK_BCI_1_76,KK,Nnyon ni si'n nnun tata ablaɔcuɛ yo ablasan ni nnyon.,bau,unknown,train,Baoulé,Google WaxalNLP
bau_JH_JH_BCI_2_97,JH,"M'la [1] kun:  Be wuli sran me kloua kloua be kun ɔni alaje, be di be tian' n yɛ be kloua be ti kun.Be sran wafa ti kun n'mla nun yɛ be klua klua be lɛ akunnan ɔ ni silɛ. Ɔ fata kɛ be nantilɛ nu be klua klua be di anianman, be tran anianman tranlɛ.",bau,unknown,train,Baoulé,Google WaxalNLP
bau_KK_KK_BCI_1_26b,KK,Akɔ be su di able.,bau,unknown,train,Baoulé,Google WaxalNLP
bau_JH_JH_BCI_1_64,JH,Ɔn fa akpi kun fa uka ya kun su ɔ yo akpi ya kun.,bau,unknown,train,Baoulé,Google WaxalNLP
bau_RK_RK_BCI_1_5a,RK,Asiɛ kpɛ i wu via ɔkluɛ i wu.,bau,unknown,train,Baoulé,Google WaxalNLP
bau_KK_KK_BCI_5_243,KK,"Laa kun, aklumu kun wunnin jra kplo kun mɔ koniɛn difuɛ’m be yacili i lɛ naan ɔ wu wia nun. Ɔ luali i, yɛ ɔ kle li i ti be klɔ ati’n su lɔ. Kɛ ɔ mantan klɔ nnɔ, sran be kluaklua be wanndi, i klɔ sran o i nnɛn o, kpɛkun cɛn sɔ nun, ɔ ti aklumum i cejele. I aklunjuɛ nu, ɔ manni’n i nɛn su, ɔ kpannin, sanngɛ sran kwlaa wunnin i luɛ, I si’n nan i mi’n wa munge I nnɔ, ɔ boli i kekle kpa srɛ ngɔ kunni’n i ti. Yɛ kɛ ɔ cɛli kan, nnɛn blo adua kun mɛntɛnni i wun lɛ, yɛ ɔ seli kɛ: “Ah! Ɔ nɛn ti’n, n wunni wɔ wlɛ. 

Manmi’n nin i mma mun .
Cɛn kun’n, Baoulé klɔ kun su lɔ’n, bla kun le ba nsan. Nnɔsua kwlaa’n, ka naan w’a fa be w’a la’n, ɔ kan nannan mun nin waka’m be nun wawɛ’m be ndɛ kle be. Cɛn kun'n, waka'm be nun wawɛ kun fiteli be ɲrun lɛ, ɔ seli be kɛ: ""N ti kɛ amun kan min ndɛ kɔnguɛ kwlaa. N bali kɛ ń yrá amun su."" Wawɛ’n mannin nin’n nin i wa’m be like ngunmin kun: ngwlɛlɛ, nin wunmiɛn, ɔ nin aklunye. Like sɔ mɔ be mannin’n ti’n, awlobofuɛ’m be ukali klɔ wunmuan’n naan w’a yo kpa. Be mannin klɔfuɛ’m be afɔtuɛ, be ukali tukpacifuɛ mun, kpɛkun be sasali waka’n. Ndɛ sɔ’n kle kɛ lã ninnge mun nin ndɛ nga be kan’n, be ti cinnjin kpa, naan ɔ ti kpa kɛ be fa be man sran mun.",bau,unknown,train,Baoulé,Google WaxalNLP
bau_KK_KK_BCI_3_216,KK,"Be wuli fluwa klɛfuɛ i afuɛ akpi kun ya nngluan ablanan ni mɔcuɛ [1948] nun, Zanzibar jenvie i bue kun su lɔ annyanbeunfuɛ be alobo kun nun. I alobofuɛ mu be f’in Yemɛn. Nanluɛ, afuɛ ya kpɔlɛ blu ni nso nun, Yemɛni lɔ aata difuɛ kpanngban be tranni jenvie i bue sɔ su be dili aata. I si ti aata difuɛ yɛ, i baa i nianbian ti aata difuɛ anyanbeunfuɛ kpafuɛ’m be nun kun jenvie i bue dan ngɔ fi’n su l, mɔ be flɛ i kɛ Unguja.
Afuɛ akpi kun ya ngluan ablesiɛn ni nnan [1964] nun, nvle nunfuɛ’m be kacili be dili alɛ yɛ Abdulrazak Gurnah jasoli jenvie i nuan lɔ afuɛ akpi kun ya ngluan ablesiɛn ni mɔcuɛ [1968] nun ɔ ɔli Angletɛ lɔ, nan lomuɛn nun afi’n afuɛ akpi kun ya ngluan ablesiɛn ni mɔcuɛ [1968] nun, kacilɛ vieli, sanngɛ ɔ ko suan like naan wa yo kpa i like suanlɛ nun. Mɔ bumɛn i kɛ ɔ klua yo i jenvie’n su lɔ. I sɔ ti, ɔ dili suklu Lɔnduru lɔ Suklu dan nu. I lika sɔ nun, ɔ kan wafa ngɔ wun kɛ ɔ le i ti i ndɛ dan kpa, sanngɛ ɔ se ekun kɛ sran’m be bumɛn i sran. Asa ekun, yalɛ ni’n i akunndan sanngan kpa.
Kɛ ɔ fɛ i afuɛ akpi kun ya ngluan ablaɔcuɛ [1980] nun lele mɔ fa ju afuɛ akpi kun ya ngluan ablaɔcuɛ ni nnyon [1982] nun, ɔ kleli like Bayero Suklu dan mɔ o Kano lɔ i nun, Nizeria lɔ. I si’n, ɔ ɔli Kɛnti Suklu dan lɔ, ɔ nyanni i dɔɔtrɔ diplɔmu lɔ afuɛ v akpi kun ya ngluan ablaɔcuɛ ni nnyon [1982]. Ɔ yoli suklu lɔ Anglɛ aniɛn i lika nianlɛ i su like klefuɛ, yɛ ɔ nianni be su lele ɔ fa jran ni i junman dilɛ. I like suanlɛ klikli ngɔ klo i yɛle fluwa klɛlɛ, ɔ ni’n ndɛ nga be kan mɔ be ni’n kangalualɛnu be kɔ likawlɛ, i flua ngɔ klɛ be, be kan sran ble mɛn, ni’n Caraibu, ni’n Indi be ndɛ.
Gurnah nianni Salman Rushdie, ni’n V. S. Naipaul, ni’n G. V. Desani, ni’n Antɔnu Burjɛsi, ni’n Zozɛfu Kɔnrad, ni’n Zɔzi Lamming, ɔ ni’n Zamaiki Kinkɛdi be fluwa klɛlɛ su like kunndɛlɛ junman be su.
Ɔ klɛli flua blu ni nnyon [12] afuɛ blu [10] nun: ɔ ti wafa ngɔ klua wun sa nga be juli i nvle nun lɔ, ɔ ni’n wafa nga kɛ ɔ ju Angletɛ lɔ, sran’m be sɔli i nun klanman. Kɛ ɔ klɛ ndɛ, ɔ klua kanni’n sa ngɔ juli i su i ndɛ. Nanwlɛ, e wun fluwa klɛfuɛ i mɛn dilɛ i su ndɛ kpanngban i fluwa be nun. I vie yɛle kɛ, aata difuɛ i su nd yɛ ɔ ti i fluwa be nun dan ɔn. I flua nga ɔ suan kɛ Nnyanmiɛnsu lɔ, aata difuɛ i kpɛnngbɛn i wafa ngɔ ti’n, ɔ ni’n wafa ngɔ sie sran akpasua, be ndɛ lo i kpa. Sanngɛ, kannzɛ aata difuɛ le klualɛ, sanngɛ ɔ ti wɛtɛɛfuɛ ni’n sɛsɛ yolɛ wafa kun. I si’n, Abdulrazak Gurnah seli kɛ ɔ si aata difuɛ sɔ mɔ fa sran be gblɛ, mɔ ti kapitalizmu i awe sanngɛ mɔ ti klanman yolɛ wafa kun, i kpa. Ɔ maan ɔ kunndɛli kɛ ɔ fa ndɛ nnyɔn sɔ kɔ i fluwa be nun.",bau,unknown,train,Baoulé,Google WaxalNLP
bau_KK_KK_BCI_1_13b,KK,Amlan fɛ li I awluɛnba fa man ni kofi.,bau,unknown,train,Baoulé,Google WaxalNLP
bau_JH_JH_BCI_1_78,JH,Sɛ e bu kun nun blu fa tata miliɔn kun su ɔ yo akpi blu.,bau,unknown,train,Baoulé,Google WaxalNLP
bau_KK_KK_BCI_2_126,KK,"Kuasi ni'n Koffi be jaso nglɛmun klUaa be ko tra jue nzue ba i nuan lɛ.

Akisi ni'n Aya be su ton ngatɛ tro pakinu.

Kuahi klo ngua dilɛ waka dan  i bo lɔ ni'n Afue ni'n Amlan.

Akisi ni'n Ajua be ɔli Abijan gua’n bo lɔ be ko yoli be sa nun ninnge’m be atɛ.

Atungble ni'n Asaluɛ be ni'n be janvuɛ nga be o klɔ su lɔ’n, be su bo balon.

Kɛ be di laa alɛ kunlɛ’n, be si kɛ Coulibaly ni'n Kone be yo yakpafuɛ.

Soro ni'n Yao be bo yoli kun be yoli naan be suklu lɔ lika’n w’a yo kpa.

Yapo ni'n Appiah be su siesie sika naan ba kplan nzue kunman uflɛ klɔ su lɔ.

Kamara ni'n Kouadio be su koko politiki ndɛ nga be juli’n be su yalɛ lɔ kafe nolɛ lɔ.",bau,unknown,train,Baoulé,Google WaxalNLP
bau_KK_KK_BCI_1_12a,KK,Ote jin sre su.,bau,unknown,train,Baoulé,Google WaxalNLP
bau_JK_JK_BCI_2_196,JK,"Abissa tilalafuɛ cɛn dilɛ kun mɔ be di i Grand-Bassam lɔ Côte d’Ivoire lɔ’n, ɔ yi sran’m be nzuɛn’n, nin be able silɛ’n, nin be ɲrun tralɛ’n, ɔ nin sran’m be afiɛn ndɛnngan’n be nglo naan be siesie.",bau,unknown,train,Baoulé,Google WaxalNLP
bau_RK_RK_BCI_2_113,RK,"Sɛ amun waan amún fá loto nun cisanfuɛ kɛ UTB, buake loto cisanfuɛ be anuanzɛ sa’n, amún fá kɔ́ Sasandra lɔ bé kɔ́ Lakota lɔ’n, amun bo i bo Sasandra lɔ loto jranwlɛ’n nun lɔ, lɔ yɛ amún wún UTB i loto nga be kɔ Lakota lɔ’n niɔn. Kɛ bisua’n ko wlu lɔ’n, ɔ́ fá natiɔnali kun [ N1], ɔ́ kɔ́ nglo lɔ lika’n nun lɔ. A sin San Pedro i bue bɛ su lɔ, kpɛkun a sin natiɔnali kun [ N1] su trele a kɔ Divo lɔ, a kpɛ klɔ kpanngban be su. Kɛ amun ko sin Divo lɔ’n, amún fá atin nɲɔn su ng’ɔ o be sa fama su’n, m’ɔ kɔ Lakota lɔ’n. Ɔ fa dɔ kɔe n'san [3 ]annzɛ n'nann [4], kpɛkun ɔ jran atin’n su, kpɛkun á jú Lakota lɔ, á sú nzɔliɛ like nga bé klé wɔ klɔ’n i afiɛn lɔ’n be su.",bau,unknown,train,Baoulé,Google WaxalNLP
bau_RK_RK_BCI_2_112,RK,"Sɛ amun waan amún fá Gbaka Abidjan lɔ bé kɔ́ Korhogo’n, amun dun mmua kɔ Gbaka lɔ loto jranwlɛ kɛ Adjamé lɔ loto jranwlɛ annzɛ Yopougon lɔ loto jranwlɛ sa, lɔ yɛ amun kwla wun loto nga be su kɔ Korhogo lɔ’n niɔn. Kɛ loto nun cisanfuɛ’n ko wlu lɔ’n, ɔ́ fá atin nga be flɛ i kɛ Routu du Nord natiɔnali kun [ N1], ɔ́ kɔ́ nglo lɔ lika’n nun, ɔ́ sín Anyama nin Bouaké be afiɛn. Natiɔnali kun [N1], atin dan trele kun m’ɔ sin klɔ sunman be su’n, i su yɛ amún fá su dan ɔn. Kɛ amún kɔ́’n, amún sín Daloa i bue bɛ su, yɛ amún sín Katiola i bue kpa su, kpɛkun amún ká natiɔnali kun [N1] su. Ɔ́ fá dɔ kɔe  n'so anzɛ mɔcuɛ [7-8], ɔ́ jrán klɔ dandan kɛ Bouaké nin Katiola sa’m be su, ka naan w’a ju Korhogo lɔ.",bau,unknown,train,Baoulé,Google WaxalNLP
bau_RK_RK_BCI_2_100,RK,"[1] kun. Ɔ ni fata kɛ sran klwaa nyan i n'vle n'ga ɔ fi'n nu'n i wun fluwa.
[2] Nyonn. Ɔ lɛ man ati'n kɛ be de sran kun i n'vle n'ga ɔ fi'n nun i n'zoliɛ i sanu'n we kekle su, anzɛ kɛ be man man i a ti'n kɛ ɔ kaci i fi'n ulɛ i n'zɔliɛ'n.",bau,unknown,train,Baoulé,Google WaxalNLP
bau_RK_RK_BCI_1_12a,RK,Trɔ  dan ɔ ji'n bla kpɛnn'gbɛn i ti su.,bau,unknown,train,Baoulé,Google WaxalNLP
bau_RK_RK_BCI_1_30c,RK,Manmi ɔ fi'n manda kpɛwa.,bau,unknown,train,Baoulé,Google WaxalNLP
bau_JH_JH_BCI_1_77,JH,Sɛ e bu n'san nu n'nan fa tata y'a kun ablassan su ɔ yo ablangwnlan ni n'gnon.,bau,unknown,train,Baoulé,Google WaxalNLP
bau_KK_KK_BCI_2_166,KK,"Kosan: ?Cɔt divua klɔ be di ni ɛn sran be son ni su ɔ?

I su tɛlɛ: Cɔt divua klɔ nga sran be son ni su yɛlɛ Abijan.",bau,unknown,train,Baoulé,Google WaxalNLP
bau_RK_RK_BCI_2_193,RK,"Assumption blɛ nun’n,  Ivoiri lɔ Katoliki’m be manman Mari.",bau,unknown,train,Baoulé,Google WaxalNLP
bau_JK_JK_BCI_1_76,JK,Ngon ni bue n'nu  kpɛ ablemɔtshuɛ ɔ yo ablasen ni n'gnon,bau,unknown,train,Baoulé,Google WaxalNLP
bau_JH_JH_BCI_1_6B,JH,Bla bie'n kɔ nan nanmuenun.,bau,unknown,train,Baoulé,Google WaxalNLP
bau_RK_RK_BCI_2_149,RK,"Ivoiri nvle ti kle wa  sran dan kɛ Didier Drogba (balɔn tofuɛ), Yaya Touré (balɔn tofuɛ), Murielle Ahouré (klusu tafuɛ), Ta Lou Marie-Josée (klusu tafuɛ), ɔ nin Wilfried Zaha (balɔn tofuɛ ), be tinuntinun,  be fali be fie’n nvle i nzɔliɛ ninnge’m be yoli abonuan mɛn wunmuan’n nun.",bau,unknown,train,Baoulé,Google WaxalNLP
bau_JH_JH_BCI_1_87,JH,Koumuiɛn nɔ ti n'zue me kloi kloi be nun tindin Mali lɔ non.,bau,unknown,train,Baoulé,Google WaxalNLP
bau_RK_RK_BCI_1_23c,RK,Nyanmiɛn su wa blo ɔklɔ dan.,bau,unknown,train,Baoulé,Google WaxalNLP
bau_JK_JK_BCI_4_229,JK,"Ndɛ nga be flɛ i kɛ lika, mɔ be fa kannin ndɛ’n afuɛ ya kpɔlɛ  blu ni ngluan [19] nun’n, ɔ kle kɛ kosan usalɛ’n ɔ lɛ bo  , be wun man be nrun sielɛ kɔ yosɔ .Politikifuɛ mun nin sika ndɛ suanfuɛ’m be wun,  be wan djunman dilɛ wafa uflɛ’n wa'a kakili kɛ be fa di junman'n i dan kpa : junman dilɛ wafa uflɛ’n nun’n. junman dilɛ’n i siesielɛ wafa nga be flɛ i kɛ junmandifuɛ, ɔ mlini si'in akatuafuɛ mun yɛ be wo lɛ ɔ , kpɔkun tekini uflɛ nga be yili be’n, be kaki wafa nga junman difuɛmu be fa di juman'n.

 I kpa bɔbɔ’n, kɛ mɔ mannzin’m be kwlalɛ’n w’a yo dan sran’m be mɛn’n nun’n ti’n, ɔ kle ngwlɛlɛfuɛ mun (ngwlɛlɛfuɛ mun, sran’m be su like suanfuɛ mun, sran’m be tranwlɛ’n i su like suanfuɛ mun, sran’m be akunndan bulɛ wafa’n i su like suanfuɛ mun, nin be wie mun ekun).Kɛ sran’m be ndɛ’n ti tchinndjin. Ndɛ sɔ’m be kpɛ kosan’m be ba, afin be ti kɛ be ti srolɛ sa, be ti kɛ be kwla djranman be sin sa, be nin a yoman sɔ le, yɛ be nianman be nun kpa.

Ajua waan “Kosan nga be usa sran’m be su’n” ɔ kan kosan kinnjin kpa kun ndɛ, m’ɔ kan sran’m be afiɛn tranlɛ’n i bo bolɛ’n i ndɛ’n, ɔ nin kɛ nga sran’m be su like suanfuɛ’m be fa kan’n sa’n: Ahu ye like kun ɔ yo su mɔ sran’m be afiɛn’n ti nun’n, ɔ miɛn i ɲin fuan i. Ɔ kwla yo maan be wunnɛn’n bubu.

 “Sran’m be kosan’n” ɔ sun kun srɛ afin'n sran mu be n'dɛ nu man lalafuɛ nige yowa nun kun ,i sɔn n'ti be sun mlin ɔkun klekle ɔ wo be sun. Be ti ndɛ kpanngban mɔ be sanngan sran akunndan’n, mɔ be yo sran ya’n, mɔ be bo yo kun mɔ be sanngan nun’n. Ɔ yo kɛ ndɛ sɔ’n ti srolɛ like kpa sa, afin ɔ kle sran dandan mun nin sran’m be akunndan’n, kpɛkun ɔ yo maan be akunndan’n sanngan: sɛ sran uflɛ’m be usaman be kosan’n, be kedje sran’m be tranwlɛ’n i bo ase’n klekle kpa.",bau,unknown,train,Baoulé,Google WaxalNLP
bau_RK_RK_BCI_1_6a,RK,Yɔbuɛ ble ɔ wo klɔ i afiɛn lɔ.,bau,unknown,train,Baoulé,Google WaxalNLP
bau_KK_KK_BCI_1_70,KK,Be fa blu tata blu su ɔ yo ya kun.,bau,unknown,train,Baoulé,Google WaxalNLP
bau_JH_JH_BCI_1_94,JH,Ablaɔngnlan tra ablasan lele.,bau,unknown,train,Baoulé,Google WaxalNLP
bau_RK_RK_BCI_2_144,RK,"Afuɛ [1999] akpi kun ya n'gluan ni ablan'gluan ni n'gluan  nun’n, kɛ be fali famiɛn diwlɛ’n, Robert Guéï fali famiɛn diwlɛ’n, ɔ yoli nvle’n i su kpɛn blɛ kpe kan.",bau,unknown,train,Baoulé,Google WaxalNLP
bau_JK_JK_BCI_2_140,JK,"Mali lɔ laa juebolɛ ninnge cinnjin benin mun yɛ lɛ benin ?

Mali lɔ laa ninnge nga be fa bo jue’n, be nun eie yɛle kora, nin balafon, ɔ nin ngoni.",bau,unknown,train,Baoulé,Google WaxalNLP
bau_KK_KK_BCI_1_61,KK,"Kɔn'guɛbunuɛn nu, awungban waa fita kpa liɛ su, yɛ kɛ waa kpɛ nzue le kpɛnkpɛn, ka nan wa bo tɔ lɛ bo aliɛn'jɛnniɛnsu.",bau,unknown,train,Baoulé,Google WaxalNLP
bau_JK_JK_BCI_2_123,JK,"Buake wo Cote d'Ivoire nvle i afien , be nga be liɛlɛ clɔ i bo yɛ lɛ Baule mun.",bau,unknown,train,Baoulé,Google WaxalNLP
bau_JH_JH_BCI_1_35C,JH,Pɔmu sɔ diɛ ɔ e fɛ yɛ wa tin.,bau,unknown,train,Baoulé,Google WaxalNLP
bau_KK_KK_BCI_1_3b,KK,Manbua mu be ti Akisi liɛ.,bau,unknown,train,Baoulé,Google WaxalNLP
bau_RK_RK_BCI_2_155,RK,"Klɔ: Abidjan – Sika ndɛ’n i su klɔ dan’n, mɔ sran’m be si i kɛ ɔ ti blɛ sɔ’n nun ninnge mun’n, ɔ nin wafa ng’ɔ ti kpa’n.
Klɔ: Yamusuklɔ – Politiki klɔ dan’n, be flɛ i kɛ e aujuɛ bla Baziliki.
Monument: Baziliki e aujuɛ bla – Ɔ o Yamusu lɔ, ɔ ti mɛn’n nun baziliki dandan’m be nun kun.
Nzue ba: Bandama – Nzue ba tinnin kpafuɛ’n  Ivoiri lɔ, ɔ kpɛ nvle’n i nglo lɔ lika’n nun lele ɔ fa ju ngua lɔ lika’n nun.
Laki: Laki Kossou – Laki artificiel dan kpafuɛ’n m’ɔ o  Ivoiri lɔ’n, mɔ Kossou i nzue ba’n yili’n.
Oka’n: Nimba oka’n – Ɔ o Gine nin Liberia be afiɛn lɔ, ɔ ti UNESCO i mɛn wunmuan’n nun like kun.
Monumen: Kongu Mosikeli – Laa sa’m be nun Ɲanmiɛn sulɛ sua kun m’ɔ o lɛ afuɛ ya kpɔlɛ blu ni n'so [17] nun’n, be fali asiɛ be kplannin i.
Klɔ: Grand-Bassam – Laa mɛn siefuɛ’m be klɔ dan’n, i kplanlɛ wafa’n ti’n, be klɛli i UNESCO i mɛn’n nun ninnge’m be su.
Nzue ba: Comoé – Nzue ba dan kun m’ɔ sin Comoé Parki Natiɔnali nun’n, ɔ ti UNESCO i lika wie.
Oka: Tonkoui oka’n – Ɔ o nvle’n i wia atɔliɛ lɔ, ɔ mantan Man, ɔ ti nvle’n nun oka nga be ti nglo kpa’n be nun kun.",bau,unknown,train,Baoulé,Google WaxalNLP
bau_KK_KK_BCI_1_31b,KK,Be kikili aviefuɛmu ni gbo nyanman.,bau,unknown,train,Baoulé,Google WaxalNLP
bau_KK_KK_BCI_2_105,KK,"Mmla [30] abalasan: Be klua seman kɛ n'vle kun, sran akpasua kun, sran kun kluaa di junman bie, annzɛ ɔ klua yo nigne bie m'ɔ klua saci sran'm me aklucuɛ nin be klunklo nigne ng'ɔ o be afiɛn.",bau,unknown,train,Baoulé,Google WaxalNLP
bau_KK_KK_BCI_1_39c,KK,Sɔsɔa ba lu adua i sugbɔnu.,bau,unknown,train,Baoulé,Google WaxalNLP
bau_RK_RK_BCI_4_230,RK,"I bue nɲɔn su’n ni  nun’n, sran ng’ɔ yi ninnge mun’n, ɔ yi i junman’n. Like kɛ desɛn yifuɛ i akunndan'n, lika ng'ɔ o lɛ'n, ɔ nin i akunndan'n be kwla yo maan be yi junman kun. I wie yɛle kɛ, kɛ mɔ Fransisko de Goya yili desɛn ble’m be nun’n, mɔ i kpɛnngbɛn yolɛ nun’n, ɔ yili’n ti’n, be bu i kɛ ɔ ti ble sɔ, afi'n ɔ trannin lika kunngba’n nun, yɛ ɔ si alɛ kun kpa. Ɔ yili be desɛn i sua ng’ɔ o Ɛspaɲin lɔ’n i talɛ’m be su trele, yɛ atrɛkpa’n, w’a kanman be ndɛ w’a kleman sran fi le.  beatlɛsi be seli kɛ drɔgi kɛ LSD nin cannabis sa’n, be yoli maan be jue dandan kɛ trɔ  sa’n, be nun wie’m be yoli kpa. Be bu sa nianlɛ nin fɔnlɛ’n be kɛ like yilɛ’n i nun like cinnjin kpa kun sa.",bau,unknown,train,Baoulé,Google WaxalNLP
bau_KK_KK_BCI_1_34a,KK,Adua su fuan kpen'gbe.,bau,unknown,train,Baoulé,Google WaxalNLP
bau_RK_RK_BCI_2_162,RK,"Kossu nzue ba’n i nuan lɔ jue trafuɛ mun nin be nga be kunndɛ kɛ bé sí ndɛ’n i kpa’n, be kɔ lika sɔ’n nun lɔ, ɔ maan klɔ nga be flɛ i kɛ Buake’n i wun koko lɛ’n, lika’n ti fɔuun kpa.",bau,unknown,train,Baoulé,Google WaxalNLP
bau_KK_KK_BCI_1_65,KK,Be fa mɔcuɛ tata ngluan su ɔ yo ableso ni nnyon.,bau,unknown,train,Baoulé,Google WaxalNLP
bau_JK_JK_BCI_2_112,JK,"Atin’n: Ɔ fin Daloa ɔ kɔ Yamusukro .

I nun mmuammua’n: Ɔ ti kilo kɔe 190
Dɔ nga be fa’n: dɔ 3 annzɛ dɔ 4 loto nun, ɔ taka wafa nga sran’m be sin’n su

 I klikli’n: Daloa lɔ jasolɛ
Fa atin dan RN1 (Atin 1) m’ɔ kɔ Yamoussoukro lɔ’n.

 I nɲɔn su’n: Amun nian RN1 su be kɔ Yamoussoukro lɔ.
Kɛ a fin Daloa lɔ’n, fa RN1 m’ɔ ti atin dan ng’ɔ kɔ Yamoussoukro lɔ trele’n su.
Amun sin klɔ nin klɔ kanngan nga be o atin’n su’n be nun (lika kɛ Issia sa’n, be kwla yo atin’n i su like klelɛ like).

 I nsan su’n: Amun mantan klɔ nga be flɛ i kɛ Yamoussoukro’n i wun koko lɛ .
Amun fa atin nga be flɛ i kɛ RN1’n su lele naan amun a ju Yamoussoukro, m’ɔ ti Côte d’Ivoire i politiki klɔ dan’n su lɔ.

 Lika cinnjin mun:
Daloa: Lika nga be bo i bo’n, ɔ nin i lɔ aata diwlɛ mun nin ninnge nga be fa kplan sua’n.
RN1: Akpɔ dan ng’ɔ sin Daloa nin Yamusukro be afiɛn’n.
Issia: Kɛ be sin atin’n su be kɔ Yamusu’n, lika kun yɛ be sin nun ɔn.
Yamusu: Lika kasiɛn nga be su kɔ’n.
🕒 Blɛ nga be fa loto nun’n:
Ɔ kwla yo dɔ 3-4, ɔ taka wafa nga sran’m be sin’n su.",bau,unknown,train,Baoulé,Google WaxalNLP
bau_JK_JK_BCI_2_174,JK,"Garba m’ɔ le mannzin semolina nin thon m’ɔ ti kpanwun’n, ɔ ti aliɛ ng’ɔ klo be kpa’n be nun kun",bau,unknown,train,Baoulé,Google WaxalNLP
bau_KK_KK_BCI_3_222,KK,"Alobo kun mɔ le ba mɔcuɛ'n i wa kpɛnngbɛn'n, Seydou Koné i nannan bla'n tali i lika kun m'ɔ se kɛ ɔ ti ""kpinngbin'm be afiɛn"", lika sɔ'n ɔ yo maan ɔ nyan ta kpa i junman su. Afuɛ akpi kun ya ngluan ni ablesiɛn [1962] nun, Alfa Blondy ɔli i nin i wun Odiɛn lɔ, ɔ dili afuɛ blu lɔ, ɔ ɔli suklu dan nga be flɛ i kɛ Sainte Elisabeth’n i nun, kpɛkun ɔ fali i wun luali Cɔt divua lɔ suklu ba’m be anuannzɛ’n nun. Ɔ yili jue tofuɛ akpasua kun suklu lɔ, sanngɛ i sɔ’n yo maan ɔ klua suanman like, ɔ maan be tuli i suklu ngɔ kɔ lɔ suklu nnɔ. I si ni’n i nin be sunmɛnni’n i kɛ ɔ ko suan Anglɛ Liberia klɔ dan nga be flɛ i kɛ Monrovia’n i su lɔ afuɛ akpi ngluan ableso ni nsan [1973] nun. Ɔ dili anglo blu-nin-nsan lɔ, kpɛkun ɔ ɔli Amlɛnkɛn’m be lɔ naan wa suan Angle’n i kpa.
Koleji ng’ɔ o Etazinin lɔ’n.
Afuɛ akpi ngluan ableso ni nnan [1974] nun, Seydou ɔli Niyɔki lɔ, ɔ suannin Angle Hunter College nin Columbia Suklu dab lɔ Amlɛnkɛn’m be aniɛn’n i su like, ɔ dili like klelɛ junman. Niyɔki lɔ’n, ɔ wunnin Rastafarifuɛ’m be Nnyanmiɛn sulɛ wafa’n, kpɛkun ɔ ɔli Zamaiki lɔ jue tofuɛ nga be flɛ be kɛ Burning Spear’n, be konsiɛti’m be bo. Seydou wlu ndɛnngan sunman nun ka naan wa sɛ i si’n Côte d’Ivoire lɔ, ɔ ni’n i bakan nun janvuɛ Fulgence Kassi mɔ kacili televiziɔn nun junman difuɛ dan’n, ba yia. I lɛ nun yɛ ɔ boli i jue tolɛ junman’n i bo ɔ, kpɛkun ɔ fali dunman uflɛ kɛ ""Alpha Blondy"".",bau,unknown,train,Baoulé,Google WaxalNLP
bau_RK_RK_BCI_1_29b,RK,Oka dan ɔ o klɔ nu lɔ.,bau,unknown,train,Baoulé,Google WaxalNLP
bau_RK_RK_BCI_1_41,RK,"Kissie cɛn n'dɔ sua su dɔ [8] mɔcuɛ su, n'zue dan kpa kun wa tɔ Buake asa su. Iti yɛ man angban ɔ fita dan yɛ duawa ɔ yo [80%] ablauɔcuɛ ya su  ekun n'zue tɔlɛ ɔ yo [120%] ya kun  ablaun ya su , isɔ ti mi se amu kɛ nan man amu fite amu sua be nu afi n'zue dan sɔ ɔ kla son'ji klɔ sran fa kɔ.",bau,unknown,train,Baoulé,Google WaxalNLP
bau_JH_JH_BCI_2_185,JH,"OTAN nian su naan sɛ nvle bie me tɔ ɛlɛ nun, be kloi be sasa be wun.",bau,unknown,train,Baoulé,Google WaxalNLP
bau_JH_JH_BCI_1_16C,JH,Bia ti ɔklɛ.,bau,unknown,train,Baoulé,Google WaxalNLP
bau_JH_JH_BCI_1_84,JH,Kouajo yɔ ti I baba I  m'ma me nu ble non.,bau,unknown,train,Baoulé,Google WaxalNLP
bau_RK_RK_BCI_1_25a,RK,Sɛ ɔ wo asie su.,bau,unknown,train,Baoulé,Google WaxalNLP
bau_KK_KK_BCI_2_195,KK,"zanvienu, bakanngab be klua be bo bonande.",bau,unknown,train,Baoulé,Google WaxalNLP
bau_JH_JH_BCI_2_116,JH,"Bouake ti klɔ dan kun mɔ ti balue me klɔ yɛ stadi klanmlan kpa kun o i afiɛn sɛsɛsɛ. Be flɛ i akpasua bie me kɛ bluklɔ, n'gnataklɔ.",bau,unknown,train,Baoulé,Google WaxalNLP
bau_JH_JH_BCI_4_229,JH,"Ndɛ mma tourisme kle kɛ sran kun kɔ nika nga ɔ tran lɔ titi’n i sin lɔ naan w’a di aklunjuɛ, naan w’a tran lɔ blɛ kpa kan, sanngɛ ɔ ti sika ndɛ’n i lika kun mɔ, ɔ nin otɛli junman’n, ɔ o nun’n, junman kluaa nga be nin aklunjuɛ dilɛ’n nin touristi’m be kɔlɛ’n be kɔ likawlɛ’n. Sanngɛ sran’m be fali ndɛ fanunfanun be tanndannin ajalɛ sɔ’n i ɲrun, mɔ be kan ndɛ tɛ kɛ ɔ fa ndɛ ngnɔn mɔ be siesielɛ’n ti kekle’n, annzɛ bɔbɔ mɔ be kla siesieman be afiɛn’n, be bo: lika fiɛnfiɛn ng’ɔ nin loto’m be kɔ likawlɛ’n [i li aunmuan’n nun lɔ kɔlɛ’n], nzue’n i nɔnlɛ ngboko, lika’n i kacilɛ’n, lika’n i tralɛ’n. nvle nunfuɛ’m me afiɛn agnia kpa’n, be ti ndɛ cinnjin bie mɔ be kan be tourisme durable su’n, mɔ be fa uka su kɛ sika ndɛ’n i nun kacilɛ’n timan kun’n, m’ɔ o lɔfuɛ’m me afiɛn’n, ɔ nin turismufuɛ mun, ɔ nin sika guafuɛ’m be afiɛn’n. Tourisi ti man’n i fenɛtri kun mɔ ti tikewa’n, ɔ ti sran’m be flɛlɛ naan ba un nika uflɛ, nin man’n i nunfuɛ’m be nzuɛin’n, ɔ nin nika uflɛ’m be luɛ. Kɛ a kɔ nika’n, ɔ yo maan ɔ akunnnan’n yo dan, ɔ suan nigne sran uflɛ’m be sa nun, kɔkun ɔ fa un luɛ i ninngen ngna be nin ɔ diɛ’n be timan kun’n be nun. Sɛ ɔ ti kɛ be bu ninngne ngna be ti abonuan’n be akunnan’n, annzɛ be kɔ laa sa’m be nika’m be nun’n, annzɛ be nin lɔfuɛ’m be ijɔ’n, turismu’n yo maan sran’n i akunnnan’n nin i wawɛ’n be yo kpa, ɔ maan nika kɔlɛ kluaa kaki nigne kun mɔ laman wunsu. Sanngɛ, nan be i su yiyilɛ ngunmin yɛ tourisi ti ɔ. Ɔ di junman dan man unmuan’n nun sika nnɛ’n nun, ɔ ti sika gnanlɛ nika cinnjin kpa nvle sunman be nika. Ɔtɛli’n, nin aliɛ dilɛ’n, ɔ nin loto’m be lika nianlɛ’n, ɔ taka sran ngna be ba nika’n be su dan. Kɔkun, ɔ fa lika’n i lika nianlɛ’n nin sran’m be nzuɛin’n be su nnɛ bie mun ba, kɛ nika ngna sran’m be sɔnnin lɔ dan’n, annzɛ nika ngna loto’m be fa saki nika’n sa. I sɔ’n ti yɛ ninngne kɛ écotourismu nin tourisi durable sa’n, be su a fite naan ba yo maan nike tɛ’m ba kan ase, naan ba yo maan lɔfuɛ’m be gnan su i ngna be gnan i. Touris ti nigne kun mɔ be fa sin sran’m be nzuiɛn’m be afiɛn’n, ɔ yo maan be un nnɛ’n i luɛ kpa, kɔkun be tra be awlɛin. Kɛ mɔ sran’m be titi nun be klua gnan sa nanluɛ’n, mɔ be kan nnɛ kle sran fanunfanun’n ti’n, ɔ uka naan nnɛnngan ngna sran’m be bu’n, wa saki, naan man unmuan’n nunfuɛ’m be bo wa yo kun. Man ngna nun’n, sran’m be afiɛn’n ti nun, yɛ be afiɛn’n ti nun’n, turismu’n man e nika kun mɔ e klua di ninnge fanunfanun’m be cɛin’n, kɔkun e lua sran’m be afiɛn’n i fanngan ɔn. Ɔ maan, nika kɔlɛ’n kaki nigne uflɛ tra nika kɔlɛ: ɔ ti nigne kunnnɛlɛ ni nigne ɔ flɛ me gnulɛ.",bau,unknown,train,Baoulé,Google WaxalNLP
bau_KK_KK_BCI_1_33c,KK,Akpanni sata kpanngban nlɔ.,bau,unknown,train,Baoulé,Google WaxalNLP
bau_RK_RK_BCI_1_12c,RK,Baba wa fu i moto ble'n su.,bau,unknown,train,Baoulé,Google WaxalNLP
bau_JH_JH_BCI_4_224,JH,"Siensi i nigne ng’ɔ kunnnɛ’n yɛlɛ kɛ, ɔ fata kɛ ɔ gnun man i su ninnge me luɛ, ɔ yiyi nun, ɔ taka nigne silɛ’n su, ɔ nin wafa nga be fa di junman’n. Ɔ kunnɛ kɛ ɔ yo sran mun mɔ be kla kan nnɛ kpa anzɛ nnɛ tɛ be kle i’n, nigne silɛ nga be gnɛinnin nun, ɔ nin wafa nga be fa gnɛiannin , ɔ nin nnɛ ngna be kan, me nun. Kɛ mɔ kosan usalɛ mɔ ka lɛ titi’n i su junman sɔ i nun ti, ɔ ti ngnlɛlɛ silɛ wafa trele kun mɔ be flɛ i kɛ epistemoloji’n i ndɛ. Silɛ nga siansifuɛ me sieli, yɛ ɔ ti ninngne kpanngban mɔ be yo maan sran’me nin be biegun su nnɛ’n be yo kpa. Nigne cinnjin kpa nga e klua fa wun man nga e o nun’n i luɛ’n, yɛle siansi’n. Ɔ taka nigne nianlɛ’n, nin nigne yolɛ’n, ɔ nin like suanlɛ’n me su, ɔ maan be klua yiyi ninnge ngna daa be ti kɛ bakanngan sa annzɛ be klua unman be luɛ’n, be nun. Kɛ ɔ fɛ i daa nun nzraama’m be su nigne suanlɛ’n su lele mɔ fa jú nignee kanngan nga be lɛman ajueliɛ’n be su nigne suanlɛ’n su’n, siansifuɛ’m me fali sran’m me nigne silɛ’n i nuan’n be sieli i nzɔliɛ titi. Ɔ man e kosan’m me su tɛlɛ, sanngɛ ɔ yi kosan uflɛ bie mun ekun, ɔ maan e kunnnɛ kɛ e si ninngne bie mun titi, yɛ e un ninngne bie mun ekun. Sanngɛ, nan man’n i nun nnɛ’m be ngnumin yɛ siansifuɛ’m be un i luɛ nun; ɔ kaki cɛn kluaa nun man dilɛ’n kpa bie. Teknoloji nun ninngne uflɛ kɛ kuran sa’n, ɔ nin ɛntɛnɛti’n, ɔ nin pikuri’m be kle wafa ngna be ta ka e man dilɛ’n su’n. Nigne kɛ nglɛlɛ nga sran’m be fa yi ninnge mun’n, annzɛ biolozi sintetiki sa’m be nun’n, nigne ngna sran’m be klua yo’n, ɔ ɔn kɔ i gnrun ekun, kɔkun ɔ su fa aeliɛ kpa’n nin nika’n i nika nianlɛ nnɛ dandan mun ekun. Ɔ maan siansi’n ti nigne kpa kun, sanngɛ ɔ fata kɛ be si nigne kpa naan be fa di junman kpa. I agualiɛ su’n, siansi’n de sran’m be nika nianlɛ kpa. Ɔ tra man’n i nunfuɛ’m be nzuɛin’n, nin be aniɛn’n, ɔ nin politiki’n be afiɛn’n naan wa bu akunndan’m be bo kun wa sin nigne kunngba’n i kunndɛlɛ’n su: nanluɛ ɔ. Ɔ yo maan sran’m me bu akunndan kpa, be di junman likaluɛ man unmuan’n nun, yɛ be yo ninnge uflɛuflɛ mun. Man ngna nun’n, sa kekle kɛ climat i kakilɛ’n annzɛ tukpacɛ tɛ’m be o lɛ’n, siansi’n ti nigne kun m’ɔ kle kɛ e lafi nigne kun su ɔ, yɛ e klua jran kekle ɔ. Ɔ kpɛin e lua kɛ kannzɛ bɔbɔ e un ninngne kpanngban mɔ e siman be’n, sanngɛ e kla tɛ be su kpa ekun.",bau,unknown,train,Baoulé,Google WaxalNLP
bau_JH_JH_BCI_1_21A,JH,Ahu ma ton aliɛ.,bau,unknown,train,Baoulé,Google WaxalNLP
bau_KK_KK_BCI_1_49,KK,"We cɛn liɛ nu, via tɔ lee ndɔsua nu dɔ nsan su [3 p.m], yɛ nyamiɛn su uke yɛi’n. 
 
Sɛn’zɛ i tɔ lɛ su, ɔ ni nyamiɛn ble niɛn be tɔ. 
I sɔ nti wafa nga e fa lafi su kɛ nzue n’ne ba dɔ nso su, ɔ ti ablenu ya su [100%]. Kɔnguɛ afiɛn nu, blɛ tɔ bli’n, nglɛnmunu dɔ nsiɛn su, sɛ be wan i do lɛ wa guasu oo, yɛ degle n’nu [5°C].",bau,unknown,train,Baoulé,Google WaxalNLP
bau_RK_RK_BCI_4_234,RK,"Lã nun’n, ɔ fata kɛ awa’m be yo kɛ like suanlɛ’n i atin’n i su nianfuɛ sa, be fa junman kpanngban kɛ garanti, sika manfuɛ, like manfuɛ nin atin’n i siefuɛ sa. Sanngɛ, sa wie’m be nun’n, anuannzɛ nga be timan awa liɛ’n, be yɛ be di junman sɔ’m be nun wie mun ɔn. I wie yɛle kɛ, awa kun kwla man sika anuannzɛ kun m’ɔ o gua su lɔ’n, m’ɔ nian suklu’m be nun’n, m’ɔ man be atin’n, annzɛ m’ɔ siesie be’n.  Asa ekun’n, suklu dilɛ wafa sunman be nun’n, suklu nga anuannzɛ nga be kunndɛman sika’n, annzɛ Ɲanmiɛn sulɛ wafa’m be nunfuɛ mun, annzɛ aata dilɛ anuannzɛ’m be nian be su’n, mɔ be di junman’n, be o lɛ. Be yili Abidjan mmla mun naan be yiyi like nga mɛn wunmuan’n nun aenguɛ’n i su mmla’n se kɛ nvle’n i nunfuɛ’m be yo’n, i nun weiin kɛ be nin anuannzɛ kpanngban mɔ be timan nvle’n be di junman’n.",bau,unknown,train,Baoulé,Google WaxalNLP
bau_JK_JK_BCI_2_116,JK,"Yopugon, yɛ ɔ ti Abidjan lɔ klɔ nga sran’m be sɔnnin lɔ kpa’n niɔn",bau,unknown,train,Baoulé,Google WaxalNLP
bau_KK_KK_BCI_2_153,KK,"Kosan: ?Jue tofuɛ beni yɛ ɔ kɔ saki afuɛ akpi nnyon ni blu ni ngluan [2019] nion?

 I su tɛlɛ: Jue tofuɛ ngɔ kɔ saki sɔ yɛ lɛ Dj Arafati.",bau,unknown,train,Baoulé,Google WaxalNLP
bau_JK_JK_BCI_1_60,JK,"Ndɔsua nga arɛ ɔ o nun, ye nzue ni tɔ man",bau,unknown,train,Baoulé,Google WaxalNLP
bau_JH_JH_BCI_1_15A,JH,Nika nan san.,bau,unknown,train,Baoulé,Google WaxalNLP
bau_JH_JH_BCI_4_239,JH,"Nimba oka’n i nglo lɔ’n ti mɛtri akpi kun ya n’so ablonu ni n’gnon [1.752], yɛ ɔ ti oka ng’ɔ ti nglo kpa’n Côte d’Ivoire [Kɔdivoiri] lɔ’n nion, kpɛkun ɔ ju [Jine] Guinée nin [Liberia] Libɛri lɔ bie. UNESCO fali oka kun m’ɔ ti man wunmuan’n nun like’n i nzɔliɛ like’n, ɔ lɛ nnan wafawafa kpanngban mɔ be leman wunsu’n, yɛ nnan wafawafa kɛ blo adoi sa, ɔ nin nnan nga be flɛ i kɛ flete mɔ be fa ninnge mun di junman’n, be sɔnnin lɔ. Nimba oka’n ti nika kun mɔ fluwa sifuɛ dandan nin lika’n i lika nianlɛ’n ti’n, sran’m be si i kpa kɛ ɔ o lɔ’n, ɔ bo i bo ijre ngna’m be su lele fa ju nika ngna ɔ  ti mlanwa kpa’n be su. Kɛ mɔ nika’n ti agnanbeunfuɛ’n ti’n, ɔ ti nika kun mɔ lɔfuɛ’m me nzuɛn’n nin gnanmiɛn sulɛ’n be ti cinnjin kpa’n, kɔkun ɔ lɛ nika klanman kpa mɔ be fa lika’n i nun ninnge’m be nianlɛ’n nin be ngna be klo nika nianlɛ’n be kɔ lɔ’n.",bau,unknown,train,Baoulé,Google WaxalNLP
bau_JH_JH_BCI_2_202,JH,Ue e kɔ fɛtri diwa.,bau,unknown,train,Baoulé,Google WaxalNLP
bau_RK_RK_BCI_1_16c,RK,Ba fa flua'n ba sie bia su.,bau,unknown,train,Baoulé,Google WaxalNLP
bau_JK_JK_BCI_2_125,JK,Mɛn nu asɔnu sua dan n'ga be flɛ Basiliki ɔ o Yamusoklo.,bau,unknown,train,Baoulé,Google WaxalNLP
bau_KK_KK_BCI_2_97,KK,"Mmla [1] kun: Sran kluaa be ti sɛ, yɛ ɔ lɛ man kun mɔ yɛ ti sran trɛ i buegu ɔ. Be ti angudan sran, yɛ ɔ fata kɔ be di aniɛn.",bau,unknown,train,Baoulé,Google WaxalNLP
bau_JH_JH_BCI_1_24B,JH,Soi bie mɔ be fa n'gua nigne ɛ ba fa eliɔ.,bau,unknown,train,Baoulé,Google WaxalNLP
bau_RK_RK_BCI_2_201,RK,Fue ciɛn e kɔ anya.,bau,unknown,train,Baoulé,Google WaxalNLP
bau_JH_JH_BCI_1_39C,JH,Pɔmu nan saki i tiɛ kaka me o nun non.,bau,unknown,train,Baoulé,Google WaxalNLP
bau_KK_KK_BCI_2_109,KK,"Buake Mɛri sua wo klɔ i tiwa lɔ. Kɛ a fite Buake klɔ su cɛ, ɔ nyru ndɛnan su kilo kun su, ɔ sa bɛ su mɛri sua wo lɛ. aliɛdiluɛ kun  ɔ wo fama su lɛ,  i si'n lɔ, suklu kun ɔ wolɛ. Isɔ suklu liɛ be flɛ kɛ HTEC.",bau,unknown,train,Baoulé,Google WaxalNLP
bau_KK_KK_BCI_3_218,KK,"I bo bolɛ nun, Sranble be balon anuannzɛ boli be nga be fa afuɛ akpi nnyon blu ni ngluan [2019], akpi nnyon abla’n ni kun [2021], ɔ ni akpi nnyon abla’n ni nsan [2023] nun nvle be balon akploa i bo, kɛ be yoli vote kasiɛn i komite ngɔ nian mɛn su i anyia i bo afuɛ akpi nnyon blu ni nnan [2014] ananya i le abla’n [20] su, ɔ fali afuɛ akpi nnyon blu ni ngluan [2019] nun edition mannin Cameroun. Cɔt divua nin afuɛ akpi nnyon abla’n ni nsan [2023] nun nga be yili i Gine lɔ. Be siesieman afuɛ akpi nnyon abla’n ni nsan [2023] nun sran nga be fa be be ndɛ. Gine ti nvle nga be kunndɛ kɛ be di afuɛ akpi nnyon blu ni ngluan [2019] nin akpi nnyon abla’n ni kun  [2021] nun annya, mɔ cɛn sɔ nun, be kan nvle nga be fa be’n be ndɛ’n, be nun kun. CAF i nuan ijɔfuɛ kun seli BBC News kɛ, kɛ mɔ Gine i ndɛ’n i nglo yilɛ’n nin i nyin mɔ yi ti, komisiɔn “fali ajalɛ kɛ ɔ fa i klualɛ fa fa ajalɛ ndɛndɛ”.
Kaci nvle ng’ɔ sɔ amun nun’n
Afuɛ akpi nnyon abla’n ni mɔcuɛ [2018], sekewa anglo i le ablesiɛn [30] su, kɛ mɔ be siesieman be wun ndɛndɛ naan ba sɔ sran be nun ti, CAF tuli Cameroun lɔ afuɛ akpi nnyon blu ni ngluan [2019] nun anya i siesielɛ nun, sanngɛ ɔ kplinnin CAF i kpɛnngbɛn laa’n, Ahmad Ahmad i srɛlɛ su kɛ Cameroun yɛ ɔ fá anyia ngɔ ba lɛ’n niɔn. Ɔ maan, afuɛ akpi nnyon abla’n ni kun [202]1 nun anyia i bo bolɛ nun’n, Côte d’Ivoire yɛ fa afuɛ akpi nnyon abla’n ni nsan [2023] nun anyia’n niɔn, Yɛ afuɛ akpi nnyon abla’n ni nsan [2023] nun nvle klikli nga be sɔli be nun’n, mɔ be flɛ be kɛ Gine’n, yɛ ɔ fata kɛ be sɔ afuɛ akpi nnyon abla’n ni nnu [2025] nun anya nun ɔn, lele nin blɛ sɔ nun, ɔ nin a ɲanman nvle ngɔ fa be anya. Afuɛ akpi nnyon blu ni ngluan [2019] angbɔ i le ablasan [30] su, CAF i su kpɛn seli kɛ be kacili kalɛnda, kɛ ɔ nin Cɔt divua i su kpɛn Alassane Ouattara be yiali Abidjan lɔ .",bau,unknown,train,Baoulé,Google WaxalNLP
bau_JH_JH_BCI_1_26B,JH,Sran bie a kpɛ [3] n'san nun [4] n'nan.,bau,unknown,train,Baoulé,Google WaxalNLP
bau_JH_JH_BCI_1_1A,JH,Flete ni di m'gna baka dan kun bolɛ kɔ kun m'glɛmu djua nan fite i ti afiɛnɛ sɛsɛ.,bau,unknown,train,Baoulé,Google WaxalNLP
bau_JH_JH_BCI_1_35A,JH,Yao toli baka m'ma [3000] kotokun akpi m'san diɛ sangɛ wa di I klua klua ɔ ka m'ma n'nnan ni bue.,bau,unknown,train,Baoulé,Google WaxalNLP
bau_RK_RK_BCI_1_7c,RK,Ble ɔ ni ɔkluɛ ba sangan.,bau,unknown,train,Baoulé,Google WaxalNLP
bau_KK_KK_BCI_2_128,KK,Akisi klo Ajemle si lɛ,bau,unknown,train,Baoulé,Google WaxalNLP
bau_KK_KK_BCI_1_38c,KK,Mɛtri Kofi i sukluma mu be su klɛ flua.,bau,unknown,train,Baoulé,Google WaxalNLP
bau_RK_RK_BCI_5_246,RK,"Alua kun su fuan ovie mun, kpɛkun ɔ wunnin sika guawlɛ kun. Ɔ nan wunman sika ɔkwlɛ kpanngban sɔ le! I klun jɔli dan ti’n, i wla fili aliɛ dilɛ’n su. Ɔ trannin lɛ, ɔ niannin sika guawlɛ’n nun, ɔ su lafi ninnge kwlaa ng’ɔ kwla fa to’n be su.

Cɛn kun’n, anuman kun jrali, ɔ wunnin kɛ alua’n ti lɛ. “?Ngue yɛ ɔ o ɔ su ɔ?” ɔ usali anuman “?Ngue ti yɛ a diman like ɔ?”

Alua’n tɛli i su kɛ: “Min sa o min sika’n i lika nianlɛ’n su dan.” “N kwlá diman like lele saan m’an nian naan sran fi w’a wuaman.”

Ɔ seli kɛ: “Sanngɛ sɛ amun diman like’n, awo wá kún amun.” “?Ɔ maan ngue yɛ bé fá amun aɲanbeun ninnge’m bé yó ɔ?”

Alua’n w’a tieman anuman i ndɛ’n. Ɔ niannin i sika’n su titi sa ngbɛn. Yɛ nanwlɛ, kɛ cɛn kan sinnin’n, awe’n kunnin i.

Ɔ ti su kɛ anuman i ndɛ’n ti su. Alua’n i konvi kpli’n yɛ ɔ kunnin i ɔ. Ɔ fɛli i ɲin sieli i aɲanbeunfuɛ’m be su dan ti’n, i wla fili like cinnjin kpafuɛ’n su: ɔ fata kɛ ɔ di aliɛ.

Ndɛ sɔ’n i bo’n yɛle kɛ, ɔ ti cinnjin kɛ like nga amun le i’n, ɔ yo amun fɛ. Nán amun konvi sɔ sika, sɛ ɔ timan sɔ’n, amún wíe kɛ alua sa .",bau,unknown,train,Baoulé,Google WaxalNLP
bau_RK_RK_BCI_5_244,RK,"Cɛn kun, fie difuɛ kun ɔli i labu i sua’n nun lɔ, kpɛkun ɔ wunnin klenzua jɔɔ kun m’ɔ kpaja lɔ’n. Kɛ ɔ mɛnnin i su’n, ɔ yoli nɔnnin kɛ plumbu sa. Ɔ́ wá te i ase, afi'n ɔ buli i kɛ sran kun w’a fɛ i wun w’a wlɛ i nun. Sanngɛ kɛ ɔ buli i akunndan’n, ɔ fali ɔli awlo lɔ, w’a cɛman yɛ ɔ wunnin i wlɛ aklunjuɛ su kɛ sika ɔkwlɛ klenzua kpa kun yɛ ɔ o lɛ ɔ. Nglɛmun kwlaa’n, sa kunngba’n yɛ ɔ yoli ɔ, w’a cɛman yɛ ɔ yoli aɲanbeunfuɛ ɔ yoli i klenzua’m be atɛ ɔ. Kɛ ɔ́ yó aɲanbeunfuɛ’n, nn i ɲin w’a blo like su. Kɛ mɔ ɔ buli i kɛ ɔ́ ɲán sika ɔkwlɛ kwlaa nga nnɛn kpanngɔ’n kwla mɛn i’n kpɛ kunngba’n ti’n, ɔ kunnin i, kpɛkun ɔ tikeli nun, w’a wunman like fi.",bau,unknown,train,Baoulé,Google WaxalNLP
bau_JK_JK_BCI_4_234,JK,"Yamusukro ti Kɔdivuari i klɔ dan. Ɔ nin Abidjan be afiɛn’n ti nun kan. Ɔ ti Kɔdivuari nin Abijan be klɔ dan.

Ninnge vie mɔ ɔ fata kɛ e si be Yamussukro su’n yɛ:
Ɔ le asɔnun dandan nga be o mɛn’n nun’n, be nun kun. Aniɛn nga be kan i lɔ’n yɛle Baule. Aniɛn uflɛ vie’m be o lɛ’n, be kan be lɔ. Ɔ le mɛn su kpɛnngbɛn i sua’n, yɛ nzue ba kun bo sin yia i lɛ. Nzue ba sɔ’n nun yɛ Nili lɔ nnɛn nga be flɛ i kɛ alɛngɛ’n be tran ɔn, yɛ sran kpanngban be kɔ lɔ be ko nian lika’n niɔn.
Abokuamekro o lɛ, lika nga nnɛn’m be tran be tranwlɛ’n nun lɔ’n. Be kwla wun nnɛn kpanngban lɔ. Yamusukro i nzuɛn’n, i mɛn dilɛ wafa’n, ɔ nin i aliɛ dilɛ wafa’n be leman wunsu. Klɔ dan sɔ sran me si kɛ be sɔ sran me nu kɔkun be ti sran kpa, eyoli lika n'ga be nian lika be nu ɔni aofuɛ be nu.
Yamusukro ti Kɔdivuari i klɔ dan. Ɔ nin Abidjan be afiɛn’n ti nun kan. Ɔ ti Kɔdivuari nin Abijan be klɔ dan.

Ninnge vie mɔ ɔ fata kɛ e si be Yamussukro su’n yɛ:
Ɔ le asɔnun dandan nga be o mɛn’n nun’n, be nun kun. Aniɛn nga be kan i lɔ’n yɛle Baule. Aniɛn uflɛ vie’m be o lɛ’n, be kan be lɔ. Ɔ le mɛn su kpɛnngbɛn i sua’n, yɛ nzue ba kun bo sin yia i lɛ. Nzue ba sɔ’n nun yɛ Nili lɔ nnɛn nga be flɛ i kɛ alɛngɛ’n be tran ɔn, yɛ sran kpanngban be kɔ lɔ be ko nian lika’n niɔn.
Abokuamekro o lɛ, lika nga nnɛn’m be tran be tranwlɛ’n nun lɔ’n. Be kwla wun nnɛn kpanngban lɔ. Yamusukro i nzuɛn’n, i mɛn dilɛ wafa’n, ɔ nin i aliɛ dilɛ wafa’n be leman wunsu. Klɔ dan sɔ sran me si kɛ be sɔ sran me nu kɔkun be ti sran kpa, eyoli lika n'ga be nian lika be nu ɔni aofuɛ be nu.",bau,unknown,train,Baoulé,Google WaxalNLP
bau_RK_RK_BCI_2_121,RK,"Kongu lɔ nyanmiɛn flɛlɛ sua : Ɔ ti Soudan-Saheli lɔ Ɲanmiɛn sulɛ sua nga be o lɛ laa kpa’n, mɔ be ti klanman kpa’n, be nun kun.",bau,unknown,train,Baoulé,Google WaxalNLP
bau_KK_KK_BCI_2_172,KK,Placali Balue be mɛn nɔ.,bau,unknown,train,Baoulé,Google WaxalNLP
bau_RK_RK_BCI_1_11a,RK,N'zralama be wo nyanmiɛn nulɔ.,bau,unknown,train,Baoulé,Google WaxalNLP
bau_JK_JK_BCI_2_119,JK,"Clɔ nga be wu baule tanni lɔ be flɛ i kɛ Bomizanbo, ɔ o djehusu atiin su lɔ.",bau,unknown,train,Baoulé,Google WaxalNLP
bau_KK_KK_BCI_2_164,KK,"Kosu  nzue, ɔ ti nzue kun mɔ sran mu yɛ be kpɛ liɔ. Be kpɛlikɛ mɛn be fɛ yi kuran.",bau,unknown,train,Baoulé,Google WaxalNLP
bau_RK_RK_BCI_1_91,RK,Alua ɔ ni blo nanni be ti klikli wandi wanu i si'n kpɛma be ti i n'so su.,bau,unknown,train,Baoulé,Google WaxalNLP
bau_JK_JK_BCI_5_250,JK,"Angban’n nin Via’n be si apklowa kɛ be si sran ng’ɔ lɛ wunmiɛn kpa’n. Augban’n seli kɛ: “Min yɛ n le wunmiɛn kpa’n niɔn! N kwla kpɛ waka mun, kpɛkun n kwla bubu sua mun! Via’n seli kɛ: “Min yɛ n lɛ wunmiɛn kpa’n niɔn! N kwla yo maan asiɛ wa do lele naan man be kwla fa ton klenzua kun nɔn be!

Be sili apklowa lele, sanngɛ be nun wie fi wa kwla lafimɛn i mangu su. I agualiɛ su’n, be wunnin kɛ  lika kɔfuɛ’n kun su sin akpɔ’n su. Angban’n se kɛ: “Maan n kle wɔ kɛ min ɛ nnɛ wunmiɛn’n wɔ. Nma yo maan sran ng’ɔ su kɔ lika’n, yi tralɛ’n ɔ jii!

Angban’n tuli kekle kpa, sanngɛ lika kɔfuɛ’n trɛli i tralɛ’nu kekle kpa. Kɛ Angban’n fíta dan’n,  lika kɔfuɛ’n fɛli i tralɛ’n fa mantan i kpa. I agualiɛ su’n, Augban’n yacili.

Via’n srili kpɛkun ɔ seli kɛ, “Siɛn’n, yakiminun man gno.” Via'n boli sran ng’ɔ su kɔ lika’n i su kpadjalɛ bo blɛblɛ. I klikli nun’n, sran ng’ɔ su kɔ lika’n wa sieman like fi nzɔliɛ, sanngɛ i sin’n, ɔ boli dolɛ bo kan. Ɔ tikeli i tralɛ’n i buton’n, kpɛkun ɔ doli Angban kpa. Via’n kpadjali kan ekun yɛ sran ng’ɔ su kɔ lika’n, ufle ɔ tuli  Ɔ jili i tralɛ dan’n, kpɛkun ɔ yili i asiɛ wun.

Angban’n nin Via’n be niannin be viengu. Angban’n tɛ fita, ɔ fit ekun, sanngɛ via’n sri. Via’n seli kɛ: “Amun wun i kɛ pka ye lɛ ɔ fa ta clunvi sun.

Ndɛ sɔ’n i bo’n yɛle kɛ: aklunye’n le wunmiɛn tra clunvi yelɛ.",bau,unknown,train,Baoulé,Google WaxalNLP
bau_RK_RK_BCI_3_215,RK,"Sran annzɛ anuannzɛ fanunfanun mɔ be si junman di kpa’n, be fali be dunman’n, be nun wie yɛle nvle’m be aɲia nin nvle’m be awa’m be nunfuɛ mun, nvle’m be su kpɛn mun, nvle wie’m be nun jɔlɛ difuɛ mun, fluwa suanfuɛ mun, like klefuɛ nga be kle like wie’m be nun’n, ɔ nin be nga be kwlali laa’n; be nun sunman be fali be fluwa’m be mannin Nɔrvɛzi lɔ depute nin fluwa sifuɛ dandan mun. Be fali sran’m be dunman’n be kɔ mannin Nɔrvɛzi lɔ Komite nga be flɛ i kɛ Nobɛli’n, m’ɔ o Oslo lɔ’n, kpɛ sunman’n, be kan Skandinavi aniɛn’n Nɔrvɛzi, nin Suɛdi, nin Daniɛli aniɛn’n annzɛ Angle nun. Afuɛ nga nun’n, be bo sran’m be dunman klɛlɛ bo Sɛptamblu i le [1] kun afuɛ [2020] akpi nyonn ni ablaun su, kpɛkun be wie Zanvie i le [31]  ablasan ni kun afuɛ [2021]  akpi nyonn ni ablaun ni kun Nɔrvɛzi lɔ dɔ’n su.

Be nga be fali be dunman’n be sieli i nzɔliɛ sɔ’n su’n, be fin ndɛ nga be kannin’n, mɔ be ti Asanble annzɛ Mmla’m be aɲia’m be nunfuɛ mun, nin inivɛsite lɔ like klefuɛ’m be akpasua nga be suan géopolitiki, nin mmla’n, ɔ nin politiki’n be su like’n, nin be nga be ɲannin akatua laa’n, nin jɔlɛ difuɛ nga be si mmla’n i su like kpa’n, ɔ nin afɔtuɛ manfuɛ ngunmin kun’n. ɔ ko mannin Nɔrvɛzi lɔ Komite nga be yili i Nobɛli i lika sɔ’n i liɛ’n. Afuɛ kwlaa nun’n, ndɛ ya kpanngban nga be kan’n, be nun [199]  ya kun ablan’gluan ni n’gluan be sie be ka, naan b’a fa ndɛ’m be nun ndɛ’n b’a, man be nga be nian akatua’n su’n, mɔ be siesie dunman kasiɛn kun m’ɔ ti dunman  [5] nnun annzɛ dunman akpasua nin ninnge nga be ti diplɔmatiki junman kunngba’n i liɛ’n, be listi kasiɛn’n. Kɛ be ko wie akplowa silɛ’n, nin yalɛ kokolɛ’n, ɔ nin vote’m be yo’n, yɛ be fa sran ng’ɔ́ kwlá’n niɔn. Be yi be dunman’n i nglo Oslo klɔ laa’n su lɔ jasin bofuɛ’m be aɲia kun bo. Titi’n, ɔ fata kɛ be fa sran’m be sie i sran’m be ɲrun lele afuɛ [50] ablue’nnu. Be nun sunman be si be siɛn’n, yɛ be bo be su Siti [3] n’san, i li be nga be o afuɛ 1901 nin 1955 be afiɛn’n Site 4. Kɛ be yili listi sɔ’m be nun wie’m be nglo kleli zronali’m be nunfuɛ mun’n, e kwla wunnin i wlɛ kɛ afuɛ 1939 nun’n, Erik Brandt, m’ɔ ti sran kun’n, yɛ ɔ fali Adolf Hitler sieli i junman’n su blɛ wie nun ɔn. membre du Parlement suédois, avant que le dernier reversé son décision quelques jours après5,Site 5. Be fali ndɛ uflɛ wie mɔ be ti kɛ ngalɛ sa’n be ko mannin Komite’n kɛ . Benito Mussolini (afuɛ 1935 nun) nin Zozɛfu Stalin (afuɛ 1945 nin 1948 nun)Lika 6. Afuɛ 2018 nun’n, OTAN i su kpɛn laa’n, mɔ be flɛ i kɛ Anders Fogh Rasmussen’n, ɔ o “sran mɔcuɛ lele blu” nga be buli be kɛ bé trán Nobɛli komite6 nun’n, be nun.",bau,unknown,train,Baoulé,Google WaxalNLP
bau_JH_JH_BCI_1_12B,JH,Oka nɛ ɔ yo mɔ ɛrɛ ba non.,bau,unknown,train,Baoulé,Google WaxalNLP
bau_RK_RK_BCI_1_61,RK,"Kɔn'guɛ afiɛn kpa buniɛn nu arɛ wa fita dan kpa, angban i tulɛ fɛ i tiwa lɔ fakɔ via atɔliɛ lɔ dɔ [6km/h] kun kilometri n'siɛn sangɛ n'zue su tɔman.",bau,unknown,train,Baoulé,Google WaxalNLP
bau_JH_JH_BCI_1_92,JH,Yasoi kun ni bla blunikun [11] be n kɔ wabo.,bau,unknown,train,Baoulé,Google WaxalNLP
bau_RK_RK_BCI_1_12b,RK,Ajua wa lolo i sima kan'n.,bau,unknown,train,Baoulé,Google WaxalNLP
bau_KK_KK_BCI_1_44,KK,"Andɛ cɛn liɛ, via n'ne bo, lika kusu do lee degle abla'un. Kɛ be se kɛ, via ya jran e ti afiɛn, degle waa si'n abla'unnikun su. Lika i san lɛ su, fɔn'vɔ waa fa lika, nzue waa pkɛnkpɛn kɛn, sangɛ ɔ su tɔ man.",bau,unknown,train,Baoulé,Google WaxalNLP
bau_JK_JK_BCI_1_86,JK,Mont nimba yɔti Cote d'Ivoire oka n'gloglo nion.,bau,unknown,train,Baoulé,Google WaxalNLP
bau_KK_KK_BCI_1_33b,KK,Ndɛ via bo dan kpa.,bau,unknown,train,Baoulé,Google WaxalNLP
bau_KK_KK_BCI_2_185,KK,"Kɛ OIF  i afuɛ nuan anyia yoli afuɛ akpi nnyon ni abla'n ni kun [2021] nun Djerba lɔ, be fali Louise Mushikiwabo kɛ OIF i fluwa klɛfuɛ dan sa ekun.",bau,unknown,train,Baoulé,Google WaxalNLP
bau_RK_RK_BCI_4_229,RK,"Sosiolozi sosiali sikoloji  yɛlɛ  like nga be yo i sran’m be afiɛn’n, i nu. Be kwla se kɛ lika sɔ'n, ɔ nanti ""sociolojiki miniaturisme"" su, ɔ nian sran'm be kwlaa be nun, ɔ fa sran kun i akunndan nin i awlɛn su like suanlɛ'n, ɔ nin sran akpasua kanngan'm be ayeliɛ'n. Like kun m’ɔ ti sicolojiki  sociolojisti'n  be cinnjin kpa’n, yɛle wafa nga be kwla yiyi sran’m be su ndɛ fanunfanun’m be nun’n, ɔ nin be nzuɛn’n,  sran’m be afiɛn ndɛnngan’n nun’n. I sɔ ndɛ cinnjin wie mun yɛle sran’m be afiɛn ndɛnngan’n,  sran’m be wun akunndan tɛ bulɛ’n, sran’m be wun sacilɛ’n, sran’m be wunlɛ’n, sran’m be ayeliɛ’n, sran’m be kacilɛ’n, sran’m be ayeliɛ ng’ɔ timan ndɛ’n, sran’m be afiɛn tranlɛ’n, sran’m be afiɛn ndɛnngan’n, sran’m be su kpɛnlɛ’n nin sran’m be wunmiɛn lolɛ’n. Be kwla kle sran’m be akunndan bulɛ wafa’n i su like, kpɛkun be fa be ɲin sie i akunndan bulɛ wafa’n su.  Socioloji nun’n, like suanfuɛ nga be di junman sɔ’n, be yɛ be fa like suanlɛ wafa’n be di junman kpa’n niɔn (sanngɛ, kɛ be wiengu sicoloji’m be sa’n, be fa wafa uflɛ wie mun ekun be di junman kpɛ sunman). Sociali sycoloji'n ti sran’m be like nga be kwla yo’n, ɔ nin wafa nga sran’m be wun ninnge mun’n, ɔ nin wafa nga be nin sran’m be tran’n, be ndɛ.",bau,unknown,train,Baoulé,Google WaxalNLP
bau_JK_JK_BCI_2_100,JK,"M'mla [15] blu ni unun: Ɔ fata kɛ sran kwlakwla be nyan be nvle i nzɔliɛ.
Be kwla buman  sranfi lufle be de man i nvle i nzɔliɛ, anzɛ be kwla kaki men be nvle i nzɔliɛ.",bau,unknown,train,Baoulé,Google WaxalNLP
bau_JK_JK_BCI_2_208,JK,Wafa sɛ yɛ amun fa  kulɛri ɔclɛ a mun fa yo amusua i clanman ɔ?,bau,unknown,train,Baoulé,Google WaxalNLP
bau_JH_JH_BCI_1_28B,JH,M'mla me n'kɔ wabo monnin djin.,bau,unknown,train,Baoulé,Google WaxalNLP
bau_JH_JH_BCI_2_157,JH,Yamusuklɔ lɔ yɛ be kplan Notre-Dame de la Paix i sua’n niɔn.,bau,unknown,train,Baoulé,Google WaxalNLP
bau_JH_JH_BCI_5_252,JH,"Dadafuɛnu cɛn kun’n, nnan’m me kluaa be yiali ɛsui i sua nun lɔ. Kɛ aɛsui ɔ lafi’n, suɛ’n lualuali blo adoi kaan’n kɛ ɔ fa ɛsui’n i nzɔliɛ nigne’n fa tɛtɛ jrɔkɔ kun. Be fali gnanman cicili ɛsui kɔkun be cicili ijre kun nun.

Kɛ ɛsui’n tinngeli m’ɔ wunnin kɛ ba cici, ɔ fali ya dan kpa. Ɔ flɛli nnɛn’m be kluaa, kɔkun ɔ seli be kɛ: “?Min mma kpa mun, amun nun beni yɛ ɔ cicili min non?

Nnɛn fi wa seman kɛ ɔ cicli ɛsui’n. Sanngɛ kɛ ɛsui’n bisali blo adoi’n i nnɛ’n, ɔ tɛli i su kɛ: “Min mɔ n ti ɔ wa kpa’n, min ɛ’n cicili wɔ non.
Ɔ maan, blo adoi kaan’n wanndili, kɔkun ɛsui’n kali i ya’n nun.

Daa ni kuo klɛ kun o afɛ dan kun nun kpa yɛ ni i wan ɔ kunnɛ tu kɔ nglo. Nɛsoi kun, ɔ ɔn ni anglo ba yɛ ɔ yɛli i klusu nigne. ɔ seli anglo ba kɛ ɔ kunnɛ kaki kɛ annuman sa nan ɔ tu si nglo lɔ bie. Yɛ anglo ba seli i kɛ kannan a kunnɛ nigne dan dan mu, ɔ fata kɛ ɔ i yi wafa ngna ɛ ti dɔgna su sa. Sangɛ, kuo klɛ mɛ i i su ti kekle kpa nan tɛman nnɛ ngna n’srama kankle li i su. 
Kɛ i aliɛ cinin, kuo klɛ i wan ɔ fu baka sama kun su nan ɔ kɔ gnamiɛn sulɔ. Yɛ kɛ ɔ soteli, ɔ toli n’zue nin. Kɔ e li sɔ, ɔ gnuli kɛ i wawɛ ngna ɔ fitr nzue nun. Yɛ ɔ seli kɛ, ɔn gno afɛnun sangɛ ɔ ti klanman kpa. Yɛ kuo klɛ gnunin kɛ i aklujuɛ gno i gnru lɛ, i ima su lɛ yɛ ni ɔ ɔn kunnɛ i gnanmiɛn sulɔ non. E fa sie e tinu kɛ kannan e a kunnɛ nigne uflɛ, man e klo ngna e lɛ i daa ka.",bau,unknown,train,Baoulé,Google WaxalNLP
bau_RK_RK_BCI_1_66,RK,Be cɛ abluesiɛn nu nyonn ɔ yo ablasan.,bau,unknown,train,Baoulé,Google WaxalNLP
bau_KK_KK_BCI_1_53,KK,"Andɛ aliɛ ba lɛ nu, awungban vɛɛ fita nglɛnmu lee fa ju ndɔsua. Via ni bo man, lika nu jɔ fɔ'n.",bau,unknown,train,Baoulé,Google WaxalNLP
bau_JH_JH_BCI_1_30A,JH,Bana blowa m'ma [6] n'siɛn ɔ ni i soi.,bau,unknown,train,Baoulé,Google WaxalNLP
bau_JH_JH_BCI_1_39A,JH,Kakaa nan di manku lele wa fiti i klu.,bau,unknown,train,Baoulé,Google WaxalNLP
bau_KK_KK_BCI_1_37a,KK,Nanni kpanngɔ wa bo je.,bau,unknown,train,Baoulé,Google WaxalNLP
bau_RK_RK_BCI_4_237,RK,"Afuɛ akpi nyonn ni ablɛun ni n'san [2023] nun nvle’m be nvle’m be alɛ’n, mɔ be flɛ i kpe kan kɛ CAN akpi nyonn ablaun ni n'san, mɔ be flɛ i kɛ TotalEnergies akpi nyonn ablaun ni n'san[2023]  nvle’m be afiɛn alɛ’n, ɔ ti nvle’m be nvle’m be alɛ’n i afuɛ nɲɔn kwlaa nun’n, i kpɛ ablasan ɔ ni n'nann [34 ]su’n, mɔ Football of African anuannzɛ’m be siesie’n. Côte d'Ivoire lɔ yɛ ɔ sɔli i nun kpɛ nɲɔn su ɔ, yɛ kɛ ɔ fɛ i afuɛ akpi kun ya n'gluan ni ablemɔcuɛ ni n'nann[1984] nun’n, ɔ sɔli i nun kpɛ klikli’n3.",bau,unknown,train,Baoulé,Google WaxalNLP
bau_JK_JK_BCI_2_204,JK,"Angbɔ nun’n, blɛ sunman nun’n, afuɛ uflɛ nun ajalɛ nga be fan, be yɛ be koko be su yalɛ dan ɔn.",bau,unknown,train,Baoulé,Google WaxalNLP
bau_JH_JH_BCI_1_39B,JH,Srɛ kun o pɔmu i klu.,bau,unknown,train,Baoulé,Google WaxalNLP
bau_RK_RK_BCI_4_224,RK,"Robɛr Boyili  [kɔ fɛi afuɛ akpi ku ya n'siɛn ablaun ni n'so bɔ faju akpi n'siɛn ya ablaun'nglan ni ku'n], Anglo-Irlandais n'ga ti like sifuɛ, chimiste, physicien, ɔni like uflɛ yifuɛ, ɔti fluwa sifuɛ klikli n'ga be suanli sran wafa'm be su like. Bɔle lafilɛ  like nga andɛ be flɛ i kɛ monogenisme’n su, yɛle kɛ kannzɛ sran’m be kwlaa be ti fanunfanun sɛ’n, sanngɛ be fin lika kunngba’n nun: Adam nin Ɛvu. Ɔ niannin siɛ nin niɛn nga be wuli ba albino mɔ be wunnɛn’n ti fanunfanun’n, be su ndɛ nga be kannin’n be nun, i sɔ’n ti’n, ɔ seli kɛ i bo bolɛ nun’n, Adam nin Ɛvu be ti blɔfuɛ, naan blɔfuɛ’m be kwla wu ba mɔ be wunnɛn’n ti fanunfanun’n. Robert Hooke nin Isaac Newton be ndɛ nga be kannin’n, ɔ nin kpajalɛ’n be su ndɛ’n, Robert Boyle fali be ɔli polizɛnisi ndɛ’m be su wie, ɔ seli kɛ atrɛkpa’n, wafa nga be ti fanunfanun’n, ɔ fin ""impressions seminaires "". Sanngɛ, Bɔle i fluwa’m be kle kɛ i blɛ su’n, “Erɔpufuɛ’m be ɲinma’m be liɛ’n,” nán be wunnɛn’n i wafa’n yɛ be fa sunnzun sran’n i klanman’n niɔn, sanngɛ be nian “be wunnɛn’n i lika wie’m be klanman’n, ɔ nin be ɲrun’n i wafa kpa’n” be su. Fluwa sifuɛ dandan'm be nun sunman be fali i akunndan'n be sieli i nzɔliɛ kɛ ""ɔ kle sran yalɛ"" annzɛ ""ɔ yo sran'm be fɛ"".",bau,unknown,train,Baoulé,Google WaxalNLP
bau_JK_JK_BCI_1_83,JK,Ba yasua n'san sun be flɛ yi isan.,bau,unknown,train,Baoulé,Google WaxalNLP
bau_KK_KK_BCI_1_93,KK,"Abɛnglu klɔ kpɛn nga be sua tɛkɛ i ase ananya anglo nga nu, ti Abɛnglu klɔ kpɛn i abla'n ni nnyon su.",bau,unknown,train,Baoulé,Google WaxalNLP
bau_JK_JK_BCI_1_62,JK,Be fa kun be faa ukɛ yi n'gnon sun ɔ yo n'san,bau,unknown,train,Baoulé,Google WaxalNLP
bau_RK_RK_BCI_1_3c,RK,N'zralama'n su kpaja dan kpa.,bau,unknown,train,Baoulé,Google WaxalNLP
bau_JH_JH_BCI_1_32A,JH,Kpangɔ klaman ble kpanni kpanni kun dji m'glo nika kun lɛ.,bau,unknown,train,Baoulé,Google WaxalNLP
bau_JH_JH_BCI_2_123,JH,Soubre ti klɔ me nun tindin non sangɛ ɔ ti a dan sɔ yɛ n'zue bo si gɛ. Lɔ diɛ fie di fie difuɛ me sonni lɔ kpa afin lɔ kungba nun ɛ bo ti dan non.,bau,unknown,train,Baoulé,Google WaxalNLP
bau_KK_KK_BCI_2_158,KK,"Yamusuklɔ Ofuɛ i alo i nyru lɛ, be ta lɛgɛ be lɛ. Yɛ, mɛn nu fuɛ sumɛn likɛ kɛ kpɛ be ba be a nian be,",bau,unknown,train,Baoulé,Google WaxalNLP
bau_RK_RK_BCI_2_98,RK,"Like n'ga n'mla n'ga man i wun ati'n, ɔ ti sran klwua be liɛ, ɔ le man sran'm be nun kun, i sran akpasua akpasua, i sran ɔklwɛ o, i sran ble o, i yasua o i bla o, aniɛn wafa wafa mu'n o, i nyanmiɛn sulɛ wafa wafa mu'n o, i mɛn i tingelɛ akpasua akpasua mu'n o, anzɛ sunzunlɛ wafa wie, bɔ fi'n nvle i ti su o anzɛ klɔ sran'm be nun o, bɔ fi'n anyanbeun'n, bɔ fi'n auliɛ, anzɛ bɔ fi'n sa wafa wie. Kpɛkun n'gbaciɛ fi su tran man wafa n'ga sran kun fa ti'n sielɛ i kplilɛ akpasua akpasua nun, ni n'mla i lika, ni wafa n'ga n'vle kun fa ti'n mɛn wumuan nu, anzɛ asa'n n'ga sran kun fi'n su'n, kanzɛ n'vle sɔ'n di i tianwun o, kanzɛ ɔ o sielɛ ouflɛ bo'o, anzɛ kusu ɔ o sielɛ wie bo tra i liɛ'n i bo'o.",bau,unknown,train,Baoulé,Google WaxalNLP
bau_JK_JK_BCI_2_186,JK,"Côte d’Ivoire lɔ cɛn dilɛ’m be listi’n yɛ ɔ o lɛ 
Zanvie i cɛnba clicli
Août i cɛnba nso su
Ɔktɔblu i cɛnba  blu ni nu
Aïd el-Fitr
Noël
La Toussaint
Ramadan
Pakinu
mƐ i cɛnba clicli
Ascension",bau,unknown,train,Baoulé,Google WaxalNLP
bau_JK_JK_BCI_1_52,JK,"N'dɛ tchinba liɛ, lika wa do yɛ ɔ yɔ degre celsis n'ti ablanan.",bau,unknown,train,Baoulé,Google WaxalNLP
bau_JK_JK_BCI_2_205,JK,"N'glo ti fla be anglo,i nu yɛ be manman be ɔ.",bau,unknown,train,Baoulé,Google WaxalNLP
bau_KK_KK_BCI_1_15c,KK,"Waa wa kpɛn, kodiavie be su di sran be abɔlɛ ekun.",bau,unknown,train,Baoulé,Google WaxalNLP
bau_RK_RK_BCI_1_90,RK,Asiɛ'n yɔ ti nyanmiɛn su planɛti klikli yɔn i sie'n jupitɛri ɔti i nyonn su yɛ venisi'n ɔti i n'gluan su.,bau,unknown,train,Baoulé,Google WaxalNLP
bau_KK_KK_BCI_1_46,KK,"Kɛ ɔ fɛ andɛ mlan cɛn mon ɔ fa ju mlan cɛn ngɔ fa ba lɔ, via wa bo kpa Korogho asa liɛ su. Lika ndo ju degle abla'n ni n'nan nglɛnmunu. Kɛ be se kɛ sɛzɛ nfa tɔ ɔ ju degle ablasan ni kun.  I sɔ blɛ n'ga wa ju yɛ, sran nga be di tomati fie, gbɔlu fie, nigema fie ɔ ni nzunizumu be gua be nige be su nzue dɔ kluaa su. Ekun n'nɛn ta fuɛ mu, blɛ sɔ nya blɛblɛ man bɛ; afi'n nzue jran lɛ baa vie nu, lika wa wu kee. Ɔ mɛn tiɔ n'nɛntafuɛmu, be bo ye kun.",bau,unknown,train,Baoulé,Google WaxalNLP
bau_RK_RK_BCI_2_209,RK,"Titi’n, ble nin ufue be yo like klanman kpa kun.",bau,unknown,train,Baoulé,Google WaxalNLP
bau_JH_JH_BCI_1_73,JH,Sɛ e bu ablanimɔjuɛ nu kpeii ɔ ka ablanan.,bau,unknown,train,Baoulé,Google WaxalNLP
bau_JH_JH_BCI_2_105,JH,"M'la [30] ablasan : Be klua seman kɛ n'vle kun, sran akpasua kun, sran kun kluaa di junman bie, annzɛ ɔ klua yo nigne bie m'ɔ klua saci sran'm me aklucuɛ nin be klunklo nigne ng'ɔ o be afiɛn.",bau,unknown,train,Baoulé,Google WaxalNLP
bau_JK_JK_BCI_2_162,JK,Nili’n i ɔ fɛ i tre i Viktɔria nzue ba’n nun ka naan wa tɔ Mɛditerane jenvie’n nun.,bau,unknown,train,Baoulé,Google WaxalNLP
bau_RK_RK_BCI_1_14b,RK,Sran ba ya lika kun.,bau,unknown,train,Baoulé,Google WaxalNLP
bau_JK_JK_BCI_2_144,JK,"Kɛ Robert Guéï fali famiɛn dilɛ’n afuɛ 1999 nun’n, ɔ fali Côte d’Ivoire i nrun politiki nun kɛ be fuanni Bɛdiɛ.",bau,unknown,train,Baoulé,Google WaxalNLP
bau_RK_RK_BCI_2_109,RK,"Sɛ amun waan amún fíte Gagnoa lɔ bé kɔ́ Sinfra’n, amun bo i bo  natiɔnali nyon [N2]  m’ɔ fin Gagnoa klɔ’n i afiɛn lɔ’n, m’ɔ kɔ wia afiliɛ lɔ’n su. Amun sin atin dan sɔ’n su trele lele kilo kɔe ablanan [40], amun sin klɔ kpanngban be su. Kɛ amun jaso Gagnoa lɔ’n, kɛ amun ju atin’n i nuan lɛ’n, amun kpɛ amun sin be fama su naan amun ka natiɔnali nyonn [ N2], Sinfra su. Amun fa atin’n i bue ng’ɔ o wia afiliɛ lɔ’n su lele kilo kɔe  ablaun [20]. Kɛ amún mántan Sinfra’n, atin’n ti nun, amun fa amun sa fama su naan amun wlu klɔ’n nun, lɔ yɛ amún jú klɔ’n i afiɛn lɔ’n niɔn, amún fá nzɔliɛ like’m be su. Kɛ be fa loto’m be sin lika’n, ɔ di dɔ kɔe kun [1 ]lele dɔ kun ni si'n [1,5].",bau,unknown,train,Baoulé,Google WaxalNLP
bau_KK_KK_BCI_2_159,KK,"Asi ni klɔ, wo nzue nuan, yɛ sikafuɛ nga be kundɛ wummiɛn dolɛ, be kɔ lɔ.",bau,unknown,train,Baoulé,Google WaxalNLP
bau_JK_JK_BCI_1_91,JK,Blo aklala yɔti asiɛsun nɛn klikli n'gɔ won'di n'dɛdɛ ɔ.,bau,unknown,train,Baoulé,Google WaxalNLP
bau_RK_RK_BCI_1_21c,RK,Afue ɔ su kɔ yo i amango be atɛ guabo lɔ.,bau,unknown,train,Baoulé,Google WaxalNLP
bau_KK_KK_BCI_2_196,KK,"Asɔnufuɛ be annya, ti anglo ngɔ balɔ i le blu ni nsan su.",bau,unknown,train,Baoulé,Google WaxalNLP
bau_JH_JH_BCI_2_170,JH,"Be klua yo akɔ kedjenu, be faman n'zue be guaman nun.",bau,unknown,train,Baoulé,Google WaxalNLP
bau_JH_JH_BCI_1_52,JH,Be wan lika ne djin m'dɛ kpa. Anɛ n'zuɛ ne tɔ yɛ nika ne yo mlanmlanmlan kpa. Nika ne yo mlanmlanmlan lele ɔ fa  ju degre ablam'glan sangɛ nwue kun sa kla kaman assiɛ.,bau,unknown,train,Baoulé,Google WaxalNLP
bau_RK_RK_BCI_2_141,RK,"Félix Houphouët-Boigny, Républiki i kpɛnngbɛn klikli [1960-1993] afuɛ akpi kun ya n'gluan ni abluesiɛn faju afuɛ akpi kun ya n'gluan ablan'gluan ni n'san , Anri Konan Bɛdiɛ, kpɛnngbɛn afuɛ [1993] [1999] akpi kun ya n'gluan ni ablan'gluan ni n'san lele afuɛ akpi kun ya n'gluan ni ablan'gluan ni n'gluan , Robert Guéï, nvle kpɛnngbɛn kɛ ɔfɛi afuɛ  [1999] akpi kun ya n'gluan ni ablan'gluan nun’n, be fali awa’n, Laurent Gbagbo, kpɛnngbɛn afuɛ  [2000] akpi nyɔn faju [2011] akpi nyɔn ni blu ni kun nun. Alasan Uatara, ɔ ti nvle siefuɛ kɛ ɔ fɛ i afuɛ [2011]  akpi nyɔn ni blu ni kun faju andɛ nun’n.",bau,unknown,train,Baoulé,Google WaxalNLP
bau_JK_JK_BCI_2_194,JK,"Nvle’n i sonja’m be cɛn’n, mɔ be di i Konguɛ'nzue i cɛn ba blu ni kun [11] su’n, ɔ yi junman nga Ivoiri sonja’m be di’n i nglo.",bau,unknown,train,Baoulé,Google WaxalNLP
bau_JK_JK_BCI_2_157,JK,"Nimba oka’n wo Gine, nin Côte d’Ivoire, ɔ nin Liberia be afiɛn, ɔ ti oka kun m’ɔ ti i liɛ ngunmin’n i nun.",bau,unknown,train,Baoulé,Google WaxalNLP
bau_RK_RK_BCI_1_14c,RK,Bo i afiɛn lɔ nige ba ya lika kun.,bau,unknown,train,Baoulé,Google WaxalNLP
bau_KK_KK_BCI_1_31a,KK,Ɔda to blabla acasia i sa ma.,bau,unknown,train,Baoulé,Google WaxalNLP
bau_JH_JH_BCI_2_197,JH,Anɛ ti mlan cɛn.,bau,unknown,train,Baoulé,Google WaxalNLP
bau_KK_KK_BCI_1_27a,KK,Avie fuɛ mu be lu li fenɛtri nu.,bau,unknown,train,Baoulé,Google WaxalNLP
bau_JH_JH_BCI_1_43,JH,"E a lu kongue m'zue nu, kɔ fɛ i kissie kɛ nika ne a san, anglo ne fite sangɛ ɔ djɛman su nan wa ko da.",bau,unknown,train,Baoulé,Google WaxalNLP
bau_KK_KK_BCI_2_156,KK,"Abijan ti Cɔt divua nvle i klɔ dan, sran akpi nnun be tran Abijan klɔ su.",bau,unknown,train,Baoulé,Google WaxalNLP
bau_JH_JH_BCI_1_5B,JH,N'srama gno kuklu I afiɛn.,bau,unknown,train,Baoulé,Google WaxalNLP
bau_JH_JH_BCI_1_21C,JH,Bla bie ma ton mankun ɔklɛ tro ni djene.,bau,unknown,train,Baoulé,Google WaxalNLP
bau_KK_KK_BCI_5_246,KK,"Adua kun su tu ovie mun, kpɛkun ɔ wunnin sika gualɛ kun. Ɔ ni an wunman sika ɔkluɛ kpanngban sɔ le! I klun jɔli dan ti, i lua fili aliɛ dilɛ su. Ɔ tranni’n lɛ, ɔ nianni’n sika gualuɛ nun, ɔ su lafi ninnge kwlaa ngɔ klua fa to be mu.

Cɛn kun, asri kun jrali, ɔ wunnin kɛ adua ti lɛ. “? Nguɛ yɛ ɔ o ɔ su ɔ?” ɔ usali adua i sɔ. “? Nguɛ ti yɛ a diman like nion?”

Adua tɛli i su kɛ: “Mi sa o mi sika i lika nianlɛ su dan.” “N klua diman like lele saan ma nian naan sran fi wa wuaman.”

Ɔ seli kɛ: “Sanngɛ sɛ amun diman like, awue waa kun amun.” “? Ɔ maan ngue yɛ be fa amun anyanbeun ninnge be yo ɔ?”

Adua wa tieman asri i ndɛ’n. Ɔ nianni i sika su titi sa ngbɛn. Yɛ nanluɛ, kɛ cɛn kan sinni, awe kunni i.

Ɔ ti su kɛ asri i ndɛ ti su. Adua i konvi kpli yɛ ɔ kunni i ɔ. Ɔ fɛli i nyi sieli i anyanbeunfuɛ be su dan ti, i lua fili like cinnjin kpafuɛ su: ɔ fata kɛ ɔ di aliɛ.

Ndɛ sɔ i bo yɛle kɛ, ɔ ti cinnjin kɛ like nga amun le i, a mu fɛ sɔ. Nan amun kluo i tra su, sɛ ɔ timan sɔ, amun vie kɛ adua sa.",bau,unknown,train,Baoulé,Google WaxalNLP
bau_KK_KK_BCI_2_106,KK,"Sɛ amu wo Buake ati'n nga ɔ kɔ abijan, naan amu wan amu kɔ justisi lɔ. Amu faa akpɔ i trelee, i nyrun lɔ feu ruzu kun ɔ wo lɛ, kɛ amu ju lɛ, amu kpaci bɛ su, amango waka vie bewo lɛ, be ntun lɛ kan sika sua kun wo lɛ, i si'n lɛ suklu kun ɛo lɛ. Amu fa i trelee, yɛ amu kpa fama su justisi sua wo lɛ.",bau,unknown,train,Baoulé,Google WaxalNLP
bau_KK_KK_BCI_2_142,KK,Hufue Buanyi yɛ ti Cɔt d'Ivua nvle i sun klɔ kpɛn klikli nion.,bau,unknown,train,Baoulé,Google WaxalNLP
bau_JK_JK_BCI_4_238,JK,"Komoé nzue ba’n ti nzue ba dan kpa kun Afrique de l’Ouest lɔ, ɔ sin Burkina Faso nin Côte d’Ivoire be ngnɔn’n be nun. I su ndɛ kinnjin vie mun yɛ. Ɔ ti nzue ba tinnin kpa. Ɔ fin “Sikaso oka’n” m’ɔ o Burkina Faso lɔ’n i nun. Nzue sɔ’n sin nglo lɔ lika’n nun, kpɛkun ɔ sin jenvie’n nun lɔ Côte d’Ivoire lɔ.
Komoe sin waka kpanngban be nun ɔ man waka kpanngban be nguan. Fiesusue kaka me di avie, banana, plantain, cacao n'zue i nuan lɛ
Komoe nzue ba’n ti kinnjin kpa yɛ ɔ ti waka nin nnɛn wafawafa yɛ ɔ man nzue nga be fa gua fie’m be su’n, ɔ nin fie dilɛ junman uflɛ mun.",bau,unknown,train,Baoulé,Google WaxalNLP
bau_JH_JH_BCI_1_28A,JH,Kpanflin ni i i be'n kɔ klɔ.,bau,unknown,train,Baoulé,Google WaxalNLP
bau_JH_JH_BCI_1_37A,JH,Nanni kpangnɔ fi be soi nɔ wa fite kɔkun ɔ wandi kɔ..,bau,unknown,train,Baoulé,Google WaxalNLP
bau_JH_JH_BCI_2_111,JH,"Sɛ amun waan amún fíte Abidjan lɔ nan ame  kɔ Yamoussoukro’n, amun bo i bo kɛ ame ko loto jranlɛ kun mɔ o Adjamé naan amun ɔ jua tɔlɛ lɔ. Ɔ fa dɔ kɔe kɔye n’san atin nga be flɛ i kɛ Autoroute du Nord su. Kɛ amun ko ju Yamoussoukro lɔ’n, amun fa taksi annzɛ loto naan ame a ju klɔ’n i afiɛn lɔ.",bau,unknown,train,Baoulé,Google WaxalNLP
bau_RK_RK_BCI_1_34b,RK,Aba ɔ ni alua be su wandi kɔ blo.,bau,unknown,train,Baoulé,Google WaxalNLP
bau_RK_RK_BCI_2_167,RK,"?Klɔ benin su yɛ E Aujuɛ Bla  i sua’n wo ɔ?
Basiliki nga be flɛ i kɛ E Aujuɛ Bla, ɔ o Yamusoklɔ m’ɔ ti Ivoiri nvle i politiki klɔ dan’n su lɔ.",bau,unknown,train,Baoulé,Google WaxalNLP
bau_KK_KK_BCI_1_95,KK,"Ajua ni Asamua be wu ba blu ni nso, i clicli su wa ka man. Be nga be ka lɛ be nsiɛn su bo balon.",bau,unknown,train,Baoulé,Google WaxalNLP
bau_KK_KK_BCI_5_252,KK,"Cɛn kun, nnɛn be kwlaa be yiali asɔmɔli i kunman nun. Kɛ asɔmɔli lafi, blo adua wlawlali suɛ kaan kɛ ɔ fa asɔmɔli i nzɔliɛ like fa tɛtɛ jrɔkɔ kun. Be cicili nyanman i bue kun asɔmɔli i dua, kpɛkun i bue kun cicili ijre kun nun.

Kɛ asɔmɔli’n tinngeli m’ɔ wunnin kɛ b’a cici i’n, ɔ fali ya dan kpa. Ɔ flɛli nnɛn’m be kwlaa, kpɛkun ɔ seli be kɛ: “? Min mma kpa mun, amun nun onin yɛ ɔ cicili min-ɔn? 

Nnɛn fi wa seman kɛ ɔ cici jra. Sanngɛ kɛ jra usali suɛ kaan i kosan, ɔ tɛli i su kɛ: “Mi mɔ n ti ɔ wa kpa, n cici wɔ. 

Assomoli fali ya dan kpa, ɔ maan ɔ nyangili nyanman, kpɛkun ɔ fuanni suɛ kaan. Sanngɛ Blo adua seli kɛ: “Mi wa, a ti suɛ mɔ ti kploun i wa. Be su traman amun le. 

Ɔ maan, suɛ kaan wanndili, kpɛkun jra kali i ya nun.

Nzue’n i miziki’n
Cɛn kun’n, ba yasua kun mɔ be flɛ i kɛ Kofi’n, ɔ wunnin laa trɔ kun yɔbuɛ kun m’ɔ fiali’n i nun. Kɛ ɔ boli i’n, ɔ wunnin i wlɛ kɛ ɔ kwla yo maan nzue tɔ, yɛ ɔ ti like cinnjin kpa blɛ mɔ lika’n ti mlanwa’n nun. Klɔ’n su tɔli nzue dan kpa, yɛ Kofi nin i trɔ’n ti’n, nzue’n tɔli ekun, ɔ deli fie nin nnɛn mun. Sanngɛ Kofi liɛ’n, ɔ suannin like ng’ɔ le i’n i falɛ’n i su like kan, afin ɔ wunnin i wlɛ kɛ ninnge nga be o lɛ’n, be le be bɔbɔ be wunmiɛn’n, naan ɔ fataman kɛ ɔ fa be yo like tɛ. Ndɛ sɔ’n kle kɛ like nga be fa cɛ sran’n, ɔ nin junman wie’m be o nun, naan ɔ fata kɛ be fa be di junman ngwlɛlɛ su naan sran kwlaa w’a yo ye.",bau,unknown,train,Baoulé,Google WaxalNLP
bau_KK_KK_BCI_2_180,KK,"Kosan: ?Aniɛn be ni mu hɛin be ta agba liɛ i di ɔ?

I su tɛlɛ: Aniɛn nga be di agba i dan yɛlɛ wobɛ mu.",bau,unknown,train,Baoulé,Google WaxalNLP
bau_KK_KK_BCI_1_12c,KK,Klɔ kpɛn I janufuɛ ba ya waka dan bo lɔ.,bau,unknown,train,Baoulé,Google WaxalNLP
bau_JK_JK_BCI_3_221,JK,"Basketbali annzɛ basketbɔlu (duman ɔ fiin Aglɛ nun’n) ɔ ti sipɔr wafa kun mɔ bue ngnon, bue kun sran nnun bue kun sran nnun be pkli poku. Ɔ fata kɛ be fa be sa be tra balɔn’n. Nga be kundɛ yɛle kɛ,  be fa balɔn’n be wlɛ i be wiengu’m be filet i nun, m’ɔ ti mɛtri nsan ni bue nnun [3.05] i nglon'glo. I sɔ’n ti yɛ sran nga be ti tɛnndɛn kpa’n be yɛ be bo baskɛti’n niɔn.

Kanada lɔ sran kun m’ɔ kle sran’m be wunnɛn kplolɛ like’n, mɔ be flɛ i kɛ Zaki Naismiti’n, yɛ ɔ yili ngowa kanlɛ sɔ’n afuɛ 1891 Desanblu nun.

Yɛ wafa nga be jili basketbɔlu’n, mɔ andɛ’n, i nun matchi be di miniti ablanan [40] (blɛ nnan mɔ i nun kun di miniti blu [10]).Sɛnkɛ,  Amlɛnkɛn’m be lɔ basketbɔlu tolɛ anuannzɛ’n (NBA) i ligue’n yɛ ɔ diman isɔ mmla sun ɔ, mɔ yɔ ti pka dan mɛn’n nun’n, lɔ liɛ, be di miniti ablanan ni mɔtchuɛ [48] (blɛ nnan mɔ i nun kun di miniti blu ni ngon[12]). Ɔ fata kɛ e kan kɛ mmla fanunfanun o NBA nin Fédération internationale de basketball (FIBA) mɔ be ti anuannzɛ ng’ɔ nian be wun kpinngbinlɛ sɔ’n su mɛn wunmuan’n nun’n, be afiɛn.

Bii nga be lua i gba cluaclua timan kun, nga be tɛ lua yɛlɛ bi kun nga ɔ ti gnon (bi kungba ɔ ti point ngnon). Kɛ be nga be bo be o ligni ng’ɔ o nglo lɔ’n m’ɔ nin basket’n be afiɛn’n ti nun mɛtri nsian. ablahun ni nnun 6.25 (NBA liɛ’n, ɔ ti mɛtri 7.24) mɔ be kwla lua bii , ɔ ti nsan (nsan). Sanngɛ sɛ be bo tɛ juɛ kun i su kɛ ɔ kɔ lua, i sin’n, ɔ gnan atin nan i kun gba djranlɛ bo fa te i panier nun, sran fi w’a tanndanmɛn i gnrun. I lɛ nun’n, bi nga be mɛnnin i’n, ɔ ti point kunngba .",bau,unknown,train,Baoulé,Google WaxalNLP
bau_RK_RK_BCI_2_178,RK,Lã cɛn dilɛ blɛ nun’n klɔ be su be tɔ duo aliɛ.,bau,unknown,train,Baoulé,Google WaxalNLP
bau_RK_RK_BCI_2_182,RK,"PDCI: Anuazɛ akpasua Ivoiri lɔ– Nvle’n nun politiki anuannzɛ dandan’m be nun kun, Félix Houphouët-Boigny yɛ ɔ takali ɔ.",bau,unknown,train,Baoulé,Google WaxalNLP
bau_KK_KK_BCI_2_193,KK,Kɔmiɛn ti Anyi be nzɔliɛ like.,bau,unknown,train,Baoulé,Google WaxalNLP
bau_KK_KK_BCI_2_98,KK,"Mmla [2] nnyon : Nmla nga be klɛ li man sran be klua klua be ati'n kɛ be ti tinyanfuɛ, sɛ be ti sranle, ɔkluɛ o, bla  o yasua o, anzɛ ku su be ti nvle wafawafa nu fuɛ, be kan aniɛn wafawafa be klua klua be ti sran umian. Ekun, ngbaciɛ su yoman sran be poliki nga be su i su, mmla be su, mɛn nga be tran su ti, sɛ nvle kun wa nyin iti anzɛ kusun ɔ tɛ o kanga dilɛ nu.",bau,unknown,train,Baoulé,Google WaxalNLP
bau_KK_KK_BCI_1_8a,KK,Nyanman wo nzue i ti su.,bau,unknown,train,Baoulé,Google WaxalNLP
bau_RK_RK_BCI_1_23a,RK,Via  wa fite un'glo.,bau,unknown,train,Baoulé,Google WaxalNLP
bau_KK_KK_BCI_2_210,KK,"Ndrɔwa tro nyo fɛ tɛkpa, i tiɛ mon nseli manmi kɛ, cɛn kloa nga ba klɔ, ɔ ton manmi.
plɔplɔma nga Autu kɔ titili nvieli.
Afue, ni Akisi be ngoninu, be nu kun i aflema kpɛ guali.
Kɔkɔti nga be ta be tiwa lɔ sa ba saki jende fie ngɔ wo be kuku i'n lɛ.
Anumansi ye wɔ koa to wa ngbandan nnɔ. 
atendema sata nnyin dan nga ɔ man Baa Kanga i alo'n.
Andɛ anya bo lɔ, klɔ kpɛn seli kɛ man e di amanniɛn, afi'n klɔ kun nga amanniɛn nu man su, klua kɔ mɛn i nyru. 
Ajɔ waka bu tɔli ati'n su lɔ.
Janda aga be boboli, awungban fɛ wɔli kɛ nzue ntɔ.
Atɛma nga afuɛ si'n kun be fa ganni ngua be ti Aleklɔfuɛ be liɛ.
Jo ti ngua like mon, ɔ fata kɛ ye tranu kpa.
Acɛn ni si'n, aviefuɛ nga be trali be, ofuɛn yɛ be fa boli be ɔ.
Taniwufuɛ be fa kloklo yɛ be fa kpɛ jese nion.
 Lalafuɛnu be fa nzalɛ nian be fa bo jese.
Towa nga ɔji abialiɛ su lɔ ti bo wa.
Atungle kondi alie nga kɔ Kanga be mɛn nnɔ.
Via tɔ oka i ti afiɛn lɔ, yɛ i kpajalɛ kaci ɔkluɛ.
Afuɛ be to kakao i kotokun kun Cote d'Ivoire wa, sangɛ Ghana lɔ be to ii kotokun nsan.
Sukluma nga be yɔ gbo su lɔ, be su be nian kun bo tei i gbo nu.
Adɛli klo lika fite wa kpa, kɛ be di like klwaa, ɔ nan tran man alo le.",bau,unknown,train,Baoulé,Google WaxalNLP
bau_JK_JK_BCI_2_161,JK,"Hawaii ti jenvie’n i bue kun m’ɔ o Pacifique jenvie’n i nuan lɔ’n, yɛ oka nga be tu sin’n, ɔ nin jenvie nuan lika klanman’m be ti’n, sran’m be si i kpa.",bau,unknown,train,Baoulé,Google WaxalNLP
bau_JK_JK_BCI_5_243,JK,"Tchin kun’n, gnongonmi kun wunnin djra kplo kun mɔ koniɛn difuɛ’m be yakili i lɛ naan via’n ɔ bo sun. Ɔ guali i, kpɛkun ɔ fali i clɔ atiin . sran be wumuan baa tɔ i nun. Tchin kun sɔ ,sran o  n'nen o be n'pka cluaa be clu djɔli i un.Acludjuɛ sɔ nun ,yɛ ɔ idjɔ kecle ɔ yɛ sran be gba be wunni  ,  yɛ i sun pkinnpkin ɔ muge i unɔ pkɔkun ɔ pkakili i gninnun keclepka ɔni i clu ɔ wa titi.Kɛ ɔ yoli kan pkoclo munge i unɔ yɛ ɔ seli i kɛ: “Ah, ɔ nɛn’n ti’n, n si wɔ.",bau,unknown,train,Baoulé,Google WaxalNLP
bau_JH_JH_BCI_1_11C,JH,E timan sɛsɛ man n'gna nun.,bau,unknown,train,Baoulé,Google WaxalNLP
bau_JH_JH_BCI_1_13C,JH,I aklunjɛ nan mli.,bau,unknown,train,Baoulé,Google WaxalNLP
bau_JK_JK_BCI_4_237,JK,"Sa nga be juli Côte d’Ivoire lɔ’n, be nun kun yɛle nyin kekle nga be yoli i Abɛ lɔ’n. Ɔ ti sran’m be jasolɛ dan kpa Côte d’Ivoire lɔ afuɛ ya kpɔlɛ ablaɔn[20] i bo bolɛ nun. Nvle nga be flɛ be kɛ Abɛ’n, be ti sran akpasua kun m’ɔ o Côte d’Ivoire i nglo lɔ lika’n nun’n, yɛ be si kɛ be jrannin nvle’n i sielɛ’n i nrun kekle kpa ɔ. Be nyin kekle yolɛ’n i bo’n yɛle kɛ be kunndɛ kɛ be kakiman be nzuɛn’n, naan be di be bɔbɔ be ti.

Ɲannzuɛn sɔ’n yoli afuɛ blu nun. Kɛ mɛn siefuɛ’m be kunndɛli kɛ be fa lapo be man sran mun naan be nían Abɛfuɛ’m be su’n, yɛ ɔ boli i bo ɔ. Abɛfuɛ mun mɔ lɔ kpɛnngbɛn’m be sie be’n, be jrannin ninnge sɔ’m be nrun kekle. Be fali ngwlɛlɛ fanunfanun, kɛ be sakili ninnge mun’n, be tuli be siefuɛ’m be su, yɛ be kplinnin su kɛ be nantiman be siefuɛ’m be mmla’m be su.
Nyannzuɛn sɔ’n deli be nzuɛn’n. Blɔfuɛ lɔ kpɛnngbɛn’m be fali alɛ wlali be sin. Be si kɛ  Abɛ’m be ti sran mɔ be le wunmiɛn’n, yɛ be jran be nzuɛn’n i sin titi.",bau,unknown,train,Baoulé,Google WaxalNLP
bau_RK_RK_BCI_4_227,RK,"Sipɔr yolɛ

Ndɛ cinnjin’n: Sipɔr yolɛ .
Nian ndɛ nga be flɛ i kɛ: Nzɔliɛ like’n, Nán like kwlaa yɛ ɔ kwla yo ɔ, ɔ ti like kunngba cɛ, ɔ nin aeliɛ kpa yolɛ’n .
Sipɔr yolɛ’n ti akunndan kun m’ɔ miɛn i ɲin di i jue’n i kpa’n, ɔ nin i wiengu nin i kpɔfuɛ’m be aɲinyiɛ’n, ɔ nin aeliɛ kpa’n, ɔ nin nanwlɛ dilɛ’n, ɔ nin aklunye yolɛ’n, kɛ be kwla annzɛ be kwla’n. 

Sipɔr yolɛ’n kle kɛ sran kun kunndɛ kɛ ɔ́ dí junman sɔ’n i bɔbɔ i wun. Grantland Rice m’ɔ ti sipɔr zronali klɛfuɛ’n i akunndan nga sran’m be si i kpa’n, ɔ seli kɛ “nán sɛ a kwlali annzɛ a tɔli’n yɛ ɔ ti cinnjin , sanngɛ wafa nga a boli sipɔr’n i bo’n yɛ ɔ ti cinnjin’n niɔn”, ɔ nin andɛ’n, be su ndɛ nga be flɛ i kɛ credo Olympique mɔ i bo bofuɛ Pierre de Coubertin kannin’n: “Like cinnjin kpafuɛ’n. .. nán kɛ be kwla’n, sanngɛ be fa be wun wlɛ i nun” yɛ be fa yi wafa nga be wun yo be’n i nglo titi ɔ. [ɔ fata kɛ be klɛ ndɛ’n]",bau,unknown,train,Baoulé,Google WaxalNLP
bau_RK_RK_BCI_2_186,RK,"Be tilɛ cɛn 
Junman dilɛ cɛn 
Républiki cɛn 
Fɔundi cɛn 
République i nzɔliɛ cɛn’n 
Eid-el-Fitr – Ramadan 
Eid-el-Kebir (Tabaski
Noɛli 
Paki 
Assumption",bau,unknown,train,Baoulé,Google WaxalNLP
bau_RK_RK_BCI_1_21b,RK,Lomi ɔklɔ ɔ yo fɛ kpa.,bau,unknown,train,Baoulé,Google WaxalNLP
bau_RK_RK_BCI_1_8b,RK,Potomo wa ku'n anuman dan [1] kun.,bau,unknown,train,Baoulé,Google WaxalNLP
bau_JH_JH_BCI_1_85,JH,Abedi a lua e bii n'gnon su.,bau,unknown,train,Baoulé,Google WaxalNLP
bau_RK_RK_BCI_3_219,RK,"Ndɛ nga be flɛ i kɛ jasin fɛ bolɛ’n, ɔ kle wafa kwlaa nga be fa cɛcɛ sran’m be nun’n, be fa tru annzɛ be fa kan ndɛ sran’m be afiɛn, be fa kan ndɛ’n sran kpanngban annzɛ be fa kan ndɛ’n, annzɛ ndɛ nga be klɛ’n, annzɛ ndɛ nga be wun i’n, annzɛ ndɛ nga be ti’n, annzɛ ndɛ nga be ti’n (kɛ aladio, televiziɔn, sinema, ɛntɛnɛti, zronali, telekomunikasiɔn, ninnge uflɛ wie mun ekun).  Be fa ndɛ sɔ’n be di junman blɛ sunman nun kɛ Angle nun ndɛ mma mass-media annzɛ mass media blɔfuɛ nun.

Ndɛ nga be flɛ i kɛ mass media’n, ɔ kan jasin bolɛ ninnge nga be truli dan’n, mɔ kɛ sran kpanngban be se kɛ be kan ndɛ’n, be tɛ su ndɛndɛ’n, mɔ blɛ sunman nun’n, be fa be ɲin su yiyilɛ ndɛ’n be uka su’n, be ndɛ. Be nga be flɛ be kɛ zronali klɛfuɛ’m be dan lika be fa zronali klɛfuɛ nin be ɲin su yiyilɛ junman difuɛ mun be di junman. Be dun mmua fa ndɛ’m be fin ndɛ’m be nun, be nian naan ndɛ’m be sasalɛ’n w’a yo kpa, i sɔ’n ti’n, be kwla ɲan ndɛ tiefuɛ, kpɛkun i nɲɔn su’n, be fa ndɛ’m be atɛ yolɛ’n be fa bo be ndɛ tiefuɛ’m be ɲrun. I sin’n, be fali telefɔnu nun ninnge’m be atɛ yolɛ’n nin fluwa nga be bo jasin fɛ’n, mɔ be bo jasin fɛ’n nin jasin fɛ’n be ngunmin’n, be bu be kɛ jasin bofuɛ mun sa wie .

Kɛ afuɛ 1990 nun’n, ɛntɛnɛti’n fiteli’n, zronali’m be nun ndɛ’m be sɔnnin kpa ɛntɛnɛti su. Nanwlɛ, zronali klɛfuɛ’m be kunndɛli kɛ bé yó blɛ uflɛ sɔ’n i nunfuɛ, afin be yili be zronali’m be nun ndɛ’m be ɛntɛnɛti su, sanngɛ nán ɛntɛnɛti su jasin bofuɛ’m be ngunmin yɛ be yi jasin fɛ’n ɛntɛnɛti su ɔ, infomediaires, blogs nin interneti sites natives be o lɛ wie.

I sɔ ndɛ fanunfanun’m be kle wafa nga be fa sa nga be ju dɔ nga su’n be di junman’n, ɔ nin be ndɛ nga be klɛli’n, mɔ be ti nzɔliɛ kpa ndɛ akpasua nga be kan politiki nun sa nga be ju dɔ nga su’n be ndɛ’n be nun’n, be nun’n, ndɛ sɔ’n ti ndɛnngan ndɛnngan. Ɔ le wafa nga be fa jasin fɛ’m be di junman ɛntɛnɛti su’n, afin nán jasin fɛ’m be kwlaa be le wafa kunngba’n mɔ be fa kle be akunndan’n ndɛ nga be kan be ndɛ’n be su ɔ. Ɛntɛnɛti su jasin fɛ bolɛ lika kwlaa kplan i bɔbɔ i wunmiɛn’n m’ɔ fin mmla dan annzɛ kaan nga be kpɛli fluwa klɛfuɛ’m be su’n, mɔ i bo’n gua wafawafa’m be su’n:

Be nga be di junman ɛntɛnɛti su’n, ɔ nin be nga be bo jasin fɛ’n mɔ ɔ fata kɛ be nanti mmla nga be sie be zronali klɛlɛ junman’n su’n, be fa sa sɔ’n i su ndɛ nanwlɛ kun. Be kan ndɛ’n i mmuammua lɔ, ɔ yo kɛ be yimɛn i bue fi nglo sa. Sanngɛ, wafa nga be fa ndɛ’m be di junman’n, ɔ kwla yo fanunfanun kpa titre kun nin i wiengu’m be afiɛn, kɛ mɔ zronali klɛfuɛ’m be akpasua’m be le ndɛ kanlɛ kontra’n ti’n. Sanngɛ, be kwla fa ndɛ kanlɛ wafa’m be fa yi zronali klɛfuɛ’n i akunndan’n i nglo ngwlɛlɛ su kpa.
Blɔgu nin ɛntɛnɛti su ɛntɛnɛti adrɛsi’m be le atin be kan be klun ndɛ kpa. Titi’n, be nga be klɛli ɛntɛnɛti adrɛsi sɔ mun’n, be kle kɛ be fali be wun mannin kpa, yɛ be yi i nglo wafa fanunfanun nun.
Stratégies enunciatives nin discursives mɔ ndɛ akpasua’m be klɛfuɛ’m be fali’n, be ti kɛ nga sa (be timan ngboko):

Desɛn nga be yi ndɛ akpasua’m be nglo’n, be kwla bo ndɛ wie mun annzɛ be kwla yoman sɔ wie. Be kwla fa foto’n be di junman kɛ ndɛ akpasua’n i su sunnzun ase sa, ɔ maan ɔ timan ndɛnnganfuɛ annzɛ kusu be kwla fa ndɛ kun be kan kle sran mun annzɛ be kwla fa ndɛ kun be kan ndɛ tɛ.
Blɔgu nin ɛntɛnɛti adrɛsi nga be le atin be kan be klun ndɛ’n, be kplanman be ndɛ’m be wafa nga be fa kan ndɛ’n ɛntɛnɛti su’n sa, be fa ajalɛ wie mun naan b’a kan be klun ndɛ kɛ: ndɛ kpɔlɛ tɛnndɛn nga be fa akplowa’n, mɔ be fa ndɛ kpanngban be siesie be wun’n, be fa ndɛ nga be kan kle sran ng’ɔ kanngan nun’n, ndɛ mma nga be bo’n ti kpa’n (melioratif annzɛ pejoratif) yɛ be si be bɔbɔ. Be sisiman be bo naan b’a kle kɛ be fali be wun wlɛli i nun, naan b’a fa sran klikli’n b’a di junman.
I sɔ’n ti’n, kɛ be se kɛ be fa be ɲin sie i like kun su’n, be fa be ɲin sie i ndɛ’m be su kpa: sɛ ndɛ kun kwla yo maan politikifuɛ’m be fa be ɲin sie su’n, be nga be usali be kosan’n, be falɛ’n ti like kun m’ɔ kle kɛ be fali ajalɛ kun sɛ sran kun . politiki anuannzɛ’n i nunfuɛ’m be sɔnnin tra anuannzɛ uflɛ. Lexique kusu di junman cinnjin kpa kannzɛ bɔbɔ be sunnzun i tra blɔgu nin ɛntɛnɛti adrɛsi nga be o lɔ’n be nun’n.
Sran i nzuɛn’n, ɔ ti sran’n i awlɛn su ninnge mun, ɔ nin i ayeliɛ’n, ɔ nin i nzuɛn’n be bo yo kun. Ɔ suan atin kun mɔ afuɛ ya kpanngban nga ɔ sinnin nun’n be akunndan’m be kle’n su yɛ andɛ bɔbɔ’n, ɔ ti kekle kɛ be ɲan akunndan kun m’ɔ nin suklu mun nin fluwa klɛfuɛ nga be fa di junman’n be akunndan’n be kɔ likawlɛ kpa’n[ɔ timan weiin]. Sɛ ɔ timan sɔ’n, wafa nɲɔn yɛ be fa nian sran’n i nzuɛn’n su ɔ: be flɛ i kɛ type theoriki  nin trɛ theoriki.

I afuɛ blu su’n, etologie kleli kɛ sran wafa’n o nnɛn wie’m be nun (anunman nin nnɛn nga be nɔn nɔn’n be liɛ’n), sran wafa nga, sran kun i ayeliɛ’n ti’n, ɔ yo maan sran kun i junman’n, ɔ nin sran akpasua’n i junman’n, ɔ yo maan mɛn’n nun ninnge’m be yo kpa’n, ɔ nin be ɲrun lɔ ninnge’m be yolɛ’n. kɛ ɔ ko yo naan w’a tran nguan nun’n, kpɛkun i agualiɛ su’n, w’a kaci. Be nga be kunndɛ sa sɔ’m be su like’n, be mian be ɲin be nian nnɛn’m be nzuɛn’n i nuan, i li kɛ be o akpasua dandan annzɛ be akpasua nga be ti kɛ nnɛn kpanngɔ sa’n, nin salamandri, nin jue (sticklebacks), nin nnɛn kpanngɔ mun, ɔ nin nnɛn kpanngɔ mun bɔbɔ’n, naan b’a wun wafa nga sran’m be nzuɛn’n ka lɛ’n i wlɛ kpa (ɔ nin wafa nga . be kwla fa be kɔ lika nga be flɛ i kɛ speciation annzɛ adaptatiɔn phénomɛni), ɔ nin junman nga be kwla di i écoépidémiologi annzɛ ndɛ’m be trulɛ nun’n.

Andɛ’n, akunndan dan ng’ɔ fin sran’n i nzuɛn’n i su aɲinsiɛ fanunfanun’m be nun’n, yɛle kɛ i nzuɛn’m be kwlaa yɛ be ti sran’n i wafa’n niɔn. Ɔ yi like ng’ɔ kle kɛ sran kun kwla yo like’n i nglo: wafa nga be yo ninnge mun’n, ɔ nin wafa nga be yo ninnge mun’n, be tilɛ nin be titilɛ’n, ɔ nin wafa nga be ti’n i bo bolɛ’n nin i nglo yilɛ’n. Ɔ ti sran’n i nun ninnge’m be bo bolɛ lika’n, ɔ ti like kun mɔ be flɛ i kɛ synthɛsi complexi yɛ  évolutionɛ dɛ donne innɛs (gènes) nin ninnge nga be o sran’m be tranwlɛ’n nun’n, ɔ nin lika’n i wunmuan’n nun’n.

Klɔ sran’m be nzuɛn’n i silɛ’n ti ndɛ cinnjin kpa kun m’ɔ fa like ng’ɔ ti kpa’n nin mmla’m be bo nun’n, m’ɔ yi i nglo mmla’m be nun’n, i li anuannzɛ kun m’ɔ yo maan be kwla kan sran’n i ayeliɛ’n i ndɛ’n, ɔ nin fɔnlɛ kan’n, sa ngbɛnngbɛn’m be nun’n, kɛ junman difuɛ sa’n. Ɔ ti sran’n i bɔbɔ i wun silɛ’n i bo bolɛ’n wie.",bau,unknown,train,Baoulé,Google WaxalNLP
bau_JH_JH_BCI_1_14C,JH,Aliɛ nan san.,bau,unknown,train,Baoulé,Google WaxalNLP
bau_RK_RK_BCI_2_175,RK,Abijan lɔ akpɔ’m be su aata difuɛ’m be yo garba atɛ.,bau,unknown,train,Baoulé,Google WaxalNLP
bau_JH_JH_BCI_2_151,JH,"Ballon bo fuɛ beni ɛ kɛ ɛlɛ tɔli afuɛ akpi nin n'siɛn nu i wan be yaki ɛlɛ non?
Didier Drogba yɛ i wan be yaki ɛlɛ non.",bau,unknown,train,Baoulé,Google WaxalNLP
bau_JH_JH_BCI_5_245,JH,"Nzue’n yɛ kuni  boluɛ kun nin bua ba kun mɔ be ɔli nzue ba kunngba’n nun n’zue non wa. Boluɛ’n jrannin nglo lɔ, yɛ bua ba’n jrannin asiɛ’n lu. Boluɛ’n m’ɔ kunnnɛli nigne ng’ɔ kwla yo naan w’a di bua ba’n, ɔ seli kɛ: “?Kɛ ni mi non  nzue’n, nzu ti yɛ ɛ jrannin nzue’n mannin min non?»
Srɛ m’ɔ kunnin bua ba’n ti’n, ɔ seli kɛ: “Sanngɛ n o ɔ sin lɔ. Ɔ fata kɛ nzue’n fin oka’n su lɔ naan w’a ju min wun lɔ.
Ɔ maan, boluɛ’nan lafiman su. Ɔ seli kɛ: “I anglo nsiɛn yɛ, ɛ kannin min n’nɛ tɛ.
Bua ba’n seli kɛ: “Sanngɛ be wuli mi bɔbɔ i anglo nsiɛn ni nian juman!
Boluɛ seli kɛ: “Sɛ ɔ ti sɔ’n, nanluɛ, ɔ si yɛ ɔ kannin mi nnɛ tɛ sɔ mun non. Kɛ ɔ kannin sɔ’n, ɔ tɔli bua ba’n su, kɔkun ɔ dili.
Nnɛ sɔ’n i bo’n yɛle kɛ bie diɛ’n, kannzɛ nigne klua ngna e yo i asiɛ su , sanngɛ sran kun o lɛ titi m’ɔ kunnnɛ nigne ngna ɔ fa yo amun nan wa yo amun  yaya’n kpa. Nan maan sran sɔ’m me yo maan an kan amu’n ase. 
Ye sɛsɛ yɛ jran nigne nga an lafi su’n su.",bau,unknown,train,Baoulé,Google WaxalNLP
bau_KK_KK_BCI_1_13c,KK,"Pandu ɔkluɛ, ni ble be ti amuɛn fuɛ be liɛ.",bau,unknown,train,Baoulé,Google WaxalNLP
bau_KK_KK_BCI_1_34c,KK,Jra fɛ li i ja bui fitili balon.,bau,unknown,train,Baoulé,Google WaxalNLP
bau_JH_JH_BCI_1_49,JH,"Anɛ e yo cɛn kun mɔ nika ne yo kpa dan. Kɛ ɔ fɛ i dɔ mɔcuɛn su lele m'ɔ fa ju dɔ blu ni kun su, ɛjua ne fite. Kɔ fɛ i midi su mɔ ju nɔsua dɔ ongnon. Blɛ sa nun ɛ kla lafi nɛsoi nu dɔ blu su nan m'glinmon dɔ blu ni m'glan a to ɔ bɛ su.",bau,unknown,train,Baoulé,Google WaxalNLP
bau_RK_RK_BCI_1_69,RK,Sɛ be fa nige n'so be fa sie sie nige mɔcuɛ su ɔ yo abluenu ɔ ni n'siɛn.,bau,unknown,train,Baoulé,Google WaxalNLP
bau_JH_JH_BCI_2_144,JH,Allasane Ouattara diɛ ɔ te sie man i dɔ n'gna'n ijɔɛ n'gnasu.,bau,unknown,train,Baoulé,Google WaxalNLP
bau_RK_RK_BCI_1_17c,RK,Yɔbuɛ be sonni kpangban bo nu lɔ.,bau,unknown,train,Baoulé,Google WaxalNLP
bau_KK_KK_BCI_5_240,KK,"Cɛn kun, kɛ jra kun lafilɛ nu, gbekle kan kun boli wanndilɛ bo i su. Jra jasoli, ɔ fɛli i ja dan tiɛli i su kpɛkun ɔ tikeli i aoje dandan be su naan wa mɛn i. Gbekle ba kaan kpanni’n seli kɛ: “Famiɛn, yaci cɛ mi.” Yaki mi wun sa cɛ mi andɛ liɛ, mi wla su fiman su le. ? Wan yɛ ɔ si kɛ cɛn wie lele, a mu sa klua mian mi wun?  Kɛ jra wunni’n kɛ gbekle kwla ukɛ i, ɔ yoli i fɛ dan, ɔ maan ɔ manni’n i ja su, kpɛkun ɔ yacili i nun. Kɛ ɔ cɛli kan’n, aya kun trali jra, kpɛkun koniɛnfuɛmu nga be kunndɛ kɛ be fa i fa kɔ famiɛn i wun lɔ blɛ nga ɔtɛ o nguan nun, be cici i waka kun su, kpɛkun be ɔli nnɛn kpanngɔ kunndɛlɛ naan wa fa i yɔ. I lɛ nun, gbekle kaan si’n ni lɛ, kpɛkun kɛ ɔ wunni’n sa kekle nga jra wo nu, ɔ mantanni i, kpɛkun wa cɛman yɛ ɔ nyangi nyanman nga be fa cici nnɛn’m be famiɛn nion. “? Nan ndɛ nanwlɛ yɛ n’kanni on?  gbekle ba seli sɔ.

Kplo'n ni Klo'n
Blɛ kun nun’n, Baoulé klɔ kun su lɔ’n, nnɛn kpanngɔ kun m’ɔ ti ngwlɛlɛfuɛ kpa’n, ɔ nin nnɛn kpanngɔ kun m’ɔ ti ngwlɛlɛfuɛ kpa’n, be trannin lɛ. Cɛn kun, nnɛn kpanngɔ’n seli nnɛn kpanngɔ’n kɛ: ""Maan e yo wanndilɛ, yɛ sran kwlaa ng’ɔ́ dún mmua jú waka ng’ɔ ti sanwun’n i wun lɔ’n, ɔ́ ɲán waka mma kun!"" Klɔklɔ’n kplinnin ndɛ sɔ’n su. Kɛ mɔ nnɛn’n lafili su kɛ ɔ́ kwlá ndɛndɛ’n ti’n, ɔ boli wanndilɛ bo ninndɛ kpa. Klɔklɔ’n liɛ’n, ɔ nantili blɛblɛblɛ sanngɛ ɔ nantili kpa. Kɛ be juli lɔ’n, nnɛn’n fali ajalɛ kɛ ɔ́ láfi kan, afin ɔ lafili su kɛ ɔ́ kwlá. Sanngɛ nnɛn kpanngɔ’n w’a jranman, ɔ ɔli i ɲrun titi. Kɛ nnɛn’n jrannin’n, ɔ wunnin i wlɛ kɛ nnɛn’n w’a dun mmua w’a ju waka ng’ɔ ti sanwun’n i wun lɛ. Ndɛ sɔ’n i nun ndɛ’n yɛle kɛ, sɛ amun jran kekle’n, ɔ nin kɛ amun tra amun awlɛn’n, be ti nzuɛn cinnjin kpa mɔ be kwla yo maan amun kwla sa kekleekle kpanngban ɔn.",bau,unknown,train,Baoulé,Google WaxalNLP
bau_KK_KK_BCI_1_9c,KK,Waka ji oka I klun.,bau,unknown,train,Baoulé,Google WaxalNLP
bau_JH_JH_BCI_2_140,JH,"Anniɛn beni yɛ be kin i kamerunu lɔ non?
Kamerunu lɔ be kan blɔfuɛ.",bau,unknown,train,Baoulé,Google WaxalNLP
bau_JK_JK_BCI_4_225,JK,"Gua talɛ hun kofi kun mɔn Amɛnlɛnkɛn bianku ɔ fa fiteli. Ɔ fa fiteli avuɛ n'gua be flɛ yi afuɛ akpi kun ya mɔtchuɛ ni ablemɔtchuɛ ni nsan [1983].Be n'gua be yi li fimu i n'glo be. Fimu sɔ nun be kan tralɛ kpafuɛ kun mɔn ɔ kpa sran dandan be nɛn'ge yɛ yalɛfuɛ kun mɔn ɔ lɛ man alo tranmannu. Be sran n'gnon be jali n'gua likakungbanun nan be go n'gua . Lika sɔ nun,be yio pari kun nan be fa nian wafa n'ga be fa yo sɛ be kaki kaki kan n'ga be tran .

Bian kun be flɛyi Kuami yɔ klɛli guabo. Ɔ klɛli yi afuɛ akpi kun ya mɔtchuɛ ni ablemɔtchuɛ [1980] yi bobolɛnu , kɛ ɔ gnuni nianbian n'gnon [2]  mɔn be ti sikafuɛ sɛ n'gɛ beti kɛ lua mun sa.Ibɔbɔ ɔ ni yi jenvuɛ n'ga ɔ ni be klɛli flua yɛ be yeli mɔn angudan sɔn ɔ klua yeli nige dan ɔ.Be yoli fimu sɔn yi kɔnguɛ nzue akpi kun ya mɔtchuɛ ni ablemɔtchuɛ ni ngnon[1982] ɔ ni nglo akpi kun ya mɔtchuɛ ni ablemɔtchuɛ ni nsan [1983] be afi'in nu,yɛ be yeli yi klɔn n'ga be flɛyi  Kuamiklɔ  ni Amɛnlɛnkɛn .Be yɔ toli fimu yi jue niɔn.

Gua ɔ gnan ni nru kɛ ɔ fiteli ye be gnan sika kaka.Ɔ kakili fimu n'nansu n'ga ɔ fa sika ɔ falu Amɛnlɛnkɛn ni kanada lɔ afuɛ nga nun. kpɔku be gnan ni sika kaka mɛn n'nu.Sran suman lika be wan fimu sɔ ɔ ti kpa. Be gnan ni akatua n'gnon [2]. Fimu ɔ yoli man be n'ga be yoli be gnan ni nru yɛ be fiteli fimu uflɛbenu

Afuɛ n'ga ɔ sun fimu yi jiwasu.Sran be gba be wan fimu sriwa ni noɛli fimu dankpa ɔ.",bau,unknown,train,Baoulé,Google WaxalNLP
bau_KK_KK_BCI_1_88,KK,"Buake kan nga be kle dɔtrɔ like lɔ, aimansi'n cɛn ba abla'n ni nsiɛn su, be lua dɔtrɔ bla be akpasua ablenu ni nso su be nzue nu.",bau,unknown,train,Baoulé,Google WaxalNLP
bau_JH_JH_BCI_2_159,JH,Nimba oka’n ti oka kun mɔ be nin Gine nin Libɛri be o nun’n.,bau,unknown,train,Baoulé,Google WaxalNLP
bau_KK_KK_BCI_1_92,KK,"Afue ni kofi, sɛ e wan e niɛn sa be ju li klɔ kpɛn i a lo lɔ sɛsɛ. Sanngɛ, Afue yɛ ɔ ju li i clicli su ɔ; i sɔ ti klɔ kpɛn fu li kofi i alamanni nzan gazie blu ni nnun.",bau,unknown,train,Baoulé,Google WaxalNLP
bau_RK_RK_BCI_1_15b,RK,Ijre wafu klɔ i afiɛn kpann'gban.,bau,unknown,train,Baoulé,Google WaxalNLP
bau_JK_JK_BCI_2_103,JK,"M'mla [23] ablaɔn ni nsan: Ɔ fata kɛ sran nga ɔ di juman, ɔ di i kun klo juman, i dilɛ fata kɛ ɔ yo wafa kun gba, yɛ ɔ fata ekun kɛ be yaya sran ngɔ dia juman su.
Yɛ lɛ kɛ, juman i akatua ye kun gba.
Sran kwlaa ng'ɔ di junman'n, ɔ fata kɛ be tua i akatua i juman ngɔ di i su, m'ɔ yo maan ɔ yi i ayɛ.
Sran kwlakwla ɔ le atin ɔ yi anuannzɛ mun, ɔ nin sran uflɛ be bo yo kun naan be jran be klunklo su.",bau,unknown,train,Baoulé,Google WaxalNLP
bau_JH_JH_BCI_2_203,JH,Monnin jin diɛ e dia juman.,bau,unknown,train,Baoulé,Google WaxalNLP
bau_KK_KK_BCI_2_144,KK,Lauran Gbagbo di li afuɛ blu bi sua lɔ.,bau,unknown,train,Baoulé,Google WaxalNLP
bau_KK_KK_BCI_1_40a,KK,"Aua n'nan lɔgɔ su, gbo n'nɔ.",bau,unknown,train,Baoulé,Google WaxalNLP
bau_JH_JH_BCI_1_2B,JH,Ballon I bue [2] n'gnon ufue kɔkun I bue kun ti ble.,bau,unknown,train,Baoulé,Google WaxalNLP
bau_KK_KK_BCI_1_50,KK,"Aimansi'n mc ti angbɔ anglo i cɛn ba abla'n ni nso su, nzue kpli kpa kun waa tɔ. 

Ka nan wa tɔ, awungban dan kun waa tu; ngɔ yo man lika i dolɛ waa sie degle blu ni nnan su [14°C].

Nzue nbo i bo sɛzɛ i tɔ lɛ nu fa ju ndɔsua nu dɔ ngluan su.",bau,unknown,train,Baoulé,Google WaxalNLP
bau_JK_JK_BCI_2_124,JK,Sakasu lɔ yɛ Abla Poku kɔ tranliɔ kɛ ɔ fini Ganan bali.,bau,unknown,train,Baoulé,Google WaxalNLP
bau_JH_JH_BCI_1_58,JH,Aunkpan dan kpa kun  ɔ fita kilo;etri ablanan bɛnu mɔ ɔ fakɔ famasu.,bau,unknown,train,Baoulé,Google WaxalNLP
bau_JH_JH_BCI_2_167,JH,"?Côte d’Ivoire lɔ politiki klɔ dan benin yɛ ɔ o lɔ nɔ?
Yamusuklɔ yɛ ɔ ti politiki clɔ dan non.",bau,unknown,train,Baoulé,Google WaxalNLP
bau_JK_JK_BCI_1_94,JK,"Be nga be trannin anja sɔ’n i bo’n, be ti sran ablahun [20], yɛ aofuɛ uflɛn'nun [5] be uka be sun.",bau,unknown,train,Baoulé,Google WaxalNLP
bau_RK_RK_BCI_2_202,RK,Amun siesie aɲia kun ya cɛn .,bau,unknown,train,Baoulé,Google WaxalNLP
bau_KK_KK_BCI_1_11b,KK,Ablafuɛba [4] nnan wo pata ufue nga ɔ la sua I bue kub lɔ.,bau,unknown,train,Baoulé,Google WaxalNLP
bau_KK_KK_BCI_1_14c,KK,Aofuɛn la sroloooo.,bau,unknown,train,Baoulé,Google WaxalNLP
bau_JH_JH_BCI_2_184,JH,UNICEF uka bakanngan nga alɛ’n tɔli be su’n.,bau,unknown,train,Baoulé,Google WaxalNLP
bau_JK_JK_BCI_2_114,JK,"Atin’n: Ɔ fin Bouaké ɔ kɔ Korogo .

I nun mmuammua’n: Ɔ ti kilo kɔe 180
Dɔ nga be fa’n: dɔ 3 annzɛ dɔ 4 loto nun, ɔ taka wafa nga sran’m be sin’n su

I klikli’n: Bouaké lɔ jasolɛ .
Fa atin nga be flɛ i kɛ Route Nationale 1 (RN1) m’ɔ fin Bouaké lɔ’n, ɔ kɔ nglo lɔ lika’n nun’n.

 I nɲɔn su’n: Amun su RN1 su be kɔ Korogo .
Amun ka RN1 su, m’ɔ ti atin dan ng’ɔ sin Bouaké nin Korogo be afiɛn’n.
Amun sin klɔ nin klɔ kanngan’m be nun atin’n su.

 I nsan su’n: Amun ju Korogo lɔ
Amun fa atin nga be flɛ i kɛ RN1’n su lele naan amun a ju Korogo klɔ’n su lɔ.

 Lika cinnjin mun:
Bouaké: Lika nga be bo i bo’n.
RN1: Akpɔ dan ng’ɔ sin klɔ nɲɔn sɔ’m be afiɛn’n.
Korogo: Klɔ nga be ju lɔ’n, ɔ nin i lɔ gua mun nin laa sa’m be su lika mun.
🕒 Blɛ nga be fa loto nun’n:
Ɔ kwla yo dɔ 3-4, ɔ taka wafa nga sran’m be sin’n su.",bau,unknown,train,Baoulé,Google WaxalNLP
bau_JH_JH_BCI_1_32B,JH,Fiɛsu kɔwa dɔ nan ju.,bau,unknown,train,Baoulé,Google WaxalNLP
bau_KK_KK_BCI_1_18c,KK,Klɔ wa tɔ sroloo kpa.,bau,unknown,train,Baoulé,Google WaxalNLP
bau_KK_KK_BCI_1_7b,KK,Aliema su sin nzue su lɔ.,bau,unknown,train,Baoulé,Google WaxalNLP
bau_JH_JH_BCI_1_33C,JH,N'zue ni tɔ katajua su.,bau,unknown,train,Baoulé,Google WaxalNLP
bau_JH_JH_BCI_2_161,JH,Taï National Park sasa nnan kpanngban mɔ be su nunnun’n.,bau,unknown,train,Baoulé,Google WaxalNLP
bau_KK_KK_BCI_2_179,KK,"Kosan: ?Aliɛ be ni be tɛ midisu di Cɔt divua nu nion?

I su tɛlɛ: Gaba, ni Acɛkɛ niɛn be tɛ di nion.",bau,unknown,train,Baoulé,Google WaxalNLP
bau_RK_RK_BCI_1_33b,RK,N'zue dan su tɔ .,bau,unknown,train,Baoulé,Google WaxalNLP
bau_KK_KK_BCI_2_205,KK,Kofie anglo nu yɛ be kpa fie lika be su ɔ.,bau,unknown,train,Baoulé,Google WaxalNLP
bau_JK_JK_BCI_1_48,JK,"Nglɛmun nga Nzue ɔ mlanmlan, yɛ lika’n ɔ yo gbundun yɛ degre selsisi ɔti blu ni kun. Nzue su tɔman dɔ nga su.

Kɛ lika’n wa san'n Nzue’n i tɔlɛ’n yo dan, sɛ be sie yi ya sun ɔ dju ablannan ni gnan [42%] kɔ dju n'dɔsuɛ dɔ kun sun. Nzue’wa tɔ pkɛpkɛ wa, kpɔkun via ɔ bo kan 'ngan kɔ pkɛ sɔ. Lika’n ɔ i ngɔ ɔti , ɔ ti blu ni n'so degre selsisi [17°C].

Ndɔsua nun, Nzue’n waa titi. Kɛ ɔ fɛ i ndɔsua dɔ n'gluan [9] su’n, nzue’n i tɔlɛ’n sɛ be sie ya ɔ ti blu[ 10%]. Lika’n ɔ i gɔ ɔti , ɔ ti blu ni n'nan degre selsisi [14°C].

Kɔnguɛ’n, Lika’n i gɔ ɔti ɔ djra lele ɔ dju degre selsisi n'gluan [9°C] su nglinmun dɔ n'siɛn su. Lika ɔ ka kehe , sɛ n'gɛ gnanmien ɔ le ka mlan wa.

Ainman nglɛmun,An minndɛ kɛ nglɛmun  i bo bolɛ’n yo djɔwa, yɛ lika’n ɔɔ yo degre selsisi blu [10°C] nglɛmun dɔ mɔtshuɛ [8] su,via wa fíte midi su, kpɛkun kɛ likan ɔ kɔ i nrun’n, lika’n i dolɛ’n ɔ ba i  blɛblɛblɛ.",bau,unknown,train,Baoulé,Google WaxalNLP
bau_RK_RK_BCI_1_4c,RK,Kpɛma [3] n'san be su wandi.,bau,unknown,train,Baoulé,Google WaxalNLP
bau_JH_JH_BCI_1_12A,JH,Sran ku dji kplɛlɛ dan kpa su lɔ.,bau,unknown,train,Baoulé,Google WaxalNLP
bau_JH_JH_BCI_2_210,JH,"Jeliwa ble la tabli bo lɔ.
Ɔ toli pɔmun ɔklɛ. 
Aukpan ni tu dan nglɛmun nga.
Glinmu kluaa'n ni ɔn nian bian e kɔ suklu.
Annɛ n'zue ni tɔ  dan kpa yɛ ɔ fata kɛ'n fa katajua nan man fite.
E klo kɛ e dine nigne nɛsuanu e ti jue fɛfɛ mun. 
Ɛ ɔn di pɔ;u ɛklɛ afin ahue kun ɔ kpa.
Ɔ ɔn kangnan fluwa n'gna ɔ e fɛ kpa Fransi daa n'nɛ me su. 
Adoi ni gan n'gua ni ballon kangna flɛɛ me o lɔ.
Ble ya lika kun be nian tele kɛ be ko jue nigne di nɛsua. 
E nanti nanti kangna be ta n'nan me lɔ monnin cin mun kɔkun e fa ɛjuɛ kangnan.
Annɛ gninmon nun ɛjua bo kpa kɔkun nika nan mantan.
Mi ɔn klɛ letri fa ko man mi nianan n'gna ɔ o n'zue silɔ.
Nɛsoua n'gna diɛ ɔn da n'nɛ nun kpa afin man fɛ kpa.
Be ɔn ko nian nian nika n'gna mɔ be si daa nigne wafa wafa me lɔ nun nan e ko ɔn dadafuɛ tralɛ mun.
Ɔ wɛ n'zue anɛdiɛ afin nika do tɛkpɛ.
Glinmon nun dɔ mɔcuɛ [8] su klua ɔn fa loto yɛ'n kɔ juman non.
Sran n'gna ɔn desine baka mun ni kpɛlɛ dandan mu fluwa su.
Mo talua n'gna di juman klɔ i aglin ba nun.
Mi ni ɔn javuɛ mun e klua e bo ballon nɔsua nun kɛ e ko jara suklu lɔ.  
Bakangnan me sri yɛ be gangua ni n'gua nigne mu. 

Sran ble’m be bo ti kun kpa yɛ be fa be wun mantan sran mun, kpɛ sunman’n be klo sran’m be kluaa tra kɛ be klo sran kunngunngun cɛn kluaa be man dilɛ’n nun.
Srilɛ’n o sran ble’m be nzuiɛn’n nun lika kluaa, ɔ maan be klua fa sa anzɛ nnɛ ngna be ti kekle kpa’n be yo be ngbɛin.
Sran ble’m be lɛ cɛin dilɛ wafa dan kpa, be di kulalɛ kanngan bɔbɔ’m be cɛin’n, be fa miziki, be si able, yɛ be nin sran’m be tran klanman
Europefuɛ’m be bu sran kun i ti nun miɛn’n i nigne dan, sanngɛ be  yi sran’m be mmla mun naan be afiɛn’n wa yo kpa.
Nzue si lɔ fuɛ be fa be gnu sie i sran’m me kluaa be ti kun nin be wafawafa’m be su, be klo kɛ be lu junman dilɛ nin anuannzɛ’m be nun.
Europefuɛ’m be i yi mmla me kpa, kpɛ sunman’n nun, i sɔ’n ti’n, sran’m be di junman kpa.
Kɔdivoiri lɔ fuɛ be klo nika kɔlɛ, be kunnnɛ kɛ bé wún man’n i nunfuɛ’m be nzuɛin uflɛ mun, naan be wun man’n i luɛ kpa.
Anangno be diɛ be klo kɛ be nin sran’m be tran klanman, naan be di nanluɛ, junman dilɛ nun nin be bɔbɔ be afiɛn.
Dadafuɛ nu nigne ngna be yo be mun, kɛ initiation sa’n, be ti sran ble gbanflɛn nin talua me man dilɛ’n i nika cinnjin kpa’m be nzɔliɛ, be ti be sinlɛ lele mɔ be yo kpɛinngbɛin’n i nzɔliɛ.
Blɛ sunman nun’n, sran ble’m be ngnlɛlɛ’n, ɔ sin nnɛ ngbɛinngbɛin mun, nin gnanndra nin nnɛ ngna be kle nigne dan’n be nun.
gnanmiɛn sulɛ wafa’n  kle ajalɛ kpanngban sran ble man’n nun lɔ, sɛ ɔ ti sran kun diɛ’n, annzɛ alobo’n nun diɛ’n, annzɛ sran’m me diɛ’n.
Mali lɔ be aja cɛin dilɛ’m be nun’n, be de ninnge kpanngban, be lɛ nzɔliɛ ninngne mun, yɛ be lɛ nzuɛiin ngna be ti fanunfanun’n, ɔ nin akpasua nin nika’m be nun.
Daomin anzɛ benin lɔ fuɛ me klo ninngne’m be yolɛ be bɔbɔ be sa nun, be fa be ninngne’m be yilɛ’n be fa wun sa ngna be tɔ be su cɛin kluaa’n be tralɛ kpa.
Awlɛin tralɛ’n ti nzuɛin kpa sran ble me man’n nun lɔ, afin blɛ sunman nun’n, kɛ be fa sunnzun ɛjua i afiliɛ lɔfuɛ’m be liɛ’n, be bu blɛ’n i wafa uflɛ.
Blɛ sunman nun’n, sran ble me man’n nun lɔfuɛ’n, be fa be wunnan’n i nun nnɛ’n be kan nnɛ, kɔkun be fa be sa’n be fa uka nnɛ’m ngna be n'kan su  su annzɛ be fa be sa yɛ be fa kan nnɛ non.
Be sanu nigne yelɛ ti nigne dan kpa kun mɔ ɔ lɛ gnrun kpa baluɛ me man nu lɔ afin ɔ ti be nzuɛin nigne kun.
Guine lɔfuɛ me bu sran’m be afiɛn yelɛ i like dan kpa, yɛ ba’m be kluaa be ta be aluobo lɔ ɔ nin be nvle’n nun.
Lome lɔ gua’m be ti nika ngna be ti kpiwa lɔ’n, mɔ nnɛ kanlɛ nin ninngne kakilɛ’n, ɔ yi lɔfuɛ’m be junman dilɛ wafa’n i nglo’n.
Sran ble’m be bu be biengu i i yilɛ’n i nigne dan kpa, afin i sɔ’n ti sran’m be afiɛn nnɛ’n i bo bolɛ nigne.
Uganda lɔ fuɛ me klo nika kɔlɛ, be kunnnɛ kɛ be wun man’n i nunfuɛ’m be nzuɛin uflɛ mun, naan ba wun man’n i luɛ kpa tra be ngna be tuman ajalɛ kɛ be sa bie.
Blɛ sunman nun’n, liberia lɔ fuɛ me nian be wun su kpa, be di aliɛ nga ɔ ti kpa’n, kɔkun be yo be wun kpinngbinlɛ’n titi.",bau,unknown,train,Baoulé,Google WaxalNLP
bau_KK_KK_BCI_2_137,KK,Mali lɔfuɛ’m be si i laa klɔ kɛ Timbukto sa .,bau,unknown,train,Baoulé,Google WaxalNLP
bau_RK_RK_BCI_1_1b,RK,waka ɔ jin nanni I wulɛ koko.,bau,unknown,train,Baoulé,Google WaxalNLP
bau_JH_JH_BCI_1_9B,JH,Buɛ sɔ me o anuan nu lɛ.,bau,unknown,train,Baoulé,Google WaxalNLP
bau_KK_KK_BCI_2_187,KK,Paki kluaa nu Balue nvle nu sran be suman lika be kɔ be klɔ be su.,bau,unknown,train,Baoulé,Google WaxalNLP
bau_JH_JH_BCI_1_40C,JH,Kafe non a dɔ nan ju yɛ sran me klouaklua be a kan gna te tɔ kafe lɔ.,bau,unknown,train,Baoulé,Google WaxalNLP
bau_JK_JK_BCI_2_152,JK,"Côte d’Ivoire lɔ’n, jue tofuɛ dandan kɛ Alpha Blondy, nin DJ Arafat, nin Tiken Jah Fakoly, nin Serge Beynaud, nin Yodé et Siro, ɔ nin A’Salfo be fali be jue tolɛ’n i su like ng’ɔ ti kpa’n, ɔ nin be like nga be yoli i nvle’n nun lɔ nin nvle uflɛ nun’n, be fa sieli i nzɔliɛ. jue.",bau,unknown,train,Baoulé,Google WaxalNLP
bau_RK_RK_BCI_1_59,RK,N'gluɛnmu dɔ [7] n'so su n'zue wa tɔ [20°] degre ablaun yɛ kɛ be sekɛ n'dɔ sua nu dɔ [3] n'san su via'n  wa kpaja kan yɛ  lika dolɛ ɔ ye [25°] degre ablaun ni n'nu .,bau,unknown,train,Baoulé,Google WaxalNLP
bau_JK_JK_BCI_1_79,JK,Yakun kpe kun ni bue n'nan ɔ yo ablahun ni nun,bau,unknown,train,Baoulé,Google WaxalNLP
bau_JK_JK_BCI_1_72,JK,Be fa kun bue n'gnon  kpɛ  ya ɔ yo ablenun,bau,unknown,train,Baoulé,Google WaxalNLP
bau_KK_KK_BCI_1_29b,KK,"Koniɛn difuɛ to onzanni I tui, sanngɛ wa wu man.",bau,unknown,train,Baoulé,Google WaxalNLP
bau_JH_JH_BCI_1_67,JH,Ya kun tata ya m'san su ɔ yo ya m'nan.,bau,unknown,train,Baoulé,Google WaxalNLP
bau_RK_RK_BCI_1_24a,RK,Sua kplanfuɛmu ba fa briki ba lɔgɔ su.,bau,unknown,train,Baoulé,Google WaxalNLP
bau_KK_KK_BCI_1_10a,KK,Klatai wo sua i plapla nu lɔ.,bau,unknown,train,Baoulé,Google WaxalNLP
bau_JK_JK_BCI_3_213,JK,"Royaume-Uni ɔ o awlabɔɛ nun’n kɛ be famien bla Elizabeth II ɔ wuli, be sie be famiɛn bla’n kisie yɛ be yo i cɛn dan pka, nvle’n nvle’n  be nun famien be le ba yɛ sran be le son kakapka.

Famiɛn sɔ’n m’ɔ wuli afuɛ abla ngluan ni nsien[96], kɛ ɔ dili famiɛn afuɛ ableso [70] tra su’n, sran’m be kloli i kpa, yɛ ɔ tchɛli pka Britanniki be apkasua su, ɔ dili famiɛn lele. Ɔ maan, i cɛn’n su’n, sran’m be ba mɛn wunmuan’n nun kpa.
Kisie sran fi diman djuman Royaume-Uni nu, ɔ ti nvle’n i cɛn dilɛ cɛn, yɛ kɛ ɔ fɛ i afuɛ 1965 mɔn be yoli Winston Churchill  liɛ. Aofuɛ apki ngnon [2.000], mɛn sun pkɛn npkɛn mun,nvle nin awa’m be su kpɛn’m be o nun’n, be ja Westminster Abbey lɔ, lika nga be luali Elizabɛti II i i famiɛn kle’n afuɛ 1953 nun.                                                                                                                                             Famiɛn bla’n wuli kpɛnngbɛn yolɛ’n ti Ananya I tshɛnba mɔtshuɛ[ 8] su nnɔsua nun Balmoral Castle lɔ, ɔ wu li i nru kpɛnngbɛn’n nin sran ng’ɔ wa fɛ iajalɛ i osu’n, mɔ be flɛ i kɛ Charles III’n, ɔ nin i wa bla Anne be o lɛ. Kɛ be fin i wunmiɛn lolɛ sua’n nun lɔ Aberdeenshire lɔ’n, be fali Famiɛn bla’n i fuɛn’n be ɔli kondoblibli nun Ananya i tshɛn ba blu ni kun su, be ɔli Holyrood Palace m’ɔ ti famiɛn’n i sua’n nun lɔ’n, m’ɔ o Édimbourg lɔ’n. Kɛ aliɛ cɛnnin’n, famiɛn uflɛ sɔ’n fali asieliɛ’n i su sran’m be ɔli Sɛnti-Zili nyanmiɛn sulɛ sua’n nun lɔ, kpɛkun kɛ be vieli nyanmiɛn sulɛ wafa kun yo’n, be fali asieliɛ’n i asieliɛ’n be sieli sran kwlaa be nrun lele aliɛ cɛnnin nnɔsua nun. Sonja’m be alapla kun fa famiɛn’n i fuɛn’n fi’n Édimbourg lɔ alapla jranwlɛ’n nun lɔ kɔ RAF i lika nga be flɛ i kɛ Northolt m’ɔ o Middlesex lɔ’n. Ananya i tshɛnba  blu ni nsan [13] su nnɔsua nun’n, be juli Buckingham Palace lɔ Lɔnduru lɔ.                                     
Ananya i tshɛnba blu ni nnan [14] su’n, be fali sran’n i fuɛn’n be ɔli Wɛstminsi lɔ famiɛn sua’n nun lɔ, kpɛkun be fɛli i be sieli i Wɛstminsi lɔ sua’n nun lɔ, lɔ yɛ sran’m be kwlaa be jrannin nglo lɔ naan ba nyin yi i ɔ. Ananya i tshɛnba blu ni ngluan[ 19] su’n, nglɛmun’n, mmeli nun kisanfuɛ’m be fali asieliɛ’n be ɔli abbaye Wɛstminsi lɔ, lika nga be sieli nvle’n i asieliɛ’n lɔ’n. Nantilɛ uflɛ kun fa sran’n i fuɛn’n ɔli Hyde Park Corner lɔ, ɔ fin lɔ yɛ ɔ fali fuɛn’n ɔli Windsor Castle m’ɔ o Berkshire lɔ’n i nun ɔn. Saint-Georges i asɔnun sua ng’ɔ o famiɛn sua’n i nun lɔ’n, be yo asieliɛ’n i su like nnɔsua nun, ka naan ba yo be ngunmin be cɛn kun nnɔsua nun mɔ blɛ sɔ’n nun’n, be sie Ɛlizabɛti i si nin i nin nin i wun Filipu be wun lɛ nyanmiɛn sulɛ sua nga be fa wla Famiɛn Zɔrzi VI i wla’n i nun’n.",bau,unknown,train,Baoulé,Google WaxalNLP
bau_JH_JH_BCI_1_10C,JH,Kuaku ni I  ma me di n'gua.,bau,unknown,train,Baoulé,Google WaxalNLP
bau_JK_JK_BCI_1_59,JK,"Via m'bo kpa n'glɛnmun ,sɛ ngɛ via nun nzue tɔli",bau,unknown,train,Baoulé,Google WaxalNLP
bau_KK_KK_BCI_1_90,KK,"Mɛn nnɛ vle wafawafa nsiɛn. Be flɛ isɔ nvleliɛ mu kɛ Asiɛ, Angloba, Zupitɛ, Mas, Nɛptini, yɛ Satini. Sangɛ, Asiɛ niɛn, klɔ sran be tran su clicli ɔ. Sran nga i ja dumua kpɛn ni angloba su clicli ekun ti Amlɛnkɛn.",bau,unknown,train,Baoulé,Google WaxalNLP
bau_RK_RK_BCI_1_27c,RK,Mi suaba nu lɔ flɛli wo lɔ.,bau,unknown,train,Baoulé,Google WaxalNLP
bau_RK_RK_BCI_1_4b,RK,Nige [4] n'nann be gwa lika kun.,bau,unknown,train,Baoulé,Google WaxalNLP
bau_RK_RK_BCI_2_171,RK,Akɔ kédjénu ɔ ti Ivoiri lɔ aliɛ dan kpa kun.,bau,unknown,train,Baoulé,Google WaxalNLP
bau_KK_KK_BCI_1_10c,KK,Aya to li afuka Sali I sa nu guabo lɔ.,bau,unknown,train,Baoulé,Google WaxalNLP
bau_JH_JH_BCI_4_225,JH,"Politiki nin sika nnɛ me lɛ fangnan kpa naan ba yiyi sran me nzuɛin’n nun, naan ba siesie be. Kɛ be ngna be di junman’n be kunnnɛ kɛ be fa nnɛ ngna be flɛ i kɛ [culture corporative] annzɛ engenieur me  fa nnɛ ngna be flɛ i kɛ [culture technique] be di junman’n, be uka naan nnɛ’n i bo’n na yo dan kpa sanngɛ be fa yo naan be fa nzuɛin bie me nunnunlɛ’n. Gnanmiɛn sulɛ wafa ngna be su, kɛ ngna Georg Friedrich Hegel fa kannin’n sa’n, be taka “aunnvuɛ silɛ’nu” nin sa wafawafa ngna be taka kalɛ’n, nin akunnnan bulɛ’n, nin mmla’n be su kpa’n, be su. ?Kannzɛ bɔbɔ man ngnon sɔ’m me sansan be wun kpɛ sunman’n, sanngɛ ɔ fata kɛ e sanngan be nun, naan ya yo maan sran’m me bu man  i nunfuɛ me  nzuɛin’n i kpa? Be fa nnɛ mma [culture] be di junman bie, be fa kan ""culturel biens"" industrie, yɛle kɛ, be fa sociétés nin junman ngna be di'n, be fa cɛcɛ nun, yɛ be nian ninngne ngna be klua fa yi ninnge mun'n, be su. I sɔ nika nu, kɛ mɔ be yili nnɛ nin nnɛ kanlɛ wafa’m be nglo’n ti’n, ɔ su kaki kpa yɛ, ɔ ti politiki ndɛnngan dandan me nnɛ.Klɔ sran’n i nzuɛin’n yɛlɛ sran’n i unmiɛn’n i nglo yilɛ nigne mɔ man nguan’n. Ɔ fa daa ninngne mun, nin gnanmiɛn nigne sulafilɛ mun, nin ninngne ngna be yi be’n, nin aniɛn mun, ɔ nin man dilɛ wafa ngna be kle e nvle mun’n, be luɛ i nun. Klɔ sran’m be nzuɛin’n i wafa kluaa lɛ agnanbeun nigne kun m’ɔ lɛman unsu’n, mɔ blɛ’n sinnin’n, blɛ ngna be fali miziki, nin able silɛ, nin fluwa, ɔ nin be gnanmiɛn sulɛ wafa’m be nun’n. Ɔ ti e nvle nunfuɛ’m be klukluaa be su nnɛ’n i niannun, ɔ nin wafa ngna e fa man’n i bo, sɛ ɔ ti nnɛ gbɛinngbɛin’m be nun annzɛ ngnlɛlɛ silɛ’n i su nnɛ’m be nun’n. Sanngɛ, nan daa ninngne’m me gnunmin yɛ be fa kle sran’m be nzuɛin’n niɔn; ɔ ti nigne kun mɔ yo maan sran’m be kaki ninngne mun, ɔ nin ninngne uflɛ yolɛ’n. Man unmuan’n nun ninngne’m me afiɛn’n ti nun’n, sran’m be nzuɛin’m be yia, be sansan be un, be kakikaki, be u nnɛ uflɛ uflɛ nin nnɛ fanunfanun. I sɔ dynamiki’n yo maan nigne yilɛ’n yo kpa, sanngɛ ɔ klua fa kosan bie mun ekun mɔ kan wafa ngna be klua sasa nnika’n i nunfuɛ’m be nzuɛIn’n, man unmuan’n nun ninngne’m me yolɛ’n i gnrun’n. Sa kekleekle ngna be tɔ e blɛ diɛ’n nun’n, kɛ culture homogénéisation annzɛ appropriation sa’n, be kpɛin e lua kɛ ɔ ti cinnjin kɛ e di sran wafawafa’m be cɛin, sanngɛ e i yi be finlɛ’n. I agualiɛ su’n, klɔ nigne’n ti nigne kpa kun m’ɔ klua yo maan sran nin nvle’m be afiɛn’n yo kpa nɔ. Ɔ tra nvle’m be afiɛn’n, ɔ man nika ngna be klua koko yalɛ lɔ’n, ɔ nin be afiɛn nnɛ’n i luɛ wunlɛ’n. Sɛ ɔ ti flimu’m be cɛin dilɛ’n, annzɛ desɛn’m be klelɛ’n, annzɛ aliɛ dilɛ’n i su yalɛ kokolɛ’n, man dilɛ’n nun’n, sran’m be nzuɛin’n fa e nin nigne ng’ɔ ti man unmuan’n nun nige’n be sansan be un.",bau,unknown,train,Baoulé,Google WaxalNLP
bau_JH_JH_BCI_1_69,JH,Ablassan ni m'siɛn ti n'siɛn tata n'siɛn su bie.,bau,unknown,train,Baoulé,Google WaxalNLP
bau_KK_KK_BCI_2_200,KK,Se kuahi kɔ ɔ bla Abijan wue cɛn.,bau,unknown,train,Baoulé,Google WaxalNLP
bau_RK_RK_BCI_4_226,RK,"Be kwla kpɛ asiɛ’n i su like’n nun akpasua nsan: sran’m be asiɛ’n i su like’n, asiɛ’n i su like’n, ɔ nin asiɛ’n i su like silɛ’n.  Sran’m be asiɛ’n i su like suanlɛ’n i cinnjin kpafuɛ’n yɛle lika nga be kplannin’n, ɔ nin wafa nga sran’m be yi ninnge mun’n, be wun be’n, be siesie lɛ’n, ɔ nin wafa nga be kwla yo maan lika’n yo kpa’n. fiziki  geografi'n nian lika nga be o lɛ’n, ɔ nin wafa nga ninnge nga be o ngua lɔ’n, nin lika’n, nin asiɛ’n, nin nzue’n, ɔ nin asiɛ’n i wafa’m be yi ninnge mun’n, ɔ nin wafa nga be nin be wiengu’m be tran’n.  Nvlɛ nga be fa yo ninnge sɔ mun’n, ɔ yoli maan be yili geografi'n n'ga'n ɔ suan klɔ s'sran ɔ ni asiɛ su nige mu'n  m’ɔ fa geografi'n fiziki'n  nin human geografi'n  be bo nun’n, m’ɔ kan lika’n i nun ninnge’m be ndɛ’n. Geografi'n tɛkiniki  yɛle ninnge nin wafa nga geografi'n fuɛ’m be fa di junman’n, kɛ teledetɛtiɔn , karti'n jiwa , ɔ nin jasi'n bolɛ geografi'n systɛm  sa’n, be suanlɛ nin be yilɛ.",bau,unknown,train,Baoulé,Google WaxalNLP
bau_RK_RK_BCI_1_86,RK,"Oka'n i n'nu su yɛ  lɛga ya bu i wu lɛ, i n'nann su ɔ kali ati'n i afiɛn lɔ.",bau,unknown,train,Baoulé,Google WaxalNLP
bau_KK_KK_BCI_2_146,KK,utu ti Cɔt divua mɛn i ti dele su fɛtri.,bau,unknown,train,Baoulé,Google WaxalNLP
bau_RK_RK_BCI_2_146,RK,"Alassane Ouattara mɔ be fali i afuɛ[ 2011] akpi nyɔn ni blu ni kun  nun’n, kɛ alɛ’n i sin sa kekle’m be sinnin’n, ɔ fɛli i ɲin sieli i sika ndɛ’n i kplanlɛ’n nin nvle’n i bo kun yolɛ’n be su.",bau,unknown,train,Baoulé,Google WaxalNLP
bau_JH_JH_BCI_1_18A,JH,Anglo ba kpadja m'sue i isu lɛ.,bau,unknown,train,Baoulé,Google WaxalNLP
bau_JH_JH_BCI_2_160,JH,Nzue ba Bandama sin Kɔti d’Ivoiri i afiɛn lɔ.,bau,unknown,train,Baoulé,Google WaxalNLP
bau_JH_JH_BCI_3_215,JH,"Prix Nobel ti nigne kun mɔ be fa man umuan’n nun’n fuɛ n’gna ɔ fata kɛ be fa mɛin. Be yili i kpɛ klikli’n afuɛ [1901] akpi kun ya n’glan ni kun nun, afuɛ klua nun’n, be fa akatua sɔ’n be man sran nga “be yoli sran’m me ye dan’n”, be nigne n’gna be yili be’n, nin nigne n’gna be gnunnin be’n, ɔ nin be nigne n’gna be yoli’n be nun nigne silɛ wafawafa’m me nun’n, ɔ nin fluwa klelɛ junman n’gna be yo sran’m me yo abonuan’n, annzɛ be di junman naan fɔundi nan tran lɛ, i sɔ’n ti’n, be fali Alfrɛdi Nobɛli m’ɔ yili dinamiti’n i klun sa kasiɛn’n su. 
Kɛ Suɛdu lɔ bian Alfrɛdi Nobɛli wuli’n, blɛ sɔ nun’n, ɔ yakili Suɛdu lɔ sika miliɔn [31] ablasan ni kun, yɛ afuɛ [2013] akpi n’gnon ni blu ni n’san nun’n, ɔ ti Suɛdu lɔ sika miliar [1] kun. I n’mla kasiɛn ngna ɔ klɛli i afuɛ [1895] akpi kun ya mɔjuɛ abla nglan ni nnu, sekewa i le [27] ablaɔn ni n’so su nika ngna i junman dilɛ’n te o lɔ nu lɔ. Alfrɛdi Nobɛli seli kɛ be kpɛ anuannzɛ kun mɔ be fa afuɛ kluaa nun’n, ɔ tu sran ngna be dili junman dan kpa mannin sran mun’n, be akatua’n, naan be klua yo ninnge mun kpa tra laa’n.
 
M’mla sɔ’n kle weiin kɛ ɔ fataman kɛ nvle ngna fluwa sifuɛ ngna be kluali’n me fin nun’n, ɔ yo nigne fi naan b’a man be akatua’n. Be takali Fondation Nobel afuɛ [1900] akpi kun ya nglan, an’glo i le [29] ablaɔn ni n’glan. Ɔ nian sran ngnɔ klɛli fluwa’n i su ndɛ kasiɛn’m be su, ɔ nian sɛ be nanti mmla ngna be o sran ngna be gnanan akatua’n me su o, kɔkun ɔ nian sɛ be falɛ’n na yo kpa o.

 Ɔ fata kɛ ɔ sin komite kun mɔ ti suklu akpasua kunngunngun’m me diɛ’n su’n, ɔ nin sran dandan ngna be o junman sɔ’m be nun’n be nnɛ’n su, ɔ siesie sran ngna be fali be dunman’n be dunman’n, mɔ be dun mmua kan kleli anuannzɛ fanunfanun nga be man sran’m be akatua’n.

Kɛ sran ngnɔ takali’n wuli’n, afuɛ [5] n’nun sinnin’n, yɛ be yoli cɛn dilɛ klikli ngna be fa mannin sran mun’n niɔn, Stockholm lɔ, daa Suɛdi lɔ famiɛn’n i suklu dan ngna be flɛ i kɛ Royal Swedish Academy of Music’n i nun lɔ, afuɛ [1901] akpi kun ya n’glan ni kun, kɔguɛ n’zue i le [10] su.

 Afuɛ kluaa nun kɔguɛ n’zue i le [10] blu n’su, saan Prix Nobel de la Paix mɔ Nɔrvɛzi famiɛn’n man’n, afin, lele mɔ fa ju afuɛ [1905] akpi kun ya n’glan nun’n, Suɛdi nin Nɔrvɛzi be lɛ famiɛn kunngba’n; Kɛ nvle n’gnɔn sɔ’m be titili nun afuɛ [1905] akpi kun ya n’glan ni nun’n, yɛ be yakili Nobɛli akatua sɔ’n i cɛcɛlɛ nvle n’gnɔn sɔ’m me afiɛn ɔn.",bau,unknown,train,Baoulé,Google WaxalNLP
bau_KK_KK_BCI_4_226,KK,"Sran klikli ngɔ fali ndɛ mma zeografi dili junman yɛle Eratɔsutɛni junman kun mɔ siɛn wa mli’n. Sanngɛ be waan zeografi i balɛ fi’n Erodotu; ekun be bu i kɛ ɔ ti laa sa’m be su like suanfuɛ klikli vie. Glɛki’m be liɛ, ɔ ti asiɛ i su ndɛ nga be kan, mɔ be wun asiɛ i su like i luɛ kpa. Ɔ ti like silɛ wafa kun mɔ tɛ like uflɛ kun su, mɔ́ fa zeografi sie i lika nga be fa be, ɔ nin lika nga be fa be, be su, mɔ i nun, be yi karti mun. Strabon liɛ, lika i su like suanlɛ yɛ ɔ ti be nga be kunndɛli kɛ be fa ajalɛ be like klelɛ nion. 
Laa sa be su like suanlɛ nun, asiɛ i su like suanlɛ nun, be flɛ lika i nun ninnge’m be nun nianlɛ, asiɛ i su like suanlɛ kɛ like suanlɛ sa, lika’m be su like suanlɛ. lika nin akpasua’m be su like suanlɛ, sran nin i lika be afiɛn i su like suanlɛ, ɔ nin like kunndɛlɛ afuɛ  [1990] akpi kun ya ngluan ablangluan nun. asiɛ su like silɛ.
Kɛ siansi i like kunndɛlɛ ɔli i nyrun asiɛ i su like suanlɛ lika sunman be kacili siansi i lika nga be bɔbɔ be ti. Ye klua bo Klimatolozi, oseanografi, katografie, nin ninnge uflɛ vie mun ekun be ndɛ. ngɔ yoli maan be fali asiɛ i su like suanfuɛ i junman be sieli sran’m be afiɛn ndɛ su dan ɔ nin wafa ngɔ nin i lika be afiɛn ti. fiziki nin matematiki zeografi yɛ be ti zeografi i bue nga be wunnin nyrɛnnɛn kpa. sanngɛ sran’m be su like fali kacilɛ sɔ i su mmlusuɛ, ɔ kacili zeopolitiki i su like suanlɛ ngɔ ti kpa’n, ɔ nin sran’m be afiɛn. ɔ nin be lika’m be nun, be sin like klelɛ wafa uflɛ’m be nun
Ɔ nin i sɔ ngba, andɛ asiɛ i su like suanlɛ ti like kun mɔ fa like kluaa luɛ i nun, mɔ kunndɛ kɛ ɔ́ wun e asiɛ nin i su ninnge kluaa nga be ti kekle be luɛ kpa, nan lika nga ninnge’m be o i ngunmin yɛ ɔ sinnin kati be yilɛ su ɔ, sanngɛ wafa nga be kacili, ɔ nin wafa nga be fiteli. I blɛ kpanngban nun, asiɛ i su like suanfuɛ be wunnin kɛ be like klelɛ ti like suanlɛ kun mɔ sin atin i nuan, pont ngɔ o sran nin ninnge’m be su like silɛ’n be afiɛn. Nan kɛ be fa katografi be di junman i ngunmin ti yɛ be fa lika i su like be nian like kun su ɔ. Kosan mma, mɔ nin katograf be kɔ likawlɛ, ɔ yo maan be klua kaci like i nun nianlɛ, lika, naan be yiyi like nga ti yɛ e wun sa sɔ’n annzɛ sa sɔ i wa, mɔ nan lika uflɛ, i nun. Ɔ maan, asiɛ i su like fa i wun mantan like nga ti yɛ sa sɔ’m be tɔ, ɔ nin sran’m be liɛ; yɛ kɛ be wun kɛ be afiɛn ti nun, i agualiɛ.
Andɛ, asiɛ i su like suanlɛ i nun kpɛlɛ wa kaci like ngɔ ti sran’m be liɛ, sran’m be asiɛ i su like suanlɛ nin asiɛ i su like suanlɛ. Sanngɛ, zeografi ka lɛ kɛ i kpasua kun mɔ ɔti kpa mɔ usa jaosu nga sran be yacili be, annzɛ lika, ɔ nin dinamiki ngɔ o junman dilɛ nun’n. Azi lɔ Pacifiki jenvie i nuan lɔ sika ndɛ i fitelɛ, nvle nga be o mɛn i bue nga be le sika be nun, ɔ nin lika nga be o lɛ’n be nun Mɛn wunmuan nun kacilɛ, jenvie i nun nzue i dan yolɛ, ninnge uflɛ vie mun ekun. I sɔ ti, asiɛ i su like suanfuɛ’m be klo like nga be kacili be wunnɛn annzɛ sran ɔ nin like nga be kacikaci mɔ be o lika’m be nun.
Asa ekun, like suanlɛ sɔ kunndɛ kɛ ɔ́ fa mɛn i nunfuɛ be nzuɛn wafawafa kɛ lika be su desɛn yilɛ sa, annzɛ fluwa i yilɛ  annzɛ sinema bɔbɔ, ɔ́ wlu nun.",bau,unknown,train,Baoulé,Google WaxalNLP
bau_RK_RK_BCI_1_9c,RK,Bulu'n kpangban ba mli'n sua nu lɔ.,bau,unknown,train,Baoulé,Google WaxalNLP
bau_JK_JK_BCI_2_130,JK,Didier di poku bofuɛ dan pka kun mɛn nu.,bau,unknown,train,Baoulé,Google WaxalNLP
bau_JH_JH_BCI_2_186,JH,"1- Anɛya
2- Noɛli
3- Ramadan
4- Junman dilɛ cɛn 
5- Be ti nun gnan lɛ i cɛn’n 
6- Tabaski cɛn dilɛ’n 
7- Paki
8- Assumption i cɛn dilɛ’n
9- Afuɛ uflɛ cɛn’n
10- Tabaski cɛn dilɛ’n",bau,unknown,train,Baoulé,Google WaxalNLP
bau_JK_JK_BCI_1_66,JK,Be kpɛ ablesien nun n'gnon ɔ yo ablasan,bau,unknown,train,Baoulé,Google WaxalNLP
bau_KK_KK_BCI_1_7c,KK,Yao I agba fie su ra.,bau,unknown,train,Baoulé,Google WaxalNLP
bau_RK_RK_BCI_1_22b,RK,Bua ba'n su kundɛ i manmi.,bau,unknown,train,Baoulé,Google WaxalNLP
bau_JK_JK_BCI_1_57,JK,"Via nga nun nzue ɔ tɔ , gnanmien ɔ kpankpan ɔkun anglannan ɔ pken.",bau,unknown,train,Baoulé,Google WaxalNLP
bau_KK_KK_BCI_2_132,KK,"Ghana,
Bukina faso, 
Dahomey,
Anango,
Mali, Liberia, Gine, Togo, Senegal, Gambi",bau,unknown,train,Baoulé,Google WaxalNLP
bau_KK_KK_BCI_1_22a,KK,Amandu su nanni be su.,bau,unknown,train,Baoulé,Google WaxalNLP
bau_RK_RK_BCI_1_31b,RK,Wo ɔ laa waka dan su.,bau,unknown,train,Baoulé,Google WaxalNLP
bau_RK_RK_BCI_1_64,RK,Be fa n'siɛn be fa guɛi n'so su ɔ man blu ni n'san.,bau,unknown,train,Baoulé,Google WaxalNLP
bau_JK_JK_BCI_3_214,JK,"Jeux olɛmpiki’m be ngunmin  yɛ be yoman mɛn wunmuan’n nun be pki nige pkɛkun be yo sipɔri wafawafa’m be umuan .Yɛ mɔ nvle ya ngnon [200] tra su be kɔ go ngua mɔn kɔdju ya nnan[ 400 ] tra su, ngua sɔ’m be ti lika kunngba nga mɛn’n nunfuɛ’m be yia lɔ be pkli ninnge, mɔ be wun kɛ be le wunmiɛn’n, mɔ be o likawlɛ’n.                                                             Afuɛ ya kpɔlɛ ngnon [20e siecle] nun’n, COI fali ninnge nga be flɛ i kɛ jeuɔ olypiki’n, ɔ kaki I ke sika nyanfuɛ be su, ɔ nin politiki ndɛ’n, ɔ nin ninnge nga be fa yo ninnge mun’n be kakilɛ’n, ɔ fa yoli sɔ. Ɔ maan, kɛ nga Pierre de Coubertin fa kunndɛli’n sa’n, i bo bolɛ nun’n, be fa man be nga be si be wun 
kpinngbinlɛ kpa’n be ngunmin, COI i mmla’m be tannin be nga be si be wun kpinngbinlɛ kpa’n be dilɛ. Kannzɛ bɔbɔ gblɛ’m be tɔli be su’n ,m’ɔ sin sin atlɛti kpanngban be ato ndɛ nga be flɛ i kɛ “amateur”’n i wun’n, sanngɛ junman dilɛ’n i nunnunlɛ’n kali lɛ lele afuɛ 1981 nun. ɔ yoli maan be kacili Olɛmpiki’n, kpɛkun be fali be nga be yo be wun kpinngbinlɛ’n be wluli lɔ.   Like cinnjin kpa kun ekun yɛle sa nga be juli’n be nun bla’m be yolɛ’n. Afuɛ 1896 nun’n, ba manman bla fi atin kɛ ɔ di akplowa, afuɛ 1900 nun yɛ be fali bla’m be wluli akplowa silɛ nga be flɛ i kɛ Olɛnpiki’n i nun andɛ’n niɔn, Paris lɔ akplowa silɛ’n i blɛ nun. I lɛ nun’n, bla  ablaɔn ni ngnon [22] be yoli be wun kpinngbinlɛ wafa nnun: tenis, nin croquet, nin mmeli nun kisanlɛ, nin nnɛn kpanngɔ su fulɛ, ɔ nin golf. I sin’n, ndɛnngan dan kpa kun ɔ ka lɛ lele, lele mɔ fa ju kɛ bla ni nyasua mun be sɛ mɔ ti kpa’n i su Paris 2024 nun ngowa kanlɛ’m be bo’n. Senguɛ,Tokyo 2020 N'goa  be kleli kɛ ye n'gba ye ti kun yɛ e bo ti kun , n'vle nvle nun fuɛ be ngba be jali lika kun yi kpalɛ kun gba mɛn nun kɛ tukpatchɛ dan nga be flɛ i COVID-19 ɔ  boli i bo. Ɔ maan, ngua sɔ sieki li cindjin kun su : Yɛ lɛ be nga be go ngua sɔ be manmanlɛ ɔ ni gua i bɔbɔ manmanlɛ  .",bau,unknown,train,Baoulé,Google WaxalNLP
bau_JH_JH_BCI_1_15B,JH,Kannian me ti sɔsɔwa.,bau,unknown,train,Baoulé,Google WaxalNLP
bau_RK_RK_BCI_1_28c,RK,Be su suman be wa'm suklu lɔ.,bau,unknown,train,Baoulé,Google WaxalNLP
bau_RK_RK_BCI_4_238,RK,"Be yili Côte d’Ivoire lɔ nvle’n i lika nga be flɛ i kɛ parcki nationali nin ijre’m be lika’n, naan be sasa waka’m be nun ninnge mun kɛ nga be fa ti’n sa. Afuɛ akpi kun ya n'gluan ni ablaun ni n'siɛn [1926] nun’n, be fali Banco waka’n be sieli i waka’m be lika.

Banco i waka’m be lika’n kacili Banco i waka’m be lika’n afuɛ akpi kun ya n'gluan ni abluenu ni n'san [1953] nun. I sin’n, afuɛ akpi kun ya n'gluan abluesiɛn ni n'siɛn [1966] nun’n, lika sɔ’n ɲannin nvle’n i waka’m be lika titi’n, mmla abluesiɛn ni n'siɛn faju ya n'nann ablasan ni n'san  [66-433] m’ɔ fali afuɛ akpi kun ya n'gluan abluesiɛn ni n'siɛn  [1966] Sɛptamblu i le blu ni n'nnu [15] su’n i su, ɔ nin mmla kun m’ɔ kan mmla’n i ndɛ’n, i lika . ɔ nin lika nga be flɛ i kɛ réservu naturɛli nin parki  nationali be nunnunlɛ’n. 

Kɛ ɔ ko yo naan b’a kplan klɔ nga be flɛ i kɛ Abijan’n i su lɔ’n, be tikeli atin kun mɔ be fa jran nnɛn kpanngɔ’m be su’n, parki’n i bue ng’ɔ o wia afiliɛ lɔ lika’n nun lɔ’n, kɛ nga nvle’n i nun nnɛn kpanngɔ’m be fa srɛli’n sa afuɛ akpi kun ya abluen'so ni mɔcuɛ [1978] nun. nzɔliɛ like kun i su. Kɛ ɔ́ kɔ́ i ɲrun’n, be flɛli nnɛn kpanngɔ sɔ’n kɛ Sagbé Triangli, afɛn ɔ mantan Abobo-Sagbé akpasua ng’ɔ o nglo lɔ lika’n nun’n.",bau,unknown,train,Baoulé,Google WaxalNLP
bau_JK_JK_BCI_2_176,JK,"Blɛ sunman nun’n, Wunmiɛn-lolɛ-cɛn’m be nun’n, be ton ton djue be fa di acɛkɛ.",bau,unknown,train,Baoulé,Google WaxalNLP
bau_KK_KK_BCI_2_140,KK,"Kosan: ?Nvle benin nu yɛ be di juɛ tolɛ cɛn nga be flɛ kh Ouidah nion?

 I su tɛlɛ’n: Benin lɔ yɛ be di i sɔ cɛn nion.",bau,unknown,train,Baoulé,Google WaxalNLP
bau_KK_KK_BCI_1_77,KK,Nsan ni si'n nnan tata ya kun abla'n yo ablan'gluan.,bau,unknown,train,Baoulé,Google WaxalNLP
bau_RK_RK_BCI_1_20b,RK,Klɔ muan wa fite poku tolɛ lika lɔ.,bau,unknown,train,Baoulé,Google WaxalNLP
bau_KK_KK_BCI_2_157,KK,"Tahi bo, ti bo kun mon awa kpɛ kɛ nan man be di fiɛ lɔ. I klun lɔ,  be nyan nnɛn wafawafa kaka.",bau,unknown,train,Baoulé,Google WaxalNLP
bau_KK_KK_BCI_1_75,KK,"Kun ni si'n nnun tata abla'n uka su ablasan, uka su ablanan yo blu ni mɔcuɛ.",bau,unknown,train,Baoulé,Google WaxalNLP
bau_JK_JK_BCI_2_105,JK,"M'mla [30] ablasen: Be kwla seman kɛ n'vle kun, sran akpasua kun, annzɛ sran kun kwla di junman vie, annzɛ ɔ kwla yo like vie mon kwla saki sran'm be atin nin be klunklo like ng'ɔ o nun.",bau,unknown,train,Baoulé,Google WaxalNLP
bau_JH_JH_BCI_2_179,JH,"?Kɔdivoiri lɔ aliɛ benin yɛ be fa ajɛkɛ mɔ be fa jue ng’ɔ ti kpanwun’n be gua nun’n nion?
Garibi non.",bau,unknown,train,Baoulé,Google WaxalNLP
bau_JH_JH_BCI_4_235,JH,"Nvle nga be lɛ CFA franc’n, be fin daa [fransi] France famiɛn dilɛ’n i nun ninnge’m be kacilɛ’n, ɔ nin nvle nga be timan [fransi] France famiɛn diwlɛ kɛ Camerounu [Cameroun] nin Ghannan [Ghana] me nun.",bau,unknown,train,Baoulé,Google WaxalNLP
bau_JK_JK_BCI_2_148,JK,"Anri Konan Bɛdiɛ yoli nvle’n i su kpɛn lele afuɛ benin nun?

Henri Konan Bédié yoli Côte d’Ivoire i su kpɛn afuɛ nsiɛn, ɔ boli i bo afuɛ 1993 nun lele afuɛ 1999 Desanblu nun’n, sonja’m be fali famiɛn diwlɛ’n be kacili i.",bau,unknown,train,Baoulé,Google WaxalNLP
bau_RK_RK_BCI_5_252,RK,"Cɛn kun’n, nnɛn’m be kwlaa be yiali asɔmɔli’n i kunman’n nun. Kɛ asɔmɔli’n láfi’n, suɛ wlawlali blo alwa kɛ ɔ fa autrichi i nzɔliɛ like’n fa tɛtɛ jrɔkɔ kun. Be cicili ɲanman’n i bue kun asɔmɔli’n i du’n su, kpɛkun i bue kun cicili ijre kun su.

Kɛ asɔmɔli’n tinngeli m’ɔ wunnin kɛ b’a ci i’n, ɔ fali ya dan kpa. Ɔ flɛli nnɛn’m be kwlaa, kpɛkun ɔ seli be kɛ: “?Min mma kpa mun, amun nun onin yɛ ɔ cicili min-ɔn? 

Nnɛn fi w’a seman kɛ wa cici man jra’n. Sanngɛ kɛ jra’n usali blo alua kaan’n i kosan’n, ɔ tɛli i su kɛ: “Min mɔ n ti ɔ wa kpa’n, n cicili sss wɔ. 

Assomoli’n fali ya dan kpa, ɔ maan ɔ titili ɲanman’n, kpɛkun ɔ fuannin  blo alua kan’n. Sanngɛ  chacali seli kɛ: “Min wa, a ti chacali  m’ɔ ti kploun’n i wa. Be su traman ɔ le. 

Ɔ maan, blo alwa  kaan’n wanndili, kpɛkun jra’n kali lɛ i ya’n nun.
Nanwlɛ, ndɛ nga be klɛli i uflɛ andɛ aniɛn’m be nun’n, m’ɔ nin suklu ba nnun su’n i nun kannganfuɛ’n be fata’n yɛ:",bau,unknown,train,Baoulé,Google WaxalNLP
bau_JH_JH_BCI_2_98,JH,"M'la [2] n'gnon : Sran klua tu ɔ kla di m'mla gna ɔ o ɛ su, ɔ kla nanti i tian'n nanti lɛ afin m'mla gna be klɛ ɛ ɔ kla nian su fa nanti. Nɔ ye kɛ be'n nian kɛ ɔ timan sran ufue, i sran wafa n'gna ɔ fa ti su, sɔ ti bla o sɛ ɔti yasoi o, i aniɛn no anzɛ i su lafilɛ su anzɛ  i aunan gnɔ bu su tinan be se kɛ ɔ ti i diɛ gnumi kɔkun be miɛn i kplɔlɔ i n'vle ti anzɛ yalɛ fuɛ ti anzɛ sika fuɛ ti.",bau,unknown,train,Baoulé,Google WaxalNLP
bau_JK_JK_BCI_2_117,JK,Cote d'Ivoire wa bo dan nga be flɛ i banco ɔ o Abobo,bau,unknown,train,Baoulé,Google WaxalNLP
bau_JH_JH_BCI_2_209,JH,?N'zutiɛ man ɛ klo n'gbabue  ɔklɛ ɔklɛ mun non?,bau,unknown,train,Baoulé,Google WaxalNLP
bau_KK_KK_BCI_1_27b,KK,Bia be wo nzue I bo.,bau,unknown,train,Baoulé,Google WaxalNLP
bau_RK_RK_BCI_1_39c,RK,Nniɛn mu be klo pɔmu diwa.,bau,unknown,train,Baoulé,Google WaxalNLP
bau_KK_KK_BCI_2_202,KK,Fa Afue i ablafuɛba blɛ i mlan ngɔ balɔ.,bau,unknown,train,Baoulé,Google WaxalNLP
bau_JH_JH_BCI_2_149,JH,"Didier Drogba, nin Yaya Touré, nin Kolo Touré, nin Gervinho, nin Max-Alain Gradel, nin Serge Aurie, nin Wilfried Zaha, ɔ nin Franck Kessié be fali be dunman ng’ɔ ti kpa’n be sieli Côte d’Ivoire lɔ ballon bolɛ ti e kloi kloi e si be.",bau,unknown,train,Baoulé,Google WaxalNLP
bau_RK_RK_BCI_1_83,RK,Alo'n nu ba klikli ɔ sie n'gluɛlɛ kpa.,bau,unknown,train,Baoulé,Google WaxalNLP
bau_RK_RK_BCI_2_120,RK,"Klɔ nga be flɛ i kɛ Grand-Bassam m’ɔ ti laa klɔ dan’n: Laa’n, ɔ ti mɛn’n i nunfuɛ’m be klɔ dan, yɛ UNESCO fali i dunman’n wlali mɛn wunmuan’n nun klɔ’m be nun .",bau,unknown,train,Baoulé,Google WaxalNLP
bau_JH_JH_BCI_1_81,JH,Bluni n'san ni bue tata n'gnon ni kun mɔ ba bu n'san ɔ yo akpi ngbi.,bau,unknown,train,Baoulé,Google WaxalNLP
bau_KK_KK_BCI_2_174,KK,Bi di aloko i sɛnsɛsu.,bau,unknown,train,Baoulé,Google WaxalNLP
bau_KK_KK_BCI_2_186,KK,"Pakinu,
Zanvie,
Tabaski,
Nyamiɛn nuan ijɔduɛ,
Imamu,
Bla be fɛtri,
Ramadan,
Utu,
Kɔmian,
Asɔnufuɛ,",bau,unknown,train,Baoulé,Google WaxalNLP
bau_JK_JK_BCI_1_89,JK,Masi yɛ ɔyi afuɛ nun anglo n'san sun niɔn.,bau,unknown,train,Baoulé,Google WaxalNLP
bau_RK_RK_BCI_5_242,RK,"Kɛ mɔ bua tafuɛ’n nin i alua’m be niannin be wun su’n ti’n, ɔ yoli kekle kpa mannin blo alua kun kɛ ɔ ju bua’m be wun lɔ. Sanngɛ cɛn kun’n, ɔ wunnin bua kun i kplo mɔ be kpɛli i kplo’n mɔ be yili i blo’n. Ɔ maan ɔ fɛli i bɔbɔ i kplo’n wlɛli i wun tralɛ, kpɛkun ɔ nantili bua’m be afiɛn. Bua ba ng’ɔ ti bua’m be liɛ’n, mɔ blo alua  wlɛli i kplo’n, ɔ boli blo alua i su sulɛ bo bua’m be tralɛ’n i bo lɔ. Kɛ ɔ fɛli i sieli i sin kan’n, w’a cɛman yɛ ɔ yoli i aliɛ ɔ, kpɛkun ɔ kwla laka bua mun blɛ wie nun, kpɛkun ɔ dili aliɛ kpa ɔ.",bau,unknown,train,Baoulé,Google WaxalNLP
bau_KK_KK_BCI_1_83,KK,Kuajo i wa kpɛnn'gbɛ suan Akisi.,bau,unknown,train,Baoulé,Google WaxalNLP
bau_RK_RK_BCI_1_43,RK,"Manlan cɛn n'dɔ sua su dɔ n'nnan su seke dan kun ɔ tu gbêkê asa su, angban ɔ fita dan, dɔ kun nu ɔ kla ju kilomɛtri abluenu [15km/h], i sɔ angban gɔ wa ba ɔ klua tu waka ɔ ni sua be bo.",bau,unknown,train,Baoulé,Google WaxalNLP
bau_JH_JH_BCI_2_145,JH,"Laurent Gbagbo, be wuli i angbɔ i le ablasan ni kun  su, afuɛ ya kun nin nsiɛn Gagnoa lɔ, ɔ ti Ivoiri lɔ laa sran me be su like suanfuɛ, ɔ ti fluwa klɛfuɛ, ɔ ti nvle siefuɛ dan kpa kun.",bau,unknown,train,Baoulé,Google WaxalNLP
bau_RK_RK_BCI_1_35a,RK,"Kɔnnan wa sua manku i tisu, ɔ su fakɔ guabo.",bau,unknown,train,Baoulé,Google WaxalNLP
bau_RK_RK_BCI_2_103,RK,"[1] Kun.Sran klwaa lɛ ati'n di jumanm, i bɔbɔ i klu'n klo juman n'ga bɔ'ɔ ti ati'n su, bɔ jɔ'ɔ sran klu'n, yɛ ɔ ni fata man kɛ sran ka'n kalɛ sa'a bɔ ɔ lɛ man juman.

[2] Nyonn. Ɔ ti i su kɛ sran klwaa n'ga be di juman kungba'n, be akatua ye kun.

[3] N'san. Sran klwaa n'ga ɔ di juman, man be tuɛ i kalɛ kɛ ɔ ni'n fata'n sa'a, bɔ ɔ jɔ i klun. Kɛ ɔ kɔ yo nan wa klwa nian i bɔbɔ ni i aulo'n be lika kɛ ɔ ni fata'n sa'a. Yɛ sɛ ukalɛ uafa uflɛ o lo'n man be yo i sɔ.

[4] N'nann.Sran klwaa lɛ atin kpɛ aboku'n ba, yɛ be lɛ ati'n fa be wun cici abokun uflɛ wie'm be wun, bɔ be fa kpli be bɔbɔ be ti.",bau,unknown,train,Baoulé,Google WaxalNLP
bau_JH_JH_BCI_5_243,JH,"Cɛn kun’n, aflunmun kun wunnin asɔmɔli kplo kun mɔ koniɛn difuɛ’m me yacili i lɛ naan ɔ wu jua’n nun’n. Ɔ luali , kɔkun ɔ fali i ti’n ɔli i klɔ ng’ɔ fin lɔ’n su lɔ. Kɛ ɔ mantan i klɔ lɔ, sran kluaa wanndili, sran nin nnan, kɔkun cɛn sɔ’n nun’n, ɔ ti aflunmun m’ɔ ni i klu ti jɔwa. I aklunjuɛ’n ti’n, ɔ mannin i aniɛn’n su, ɔ kpannin man sran kluaa wunnin i luɛ, kɔkun i fuɛ ɔ boli i kekle kpa srɛ ngna’ɔ kunnin i’n ti. Yɛ kɛ ɔ cɛli kan’n, nnɛn blo adoi kun bali i wun lɛ, kɔkun ɔ seli kɛ: “Ah! Ɔ aniɛn’n ti’n, n wunnin w luɛ.»

Daan cin bie nun,  koniɛin difuɛ kun kuni ɛsui kun yɛ ɔ yili i kplo fa luɛ i ɛjua nnu yɛ kɛ ɔ ɔli, ɛ fa luɛ i ɔn ɔli klɔ nɔ. Kɔ fa luɛ li i yɛ ɔn kiman kiman nika nun lele yɛ aunan kun kpɛin i tinu kɛ ɔ loi fa ɔ klɔ nu lɔ. Kɛ ɔ luli klɔ nu lɔ jɛ, ɔ wuni kɛ sran ni nnan me klua klua srɛ kuli be afin be blɔ kɛ ɛsui kpakpa sangɛ ni koniɛn difuuɛ non yɛ srɛ kunli be tɛ kpa. Be klua klu be wandi fiali. Kɛ be boli wandiwa bo, ɔ kpanli seli kɛ nan ba wandi nan iɔ sangɛ ni srɛ kun be dan. Kɔ eli sɔ i tranfuɛ naa kpaki i su kekleke kpanan ɔ i su kpɛli.",bau,unknown,train,Baoulé,Google WaxalNLP
bau_KK_KK_BCI_5_245,KK,"Nzueɛ kun bulɛ kun ni bua ba kun, be juli nzue songilɛ kungba ba. Bulɛjrannin i nglo kpa, yɛ bua ba jranni i asiɛ nlɔ. Bulɛ mɔ kunndɛli like ngɔ klua yo naan wa di bua ba, ɔ seli kɛ: “? A wi’n kɛ nsu nnon nzue ɔ ye sɛ ti mon a jrɛn ni nion   Kɛ n su nɔn nzue? 
Srɛ mɔ kunni bua ba ti, ɔ seli kɛ: “Sanngɛ n o ɔ si’n lɔ. Ɔ fata kɛ nzue fi’n oka su lɔ naan wa ju mi wun lɔ. 
Ɔ maan, bulw wa lafiman su. Ɔ seli kɛ: “I anglo nsiɛn yɛ, amun kanni mi wun ndɛ tɛ. 
Bua ba seli kɛ: “Sanngɛ ba wuman mi bɔbɔ anglo nsiɛn yɛ! 
Bulɛ seli kɛ: “Sɛ ɔ ti sɔ’n, nanwlɛ, ɔ si yɛ ɔ kanni ndɛ sɔ mu on.  Kɛ ɔ kannin sɔ’n, ɔ tɔli bua ba su, ɔ dili.
Ndɛ sɔ’n i bo’ yɛle kɛ vie liɛ, kannzɛ amun yo like benin, sanngɛ sran kun o lɛ titi mɔ kunndɛ like ngɔ fa yo amun like yaya niɔn. Nan maan sran sɔ’m be yo maan amun tɔ. Amun yo amun bɔbɔ amun wun sa ngbɛn naan amun jran like nga amun lafi su i si’n.

Nnɛn’m be wanndilɛ’n
Cɛn kun’n, nnɛn’m be kwlaa nga be o waka’n nun’n, be fali ajalɛ kɛ bé síesíe wanndilɛ dan kun naan bé fá be famiɛn uflɛ’n. Assomoli’n m’ɔ lafi su kɛ ɔ́ kwlá’n, ɔ srili nnɛn onga mun. Sanngɛ nnɛn kpanngɔ kaan kun m’ɔ nin i janvuɛ’m be ukɛli i’n, ɔ wunnin atin kpe kan kun m’ɔ ti fiɛnfiɛn’n, kpɛkun ɔ dun mmua juli lɔ. Assomoli’n, m’ɔ yoli i ɲannzuɛn’n, ɔ suannin wun ase kanlɛ’n i su like, kpɛkun ɔ wunnin i wlɛ kɛ nán cɛn ngba yɛ sran kun i wunmiɛn’n ti su ɔ. Ndɛ sɔ’n i bo’n yɛle kɛ ngwlɛlɛ’n, nin sran’m be afiɛn ndɛnngan’n, ɔ nin ngwlɛlɛ’n be kwla kwla sran tɛtɛ’m be su, yɛ kɛ be di akplowa’n, ɔ ti cinnjin kpa kɛ be di akplowa kpa.",bau,unknown,train,Baoulé,Google WaxalNLP
bau_JH_JH_BCI_2_175,JH,"Kɔdivoiri lɔ cɛin dilɛ dandan’m be nun’n, sran’m be klo boli kpanwun’n kpa.",bau,unknown,train,Baoulé,Google WaxalNLP
bau_RK_RK_BCI_2_159,RK,"Bandama nzue’n i tɔlɛ’n kpaja via’n i bo lɔ, ɔ sin sin Ivoiri i afiɛn lɔ ka naan w’a tɔ Gine lɔ nzue ba’n nun.",bau,unknown,train,Baoulé,Google WaxalNLP
bau_JH_JH_BCI_2_183,JH,"[UE]Inion eropeɛni gno maan nvle nga be o i nun’n, be afiɛn sɛ anzɛ be afiɛn gno pɔpɔ.",bau,unknown,train,Baoulé,Google WaxalNLP
bau_JH_JH_BCI_2_136,JH,Ghanna lɔfuɛ’m me si i kpa kɛ sika ɔklɛ atɛ yolɛ’n nin i jenvie nuan lika klanman mu.,bau,unknown,train,Baoulé,Google WaxalNLP
bau_KK_KK_BCI_1_57,KK,"Afoliɛ anglo i cɛn abla'n ni nsiɛn su, awungban waa tu dan kpa. I sɔ cɛn ba liɛ nu, seke dan be ya tu, angblannan be kpɛn. Awungban dan sɔ be ya tu waka danadan be bo. Ɔ mɛn ti, nan mu tran waka be bɔ, nan mu sɔ kanni mu.",bau,unknown,train,Baoulé,Google WaxalNLP
bau_RK_RK_BCI_1_54,RK,"Andɛ vianu'n lika wa jɔ srue srue kpa, lika jɔlɛ ɔ ju [3°] degre n'san  sangɛ bɔlɛ ufue su guaman.",bau,unknown,train,Baoulé,Google WaxalNLP
bau_KK_KK_BCI_1_45,KK,"Fue cɛn mɔ ɔ ti fiesu cɛn, nzue le ba, i ba lɛ kusu, ɔ tu awugban. Awugban sɔ le fita cleclekpa; wafa nga mon ɔ fa kɔ su clua ju dɔ kun nu kilomɛtri blunisan. Ɔ mɛn ti  sran nga ba siesie kɛ be kɔ blo, nan man be kɔ kun. Sɔ tiɛ tiɔ sɛ kecle klua tɔ be su.",bau,unknown,train,Baoulé,Google WaxalNLP
bau_JH_JH_BCI_1_46,JH,"Wafa gna ɛjua nan bo kissie lele anɛ ya, ɔ ni aoungban gna ɔ fita gna diɛ ɔ kle kɛ e a lu waa nu kpakpa siɛn diɛ.",bau,unknown,train,Baoulé,Google WaxalNLP
bau_JK_JK_BCI_1_74,JK,Be fa kun bue n'nan kpɛ ablahun ɔ yo n'nun,bau,unknown,train,Baoulé,Google WaxalNLP
bau_JH_JH_BCI_2_188,JH,"Afuɛ kwlaa nun’n, be di Paki, kpɛ sunman  kofie  nun.",bau,unknown,train,Baoulé,Google WaxalNLP
bau_RK_RK_BCI_1_62,RK,Kun uka n'nnon su ɔ yo n'san.,bau,unknown,train,Baoulé,Google WaxalNLP
bau_RK_RK_BCI_2_117,RK,"Taï Nationali Parki : Ɔ ti lika nga lika’n ti mlanwa’n i nun waka be sonni lɔ, yɛ UNESCO fali i dunman’n wlali mɛn wunmuan’n nun lika’m be nun.",bau,unknown,train,Baoulé,Google WaxalNLP
bau_KK_KK_BCI_2_101,KK,"Mmla [16] bli ni nsiɛn : Kɛ ɔ fin afuɛ nga be klua ja bla, yasua nin bla'm be klua ja bla annzɛ bian, be klua nyan alobo. Be le atin be yo like kunngba aja'n nun, aja i blɛ nun, ɔ nin aja'n i nunnunlɛ'n nun. 

Aja klua nga be ja, ɔ fata ɔ yo yasua ni bla be klun su.

Alobo ti sran n'ga be ti like kpa, ɔ fata kɛ nvle nin Nvle be sasa be.",bau,unknown,train,Baoulé,Google WaxalNLP
bau_JK_JK_BCI_2_150,JK,"Ivoiri lɔ atlɛtifuɛ onin yɛ ɔ nyannin sran ble’m be sika ɔkwlɛ balɔn’n kpɛ nnyɔn ɔn?

Ivoiri lɔ atlɛtifuɛ ng’ɔ ɲannin Ballon d’Or kpɛ nɲɔn’n, yɛle Yaya Touré.
Be bu i kɛ sran ble’m be balɔn tofuɛ kpafuɛ’m be nun kun yɛ ɔ dili junman dan kpa Europu lɔ balɔn tofuɛ’m be nun kɛ Barcelone nin Manchester City sa’n be nun. I kwlalɛ’m be nin Golden Ball be mɛn i akatua ni balon nga ɔ si bo nti, ɔ nin i kwlalɛ’n, ɔ nin i junman ng’ɔ dili mɛn’n nun balɔn tolɛ’n nun’n, be akatua.",bau,unknown,train,Baoulé,Google WaxalNLP
bau_JK_JK_BCI_2_209,JK,"Sɛ amun kwla fa kulɛri kun be sunnzun wafa nga amun wun yo amun dɔ nga su’n, ngue yɛ amun fa yo ɔ, yɛ ngue ti ɔ?",bau,unknown,train,Baoulé,Google WaxalNLP
bau_JH_JH_BCI_2_102,JH,"M'la [17] bluni n'so: Sran klaa o sa, kan zɛ  ɔ ti i gnumin annzɛ ɔ o nvle kun nun, ɔ lɛ atin mɔ yo  nugne bie mun. Ble kla miɛnman sran kun sa kplɔlɔlɔ de min i nigne gnɔ o i sanu mu.",bau,unknown,train,Baoulé,Google WaxalNLP
bau_KK_KK_BCI_1_2c,KK,Blɔfuɛ be lua li e kanga dilɛ nu.,bau,unknown,train,Baoulé,Google WaxalNLP
bau_JK_JK_BCI_2_143,JK,Henri Konan Bédié fali Ivoirité i ndɛ’n wlali Ivoiri lɔ politiki ndɛ’m be nun afuɛ 1990 nun naan wa wla nvle’n i wunmiɛn’n i fanngan,bau,unknown,train,Baoulé,Google WaxalNLP
bau_KK_KK_BCI_2_170,KK,Gaba ti blɔfuɛ klɔ fuɛ be aliɛ nga be klɔ i kpa.,bau,unknown,train,Baoulé,Google WaxalNLP
bau_JK_JK_BCI_2_195,JK,"Djese i cɛn ba clicli su’n, Côte d’Ivoire di junman dilɛ cɛn’n, cɛn sɔ’n ti junman difuɛ’m be atin’n i su falɛ’n, ɔ nin sran’m be bo yo kun yolɛ’n.",bau,unknown,train,Baoulé,Google WaxalNLP
bau_RK_RK_BCI_1_93,RK,Kofi i tralɛ n'san n'gabɔ ɔ toli lemɔcuɛ n'san n'ga nu ba yo fiɛn.,bau,unknown,train,Baoulé,Google WaxalNLP
bau_JK_JK_BCI_2_206,JK,"Mugu anglo’n nun’n, sran nga be kɔ lika nianlɛ’n be klo kɛ be kɔ Côte d’Ivoire lɔ.",bau,unknown,train,Baoulé,Google WaxalNLP
bau_KK_KK_BCI_2_120,KK,"Nimba oka ,  ti oka m’ɔ o Liberia ni'n Gine be afiɛn, UNESCO waan ɔ ti mɛn wunmuan nun like mɔ fata kɔ be nian su.",bau,unknown,train,Baoulé,Google WaxalNLP
bau_RK_RK_BCI_2_176,RK,Banan aliɛ ɔ ti ayi fuɛm be aliɛ dan kpa.,bau,unknown,train,Baoulé,Google WaxalNLP
bau_JK_JK_BCI_2_170,JK,"Kɛ ɔ dí nglɛmun aliɛ’n,be mɛn i Ajɛkɛ do wa ni djue kiinwa.",bau,unknown,train,Baoulé,Google WaxalNLP
bau_RK_RK_BCI_1_31a,RK,Nyanman wato wa blabla kpan'man un glo lɔ.,bau,unknown,train,Baoulé,Google WaxalNLP
bau_JK_JK_BCI_2_203,JK,Jɔlɛ cɛn bla mun ni yasua mun be kɔ fiesu.,bau,unknown,train,Baoulé,Google WaxalNLP
bau_JH_JH_BCI_2_139,JH,"?Blɔfuɛ klɔ beni yɛ be flɛ i akra non?
Blɔfuɛ klɔ sɔ nɔ ti be klɔ  i ti non",bau,unknown,train,Baoulé,Google WaxalNLP
bau_RK_RK_BCI_3_212,RK,"Like nga be wunnin i aunmuan’n i dolɛ’n i sunnzunlɛ’n nun’n, ɔ kle kɛ lika’n su yo dolɛ kpa: nzue dan’n i tɔlɛ’n, i dan yolɛ’n nin i tɛtɛ yolɛ’n, asiɛ’n su lɔ glasi nin glasi’m be sannganlɛ’n, ɔ nin aunmuan’n i nun nzue’n i dan yolɛ’n. waka'm nin bo nu nniɛn mu  be kusu be yo be wun kɛ lika’n i dolɛ’n sa; i wie yɛle kɛ, waka’m be ɲinma’m be bo bolɛ nun. Like cinnjin kun ekun m’ɔ kle sɔ’n yɛle aunmuan’n i nglo lɔ lika’n i jɔwa’n, i sɔ’n kle kɛ gazi nga be yo maan lika’n yo mlanwa’n, be tra lika’n i dolɛ’n asiɛ’n i wun koko lɛ, kpɛkun be yo maan ɔ kwlá wluman ɲanmiɛn su lɔ.

Lika’n i su, dolɛ’n ti fanunfanun. Like nga be yo’n, ɔ fin lika nga be fa gazi nga be yo maan lika’n yo sanwun’n, afi'n gazi sɔ’m be kalɛ lele naan b’a tru asiɛ’n i lika kwlaa. Kɛ ɔ fɛ i blɛ nga be nan boman junman dilɛ bo’n, mɛn wunmuan’n nun asiɛ’n i dolɛ’n w’a yo dan. Mɛn wunmuan’n nun asiɛ’n i dolɛ’n wa yo kpɛ nɲɔn. I sɔ’n fin jenvie’m be nun dolɛ dan’n ɔ nin jenvie’m be nun dolɛ’n i dan yolɛ’n ti’n. klima systɛmu i wunmiɛn ng’ɔ tra su’n wa yo [90%] ablaun'ngluan ya su  tra su’n, be sieli i jenvie’n nun afuɛ  [50] ablanun nga be sinnin lɛ’n be nun; ng’ɔ ka lɛ’n, ɔ do aunmuan’n, ɔ yo maan glsasi’n sanngan, kpɛkun ɔ do mɛn’n i akpasua’m be su. Kɛ asiɛ’n su lɔ lika’n i dolɛ’n ɔ yo dan’n, ɔ ti kɛ mɛn wunmuan’n nun lika’n i dolɛ’n i kpɛ [2] nɲɔn sa, yɛ ɔ su yo maan, aawlɛ flɛnnɛn’m be su yo dan, kpɛkun lika’n i dolɛ’n nin lika’m be nun sin’n, be su tɔ kpɛ sunman. Arctique lɔ’n, lika’n i dolɛ’n yo dan kpa ekun, afin lɔ’n, lika nga be flɛ i kɛ permafrost’n, ɔ yo maan glasi’m be saci, kpɛkun lika’n i dolɛ’n ti’n, nzue’n i dolɛ’n yo dan kpa, ɔ maan lika’n yo kekle kpa, kpɛkun lika’n yo kekle kpa. I bo’n yɛle kɛ, kɛ be lika’n kaci’n, nnɛn wafawafa kpanngban be tu be bo annzɛ be nunnun, i li korayi jenvie’m be nun, oka’m be su, ɔ nin Arctique lɔ. Climat i kacilɛ’n ti’n, sran’m be ɲanman aliɛ, nzue’n wa sɔnman, nzue’n w’a tɔ, tukpacɛ nga be saci sran, lika’n wa lo kpa, sika’n wa saci, yɛ ɔ fata kɛ be tu be bo bɔbɔ. Sa sɔ’m be ti’n, anuannzɛ nga be flɛ i kɛ ɔganisation mondiali de la santé’n, ɔ seli kɛ afuɛ ya kpɔlɛ [21] ablaun ni kun nun’n, lika’n i kacilɛ’n ti “sa tɛ kpafuɛ.”

Kannzɛ bɔbɔ be mian be ɲin naan cɛn wie lele’n, lika’n w’a doman kpa’n, sanngɛ sa wie’m bé ká lɛ lele afuɛ ya kpanngban, kɛ jenvie’n i nun nzue’n i dan yolɛ’n, jenvie’n i dolɛ’n i dan yolɛ’n, ɔ nin jenvie’n i trɛwa sa.

I sɔ sa’m be nun sunman be su wun i wlɛ kɛ lika’n su do dɔ nga su’n, m’ɔ tra [1,2°C] degree kun ni bue selsis mɛn wunmuan’n nun’n, sɛ e fa sunnzun afuɛ [1890] akpi kun ya mɔcuɛ abla’n’gluan nun’n. kɛ lika’n i dolɛ’n tra [1,5°C] degree kun ni bue nnun selsis, sa sɔ’m be yo dan kpa, yɛ sɛ ɔ ju [2°C]  degree nyonn selsis, ɔ yo dan kpa ekun. Kɛ lika’n do kpa ekun’n, ɔ yo maan lika nga be flɛ i kɛ tippinki pointi, ɔ kwla yo dan kpa ekun.",bau,unknown,train,Baoulé,Google WaxalNLP
bau_RK_RK_BCI_1_73,RK,Sɛ e cɛ kun nu n'san e fa tata abluesɛn su ɔ yo ablaun.,bau,unknown,train,Baoulé,Google WaxalNLP
bau_JH_JH_BCI_2_125,JH,Ara ti klɔ me nun kaan non sangɛ lɔ e fɛ kpa tra klɔ dandan mun. Lɔ nigne me la wa yɛ sran me dcon nika be le kpangnɔ.,bau,unknown,train,Baoulé,Google WaxalNLP
bau_KK_KK_BCI_1_16c,KK,Kuasi I suklu ma ba fite.,bau,unknown,train,Baoulé,Google WaxalNLP
bau_JH_JH_BCI_1_38B,JH,Talua klanman gna a yaya i nigne me su.,bau,unknown,train,Baoulé,Google WaxalNLP
bau_KK_KK_BCI_1_71,KK,Be fa blu ni kun tata ya kun ni blu su ɔ yo akpi kun ya nnyon ni blu.,bau,unknown,train,Baoulé,Google WaxalNLP
bau_KK_KK_BCI_2_124,KK,"Komoe bo dan, ti Sranble mɛn i via atɔliɛ lɔ bo dandan’m be nun kun, yɛ sran’m be si kɛ lika sɔ’n nun ninnge’m be ti fanunfanun. Nvle i nglolɔ, ɔ ni Tehini, ni Doropo be ja awɛ, i tiwa lɔ ɔ ni Nasian be ya nu lɔ, i si'n  i voa i atɔliɛ lɔ ɔ  ni Kong yɛ be fite su lɔ.",bau,unknown,train,Baoulé,Google WaxalNLP
bau_KK_KK_BCI_2_151,KK,"Kosan: ?Ekipu beni nu ɛn Drgoba boli balon Anglɛ be mɛn lɔ nion?

I su tɛlɛ: ?Drogba boli balon i ekipu nga be flɛ i Chelsi?",bau,unknown,train,Baoulé,Google WaxalNLP
bau_KK_KK_BCI_4_238,KK,"Abijan klɔ i afiɛn lɔ, bo kun o lɔ be flɛi kɛ Banko pak nasionnal. I sɔ bo liɛ wo Abobo, Yopogon, Adjame, ɔ ni Atecoube be annyaliɛ lɔ. I bue kun ti kilo kare [7.8] nso ni mɔcuɛ, i trɛ lɛ fa asiɛ ɛtaa [347355 ha] akpi ya nsan ablanan ni nso ya nsan ablenu ni nnun, yɛ ɔ fɛi ace be   klɔ Andokua, fa ju ebrie be klɔ Anonkua Koute, ɔni Agba. I mmuan kan bo nu, ɔ yo kilo akpi nnyon ya nnun ni mɔcuɛ.
Banko bo, ti mɛn mmuan nu bo dan nga be o klɔ afiɛn I nnyon su, kɛ Rio de Janerio liɛ I si’n. 

I sɔ bo liɛ yɔ man nzue tɔ Abijan dan nion. Bo I afiɛn lɔ, bo donman ɛtaa ya nsiɛn o lɔ, I nun be nyan waka wafawafa kɛ Acaju, ni Avodire.

Asa ekun, ɔ ti Abidjan klɔ i nun nzue i gualɛ cinnjin kpa kun. I sɔ jɛtɛ ufue, ɔ man nzue ngɔ o asiɛ i bo lɔ I iima mon nzue tɔnu [90000 t] akpi ablangluan  fi nu fitae man bla  [29] abla’n ni ngluan be nzue. Bank bo niɛn man Abijan klɔ nzue non wa I dan lika ɔ.",bau,unknown,train,Baoulé,Google WaxalNLP
bau_JH_JH_BCI_2_171,JH,Be fa gbɔlu yɛ be di placali non.,bau,unknown,train,Baoulé,Google WaxalNLP
bau_JH_JH_BCI_4_232,JH,"Alpha Blondy, mɔ be flɛ i kpa kɛ Seydou Koné’n, ɔ ti Ivoiri lɔ jue tofuɛ nin jue klɛfuɛ, ɔ nin [reggae] jue tofuɛ. Be wuli Alfa Blondy afuɛ akpi kun ya n’gnlan ablonu ni n’nun [1953] angbɔ [Janvier] i le kun su [Dimboklɔ] Dimbokro lɔ kɔdivoiri [Côte d’Ivoire] lɔ. Ɔ to jue blɔfuɛ nin Dioula [Jara] nin Baoulé [Balue] ɔ nin Anglɛ [Anglais] nun. Ɔ ti jue tofuɛ m’ɔ yi jue man wunmuan’n nun’n. Be sieli i kɛ ɔ yo Nvle’m be anuannzɛ’n i angbɔ [Janvier] kɔdivoiri [Côte d’Ivoire] lɔ afuɛ akpi n’gnon nin n’nun nun.",bau,unknown,train,Baoulé,Google WaxalNLP
bau_RK_RK_BCI_1_4a,RK,"Waka n'san be lɔgɔsu, bo ble nu.",bau,unknown,train,Baoulé,Google WaxalNLP
bau_JH_JH_BCI_2_162,JH,Be si Bouaké i junman dilɛ nin i balue tanni yelɛ.,bau,unknown,train,Baoulé,Google WaxalNLP
bau_RK_RK_BCI_4_235,RK,"Afuɛ akpi kun ya n'gluan ablan'nann ɔ ni n'nu faju afuɛ akpi kun ya n'gluan ni abluen'nu ni mɔcuɛ  [1945 nin 1958] be afiɛn lɔ’n, CFA ti Afriki lɔ nvle nga be o Afriki lɔ’n, i sin’n Afriki lɔ nvle’m be anuannzɛ’n i nzɔliɛ afuɛakpi kun ya n'gluan abluen'un ni mɔcuɛ [1958 ](République Française nnun su’n i takalɛ’n) ɔ nin Afriki lɔ nvle sɔ’m be ti nun miɛn’n i bo bolɛ nun’n [1] Kɛ ɔ fɛ i kɛ be ɲannin be ti’n , CFA ti Afriki lɔ nvle’m be ti nun miɛn’n. Sika ndɛ nun anuannzɛ [12] annzɛ sika ndɛ nun anuannzɛ Afrique du Sud lɔ an  nian anuannzɛ nga be o lɛ’n be nun.",bau,unknown,train,Baoulé,Google WaxalNLP
bau_RK_RK_BCI_2_114,RK,"Sɛ amun waan amún fá aviɔn bé fíte Abidjan lɔ bé kɔ́ San-Pédro’n, amun bo i bo Abidjan lɔ aviɔn jranwlɛ nga be flɛ i kɛ Félix Houphouët-Boigny (ABJ) i nun lɔ. Fa aviɔn nga Air Ivoiri fa’n, m’ɔ tu sin titi’n, kpɛ sunman’n, ɔ tu sin dɔ  blu ni nyɔn ni bue [12:30 p.m]., ɔ nin dɔn'nu su[ 5:00 p.m]. Avion’n di dɔ kɔe kun [1], kpɛkun ɔ tɔ San-Pédro aeroport (SPY) m’ɔ o klɔ’n i afiɛn lɔ’n i nun. Ɔ ti kpa kɛ amun dun mmua nian blɛ nga bé fá kɔ́’n, naan amun dun mmua klɛ amun dunman, afin le mɔcuɛ kwlaa nun’n, aviɔn’m be kɔ kpɛ kɔe nnun. I nun mɔ be sinnin’n, ɔ ti kilo kɔe ya n'san ni n'so [ 307] .",bau,unknown,train,Baoulé,Google WaxalNLP
bau_KK_KK_BCI_3_211,KK,"Kɔnguɛ nzue i le ablan ni ngluan [29], afuɛ akpi nnyon ni abla'n ni nnyon [2022] ndɔsua dɔ nsan  su, dɔɔtrɔ’m be seli kɛ sran dan Pelé wuli Israelita Albert Einstein Dɔrtrɔ lɔ São Paulo, Brezili lɔ, afuɛ ablaɔcuɛ ni nnyon [82] nun, kɛ be kunnin alɛ lele’n, ɔ nin i klun lɔ kansɛli’n.

Kɛ i sɔ’n sinnin’n, Santos FC klɔ’n boli i sɛ i siesielɛ bo mɔ be waan be yo i Fue cɛn, angbɔ anglo i le nnyon, akpi nnyon ni abla'n ni nasan [2023] nun, mɔ be lafi su kɛ la nin andɛ nin ayin’n be nun sran dandan’m be ba lɔ’n, nan balɔn tolɛ’n i ngunmi'n nun ɔn, sanngɛ be fin like uflɛ wie mun ekun be nun. politiki nun . be timan Brezili lɔ ngunmin, sanngɛ be fin mɛn wunmuan’n nun.
I asieliɛ’n yoli afuɛ akpi nnyon ni abla'n ni nsan [2023]angɔ anglo le  nsan su, kɛ be fali i fuɛn’n be ɔli’n, ɔ nin i sran nga be kloli i mɛn dilɛ’n nun’n, ɔ nin be nga be suɛnnin i bo klɔ nga i fuɛn’n wo lɔ’n, be ɔli i klɔ’n i asieliɛ nga be flɛ i kɛ Ekumeniki memorial du nekropol de lorizin'n i su lɔ. Be nun kun yɛle Luizi Inasio da Silva mɔ blɛ sɔ nun’n be fali i kɛ ɔ yo nvle siefuɛ’n.

Pele bo balon bo wa i bo nu nga ɔ lɛ afuɛ [15] blu ni nnun, yɛ Brezili ekipu flɛ li nunga ɔ lɛ afuɛ [16] blu ni nsiɛn. Nu nga ɔ bo balon, ɔ fa li kupu nsan: [1958] Afuɛ akpi kun ya ngluan ni ablenu ni mɔcuɛ, [1962] Afuɛ akpi kun ya ngluan ablesiɛn ni nnyon, ɔni [1970] afuɛ akpi kun ya ngluan ni ableso. Yɛ i kun gba kɛ yɛ ɔ klua yoli i sɔ mɛn nga nu ɔ. [1958] Afuɛ akpi kun ya ngluan ablenu ni mɔcuɛ kupu nga be kpli li nu, be ton ni i suan duman kɛ O Rei, mɔ i bo kle kɛ Famiɛn. Maci [92] abla ngluan ni nyon nu, Pele lua li bi [77] ableso ni nso, i  sɔ yoli man ɔ kacili buluafuɛ klikli fa ju afuɛ blu ni nnun. Klɔbu nlɔ kusu, Pele ti Santɔsu bi luafuɛ be be ti; kɛ e fa ese ɔ lua li bi [643] maci [659] ya nsiɛn ni ablenu ni bgluan nu. Santɔs i kpajalɛ blɛ nu, ɔ fa li i fa wɔ mɛn wumian nu balon akploa nga be bo li be afuɛ [1962] akpi kun ya ngluan ablesiɛn ni nsan, afuɛ akpi kun  ya ngluan ablesiɛn nnyon.  
Nu nga Pele bo balon, blɛ kun juli Pele i akatua tra mɛn wumuan balon bofuɛ mu. Kɛ ɔ yakili balon bole, ɔ kacili balon su nuaijɔlɛ. Afuɛ [2010] akpi kun ni blu, be tran ni Pele ase kɛ Ni Yɔku Kɔsumɔsu kpɛn. 
Kɛ nvle i sielɛ vieli, awa sunman be kunndɛli kɛ Pelé kaci Brezili lɔ spɔri su kpɛn. Ka nan wa kpli’n Fɛnando Anriki Kadɔsu kɛ ɔ di I sɔ juman, Tankredo Nɛvɛsi, afuɛ [1985] akpi kun ya ngluan ablaɔcuɛ ni nnun nun, dumua seli i kɛ ɔ di i sɔ juman, sangɛ wa kplimansu, isi’n, Zozɛfu Sani seli i ekun kɛ ɔ di sɔ juman kungba I afuɛ [1989] akpi kun ya ngluan ablaɔcuɛ ni nnun nun, sangɛ wa kpli man su ekun. Kɛ Pelé seli kɛ Ricardo Teixeira mɔ ti Brezili lɔ balon bofuɛ’m be anuannzɛ i su kpɛn, ɔ fali sika, ɔ dili afuɛ kun. I sɔ ti naan Joao Havelange tu li i juman dilɛ nu, ble nga be kpa ekipu mu kanan ba bo balon i Amlɛnkɛn lɔ, afuɛ [1994] akpi kun ya ngluan abalangluan ni nnan nun.

Ɔ fali ajalɛ kɛ ɔ kaci wafa nga be siesie Brezili lɔ balon bolɛ i wafa, sanngɛ i sɔ yo man balon anuanzɛ kpɛnngbɛn be fɛ. Afin ɔ kunndɛ kɛ klɔbu be yi be afuɛnuan nige nga be yoli be nglo. I sɔ wa yo man Brezili balon bofuɛ be anuannzɛ I liɛ su ekun. Afin Joao Havelange ɔ siesieli kɛ, yo man anuanzɛ sɔ di tian’n, kɛ Anglɛtɛri I balon anuanzɛ sa. I agualiɛ su, afuɛ [1998] akpi kun ya ngluan ablangluan ni mɔcuɛ nun, ɔ klua guali i mmla nga ɔ siesieli, mɔ be flɛi kɛ Pele mmla. I sɔ mmla ti Bosman mmla I jranlɛ kun nga be fɛli Erɔpu lɔ, nan yay o man balonbofuɛmu ba klua fa be wun tei like uflɛ nu.
 
Kɛ nvle i sielɛ vieli, awa sunman be kunndɛli kɛ Pelé kaci Brezili lɔ spɔri su kpɛn. Ka nan wa kpli’n Fɛnando Anriki Kadɔsu kɛ ɔ di I sɔ juman, Tankredo Nɛvɛsi, afuɛ [1985] akpi kun ya ngluan ablaɔcuɛ ni nnun nun, dumua seli i kɛ ɔ di i sɔ juman, sangɛ wa kplimansu, isi’n, Zozɛfu Sani seli i ekun kɛ ɔ di sɔ juman kungba I afuɛ [1989] akpi kun ya ngluan ablaɔcuɛ ni nnun nun, sangɛ wa kpli man su ekun. Kɛ Pelé seli kɛ Ricardo Teixeira mɔ ti Brezili lɔ balon bofuɛ’m be anuannzɛ i su kpɛn, ɔ fali sika, ɔ dili afuɛ kun. I sɔ ti naan Joao Havelange tu li i juman dilɛ nu, ble nga be kpa ekipu mu kanan ba bo balon i Amlɛnkɛn lɔ, afuɛ [1994] akpi kun ya ngluan abalangluan ni nnan nun.

Ɔ fali ajalɛ kɛ ɔ kaci wafa nga be siesie Brezili lɔ balon bolɛ i wafa, sanngɛ i sɔ yo man balon anuanzɛ kpɛnngbɛn be fɛ. Afin ɔ kunndɛ kɛ klɔbu be yi be afuɛnuan nige nga be yoli be nglo. I sɔ wa yo man Brezili balon bofuɛ be anuannzɛ I liɛ su ekun. Afin Joao Havelange ɔ siesieli kɛ, yo man anuanzɛ sɔ di tian’n, kɛ Anglɛtɛri I balon anuanzɛ sa. I agualiɛ su, afuɛ [1998] akpi kun ya ngluan ablangluan ni mɔcuɛ nun, ɔ klua guali i mmla nga ɔ siesieli, mɔ be flɛi kɛ Pele mmla. I sɔ mmla ti Bosman mmla I jranlɛ kun nga be fɛli Erɔpu lɔ, nan yay o man balonbofuɛmu ba klua fa be wun tei like uflɛ nu.

 
 
Kɛ nvle i sielɛ vieli, awa sunman be kunndɛli kɛ Pelé kaci Brezili lɔ spɔri su kpɛn. Ka nan wa kpli’n Fɛnando Anriki Kadɔsu kɛ ɔ di I sɔ juman, Tankredo Nɛvɛsi, afuɛ [1985] akpi kun ya ngluan ablaɔcuɛ ni nnun nun, dumua seli i kɛ ɔ di i sɔ juman, sangɛ wa kplimansu, isi’n, Zozɛfu Sani seli i ekun kɛ ɔ di sɔ juman kungba I afuɛ [1989] akpi kun ya ngluan ablaɔcuɛ ni nnun nun, sangɛ wa kpli man su ekun. Kɛ Pelé seli kɛ Ricardo Teixeira mɔ ti Brezili lɔ balon bofuɛ’m be anuannzɛ i su kpɛn, ɔ fali sika, ɔ dili afuɛ kun. I sɔ ti naan Joao Havelange tu li i juman dilɛ nu, ble nga be kpa ekipu mu kanan ba bo balon i Amlɛnkɛn lɔ, afuɛ [1994] akpi kun ya ngluan abalangluan ni nnan nun.

Ɔ fali ajalɛ kɛ ɔ kaci wafa nga be siesie Brezili lɔ balon bolɛ i wafa, sanngɛ i sɔ yo man balon anuanzɛ kpɛnngbɛn be fɛ. Afin ɔ kunndɛ kɛ klɔbu be yi be afuɛnuan nige nga be yoli be nglo. I sɔ wa yo man Brezili balon bofuɛ be anuannzɛ I liɛ su ekun. Afin Joao Havelange ɔ siesieli kɛ, yo man anuanzɛ sɔ di tian’n, kɛ Anglɛtɛri I balon anuanzɛ sa. I agualiɛ su, afuɛ [1998] akpi kun ya ngluan ablangluan ni mɔcuɛ nun, ɔ klua guali i mmla nga ɔ siesieli, mɔ be flɛi kɛ Pele mmla. I sɔ mmla ti Bosman mmla I jranlɛ kun nga be fɛli Erɔpu lɔ, nan yay o man balonbofuɛmu ba klua fa be wun tei like uflɛ nu.
 Kɛ nvle i sielɛ vieli, awa sunman be kunndɛli kɛ Pelé kaci Brezili lɔ spɔri su kpɛn. Ka nan wa kpli’n Fɛnando Anriki Kadɔsu kɛ ɔ di I sɔ juman, Tankredo Nɛvɛsi, afuɛ [1985] akpi kun ya ngluan ablaɔcuɛ ni nnun nun, dumua seli i kɛ ɔ di i sɔ juman, sangɛ wa kplimansu, isi’n, Zozɛfu Sani seli i ekun kɛ ɔ di sɔ juman kungba I afuɛ [1989] akpi kun ya ngluan ablaɔcuɛ ni nnun nun, sangɛ wa kpli man su ekun. Kɛ Pelé seli kɛ Ricardo Teixeira mɔ ti Brezili lɔ balon bofuɛ’m be anuannzɛ i su kpɛn, ɔ fali sika, ɔ dili afuɛ kun. I sɔ ti naan Joao Havelange tu li i juman dilɛ nu, ble nga be kpa ekipu mu kanan ba bo balon i Amlɛnkɛn lɔ, afuɛ [1994] akpi kun ya ngluan abalangluan ni nnan nun.

Ɔ fali ajalɛ kɛ ɔ kaci wafa nga be siesie Brezili lɔ balon bolɛ i wafa, sanngɛ i sɔ yo man balon anuanzɛ kpɛnngbɛn be fɛ. Afin ɔ kunndɛ kɛ klɔbu be yi be afuɛnuan nige nga be yoli be nglo. I sɔ wa yo man Brezili balon bofuɛ be anuannzɛ I liɛ su ekun. Afin Joao Havelange ɔ siesieli kɛ, yo man anuanzɛ sɔ di tian’n, kɛ Anglɛtɛri I balon anuanzɛ sa. I agualiɛ su, afuɛ [1998] akpi kun ya ngluan ablangluan ni mɔcuɛ nun, ɔ klua guali i mmla nga ɔ siesieli, mɔ be flɛi kɛ Pele mmla. I sɔ mmla ti Bosman mmla I jranlɛ kun nga be fɛli Erɔpu lɔ, nan yay o man balonbofuɛmu ba klua fa be wun tei like uflɛ nu.",bau,unknown,train,Baoulé,Google WaxalNLP
bau_KK_KK_BCI_1_29c,KK,Avieman ti nnyin I ti afiɛn lɔ.,bau,unknown,train,Baoulé,Google WaxalNLP
bau_KK_KK_BCI_1_94,KK,"Aya ti Amlan i wa bla nnyon su, yɛ konnan ku su, ti be nyasua be blu ni nnun su.",bau,unknown,train,Baoulé,Google WaxalNLP
bau_RK_RK_BCI_1_71,RK,Sɛ be fa blun ni kun be tata ya kun o ni blun su ɔ yo akpi kun ya nyon ni blu.,bau,unknown,train,Baoulé,Google WaxalNLP
bau_JH_JH_BCI_1_21B,JH,Tomati m'ma [5] n'nun.,bau,unknown,train,Baoulé,Google WaxalNLP
bau_JH_JH_BCI_2_131,JH,Ajua i wa yɛlɛ yao.,bau,unknown,train,Baoulé,Google WaxalNLP
bau_JK_JK_BCI_1_77,JK,Nsan ni bue n'nan kpe yakun ni ablahun ɔ yo abla n'gluan,bau,unknown,train,Baoulé,Google WaxalNLP
bau_JH_JH_BCI_1_71,JH,Kɛ ablam'glan tata ya kun abluni n'siɛn su ɔ yo akpi ki bluni n'gnon ni ya san ablanan.,bau,unknown,train,Baoulé,Google WaxalNLP
bau_JK_JK_BCI_2_200,JK,We cɛn ti like siesielɛ like nan lemɔjuɛ wa vie.,bau,unknown,train,Baoulé,Google WaxalNLP
bau_KK_KK_BCI_5_250,KK,"Aungban ni’n Via be kunndɛli kɛ be si sran ngɔ le wunmiɛn kpa. Aungban se kɛ: “Mi yɛ n le wunmiɛn kpa nion! N klua kpɛ waka mun, kpɛkun n klua bubu sua mun!  Via se kɛ: “Mi yɛ n le wunmiɛn kpa nion! N klua yo maan aaoliɛ flɛnnɛn do lele naan man ɔ klua ton klenzua kun! 

Be si akplowa lele, sanngɛ be nun wie fi wa klua luaman i biengu i fanngan. I agualiɛ su, be wunnin kɛ ati’n bofuɛ kun su s’in akpɔ su. Augbuan se kɛ: “Jran n kle wɔ kɛ mi wunmiɛn tra wɔ. N su yo maan sran ngɔ su kɔ lika, ɔ yi i tralɛ! 

Aungban tuli kekle kpa kɛ ɔ klua yo sa, sanngɛ atin bofuɛ trɛli i tralɛ tɛtɛ kpa ngbɛn. Kɛ aungban fíta kekle kpa, sran ngɔ su kɔ lika, ɔ trɛɛ i tralɛ’n su kpa. I agualiɛ su, Aungban yacili.

Via srili kpɛkun ɔ seli kɛ, “Siɛn, maan n yo.”  Via boli kpajalɛ bo blɛblɛblɛ sran ngɔ su kɔ lika i su. I klikli nun, sran ngɔ su kɔ lika wa sieman like fi nzɔliɛ, sanngɛ i si’n, ɔ boli dolɛ bo kan. Ɔ tikeli i tralɛ i buton, kpɛkun ɔ deli aungban kpa. Via kpajali kan yɛ sran ngɔ su kɔ lika, ɔ boli nflee i tu wa bo. Ɔ yili i tralɛ dan, kpɛkun ɔ yili i asiɛ wun.

Aungban ni via be nianni be biengu. Aungban tɛ tu, sanngɛ via su sri. Via se kɛ: “? Amun wun i? Nan ndɛ tɛtɛ kanlɛ ngunmi yɛ aklunye klua yo ɔ. 

Ndɛ sɔ’n i bo yɛle kɛ: aklunye le wunmiɛn tra wunmiɛn.

Aliema
Bakanngan nga be fin klɔ’n su lɔ’n, be wunnin mmeli kun mɔ be fa yo bakanngan’m be like’n, nzue ba kun m’ɔ timan weiin’n i nuan lɛ. Kɛ bé kɔ́ lɔ’n, be fali be ɔli mɛn klanman kun mɔ nnɛn nga be yo bakanngan’m be like’n, ɔ nin lika nga be ti abonuan’n be o nun’n, i nun. Be atin bolɛ kwlaa nun’n, be suannin janvuɛ tralɛ’n, nin be afiɛn ndɛnngan’n, ɔ nin ninnge nga be o lɛ’n be su nianlɛ’n be su like cinnjin kpa mun. Be nin aolia nun sran klun ufue wie mun be yiali, kpɛkun be kleli be kɛ ɔ ti cinnjin kɛ be sasa be lika’n, naan be nin ninnge nga be o lɛ’n be tran klanman. Ndɛ sɔ’n kle kɛ like kunndɛlɛ’n nin like suanlɛ’n be kɔ likawlɛ, naan like kwlaa nga be yo’n, ɔ man be atin naan b’a yo kpa, naan b’a yo kpa.",bau,unknown,train,Baoulé,Google WaxalNLP
bau_JH_JH_BCI_1_1C,JH,Glɛinmon nun jua ni fite kɔ e sɔ ni nanni ji lɛ.,bau,unknown,train,Baoulé,Google WaxalNLP
bau_RK_RK_BCI_2_208,RK,Nyanmiɛn ble wa fite klanman kpa.,bau,unknown,train,Baoulé,Google WaxalNLP
bau_JH_JH_BCI_2_195,JH,"Be di afuɛ fɛfɛ’n i cɛn’n angbɔ  i le kli kli jin nun, yɛ ɔ ti afuɛ uflɛ i bo bolɛ cɛn’n niɔn.",bau,unknown,train,Baoulé,Google WaxalNLP
bau_JH_JH_BCI_2_205,JH,Kofie nun yɛ bab me fɛfɛ non.,bau,unknown,train,Baoulé,Google WaxalNLP
bau_JH_JH_BCI_1_48,JH,Gnanmiɛn i fawa gna wa ye nɛssoi gna diɛ fuɛ ɔ djɛman nan m'zue nan gua gua dɔ gna su nan kɔguɛ bunuiɛn nan toe. Ɛjua ne  a bo kan dɔ bie sulɛ nan aliɛ a san. Anglo ba kussu man e a ta nɛssoi nu dɔ mɔjuɛ nan nika a djin. I sɔ blɛ nu kanzɛ dɔlua bɔbɔ tɔ ɛ oui.,bau,unknown,train,Baoulé,Google WaxalNLP
bau_KK_KK_BCI_3_214,KK,"Sa klikli nga be yoli Marseille lɔ Roucas-Blanc Olympic marina su afuɛ akpi nnyon abla’n ni nsan [2023] mugu i le ngluan [9] fa ju i le blu ni nsiɛn [16] su. Be fali meli jranlɛ i lika dan kun be manni JɔPU mun nglɛmun dɔ mɔcuɛ [8 a.m] fa ju ndɔsua dɔ mɔcuɛ [8 p.m] su, be yoli sra dan, sanngɛ ɔ yoli maan be klua sini kpa. Be wun ni lika nga ɔ fata kɛ be yo be kpa kɛ sua  be dan yolɛ sa. Afuɛ akpi nnyon abal’n ni nnan [2024] nun, sran akpi blu ni nnyon [12.000] nga be sunnzunni kɛ be ba cɛn kluaa, be aklua ba man, ɔ maan ba nianman wafa nga loto nga be sua sran mun be yo ɔ.
Afuɛ ngɔ ka naan ba bo Nzɔliɛ ninnge be bo, be siesie sa sɔ be yolɛ ninnge vie’m be nun. Afuɛ akpi nnyon abla’n ni nsan [2023], fɛlɛ anglo i bo bolɛ nun, nzue guɛa mɔ fata kɛ ɔ bo I bo affoliɛ anglo nu Seine lɔ wa siasu kun, afin nzue i su like suanlɛ wa nantiman mmla be su kɛ aungban dan ne tu. Kɛ ɔ dili le mɔcuɛ nnyon, be jranni triathlon testi vie be ekun.
Be siesieli kua tolɛ akploa mɔ nvle be klua be akpli, afoliɛ anglo i le blu ni ngluan [19] fa ju I le abla’n [20] su, be fali be wun luali balon bolɛ lika mon be flɛ i Charléty lɔ, kpɛkun be yoli i bue kasiɛn i bubufuɛ be lika nga be yo Olympique lɔ, sran ya kpanngban be nyrun lɛ.
Afuɛ akpi nnyon abla’n ni nsan [2023], fɛlɛ anglo nun, be siesie sa nga be fa yo sran be like mɔ be leman nzɔliɛ, Château de Versailles lɔ lika nga be kplanni ponton kun mon ti mɛtri ablesiɛn [60] mon klua si’n nzue su, yɛ ɔ fata kɛ nanni kpanngɔ yɛ be fa si’n su ɔ.
Kɛ nga be kpɛ rigbi, ni gɔlufu I ba, Tokio lɔ liɛ sa afuɛ [2020] akpi nnyon ni abla’n, ni Rio lɔ nige fanufanu be akploa nga be kɔ si, afuɛ akpi nnyon ni nsiɛn. Afuɛ akpi nnyon abla’n ni nnan liɛ ngɔ ba yɛ, be tɛ su i sɔ nige be su ekun. Ngua [28] abla’n ni mɔcuɛ nga Pali kpɛguali’n, ɔ fata kɛ ɔ ni nige fanufanu be akploa ng aba dumua ba si ye kun. Sangɛ, mmla kun mɔ be fɛlii afuɛ [2014] akpi nnyon ni blu ni nnan, yo man akploa siesiefuɛ be klua kpa ngua uflɛ’m guanu ekun. Tokio lɔ afuɛ [2020] akpi nnyon ni abla’n, be fali karate, sɔfu, seriwa, nglofuwa, ɔni basikɛti bolu. Ngua [28] abla’n ni mɔcuɛ nga be fali be, be kpɛman nige nga ɔ fata kɛ be yo be, be ba. Asan ekun, ɔ kle man akploa wafa nnyɛ nga ɔ fata kɛ be yo su, ekun ɔ kle man kɛ nige nga be fa sie siesielɛfuɛ be nyru, be fa be wukasu. I siesielɛ’n fata kɛ ɔ jran afuɛ [2019] i klannan ndɛya anglo nu, siesielɛ dandan, be nnyaliɛ nga be yo I Lozani lɔ nu. Ngua nga be fa be gua su, be yelɛ bo I bo, afuɛ [2019] akpi nnyon ni blu ni ngluan I bobolɛ nu. Sipɔri nga be kpali be, be faman sran dan, be faman sua uflɛ mu ekun. Ngua nga be kpali be yɛ lɛ,  sɛfu, seriwa, nglofuwa, ɔni basikɛti nga be bo I nsan, yɛ ablesiwa. Be siesie kploa sɔ be sua kun ngba nu, isɔ sua liɛ klua fa sran akpi ablasan ni nnun. Ekun jue tofuɛ be gan ngua sua sɔ nlɔ ekun. ɔ ti man siesiewa kɛ be uka ngua be su ekun, kɛ nga sran be fa klo nsa. 
Afuɛ [2020] akpi nnyon ni abla’n i kɔnguɛ nzue anglo nu, Komision su jranfuɛmu be fali ajalɛ mu. Be sunzu sekɛ, ngua nnan kɛ sɛfu, seriwa, nglofuwa, ni ablesiwa bea wuka su ekun.
Ekun, be kacili ngua be nige viemu, I sɔ yoli man ɔ kplɛli nguaganfuɛ be su. Asa ekun, ɔ yo man bla ni nyasua nga be di ngua sɔ be ti le sɛ.
Wandilɛ nu, nantilɛ akpoa mɔ fɛi kilo ablasan ni nnun, kaci yasua be akploa nga be yoi kilo ablenu su.
Aliema kanlɛ nu, akploa  nnyon kaci wandilɛ akploa nnyon.
Ngoni tuwa nu, bla be akpasua kun, kaci yasua be akpasua liɛ kun.
Aterofili nu, be nununi akpoa nnan.
Cua towa nu, bl ani yasua be ekipu kacili trapu liɛ.",bau,unknown,train,Baoulé,Google WaxalNLP
bau_KK_KK_BCI_4_232,KK,"Be wuli Touré Bouakɛ lɔ. Ɔ wluli ASEC Mimosas gbanflɛn nin talua me suklu nun, i afɔtuɛ manfuɛ Patrick van Reijendam mɔ kleli i like wa cɛn i afɔtuɛ su. Sran cinnjin kpa kun ASEC suklu lɔ, yɛle Zan-Marki Guilu. Afuɛ akpi kun nu nun, Guillou fali sika kpanngban wlali Bɛlizi lɔ klɔ kun mɔ be flɛ i kɛ Beveren’n i nun, i waan ɔ́ a klɔ sɔ fa kle Ivoiri lɔ balon bofuɛ mun Erɔpu lɔ jue tofuɛ’m be anuannzɛ kun nun. Ture ɔli Beveren, ɔ ti ASEC i balon bofuɛ kpanngban nga be yoli sɔ blɛ sɔ nun, be nun kun. Afuɛ [2003] akpi nnyon ni nsan nun, ɔ ti Ivoirifuɛ nga be o Beveren i ekipu nun, be nun kun. 

Afuɛ [2003] akpi nnyon ni nsan nun, Ture nin Arsenal be dili jɔlɛ. Ɔ boli janvuɛ tralɛ kun bo ka naan blɛ wa ju, ɔ nin Barnet be afiɛn, Zuie i le [19] blu ni ngluan su’n, ɔ wieli 0-0. BBC Sport i ɛntɛnɛti adrɛsi’n seli kɛ Touré “sacili i fluwa’n, afin w’a ɲanman atin w’a diman Arsenal i jue’n, ɔ fali Quincy Owusu-Abeyie i cross’n. Wenger te kunndɛ kɛ ɔ́ fá bian m’ɔ le afuɛ [20] abla'n, sanngɛ ɔ yoli kekle mannin Touré kɛ ɔ ɲan junman dilɛ fluwa.I agualiɛ su’n, Turé wa traman i awlɛn, ɔ maan ɔ fali ajalɛ kɛ ɔ́ kɔ́ Ukrɛni lɔ klɔ nga be flɛ i kɛ Metalurh Donetsk’n i su afuɛ [2003] akpi nyon ni nsan, Desamblu nun, ɔ dili afuɛ kun nin sin lɔ .",bau,unknown,train,Baoulé,Google WaxalNLP
bau_KK_KK_BCI_1_1a,KK,Nanni bla n'jin waka dan i bo lɔ.,bau,unknown,train,Baoulé,Google WaxalNLP
bau_RK_RK_BCI_2_148,RK,"Kosan nyɔn :
?Ajalɛ benin yɛ Fɛlisi Ufuɛt-Boini yacili i Yamusu lɔ ɔ?

I su tɛlɛ’n: Félix Houphouët-Boigny yacili like kpa kun Yamusoklɔ  lɔ, i li kɛ ɔ kplannin asɔnun sua nga be flɛ i kɛ e aujuɛ bla, m’ɔ ti asɔnun sua dandan nga be o mɛn’n nun’n be nun kun’n.",bau,unknown,train,Baoulé,Google WaxalNLP
bau_RK_RK_BCI_1_28a,RK,"Aloboku fuɛ mu, ba yanu.",bau,unknown,train,Baoulé,Google WaxalNLP
bau_KK_KK_BCI_4_229,KK,"Sran’m be afiɛn ndɛ ti ndɛ kun mɔ tɔ sran kpanngban be su nvle kun nun ɔn. Ɔ ti sa nga be tɔ sran’m be su andɛ, mɔ sran sunman be mian be ɲin be siesie be, be akpasua kun. Blɛ sunman nun’n, sa nga be tra sran kun i sa nun, be bo yɛ ɔ o lɛ ɔ. Sran be afiɛn ndɛ be ti akunndan nga be sansan be wun, be fin like nga be bu i kɛ ɔ ti kpa annzɛ ɔ timan kpa, annzɛ sran be afiɛn ndɛ be su ajalɛ nga be fa. Sran’m be afiɛn ndɛ be nin sika ndɛ be timan kun; Sanngɛ, ndɛ vie mun  be le sran’m be tranwlɛ nin sika ndɛ. Ndɛ vie’m be tɔman ndɛ sɔ be nun vie fi nun, kɛ alɛ kunlɛ sa.
I sɔ kle kɛ, kɛ be boli junman dilɛ i bo, be usali sran be ndɛ be su ajalɛ kpa. Yalɛ i dan yolɛ i bue kun su, ɔ nin sran’m be sɔnlɛ nin anyanbeun ninnge’m be yolɛ i bue kun su, be yoli maan ndɛnngan tɔli anyanbeunfuɛ kpa mun nin yalɛfuɛ kpafuɛ be afiɛn nvle nun.
Wafa nga sran be fa kun sran be afiɛn ndɛ, be ti fanunfanun. Sran vie be vote sran nga be sie sran mun demokrasi mɛn nun, naan be akunndan wa ɔ i nyrun. Kɛ be diman politiki, sran be man annzɛ be fa be blɛ, annzɛ be sika, annzɛ be wunmiɛn, annzɛ ninnge uflɛ vie mun ekun be man sran mun. Blɛ sunman nun, i sɔ yolɛ ti kɛ be klunklo like sa. Blɛ sunman nun, sran’m be afiɛn ndɛ kun i siesielɛ i ngunmin ti yɛ be taka anuannzɛ nga be kunndɛman sika nion. Sran’m be siesielɛ yɛle kɛ be yia sran mun likaluɛ naan be yo like kunngba .
Ndɛ mma klɔnu ndɛngan i bo ti fanunfanun sanngɛ ɔ nin i biengu be kɔ likaluɛ, ɔ kan nvle i politiki ndɛ be ndɛ, mɔ sran'm be ti nun ti nun kpa, mɔ be ti sran be ndɛ kanlɛ dan, be si akplowa, be vote. I lɛ nun'n, klɔnu ndɛngan ɔ kanman tukpacɛ kun mɔ fata kɛ be siesie i ndɛ, sanngɛ ɔ ti ndɛ kun mɔ fata kɛ be koko su yalɛ .
Sran i bɔbɔ i ndɛ yɛle ndɛ nga sran kun nin i bɔbɔ be koko, ɔ nin be biengu mun nin be afiɛn, be nun kan. Sran bɔbɔ i ndɛ’m be klua yo sa kluaa ngɔ klua kaci sran i mɛn dilɛ. Sanngɛ, sran be afiɛn ndɛ be kan ninnge nga sran kpanngban be bu be like dan, be ndɛ. I vie yɛle kɛ, sran kpanngban mɔ be leman junman, mɔ be kan sran akpi kpanngban, ɔ ti sran be afiɛn ndɛ .
Yalɛ
Be waan Kanada lɔ yalɛ i nyrun ti kɛ sran be timan kun sa, be leman like, yɛ be ti gbanflɛn nin talua kanngan. Ɔ ti blɔfuɛ mun, nin aborizinal mun, nin sran ble be nvle be nun, ɔ nin sran akpasua kanngan be afiɛn. Asa ekun, sɛ e fa sran nga be ti akpasua kaan be sunnzun be biengu mun, be diman junman, yɛ be diman junman kpa. Nga be fa sie su’n, yalɛ nga sa sunman ti’n, ɔ le junman kun mɔ ɔ ukasu ɔ. I vie yɛle kɛ, kɛ be fa be sunnzun be nga be tran lika nga be sieli be be liɛ, sika ndɛ nin sran be tranwlɛ, ɔ nin tukpacɛ be sacilɛ ti yɛ be bu i kɛ be nin be biengu be timan kun ɔn. Yalɛ dilɛ Kanada lɔ, ɔ le wafa kun mɔ yo maan sran be tranwlɛ nun, ɔ yo maan Kanadafuɛ nga be le yalɛ kpa, be ka yalɛfuɛ titi ɔ. Klɔ’m be su yalɛ, ɔ fin sran kun nin awlobo’m be sua nga be nyanman sika kaka, ɔ nin sran nga be leman sua be sɔnnin .
Sran’m be afiɛn ndɛnnga nin sran be wun akunndan tɛ bulɛ
Sran be afiɛn ndɛnngan wafa nga be o Kanada lɔ dɔ nga su, yɛle sran’m be afiɛn ndɛnngan. sran’m be afiɛn ndɛnngan, i vie yɛle kɛ polisi be ndɛ kanlɛ mɔ Ontario lɔ sran be atin dilɛ anuannzɛ yiyili nun kpa, ɔ nin sran’m be afiɛn ndɛnngan ngɔ o sran be afiɛn. blɛ nga be fin nvle uflɛ nun, ɔ nin be nga be wanndili. Blɔfuɛ nin be nga be timan blɔfuɛ be afiɛn ti nun, ɔ ti Kanada lɔ sran be lika kun mɔ be fa akpasua kpɛ kalɛ be fa wun i wlɛ. Sran be afiɛn ndɛnngan i sin Kanada lɔ, ɔ yoli maan sran’m be afiɛn ndɛnngan yoli tɛ kpa .

Kpinngbinlɛ nin sran’m be nunnunlɛ .
Be waan kɛ afuɛ [2030] akpi kun ablasan,  wa ju, nn sran oke’m be yo Kanada lɔ sran’m be nun. I sɔ yo maan junman difuɛ be sɔnninman kun, yɛ klɔ i anyanbeun i dan yolɛ klua yo dan, i sɔ klua yo maan be tua lapo kpanngban. Asa ekun’n, kɛ ɔ fɛ i afuɛ ngɔ si’n lɔ nun, Kanada lɔ ba nga be wu ba, be su kan ase, i li blɔfuɛ be awlobo’m be nun. Be nga be fin nvle uflɛ nun mɔ be le sran nga be nian be su, ɔ timan like kpa wie mɔ kwla yo maan tukpacɛ i bo gua ase ɔ; Sanngɛ, be kwla yo maan klɔ’m be su sran’m be sɔnnin kpa naan sika ndɛn wa yo dan. Be suannin like kɛ Kanadafuɛ’m be yo azeisim’n i nglo weiin. Sran’m be afuɛ ti, be kplinman junman dilɛ su kɛ be di junman, sanngɛ i sɔ akunndan tɛ, jasin bofuɛ’m be fa su kpa ekun. ɔ tian’n ndɛ ti akunndan uflɛ Amlɛnkɛn be mɛn i nglo lɔ lika’n nun, afin sran kun i ngunmin i ndɛ’n ti dan, saan nvlefuɛ’m be afiɛn. Be nga be mian be ɲin be suan like, be siman wafa nga be kwla di junman’n yɛ i dan lika, ɔ kwla yo maan be yo sran oke’m be sa tɛ. Kanada lɔ sran’m be juejue yolɛ anuannzɛ’n seli kɛ sran oke’m be nun, be wun kpɛnngbɛn’m be sa tɛ Kanada lɔ .
I sɔ ti sran’m be nzuɛn’n nin laa sa’m be su like kun mɔ nin sran nga be o sran’m be afiɛn be kwla di sran uflɛ’m be sa nun ninnge’m be nuan, ɔ nin sran’m be afiɛn tranlɛ’n be afiɛn. Ɔ kwla yo kɛ Kanada lɔ anuannzɛ’m be kwla diman sran oke nga be nian be su be sa nun ninnge be su junman sa. i vie yɛle kɛ, be bu sran oke be lika nianlɛ i kɛ ɔ ti sran kun i ndɛ tra sran’m be ndɛ, yɛ politiki nun ndɛ ti be nga be timan sran’m be liɛ be liɛ su. sran oke’m be lika nianlɛ, kɛ nga be fa yo Amlɛnkɛn’m be lɔ sa, ɔ nin be jranlɛ’n i wie yɛle kɛ, be jranman sran nga be bu be fɔ be sin . be mianmian sran mun naan ba siesie sran’m be anuannzɛ be wafa ngɔ nin be sa mian. Sanngɛ, anuannzɛ kɛ Kanada kpɛnngbɛn nga be lɛ afuɛ ablenu be anuanzɛ ,sa, be mianmian sran mun kpa naan be kaci sran'm be nzuɛn .",bau,unknown,train,Baoulé,Google WaxalNLP
bau_RK_RK_BCI_2_169,RK,"Acɛkɛ mɔ be fa jue nga be flɛ kɛ tɔn be gua nun’n,  ɔ yo fɛ kpa.",bau,unknown,train,Baoulé,Google WaxalNLP
bau_RK_RK_BCI_3_217,RK,"Crime ti like kun mɔ jɔlɛ difuɛ mun, nin polisie mun, ɔ nin bissua’m be anuannzɛ’m be yi i be nin sran onga’m be afiɛn’n, ɔ sin sa nga be timan mmla su’n be lika nianlɛ wafawafa’n nun. Illegalism ti mmla’n i sin sinlɛ. Illegalism be siesie be wafa fanunfanun nun kɛ be nian fɔ tulɛ wafa’n su’n: be bu mmla’n i sin sinlɛ wafa wie’m be fɔ, yɛ be kplin wie’m be su.

I sɔ sielɛ’n, ɔ yo maan mmla’n i su nantilɛ’n m’ɔ kan ninnge’m be ndɛ’n, kɛ awie wualɛ sa’n, ɔ nin nga be kan atin’n i ndɛ’n, kɛ gblɛ sa’n, be timan kun, afin kɛ kapitalismu industriel’n fiteli’n, ɔ yoli maan be kacili junman difuɛ’m be su nianlɛ’n i wafa uflɛ: be wun junman difuɛ’m be mmla’n i su ndɛ’n i wlɛ siɛn’n . ɔ sinnin sa tɛ yolɛ (annzɛ sa tɛ yolɛ) i akunndan uflɛ’n su, sanngɛ be kplinnin bourgeoisie’m be sa tɛ’m be su. I sɔ’n fite i wafa nga be fa junman difuɛ’m be ngowa kanlɛ’n nin mmla’n be yo kɛ like tɛ sa’n, ɔ nin i wafa uflɛ’n, be wun bourgeoisie’n i sacilɛ’n kɛ ayeliɛ mɔ be nzuɛn tɛ’n, mmla’n yɛ ɔ yili be’n6. Ɔ maan, sika ndɛ nun sa tɛ yolɛ’n, sran mun nin fɔ tulɛ wafa’n be wun i wlɛ kɛ be buman be wun akunndan, sanngɛ sran nga be ba mɛn’n nun lɔ’n, i wie yɛle kɛ, be tu be fɔ kɛ ɔ ti sa tɛ mɔ sran’m be yoman’n. Sɛ e fa e ɲin e sie i klassi ndɛ’m be su bɔbɔ’n, sa nga be timan mmla su’n, be bu be fɔ annzɛ be kplin be su, ɔ taka wafa nga mmla’n i su nianfuɛ’m be kan ndɛ kanngan nin dandan’m be ndɛ’n su.
Criminologie fa sa tɛ’m be nun mmla’n i wafa’n, nin wafa nga be fa yo’n, nin sran nga be kunndɛ kɛ bé yó be’n, ɔ nin sran nga be kwla yo be sa tɛ’n be nuan’n, be sie i akpasuaakpasua nun: sa tɛ nga be fa sran’m be wunmiɛn’n be di junman’n, sa nga be yo be ninnge’m be su’n, sa nga be yo mɔ be yo maan sran’m be tran klanman’n, sa nga be yo mɔ be kpɔ sran’n, sa nga be yo mɔ be yo sran’m be kpɔlɛ’n . , sa tɛ nga be yo mɔ be nin jɔlɛ dilɛ’n be kɔman likawlɛ’n, lika’n i lika nianlɛ’n i su sa tɛ’n, ɔ nin sa tɛ nga fɔ nunman be nun’n.

Sa tɛ nga be fa wunmiɛn be di junman’n: be ti sa tɛ nga be yo sran’n i trele’n, sanngɛ be ti sa tɛ nga be nin srɛ m’ɔ kun sran’n be kɔ likawlɛ’n, ɔ maan sa tɛ kwlaa nga sa kekleekle yolɛ’n yɛ ɔ ti like nga be fa yo like’n, i bo’n, kɛ sran kunlɛ sa’n . , bian nin bla nna nun sa tɛ wie mun6, ɲrɛnnɛn klelɛ...
Sa tɛ nga be yo be ninnge’m be su’n: be nun wie yɛle ninnge’m be falɛ m’ɔ timan mmla su’n annzɛ sika, nin ninnge nga be kwla kaci’n, annzɛ ninnge nga be kwla kaciman’n be sacilɛ’n. Sa tɛ nga be fa sran’n i wunmiɛn’n annzɛ be fa srɛ i’n, be nunman nun (i wie yɛle kɛ, awie wualɛ’n, be bu i kɛ ɔ ti sa tɛ mɔ be fa wunmiɛn’n be di junman’n, ɔ nin awie wualɛ nin awie wualɛ’n be timan kun).
Sa tɛ nga be yo mɔ be yo maan sran’m be tranwlɛ’n yoman kpa’n: be nun wie yɛle sa tɛ nga be saci sran’m be mɛn dilɛ’n nin be nvle’n i nunfuɛ’m be lika nianlɛ’n, annzɛ be nga be kunndɛ kɛ bé yó naan sran’m be di junman kpa’n. Sa kekleekle yolɛ nin sa nga be nin aeliɛ tɛ’n be kɔman likawlɛ’n, be ti i sɔ liɛ’n i nzɔliɛ. Nvle kun m’ɔ timan mɛn nunfuɛ’n, annzɛ kusu mɔ asɔnun’m be nin nvle’n be afiɛn’n timan nun weiin’n, “Ɲanmiɛn sulɛ wafa’m be nun sa tɛ yolɛ’n” i wafa kun fite (Cɛn kun’n, Montesquieu kannin “Ɲanmiɛn sulɛ wafa’n i su ndɛ tɛtɛ kanlɛ’n, Ɲanmiɛn sulɛ wafa’n i ɲin cilɛ’n, Ɲanmiɛn sulɛ wafa’n i nunnunlɛ’n” i ndɛ). Sɛ nvle kun i Ɲanmiɛn sulɛ wafa kun o lɛ’n, sa tɛ yolɛ’n i kacilɛ’n kwla yo nvle’n i wun sa tɛ.
Sa tɛ nga be yo mɔ be kpɔ sran’n: “motivation par l’haine d’un groupe particulier”7, be fa be ɲin sie i sran akpasua kun annzɛ ninnge nga be ti be liɛ’n annzɛ be nzɔliɛ like’n be su, ɔ taka be wun su kpa annzɛ be bu i kɛ be ti sran kpa (bla annzɛ bian, be akpasua, lika nga be fin’n, annzɛ be finwlɛ’n, Ɲanmiɛn sulɛ wafa’n , bian nin bla nna’n, nvle uflɛ nunfuɛ annzɛ sran ng’ɔ wanndili’n i su ndɛ’n, ɔ nin ninnge uflɛ wie mun ekun). I dan lika nun’n, kɛ be akunndan’n ti sran’m be afiɛn ndɛnngan’n, be yo maan be yo apartheid, annzɛ be kun sran mun annzɛ be kun sran mun.
Sa tɛ nga be yo nvle’n i wun’n: be ti sa tɛ nga be yo naan b’a kwla laka awa kun annzɛ b’a saci i’n, ɔ nin lapo’n i tualɛ’n, ɔ nin sa tɛtɛ yolɛ annzɛ sran’m be sacilɛ wafa wie mun (e.g. crimes contre-révolutionnaire en Chine8).
Sa tɛ nga be yo mɔ be nin jɔlɛ dilɛ’n be kɔman likawlɛ’n: be ti sa tɛ nga be fa be ɲin sie i jɔlɛ dilɛ’n su’n, mɔ be kunndɛ kɛ bé fá ndɛnngan’n bé kɔ́’n, annzɛ bé yó maan ndɛnngan’n i siesielɛ’n ɔ́ yó blɛblɛblɛ’n. I wie yɛle sa tɛ sɔ’m be nun kun, ɔ tanndan sran ɲrun, ɔ nin ato ndɛ.

Environnemental crimes (annzɛ écocides): be nvle nun annzɛ nvle uflɛ nun, be fa be klunklo su annzɛ be faman be ɲin siemɛn i écosystème annzɛ écosystème i junman’m be su9. Be tɔ lika’n i lika nianlɛ mmla’n i bo, yɛ kɛ be kan ndɛ dan kpa’n, ɔ kwla yo sran’m be sa tɛ wie’m be ti10. Waka atɛ yolɛ’n, ɔ nin nnɛn nin waka wafa nga be sasa be’n, be ti i sɔ liɛ’n i nzɔliɛ.
Alɛ nun sa tɛ yolɛ mun: be yɛle be nga be fɔn alɛ nun mmla mun11. Asa ekun’n, e kan mɛn wunmuan’n nun alɛ’m be nun sa tɛ nga be yoli naan fɔundi w’a tɔman sran’m be afiɛn’n (be nga be sieli be Nuremberg jɔlɛ dilɛ’n nun’n, be nun kun). Be nga sa sɔ’n tɔ be su’n, be ti sivilifuɛ mun kpa.
Sa tɛ nga be yo sran mun’n: blɛ sunman nun’n, be kwlá kanman be ndɛ (mla’n nun sa tɛ yolɛ blɛ nun’n), be su ndɛ’n i kanlɛ’n ti kekle (afin sran kpanngban yɛ be yo ɔ, awa nin anuannzɛ’m be suan be bo dan, ɔ nin sonja mun, nin polisie mun, nin jɔlɛ difuɛ mun, ɔ nin ninnge uflɛ wie mun ekun .). I sɔ’m be ti sa tɛ mɔ be bo’n gua sran’m be nzuɛn cinnjin’m be su annzɛ sran’m be su dan’n. Sran kunlɛ’n yɛ ɔ ti i nzɔliɛ kpafuɛ’n niɔn.
Sa tɛ nga be timan kpa’n: be ti ayeliɛ nga be bu i kɛ ɔ ti sa tɛ’n, mɔ be saciliman like fi annzɛ be yolimɛn i’n, sɛ ɔ ti kɛ sa tɛ nga sɛ ɔ ti kɛ sa sɔ’n yoli’n, nn ɔ ti like nga mmla’n kunndɛ kɛ ɔ́ yó’n . dumua yo. I wie yɛle kɛ, sran’m be ɲin cilɛ’n, be kunndɛlɛ’n, ɔ nin sran’m be ɲin cilɛ’n.
Sanngɛ sa tɛ nga be yo’n, be fa be sie i mala in se offenses (ndɛ mma kun su: “sa tɛ’n i bɔbɔ nun”) ɔ nin sa tɛ nga be flɛ i kɛ mala prohibita (ndɛ mma kun su: “sa tɛ nga be tanninnin i’n”).

Mala in se criminal offenses be ti sa tɛ nga sran’m be kwlaa be wun i wlɛ kɛ be ti sɔ’n, kɛ sran kunlɛ annzɛ sran kunlɛ sa,
mala prohibita sa tɛ yolɛ’n yɛle sa tɛ nga be yo be lika fanunfanun nun’n, mɔ be o jɔlɛ diwlɛ kunngba’n nun’n. I wie yɛle kɛ, Kanada lɔ’n, sa tɛ yolɛ’n i su mmla’m be o awa’n i sa nun. Sanngɛ, kɛ be se kɛ be yo sa tɛ annzɛ be yo sa ng’ɔ nin aeliɛ tɛ’n be kɔman likawlɛ’n, be su buman eliɛ sɔ’n kɛ sa tɛ sa nvle wunmuan’n nun, afin be nian wafa nga nvle kun annzɛ nvle kun i nunfuɛ’m be nzuɛn’n ti fanunfanun’n; Sociologues be sieli i nzɔliɛ kɛ nvle kun nun annzɛ blɛ kun nun’n, kɛ mɔ be buman sa tɛ nga be yo be kpɛ sunman’n be like kaan sa’n ti’n, blɛ sunman nun’n, be buman be fɔ kɛ be timan tɛ kpa12.
Sran ng’ɔ yoli i sa tɛ’n i wunnɛn’n annzɛ i akunndan’n i nun sacilɛ’n (sa tɛ nga be yo be’n, be nga be leman wunmiɛn’n, be kpɛnngbɛn mun, tukpacifuɛ mun, be nga be leman wunmiɛn’n13, ninnge uflɛ wie mun ekun), be klunwi yolɛ’n, be sacilɛ’n annzɛ be junman’n nin be tɛ yolɛ’n14 annzɛ bɔbɔ wafa nga be yoli ninnge mun’n, ɔ nin wafa nga be yoli’n. moral damage be ti like wie mɔ be fa nian sɛ sa tɛ sɔ’n ti tɛ kpa o.

Be flɛ sa tɛ wie mɔ be nin “sika ndɛnngan’n”15, ɔ nin sran’m be kwlalɛ’n, ɔ nin lapo’n i su gblɛ dilɛ’n be kɔ likawlɛ’n be kɛ “sa tɛ nga be yo be’n”16.",bau,unknown,train,Baoulé,Google WaxalNLP
bau_JK_JK_BCI_5_246,JK,"Adua kun su tu ovie kun, kpɛkun ɔ wunnin sika gualɛ kun. Ɔ nian  wunman sika ɔkulɛ kpanngban sɔ le! I klun djɔli dan ti’n, i wla fili aliɛ dilɛ’n su. Ɔ trannin lɛ, ɔ niannin sika gualɛ’n lele, ɔ su sunnzun ninnge kulaa ng’ɔ kula fa to sika sɔ tɔ.

Tchin kun’n, asri kun ɔ su tu siun, kpɛkun ɔ wunnin kɛ adua’n ti lɛ. «Ngue yɛ ɔ o ɔ ?kɛ asri ɔ  bisali i sɔ. «Ngue ti yɛ a diman like ɔ ?

Adua’n seli kɛ: « Min wu o min sika’n i sasalɛ’n su dan.» «N'kula diman like sɛ man sia kɛ sran fi su waman.

Ɔ maan, asri seli kɛ: «Sanngɛ sɛ adiman like’n, awo wa  kun wɔ. « Pkɔkun sika ɔ tran n'guɛnuan?

Adua’n wa faman asri i ndɛ’n sun. Ɔ niɛnnin i sika ɔkulɛ be su titi. Yɛ tchinba kaka ɔ sinnin,, awe’n kunnin i.

Asri i n'dɛ ngɔ kanli ɔ ti su.Adua i sika kpli’n clolɛ yɛ ɔ kunnin i ɔ. I angudan wo kɛ ɔ yo gblengbi ti i lua fi nige n'ga ɔ ti cinnjin  :  aliɛ dilɛ.

Ndɛ sɔ’n i bo’n yɛle kɛ, ɔ ti cinnjin kɛ like nga amun le i’n, ɔ yo amun fɛ. Nan amun clo  sika idan tratrasu, sɛ wa yoman sɔ’n, amun vie kɛ alua sa.",bau,unknown,train,Baoulé,Google WaxalNLP
bau_JH_JH_BCI_3_217,JH,"Politiki i bo dan nun’n, yɛle kɛ sran’m be sielɛ’n, ɔ kle nigne n'gnɔ kan nvle kun i siesielɛ’n nin klualɛ’n i dilɛ nvle kun m’ɔ ti siesiewa’n i nun’n. I ngba nun’n, nvle kun, sran akpasua kun, sran akpasua kun i politiki’n, ɔ nin mmla kun mɔ i bo bofuɛ’m be klɛli’n, m’ɔ yiyi i nun ninnge’m be nun’n, ɔ nin wafa n'gna ɔ di junman’n, be kɔ likawlɛ. ɔ nin wafa ng’ɔ nin sran akpasua uflɛ’m be tran’n. Ɔ maan politiki’n yɛle like ng’ɔ kan sran’m be kwlaa be ndɛ’n, ɔ nin sran kunngunngun annzɛ sran kpanngban be kluaa be nnɛ’n. I sɔ’n ti yɛ politiki nigne suanlɛ annzɛ ni tru man nvle kun i nika klua nun non.",bau,unknown,train,Baoulé,Google WaxalNLP
bau_JH_JH_BCI_1_15C,JH,Klɔ fuɛ ma dada.,bau,unknown,train,Baoulé,Google WaxalNLP
bau_RK_RK_BCI_1_33a,RK,"Alapla wo n'glo, ɔ su kɔ.",bau,unknown,train,Baoulé,Google WaxalNLP
bau_JK_JK_BCI_1_42,JK,"Ndɛ ya liɛ lika ɔ do degre selsisi  n'ga ɔ yo ɔ ti ablahun ni n'gnon [22]. N'zue yi tɔ wa  ɔ ti n'san [3] su, sɛ be sie ya.",bau,unknown,train,Baoulé,Google WaxalNLP
bau_JH_JH_BCI_1_54,JH,Be kan kɛ jin gna e yo jua jin afin ɛjua ne bo lele nika ne san flɔlɔlɔlɔ.,bau,unknown,train,Baoulé,Google WaxalNLP
bau_JH_JH_BCI_4_234,JH,"Bouaké, mɔ be flɛ i kɛ Gbékékro lele afuɛ akpi kun ya n’gnlan [1900] nun’n, ɔ ti klɔ kun m’ɔ o kodivoiri [Côte d’Ivoire] i afiɛn lɔ’n, ɔ o Abidjan i nglo lɔ lika’n i jua atɔliɛ lɔ lika’n nun kilo ya n’san ablanan ni n’gnon [342] nin kilo ya n’san ablanan ni n’sa [347] be afiɛn, yɛ kɛ n’nan kpanngɔ’n tu sin’n, ɔ ti kilo ya n’gnon ablamɔcue cɛ .  Bandama Valley klɔ’n i klɔ dan’n, ɔ nin Gbêkê akpasua’n be klɔ dan’n, klɔ dan sɔ’n i nunfuɛ’m be ti sran milion mɔcuɛ ablasan ni n’gnon yɛ ya n’san abloso ni kun [832.371] mɔ be truli kilo milion kun ya n’so ninabloso [1.770] su afuɛ akpi n’gnon ablauni kun [2021] nun’n, sanngɛ klɔ’n i klɔ dan’n i nunfuɛ’m be ti sran akpi n’so ni kun ya n’nan abloso [71.470].",bau,unknown,train,Baoulé,Google WaxalNLP
bau_KK_KK_BCI_3_223,KK,"Afuɛ akpi nnyon ni blu ni nsiɛn [2016] nun’n, ɔ fali i wun luali sua’n nun lɔ wɛndiya to i nun kpɛ klikli, kpɛkun ɔ fali mɛtri ablesiɛn mɔ juli’n, ɔ juli segɔndu  nso ni si’n Karlsruhe anya’n i bo lɔ. Juakle anglo i le blu ni nsan su’n, Bɛlɛn lɔ’n, Ta Lou kluali, ɔ fali blɛ sɔ’n ɔli segondu nso su, ɔ sinnin nso mlonmlon m’ɔ ti Ɔland bla Dafne Schippers i sin lɔ’n i sin kan. Afuɛ akpi nnyon blu ni nsiɛn [2016], nglo angloi i le 19 su’n, Ta Lou fali segɔndu nson ni si’n m’ɔ yoli mɛn wunmuan’n nun mɛtri ablesiɛn nun’n, ɔ dili segɔndu blu ni kun naan w’a klua. Ɔ nyanni’n sika ɔkluɛ medali’n i aliɛ cɛnnin’n, ɔ sinnin i nvlefuɛ Murielle Ahouré (10 s 99) be sin, ɔ ni’n . Karina m’ɔ fin Afrique du Sud lɔ’n.
Afuɛ akpi nnyon ni blu ni nsiɛn 2016 Zuie i le 23 su’n, kɛ be dí Londru lɔ Grand Prix 2016’n, Cɔt divuafuɛ tɔli i kpɛ klikli’n i junman’n nun segondu blu ni kun nun, i nun’n, ɔ tɔli segondu blu, i sin’n, i avieliɛ lɔ’n, ɔ tɔli ekun. Blɛ naan w’a klua di i Sika ɔkluɛ i Ligue i anyia klikli’n vie. Ɔ dun mmua mɛn wunmuan’n nun wandifuɛ nyon mɔ be flɛ i kɛ Sɛli-Ann Frasɛr-Praisi’n i nyrun. Afuɛ akpi nnyon ni blu ni nsiɛn [2016] nun’n, Rio lɔ alɛ dandan’m be blɛ nun’n, ɔ tɔli ijɔlɛ bia’n i bo lɔ Shelly-Ann Fraser-Pryce, m’ɔ ni’n Marie-Josée be ti nun’n, i si’n lɔ. Ɔ vieli i jue wandilɛ i su ndɛ’n.",bau,unknown,train,Baoulé,Google WaxalNLP
bau_JK_JK_BCI_2_153,JK,"Be si kɛ Alfa Blondy to jue aniɛn kpanngban nun; Aniɛn benin mun yɛ ɔ to  jue’m be nun kpɛ sunman ɔn?

Alpha Blondy to jue dan kpa Flancɛ nu, nin Anglɛ, nin Djra, yɛ wie liɛ’n, ɔ to jue Ebre nun, i sɔ’n kle kɛ i aniɛn’n nin i nzuɛn’n ti fanunfanun.",bau,unknown,train,Baoulé,Google WaxalNLP
bau_JK_JK_BCI_2_185,JK,"AU (Union africaine) di junman naan sran ble nvle’m be politiki nin sika ndɛ’n w’a yo kun naan be tranwlɛ’n wa yo kpa, naan be nvle wa wɛ i nru'n.",bau,unknown,train,Baoulé,Google WaxalNLP
bau_RK_RK_BCI_1_29a,RK,Sika ɔklɛ wa ji'iwu n'glo bo i afiɛn nu.,bau,unknown,train,Baoulé,Google WaxalNLP
bau_JH_JH_BCI_1_45,JH,Aiman ti djouakle i le ku mɔ ɔ fa ju djesse i djinba klikli nɛ fiedifuɛ me son bo mou.  Kɛ be lu sekewa nu ni be tu duo. I sɔ blɛ nun m'zue ne tɔman kɔkun nika do gnlinmon lele nɛsoi i sɔ ti be boaɛ daman soi nu. Be kpɛ kpo da donman nu.,bau,unknown,train,Baoulé,Google WaxalNLP
bau_KK_KK_BCI_4_237,KK,"Ka nan nvle nvle ba ya Alemany vle lɔ nan ba kpli afuɛ  [2006] akpi nnyon ni nsiɛn i Cup di Mond liɛ. Balon bofuɛ vle akpasua ya kun ni [198] ablan’gluan nimɔcuɛ  baa dumua si akploa, I si’n nan baa kpa ekipu ablasan ni nnyon nan ba kɔ kɔ kpli Cupu sɔ. Ɔ sɔ kpalɛ blɛ bo i bo afuɛ akpi nnyon ni nnan i mungu anglo nu, yɛ ɔ fa ju afue akpi nnyon ni nnun i angbɔ anglo nu. 
 
Be siesie I vle kunngun be su annzɛ mɛn i akpasua mu be anuannzɛ be nun. Ɔ maan, sɛ ɔ ti kekle kɛ be nyan ase tranlɛ lika, akploa kasiɛn I bo lɔ, ɔ fin wafa nga be fa di jue, ekun ekipu kun I mɛn ngɔ fi nu, isɔ su yɛ be nian man be tranlɛ ɔ. Nvle nga be nun, balɔn bolɛ timan be cinn’cin, blɛ sunman nun, be bu i kɛ ɔ ti pɔpɔ man be nga be di balɔn, mɛn kɛ Mɛksiki, Amlɛnkɛn’m be mɛn’n, Zapɔn sa. Azi lɔ ekipu mu be nyanni’n su mmlusuɛ kpa nun Cup di Mond nun, sanngɛ kɛ ɔ fɛ i afuɛ [1930] akpi kun ya ngluan ni ablasan  nun, Amlɛnkɛn’m be kwlali Mɛksiki fuɛ mu.
Afuɛ sɔ nu, Blezili bɔ ɔ ti mɛn nu balon vle su be kpɛn, ɔ sili akploa kɛ nvle nga lɛ be sa, nan wa klo kpli I dan nu vie. Sa cinnjin nnyon ti yɛ be fali ajalɛ sɔ nion. I klikli yɛle kɛ, maan be man sran ngɔ fali kupu ngɔ si lɔ i atin kɛ ɔ kloa si akploa kɛ nvle ngalɛ be sa, naan man wa bo maki amikali dan. I nnyon su yɛle kɛ, maan be yaci nvle uflɛ mu be kpli vie, naan man vle nga be si akploa sɔ i titi ba kloa si vie
Alemanyin, nvle ngɔ siesie anyia, ɔ su kpliɛ i kɛ nvle ngalɛ be sa, afi’n, mmla se kɛ, klɔ ngɔ siesie wa du mua wa kalifie. I sɔ ti kɛ sran nga waa sɔ be nu, sika ngɔ fa luanu be akatua sa.",bau,unknown,train,Baoulé,Google WaxalNLP
bau_RK_RK_BCI_2_106,RK,"atin ng’ɔ fin Bouaké m’ɔ kɔ Korhogo’n (ɔ sin natiɔnali kun [N1] su)
Bouaké lɔ fitelɛ:
Fa atin dan natiɔnali kun [ N1] m’ɔ kɔ nglo lɔ lika’n nun’n m’ɔ fin Bouaké klɔ’n i afiɛn lɔ’n.
Amun sin atin sɔ’n su titi, amun nian nzɔliɛ nga be kle lika nga Korhogo kɔ’n be su.
Ɔ ti Katiola lɔ:
Kɛ amun ko fa loto’n be sin kilo kɔe abluenu'n [50], amún jú atin’n i nuan lɛ, ɔ fata kɛ amun nian nzɔliɛ nga be kle kɛ amun kɔ Katiola lɔ’n su.
Amun fa atin sɔ’n natiɔnali kun  [N1] be di kilo kɔe ablasan [30] lele naan amun a ju Katiola lɔ
Amun wɔ atin  natiɔnali kun [N1 ]su lele amun ju M’Bengué:
Kɛ é jáso Katiola lɔ’n, é fá natiɔnali kun [ N1] é kɔ́ M’Bengué lɔ.
Akpɔ sɔ’n i bue sɔ’n sin klɔ kanngan kpanngban be su, kpɛkun ɔ fa kilo kɔe  abluesiɛn [60 ] naan w’a ju M’Bengué lɔ
M’Bengué lɔ’n, amun nian nzɔliɛ nga be kle amun atin Korhogo lɔ’n be su.
Amun wɔ atin natiɔnali kun [ N1] su, m’ɔ ti atin dan kun m’ɔ kɔ Korhogo lɔ trele’n.",bau,unknown,train,Baoulé,Google WaxalNLP
bau_JK_JK_BCI_2_133,JK,Gana lɔfuɛ’m be si i laa sua nga be o jenvie’n i nuan lɔ’n be ti.,bau,unknown,train,Baoulé,Google WaxalNLP
bau_KK_KK_BCI_1_48,KK,"Ya nglɛnmu nyamiɛn su le kpaja sɛsɛ su. 

Dɔ mɔcuɛ [8 a.m] su, lika tɔ fɔ’n; yɛ kɛ kɔ jran, ɔ ni fata kɛ nzue n’tɔ.

Ndɔsua nu dɔ kun su [1 p.m], ka nan lika i dowa wa kanse waaju degle blu ni ngluan [19%], waa dumua ju degle ablasan ni n’nu [31%] ; i dɔ nsiɛn su lɛ, lika i dowa kungban kɛn i wun asse  blɛblɛ. Kɔnguɛ bunuɛnnu lika wa jɔ fɔ’nn.",bau,unknown,train,Baoulé,Google WaxalNLP
bau_JH_JH_BCI_2_107,JH,"Sɛ ɛ kɔ banki lɔ, kɛ a fin inivɛsite lɔ’n, fa ɔ ti kɔ atin dan’n su. Kɛ amun ko ju Avenue des Lumières su’n, amun kpɛ amun sa fama su naan amun wɔ kilo blu [10]. Kpɛkun, amun kpɛ amun sa bɛ su lɔ ampulu’m be su naan amun lu Rue de la Liberté nun. Amun fa akpɔ nga su, amun sin wa dilɛ dan ngɔ o amun fama su’n i wun lɛ. Kɛ amun ko sin mɛtri [800] ya mɔjuɛ i’n, amun kpɛ amun sa fama su nika nga be sin nun’n, kɔkun dɔɔtrɔ sua’n ɔ o stadi n i sin lɔ kan.",bau,unknown,train,Baoulé,Google WaxalNLP
bau_JH_JH_BCI_1_22B,JH,N'nan dan n'gna I bue ti ble.,bau,unknown,train,Baoulé,Google WaxalNLP
bau_JK_JK_BCI_1_96,JK,"Lika blu[10] be nun’n, lika nsiɛn[6] be tɛ o lɛ .",bau,unknown,train,Baoulé,Google WaxalNLP
bau_JK_JK_BCI_2_101,JK,"M'mla [16] blu ni siɛn: Kɛ be ko ju afuɛ nga mmla'n se kɛ be ja'n, yasua nin bla'm be le atin be ja bla annzɛ bian, be kwla nyan alobo, be kwla nianman sran'm be akpasua'n, annzɛ be nvle'n, annzɛ be Nyanmiɛn sulɛ wafa'n su. Be kwlaa be le atin kun aja nun, aja blɛ nun, ɔ nin kɛ be saki'n.  Ɔ fata kɛ aja yo be nga be ja be klunklo su.
Awlobo ti like n'ga be ti sran me nu, ɔ fata kɛ sran nin nvle be sasa i.",bau,unknown,train,Baoulé,Google WaxalNLP
bau_JH_JH_BCI_1_5A,JH,Domi gna mɔ dji bo y afiɛn lɔ.,bau,unknown,train,Baoulé,Google WaxalNLP
bau_JH_JH_BCI_1_36B,JH,Zɔgɔda me gan n'gua.,bau,unknown,train,Baoulé,Google WaxalNLP
bau_RK_RK_BCI_1_36c,RK,Flɛli be mantan abɛbɛ be wu kokolɛ.,bau,unknown,train,Baoulé,Google WaxalNLP
bau_RK_RK_BCI_1_13c,RK,Kofi I aluɛnba wa fite i klu.,bau,unknown,train,Baoulé,Google WaxalNLP
bau_KK_KK_BCI_2_122,KK,"Ebrie ngbandan ni'n Abijan be afiɛn’n ti nun, yɛ be klua nian lika klanman kpa mun, yɛ be klua yo ninnge vie mun nzue nun lɔ.",bau,unknown,train,Baoulé,Google WaxalNLP
bau_JH_JH_BCI_1_7A,JH,Nignie kuklukun o lon'go ble nulɔ.,bau,unknown,train,Baoulé,Google WaxalNLP
bau_JH_JH_BCI_1_91,JH,Djaramandja yɛ ɔ kloi wandi n'nan me kloi kloi kpan be nun non.,bau,unknown,train,Baoulé,Google WaxalNLP
bau_RK_RK_BCI_2_138,RK,"Kosan kun:
?Ngue yɛ ɔ ti Ghana i klɔ dan’n niɔn, yɛ ngue ti yɛ ɔ ti cinnjin nvle’n i sika ndɛ’n nun ɔn?

I su tɛlɛ’n:  Gana i klɔ dan’n yɛle Akra, ɔ ti sika ndɛ lika dan kun mɔ aata dilɛ nin junman dilɛ nin jenvie’n su aata dilɛ’n be o lɔ’n, i ti yɛ mmeli jranwlɛ nga be flɛ i kɛ Tema’n ti ɔ.",bau,unknown,train,Baoulé,Google WaxalNLP
bau_RK_RK_BCI_2_119,RK,Assinie nin Grand-Bassa'm be jenvie nuan lɔ lika’m be nun: Ɔ ti kpa kɛ be lo wunmiɛn annzɛ be yo nzue nun ngowa.,bau,unknown,train,Baoulé,Google WaxalNLP
bau_JK_JK_BCI_2_118,JK,Wa dan nga ɔ o e sranble be apkasua nga be flɛ i Afriki de l'ouesi ɔ o Buake lɔ.,bau,unknown,train,Baoulé,Google WaxalNLP
bau_JH_JH_BCI_1_22A,JH,Djara bla dji n'glo nika kun lɛ ɔ m'bu agnounan.,bau,unknown,train,Baoulé,Google WaxalNLP
bau_JH_JH_BCI_5_242,JH,"Kɛ mɔ bua tafuɛ’n nin i adua’m me niannin be wun su’n ti’n, ɔ yoli kekle kpa mannin boluɛ kun kɛ ɔ juli bua’m me wun nɔ. Sanngɛ cɛn kun’n, ɔ wunnin bua ba kun i kplo mɔ kpɛ i kplo’n mɔ be yili tee i blo’n. Boluɛ fɛli i bɔbɔ i kplo’n luɛli i wun tralɛ, kɔkun ɔ nantili bua’me afiɛn. Bua ba ngna’ɔ ti bua’m me diɛ’n, mɔ luɛli i kplo’n, ɔ boli boluɛ i su sulɛ bo bua’m be tranlɛ’nun lɔ. Kɛ ɔ fɛli i sieli i sin kan’n, wa cɛman yɛ ɔ yoli i aliɛ ɔ, kɔkun ɔ klua lakali bua mun blɛ bie nun, kɔkun ɔ dili aliɛ kpa kun.

Bua tafuɛ kun i i su nianwa ni i adua me ti wa eman pɔpɔ a manman boluɛ kun mɔ i wan ɔ man di bua mum. ɛ yeli i sɔ lele nan cin kun wa a kaki i wafa ngna ɔ ye. Lekun ɔ wunni bua kpolo kun ba ji a teeii i blo. Kɔ ɔ uni i sɔ, yɛ ɔ fali bua kplo ngna be yili teeii blo sɔ fa fa luɛ li ɔn yɛ ɔ luli bua me kuku nu lɔ ye be klua be tranli nika kuɛ blɛ kun nun. Bua ni ngna ɔ lɛ bua ba, anwɛ bua i ni wuni kɛ nan bua yɛlɛ sɔ, yɛ ɔ boli i i wan di fuan lɛ bo sangɛ i ajuliɛ lɔ, bua ni sɔ kaki li boluɛ i tro.",bau,unknown,train,Baoulé,Google WaxalNLP
bau_KK_KK_BCI_2_181,KK,"Afuɛ akpi nnyon ni abla'n ni kun [2021], i ananya anglo  nu, kɛ ONU yoli Anya Dan Ni Yɔku lɔ, be fali António Guterres kɛ ONU i i su kpɛnngɛn  ekun.",bau,unknown,train,Baoulé,Google WaxalNLP
bau_JK_JK_BCI_2_184,JK,Croix-Rouge ti sran’m be ukalɛ anuannzɛ kun m’ɔ di junman sanvuɛsa blɛ nun naan wa uka sran nga be leman like.,bau,unknown,train,Baoulé,Google WaxalNLP
bau_RK_RK_BCI_2_177,RK,"Claclo, yɛle kɛ banan kiɛnwa.",bau,unknown,train,Baoulé,Google WaxalNLP
bau_RK_RK_BCI_1_21a,RK,Tomati ɔ ni carɔtu be gua kpogbo gan'nan nu lɔ.,bau,unknown,train,Baoulé,Google WaxalNLP
bau_JH_JH_BCI_1_25C,JH,N'zue n'glɛ o sɛ nun.,bau,unknown,train,Baoulé,Google WaxalNLP
bau_RK_RK_BCI_2_110,RK,"Sɛ amun waan amún fíte Abidjan lɔ bé kɔ́ Grand-Bassam’n, amun bo i bo kɛ amun fa Aeroport atin natiɔnali kun  [N1] m’ɔ kɔ wia afiliɛ lɔ’n, naan amun jaso Abidjan lɔ. Amun fa atin dan sɔ’n su trele lele kilo kɔe ablaun [20], amun sin Pɔr-Buɛt nin Zakivili klɔ’n su. Kɛ amún mántan Grand-Bassam’n, amun fa amun sa bɛ su naan amun wlu klɔ’n i afiɛn lɔ, amun nian nzɔliɛ nga be kle lika nga be flɛ i kɛ Historic Center’n su. I sin’n, amún fá loto’n bé kɔ́ nglo lɔ lika’n nun naan amun a wlu klɔ’n nun, kpɛkun kɛ amún fá miniti kɔe ablanan ni n'nu [45 ] lele dɔ kun’n, ɔ taka wafa nga sran’m be sin’n su.",bau,unknown,train,Baoulé,Google WaxalNLP
bau_RK_RK_BCI_2_207,RK,Wia'n n'ti yowu kpa.,bau,unknown,train,Baoulé,Google WaxalNLP
bau_RK_RK_BCI_1_38b,RK,Aya su suan fluwa.,bau,unknown,train,Baoulé,Google WaxalNLP
bau_JK_JK_BCI_1_93,JK,"Be wan be anja’n ibo n'dɔsua nun dɔ  blu ni n'gon klikli[12:00] su, sanngɛ ɔ bo i bo n'dɔsua nun dɔ blu ni g'gnon ni sun m'maa blu ni nun. 12:15 su.",bau,unknown,train,Baoulé,Google WaxalNLP
bau_RK_RK_BCI_1_7b,RK,Nige kuklu ku [1] kun ɔ laa sua ble nyonn be afiɛn.,bau,unknown,train,Baoulé,Google WaxalNLP
bau_RK_RK_BCI_1_37c,RK,Nanni kpangɔ klo wandi kpa.,bau,unknown,train,Baoulé,Google WaxalNLP
bau_RK_RK_BCI_2_197,RK,"Kisie cɛn’n, n bo le mɔcuɛ’n i bo nin wunmiɛn.",bau,unknown,train,Baoulé,Google WaxalNLP
bau_JK_JK_BCI_1_44,JK,N'dɛ monnin dɔ n'nun su n'zue klua tɔ man sɛ n'gɛ arɛ ɔ wonun kan n'gan.Degre selsisi ɔ ti  ablahun yɛ n'zue yi tolɛ ɔti kun su sɛ be sie ya.,bau,unknown,train,Baoulé,Google WaxalNLP
bau_JH_JH_BCI_1_40B,JH,Likɛ n'gna be fa non kafe bie me jiji lɛ.,bau,unknown,train,Baoulé,Google WaxalNLP
bau_JH_JH_BCI_5_240,JH,"Cin kun, kɔ e sɔ ni jara kun ɔ o lɛ ɔ'n lafi kɔkun agnonfi ba kun wandi si i su kɔkun jara'n tigne li yɛ ɛ fɛ i ja dan fa nannan li i su yɛ ɔ trɛli i aoje nun nan ɔ fa min ""  yaki jɛ mi oo famien, kɛ agnonfi ba'n kpanli sɔ. Kun ngna diɛ yaki jɛ mi yɛ mi lua'n fimin i le. Wan ɛ ɔ siɔ?"" Cinbie lele'n kla yo sa kpa kun mon yɛ jara i klu jɔli kpa kɛ ɔ sikɛ jinkun agnonfi ne ukɛ yɛ i ja, ɔ yaku nun yɛ  ɔ ɔliɔ. Blɛ kan sili kɔkun aha kun trali jra. Koniin difuɛ gna be trali jra me wan be fa jra i kɔ ninan uman be cici i nan be fa ko kle be famiɛn yɛ be cici i baka dan ku i ɔn nɛ. Kɛ be ɔli klakloo fawa nan  ni be a fɛkɔ, blɛ sɔnu agnonfi ba ɔ silɛ. Kɔ gnilu wafa ngna mɔ jra i sa sinn bubu i, ɔ mintin li i'n nɛ yɛ ɔ kpɛkpɛli gnanman ngna be fa cici li n'nan me famiɛn nun yɛ ɔ bisɛ kɛ, man seman kɛ ni mi nnɛ ne ya fɛ? Kɛ agnonfi seli sɔ.
Daa o, ni jara dan kun ɔn lafi yɛ gbekle an kun wandili si i ti afiɛn kɔkun ɔ tigne li jara sɔ ngna mɔ ni ɔ ɔn lafi. Kɛ jara tigne li, ni i wan ɔ ma di bekle ba sɔ sangɛ gbekle seli i kɛ ɔ yaki nan nanman ɔ di afin ni ɔ siman kɛ ni ɔ ɔn lafi tiɔ sangɛ jara seli kɛ ɔ fataman kɛ ɔ yaki jɛ afin sɛ ɔ yaki jɛ cin uflɛ ɔ ye i kungba nekun afin sɛ ɔn yaki jɛ ɔ ɛ ye mɔ tra n’gna cin bie ekun. Sangɛ gbekle seki li ɛ jinbiɛm ɔ kla di jara i ti n’nɛ yɛ ɔ bi sɛ kɛ, ɔ wafa n]gna ɛ o lɛ gna lɛ n’zu nigne ɛ kla yo fa manmi non. Kɔ eli sɔ, jara nan kannɛ kun yɛ ɔ yi i ja i su yɛ gbekle gnɔliɔ. Wa jɛman dan kɔkun aa bie a tra jara kɔkun koniɛn difuɛ n’gna be suali aa sɔ be kikili i baka sro sro kun i ɔn nɛ yɛ be o li klɔ lɔ nan be ko kunnɛ tui nan be a kui.
Kɛ be ɔli jɛ yɛ gbekle ba n’gna mɔ jara i wan ɔ ɔn di lekun ni si lɛ nika nun kɔkun ɔ fiteli i su kɔkun ɔ uni wafa n’gna mɔ ni jara i lua bo yɛ ɔ ɔli i ɔn lɔ n’nin nin ya ɔ ko folili gnanman n’gna be fa fa kikili non yɛ ɔ bisɛ kɛ, man seman kɛ lekun n’ kla ti ɔ ti n’nɛ?",bau,unknown,train,Baoulé,Google WaxalNLP
bau_RK_RK_BCI_2_181,RK,"Nvle’m be anuannzɛ’n (ONU) di junman naan mɛn wunmuan’n nun fɔundi tran, naan sran’m be di atin’n su nvle kwlaa nun.",bau,unknown,train,Baoulé,Google WaxalNLP
bau_KK_KK_BCI_2_103,KK,"Mmla [23] abla'n ni nsan: Sran be kluaklua be lɛ atinkɛ be di junman, juman nga be klo nga be kun klo, lika nga ɔ ni fata sa, yɛ ɔ lɛ atin kɛ ɔ nyan juman di. 

Sran kluaklua nga be di junman kunngba', ɔ ni fata kɛ be akatua yɛ kun. 

Sran kluaklua nga di juman ɔ fata kɛ be tua i akatua ngɔ ti kpa, naan ɔ nin i alo bofuɛ'm ba klua tran nguan nun kɛ sran i cenjele like'n sa, naan sɛ ɔ nin i fata'n, ɔ fata kɛ be fa ninnge uflɛ vie mun ekun be uka be su. 

Sran umuan be lɛ atin kɛ be nin be biengu'm be tra anuannzɛ, be nin be biengu'm be klua wlu anuannzɛ vie'm be nun naan be jran be ti nun.",bau,unknown,train,Baoulé,Google WaxalNLP
bau_JH_JH_BCI_2_154,JH,"?Wan yɛ be flɛ i kɛ Côte d’Ivoire lɔ reggae jue tofuɛ dandan’m be nun kun non?
 Alfa Blondi ti sran dan kpa Ivoiri lɔ jue nga be flɛ i kɛ reggae’n i nun.",bau,unknown,train,Baoulé,Google WaxalNLP
bau_JH_JH_BCI_2_103,JH,"M'la [23]ablaun ni n'san : Sran klua ɔ lɛ atin mɔ bu i klunklo akunnnan, ɔ nin gnanmiɛn sulɛ wafa ngɔ klo; m’mla sɔ'n kle kɛ sran kluɛ kla kaci i gnanmiɛn sulɛ wafa n’gna ɔ klo, ɔ klua yi i nglo i gnumin annzɛ sran kluaa be gnrun, ɔ kla kle nigne, ɔ kla su gnanmiɛn, ɔ kla yo ninnge bie mun.",bau,unknown,train,Baoulé,Google WaxalNLP
bau_KK_KK_BCI_1_10b,KK,Balue domi gua awa nu.,bau,unknown,train,Baoulé,Google WaxalNLP
bau_RK_RK_BCI_1_2c,RK,Drogba wa bo pokun nu wa lua.,bau,unknown,train,Baoulé,Google WaxalNLP
bau_JH_JH_BCI_5_254,JH,"Daa kun, nnqn kpanngɔ kun nin nnan kpanngɔ kun mɔ be ti janvuɛ’n, be trannin lɛ. Cɛn kun’n, gnanmiɛn ufue ufue kun fiteli ganmiɛn su lɔ. Suɛ’n fuli ganmiɛn ble’n su, ɔ dili i nun bie, ɔ buli i kɛ ɔ ti kpanwun.
Kɛ ɔ juieli nnɛ’n i kan’n, ɔ flɛli nnan kpanngɔ’n kɛ: “Aniaan bla, tra mi nu, afin ‘n lɛ nnɛ kun mɔ ‘n mɛ kan kle ɔ. N’nann kpangnɔ’n gneli kɛ ɔ trɛli nun, kɔkun ɔ yaki i nun ɔ flo tɔli. 
Kɛ ɔ fɛ i cin sɔ’n su’n, nnan kpanngɔ’n i sin ja’m me ti tika kan tra i gnrun ja’mu. Ɔ kpinn e lua kɛ ɔ fata kɛ e nian e wun su titi be nga be klá lafiman be su’n, be nika.
Cɛin kun, kpanmlɔ kun unii caroti klanman kpa kun bo ble nun lɔ. I klu jɔlikpa afin wa gnu nigne kun mɔ ɔ nian wuman i le. ɔ boli kpankpan lɛ bo yɛ tu kpin kpin yɛ ɔ kpan kɛ en nian mi karɔti, ɔ ti dan tra mannu karoti me klua tu. Aekle ba kaanku mɔ ɔ kunnɛ si nigne kluklua mintin li i ɔnnɛ yɛ ɔ bisa li ɔ. Yɛ sɛ e jɛ nun ni. E sran ngnon e kla di. Kpanmlɔ niɛin sii yɛ ɔ se kɛ ɔn ɔn, mi karɔti ɔ yɛ ɔ ɔliɔ.
Sangɛ ni karoti gne nonni dan ti man kpanmlc ne kla manman su yɛ ɔ juɛin i ase i si lɔ. Blɛ sc nun nin aekle kunsu a gnu i karɔti fie diɛ nika uflɛ mɔ lɔ diɛ me ti kangnan kɔkun be ye fɛ kpa bie. Kɛ ɛekle ni i biegun me jɛjɛ nun, ɔ yeli kɛ fɛtrijin dan kun sa. Kɛ kpanmlɔ gnuli i sɔ, mɔ i diɛ ni i umi yɛ ɔ o lɛ, ni wa fɛ yɛ ɔ uni kɛ akluye yelɛ gne man sran me klu jɔ tra kɛ ɛ fa nigne me klua klua fa siɛ ɔ ɔmi ɔ sasu. 
Kɔ fɛi lɛ sɔnu, ɔ boli nigne jɛjɛ lɛ bo. 
Nnɛ ngna ɔ fata kɛ e fa sie e klu yɛlɛ kɛ, kɛ e gnan nigne me e man be n’gna be lɛman bie anzɛ be gna be nian gnanman bie me bie afin nigne jɛjɛ wɛ ti kpa tra agnuɛin.",bau,unknown,train,Baoulé,Google WaxalNLP
bau_JH_JH_BCI_1_10A,JH,Karti ɔkluɛ [3] n'san ni balɔn bleble bie mun.,bau,unknown,train,Baoulé,Google WaxalNLP
bau_RK_RK_BCI_1_26a,RK,Lomi bue ɔ wo amango be u'n nɛ.,bau,unknown,train,Baoulé,Google WaxalNLP
bau_RK_RK_BCI_2_108,RK,"Sɛ amun waan amún fíte Daloa lɔ bé kɔ́ Divo’n, amun bo i bo natiɔnali  [N1] kun m’ɔ fin Daloa afiɛn lɔ’n, m’ɔ kɔ wia afiliɛ lɔ lika’n nun’n, i su. Amun wɔ atin trele lele kilo kɔe [70] ablueso  amun nian Divo lɔ nzɔliɛ’m be su. Akpɔ dan sɔ’n su’n, amún sín klɔ kpanngban be su. Kɛ amún mántan Divo’n, amun kpɛ amun sa fama su naan amun wlu klɔ’n nun, amun nian nzɔliɛ nga be kle kɛ amun kɔ klɔ’n i afiɛn lɔ’n be su. Sɛ be fa atin’n i kwlaa’n, be fa dɔ kɔe  kun ni si'n [1,5 ] annzɛ  nyonn [2], be nun sunman be atin’m be ti trele sanngɛ wie liɛ’n be ti nglonglo, yɛ atin’n sin klɔ kanngan kpanngban be su.",bau,unknown,train,Baoulé,Google WaxalNLP
bau_RK_RK_BCI_5_243,RK,"Cɛn kun’n, aflunmun kun wunnin asɔmɔli kplo kun mɔ koniɛn difuɛ’m be yacili i lɛ naan ɔ wu wia’n nun’n. Ɔ wlali i, kpɛkun ɔ fali i ɔli i klɔ ng’ɔ fin lɔ’n su lɔ. Kɛ ɔ́ mántan i’n, sran kwlaa wanndi, sran nin nnɛn, kpɛkun cɛn sɔ’n nun’n, ɔ ti aflunmun m’ɔ tu i wun’n. I aklunjuɛ’n ti’n, ɔ mannin i nɛn’n su, ɔ kpannin, sanngɛ sran kwlaa wunnin i wlɛ, kpɛkun i min’n bali, ɔ boli i kekle kpa srɛ ng’ɔ kunnin i’n ti. Yɛ kɛ ɔ cɛli kan’n, nnɛn kpanngɔ kun bali i wun lɛ, kpɛkun ɔ seli kɛ: “Ah! Ɔ nɛn’n ti’n, n wunnin wɔ wlɛ.",bau,unknown,train,Baoulé,Google WaxalNLP
bau_RK_RK_BCI_1_9b,RK,Yɔbuɛ n'nann be su si able buɛ kungba nu.,bau,unknown,train,Baoulé,Google WaxalNLP
bau_JH_JH_BCI_2_194,JH,Anɛya ti amuiɛn sɔ fuɛ me jin dan kpa kun.,bau,unknown,train,Baoulé,Google WaxalNLP
bau_KK_KK_BCI_1_24c,KK,Sika ɔkluɛyilɛ saki asiɛ.,bau,unknown,train,Baoulé,Google WaxalNLP
bau_JH_JH_BCI_5_249,JH,"Jin kun nin kagna n'gnon be'n nanti n'zue i nuan lɛ yɛ kagna ni se i wa kɛ, ɔ nantilɛ nun ɛ toto ka sran mɔ lɛ man alaje sa. Ɔ ni i su fata kɛ ɛ nanti sei, ɔ tia kɛ ɛ nanti bɛ su fa ba fama su. Yɛ kagna ba se i ni kɛ.  Sangɛ mi ni, n gno sɛ nan man nati sei non sɛ ɔ mɔ ɛ ti'n ni ɛ kɔ bɛ su ni fama su bie non. Kagna ni buli aunan ble kun nun nan wa se kɛ ɔ nnɛ e fɛ. Ɔ ni fata kɛ 'n bɔbɔ 'n fa n'zɔliɛ n'gna ɔ ti kpɛ. Nian mi siɛn. Yɛ kafna ni ɔ boli nantilɛ bo sei yɛ kagna ba kunsu ɔ sui su siɛn be n'gnon be nanti kɛ be n'su ti klo'nn n'zue ni nuan lɔ. 

N'zɔliɛ kpa n'gna ɔ fata kɛ be trɛ i ase nnɛ n'gna nun yɛlɛ kɛ, sɛ ɔ wan sran'n gno nigne n'gna ɔ ti kpa, ɔ fata kɛ ɔ bɔbɔ ɛ ji n'zcliɛ n'gnɔ ti kpa nan ɔ nian su bie,",bau,unknown,train,Baoulé,Google WaxalNLP
bau_RK_RK_BCI_1_1c,RK,Bo wa fu kpangban.,bau,unknown,train,Baoulé,Google WaxalNLP
bau_RK_RK_BCI_1_25c,RK,Baba su nɔn n'zue i sɛ nu.,bau,unknown,train,Baoulé,Google WaxalNLP
bau_KK_KK_BCI_2_118,KK,"Taï bo dan, ti ye sranble be mɛn i via i atɔliɛ lɔ lika nga blo ble nun waka kasiɛn nga be ka , be nun kun yɛle lika sɔ, yɛ nnɛn wafawafa kpanngban kpa be o lɔ. Bo sɔ ni'n Gine, Liberia be mantan, ɔ ni Nienokue bo be ja awɛ i nglolɔ. Yɛ, ɔ ni abijan be ti nu kio ya nsan.",bau,unknown,train,Baoulé,Google WaxalNLP
bau_JH_JH_BCI_1_3B,JH,Kikli su'n ti nigne  [12] bluni n'gnon mɔ ti kukluku.,bau,unknown,train,Baoulé,Google WaxalNLP
bau_KK_KK_BCI_1_9a,KK,Yobuɛma be o buati i bo lɔ.,bau,unknown,train,Baoulé,Google WaxalNLP
bau_JK_JK_BCI_2_135,JK,"Bukina Faso lɔ’n, afuɛ kwlaa nun’n, lɔfuɛ’m be di maski cɛn’n.",bau,unknown,train,Baoulé,Google WaxalNLP
bau_KK_KK_BCI_2_154,KK,"Kosan: ?Cɔt divua jue tofuɛ beni yɛ to jue regae nu nion?

I su tɛlɛ: Sran ngɔ to jue i regae nu yɛlɛ Alfa Blondi",bau,unknown,train,Baoulé,Google WaxalNLP
bau_KK_KK_BCI_4_233,KK,"Kɛ be seli kɛ be tumɛn i fɔ’n, Ivoiri lɔ siefuɛ nga be flɛ i kɛ Alasani Uattara mɔ ti Gbagbo i kpɔfuɛ, ɔ seli i kɛ ɔ sɛ i sin Côte d’Ivoire lɔ.  Ɔ juli Abijan lɔ, aata dilɛ aviɔn nun mɔ fin Brisɛli lɔ, kɛ be tuli i bisua’n, ɔ trannin lɔ afuɛ nsan. Uattara mɛnnin i diplɔmatiki paspɔtu kun, kpɛkun ɔ seli i kɛ ɔ́ fá like nga be fa man laa nvle siefuɛ mun’n, ɔ nin sika nga awa man be’n, ɔ nin sika nga be fa man sran mun kɛ be ko di junman’n.

Kɛ laa Gbagbo i janvuɛ nsiɛn be dili afuɛ kpanngban lomuɛn nun’n, mɔ Prɛzidan Uattara m’ɔ ti siɛn’n, ɔ wlali be fanngan’n, be sali be sin wie. Gbagbo boli politiki anuannzɛ uflɛ kun i bo be flɛ i kɛ sran ble’m be anuannzɛ’n – Côte d’Ivoire .ɔ dili cɛn nnan Gana lɔ. Kɛ nga i anuannzɛ’n i nunfuɛ’m be fa kannin’n sa’n, ɔ ɔli lɔ naan ɔ́ kó nían Kaptɛn Kojo Tsikata m’ɔ nin Ghana lɔ kpɛnngbɛn laa Jerry Rawlings be afiɛn mantan kpa’n, i asieliɛ’n su lɔ. Laurent Gbagbo kusu ɔli Ivoirifuɛ nga be trali be lomuɛn’n be osu nianlɛ, kɛ be sali be sin nvle ng’ɔ kunndɛli’n nun’n, kɛ ɔ fɛ i Ivoirifuɛ’m be ɲrɛnnɛn’n su’n, Ivoirifuɛ be wanndili alɛ’n i sin ɲrɛnnɛn’n i sin lɔ be ko kunndɛli fiawlɛ nvle nga be mantan be’n be nun Ghana lɔ.

Marsi i le blu su, Gbagbo seli kɛ ewa di PPA-CI i su kpɛn vote nga wa yo [2025] akpi nyon ni abla'n ni nnun ɔtɔbu nu.",bau,unknown,train,Baoulé,Google WaxalNLP
bau_RK_RK_BCI_1_9a,RK,Biima n'nan ba tɔ buɛ i logo nu lɔ.,bau,unknown,train,Baoulé,Google WaxalNLP
bau_JK_JK_BCI_1_85,JK,Ronaldo luali poku yi n'nan sun kɛ be bo banon.,bau,unknown,train,Baoulé,Google WaxalNLP
bau_KK_KK_BCI_2_125,KK,"Ehotile Kongo, ɔ o nvle i via afiliɛ lɔ lika nun, ɔ mantan Atlantiki jenvie’n i nuan lɔ.",bau,unknown,train,Baoulé,Google WaxalNLP
bau_KK_KK_BCI_2_148,KK,Kosan: ?Afuɛ beni nu ɛn Bediɛ wun liɔ?  I su tɛlɛ: Konan Bɛdiɛ wunli afuɛ [2023] akpi kun ya abla'n ni nsan?,bau,unknown,train,Baoulé,Google WaxalNLP
bau_RK_RK_BCI_1_68,RK,Sɛ be fa blun ni nyonn be fa tata n'nnan su ɔ yo ablanan ni mɔcuɛ.,bau,unknown,train,Baoulé,Google WaxalNLP
bau_JK_JK_BCI_2_115,JK,"Yamoussoukro, politiki klɔ dan’n, mɔ be si i kpa’n, yɛle asɔnun dandan nga be o mɛn’n nun’n, be nun kun mɔ be flɛ i kɛ Basilique de Notre-Dame de la Paix’n.

Bouaké, ɔ ti nvle’n i klɔ dan nyɔn su’n, yɛ be si i gua’n nin ninnge nga be fa be sa be yo’n be ti klanman kpa.

San Pedro, klɔ dan kun mɔ be fa cacao be kɔ nvle uflɛ nun’n, ɔ le jenvie nuan lika klanman kɛ Monogaga sa.

Man, Klɔ ng’ɔ o oka’m be su’n, ɔ nin i nzue ba mun, ɔ nin liana pont mun, ɔ nin Tonkpi oka’n.

Abidjan yɛ ɔ ti klɔ nga sran’m be sɔnnin lɔ kpa’n niɔn, yɛ sran kɔe 5.616.633 be tran lɔ.",bau,unknown,train,Baoulé,Google WaxalNLP
bau_RK_RK_BCI_1_20a,RK,Drogba su bo balon sran be afiɛn.,bau,unknown,train,Baoulé,Google WaxalNLP
bau_KK_KK_BCI_1_37c,KK,Nyango di su  fuan Nda.,bau,unknown,train,Baoulé,Google WaxalNLP
bau_JH_JH_BCI_1_17C,JH,N'zue I fama su lɔ ti klegne kpa.,bau,unknown,train,Baoulé,Google WaxalNLP
bau_JK_JK_BCI_2_201,JK,Fue ti kpa kɛ be siesie fitewa janvuɛ be afien annzɛ osufuɛ be afien.,bau,unknown,train,Baoulé,Google WaxalNLP
bau_KK_KK_BCI_2_194,KK,Ramadan ti jra be fɛtri dan.,bau,unknown,train,Baoulé,Google WaxalNLP
bau_JK_JK_BCI_1_43,JK,Fuɛ yi liɛ via ɔ boman dan yɛ arɛ ɔ wonun. Degre selsisi n'ti blu ni n'sien [16] yɛ n'zue yi tɔ wa ɔ ti blu ni so [17] sun sɛ be sie ya kun.,bau,unknown,train,Baoulé,Google WaxalNLP
bau_JH_JH_BCI_1_29A,JH,Sika ɔklɛ nan fite kpɛlɛ i ti afiɛn lɔ.,bau,unknown,train,Baoulé,Google WaxalNLP
bau_JH_JH_BCI_2_152,JH,"Arafat DJ, Alpha Blondy, Magic System, Tiken Jah Fakoly, Josey, Meiway, Kerozen ni Didi B be ɛ be ti jue tofuɛ dan kpa wanon.",bau,unknown,train,Baoulé,Google WaxalNLP
bau_RK_RK_BCI_1_30a,RK,Pepe su di manda waka su.,bau,unknown,train,Baoulé,Google WaxalNLP
bau_RK_RK_BCI_1_3a,RK,Angloba ɔ ni via b'a yanu.,bau,unknown,train,Baoulé,Google WaxalNLP
bau_JH_JH_BCI_1_29C,JH,Akasia i n'gna ti jɛrɛ jɛrɛ kpa tra be ogna mun.,bau,unknown,train,Baoulé,Google WaxalNLP
bau_KK_KK_BCI_2_104,KK,"Mmla [26] abla'n ni nsiɛnSran umuan be lɛ  atin  be di suklu , ɔ fata kɛ nan man be tua suklusilɛ i kalɛ, kɛ ɔ fɛ i suklu dilɛ’n i bo bolɛ be liɛ nu. Suklu ba kanngan’m be suklu kɔlɛ ti cinnjin kpa. Ɔ fata kɛ be kle sran’m be like yolɛ nin junman dilɛ’n be nun; Ɔ fata kɛ sran kluaa wlu suklu dandan’m be nun, ɔ nian be like ngɔ ti kpa’n su. 

Ɔ fata kɛ like suanlɛ i bo gua sran i nzuɛn i dan yolɛ su, ɔ nin sran’m be atin, ɔ nin be ti nun miɛn’m be su nianlɛ’n i bo bolɛ’n. Ɔ fata kɛ ɔ yo maan nvle kluaa nin sran wafa kluaa, annzɛ Nyanmiɛn sulɛ wafa kluaaa be afiɛn’n, be wun be wun ase, be tra be awlɛn, be tra janvuɛ. 

Siɛ nin niɛn'm be le atin be fa like klelɛ wafa nga be waan be kle be mma mun.",bau,unknown,train,Baoulé,Google WaxalNLP
bau_KK_KK_BCI_1_9b,KK,Sika mma wo taa kpongbo nu.,bau,unknown,train,Baoulé,Google WaxalNLP
bau_RK_RK_BCI_1_30b,RK,Be fa manda be fa tɔn aliɛ.,bau,unknown,train,Baoulé,Google WaxalNLP
bau_KK_KK_BCI_2_102,KK,"Mmla [17] blu ni nso: Sran kluaklua, be wo klɔsu nu o, anzɛ kusu be wo  ngunmin , be lɛ atin nyan anyanbeun like vie mun.

Be klua bu man be nu kun i luflɛ ne de mɛn i anyanbeun like mu,",bau,unknown,train,Baoulé,Google WaxalNLP
bau_KK_KK_BCI_1_87,KK,Ye nvle nu wa ngbandanman dan i nsiɛn yɛ lɛ Nzi. I nso su yɛ lɛ sasandra ngbandan.,bau,unknown,train,Baoulé,Google WaxalNLP
bau_JH_JH_BCI_4_228,JH,"Afuɛ akpi n’gnluan ya n’nun ni mɔcue , fɛlɛ i le n’nan su’n, blɔfuɛ me mannu lɔ mmla’n yɛ ɔ ti be lɔ mmla nga be o lɛ dɔ nga su’n nion, ɔ maan ɔ sie franci be blɛ n’gna nu ekunn. Nvle’n i nun mmla dan kpafuɛ’n, ɔ ti mmla nga be jran kekle kpa’n be nun kun. Ɔ sie politiki wafa kun m’ɔ le géométrie variable m’ɔ taka sɛ e o blɛ kun mɔ president nin mmla klɛfuɛ’m be nun sunman be ti kun’n, annzɛ kusu, sɛ e o blɛ kun mɔ be nin be biengu’m be tran likaluɛ’n, i su. I blɛ nga be nuan sɛ su’n nun’n, depute me agna, Premier Ministri nin i awa’nu, ɔ nin République i kpɛnngbɛn’n be o politiki lika kunngba’n nun: République i kpɛinngbɛin’n fa kwlalɛ kun m’ɔ tanndan Premier Ministri i kwlalɛ’n i su’n. Sanngɛ, blɛ nga be nin sran kun be tran’n, be ɲin yi Mmla’n i lɛtri’n kpa. Sanngɛ, nan anuannzɛ ngna be sie be’n be gnunmin yɛ be yo politiki non. Ɔ o nvlefuɛ’m me anuannzɛ’m be nun bie, ɔ o sran’m be afiɛn nnɛ kanlɛ’m be nun, ɔ nin sran’m be nnɛ kanlɛ’n i su ɛlɛ’m be nun bie. Man ngna man unmuan’n nun’n, politiki nnɛ’m be tra nvle’m be afiɛn’n blɛ sunman nun: climat i kakilɛ’n, sran’m be ajalɛ tulɛ’n annzɛ mmla ngna be fa sie man’n i lika uflɛ’n, ɔ fata kɛ man unmuan’n nunfuɛ’m be di junman likaluɛ kekle kpa. Ɔ maan, politiki’n kaci nika kun mɔ lɔ ninnge’m be klolɛ’n nin man unmuan’n nun nnɛ’m be yia lɔ’n, ɔ fata kɛ awa nin wata difuɛ mun nin sran ngbɛinngbɛin’m be koko yalɛ titi. I agualiɛ su’n, politiki’n ti e nvle nunfuɛ’m be nzuɛin’n nin i niannun. Ɔ fa nigne ngna be klua yo naan ba ɔ be gnrun’n, ɔ nin sa kekleekle ngna be nin klualɛ’n, nin sa tɛtɛ yolɛ’n, annzɛ n’nangan’n be kɔ likaluɛ’n, be kluaa be o nun. Sanngɛ, ɔ te yo nigne cinnjin kpa kun mɔ be fa siesie ayin’n ninnge mun ɔn. Kɛ be fa be un luɛ i nun kpa’n, sɛ ɔ ti voti yolɛ’n, annzɛ junman dilɛ’n, annzɛ akunnnan bulɛ wafa’n, nvlefuɛ’m be lɛ atin be fa ajalɛ mun, kɔkun be jran be angnunnan ngna be bu i kɛ man’n yo kpa’n i sin. Politiki, i wafa ngna ɔ ti kekle’n kluaa nun’n, ɔ te yo nigne cinnjin kpa kun mɔ klua uka e blɛ liɛ’n nun sa kekleekle’m be su’n, ɔ nin nvle ngna be ti kpa’n, mɔ be klua fa be un luɛ i nun’n.",bau,unknown,train,Baoulé,Google WaxalNLP
bau_JH_JH_BCI_2_200,JH,"Fue cɛn kwlaa’n, n nin min janvuɛ mun e kɔ balon bo wa.",bau,unknown,train,Baoulé,Google WaxalNLP
bau_JH_JH_BCI_1_34A,JH,Adoi ble ni fa ballon fa jiji i ima su.,bau,unknown,train,Baoulé,Google WaxalNLP
bau_RK_RK_BCI_3_222,RK,"politiki i bo dan nun’n, yɛle kɛ sran’m be silɛ’n annzɛ Politikos, ɔ kle like ng’ɔ kan Nvle kun i siesielɛ’n (Glɛki nun’n: polis, Latɛn nun’n: civitas) ɔ nin kwlalɛ’n i su falɛ’n nvle kun m’ɔ ti siesiewa’n i nun’n;
i ngba nun’n, politiki’n, nvle kun, nvle kun, sran akpasua kun, i Politeia i bo’n nun’n, ɔ nin mmla kun mɔ i bo bofuɛ’m be klɛli’n be kɔ likawlɛ m’ɔ yiyi i nun ninnge’m be nun’n, ɔ nin wafa ng’ɔ di junman’n (méthodique, théorique et pratique). Politiki’n, ɔ kan sran sɔ’m be ayeliɛ’n, i nglo yilɛ’n, i klun lɔ annzɛ i sin lɔ’n, i nun ninnge’m be ndɛ, ɔ nin i nin sran akpasua uflɛ’m be afiɛn ndɛ. Ɔ maan politiki’n yɛle like ng’ɔ kan sran’m be kwlaa be ndɛ’n, ɔ nin sran kunngunngun annzɛ sran kpanngban be kwlaa be ndɛ’n. I sɔ’n ti yɛ politiki like suanlɛ annzɛ politiki like suanlɛ’n su tru nvle kun i lika kwlaa nun ɔn (sika ndɛ, mmla, sran’m be lika nianlɛ, ninnge uflɛ wie mun ekun);
i wafa ng’ɔ ti kekle kpa’n nun’n, politiki’n i wafa nga be flɛ i kɛ Politikè annzɛ politiki nun junman dilɛ’n, ɔ kan kwlalɛ’n i yolɛ’n i ndɛ, yɛle kɛ, ɔ fata kɛ yasua nin bla nga be le kwlalɛ’n be afiɛn’n, ɔ nin politiki anuannzɛ fanunfanun nga be kwla wlu be nun’n, be ndɛ. , kɛ nga be fa nian kwlalɛ kunngba sɔ’n su’n sa .",bau,unknown,train,Baoulé,Google WaxalNLP
bau_JK_JK_BCI_2_102,JK,"M'mla [17] blu ni nso: Ɔ fata kɛ sran  kwlakwla nyin tianun like.
Be kwla miɛn miɛn sran kun nan bacde i like.",bau,unknown,train,Baoulé,Google WaxalNLP
bau_RK_RK_BCI_2_160,RK,"Tonkpi oka’n i ti su lɔ’n, Man klɔ’n i wun koko lɛ’n, aofuɛ’m be kwla wun ’Ivoiri nvle i wia atɔliɛ lɔ waka m’ɔ ti mlanmlanmlan’n.",bau,unknown,train,Baoulé,Google WaxalNLP
bau_RK_RK_BCI_1_10b,RK,Nige ble [2] nyonn ɔ ni fluwa [3] be wo lika kun.,bau,unknown,train,Baoulé,Google WaxalNLP
bau_KK_KK_BCI_1_36a,KK,Zɔgɔda ba fua  amangoma su.,bau,unknown,train,Baoulé,Google WaxalNLP
bau_JH_JH_BCI_1_5C,JH,Amangno nan su n'ma.,bau,unknown,train,Baoulé,Google WaxalNLP
bau_JK_JK_BCI_4_239,JK,"“Parc National du Banco” ti klɔ’n i lika klanman kpa kun m’ɔ o Abidjan klɔ’n i afiɛn lɔ’n, m’ɔ o Côte d’Ivoire lɔ’n. Ɔ o Abidjan lɔ, Abobo nin Yopugɔn nin Adjamɛ nin Atɛkubɛ be afiɛn. Ɔ ti lika dan kpa kun. I klikli nun’n, ɔ ti waka kun mɔ i sin’n, ɔ kakili lika kun mɔ be flɛ i kɛ parki’n niɔn. Asa ekun’n, lika sɔ’n nun’n, be le nzue kun mɔ be fa man sran’m be kwlaa ɔ.
Parki sɔ’n nun’n, nnɛn wafawafa nga be flɛ be kɛ antilope, nin anunman, nin bushpig, ɔ nin nnɛn kpanngban kpa be o lika sɔ’n nun. Waka fanunfanun be o lɔ. Aliɛ diwlɛ’m be o lika sɔ’n nun vie.",bau,unknown,train,Baoulé,Google WaxalNLP
bau_JH_JH_BCI_1_11A,JH,Baka [39] ablassan ni n'glan be o kongo nun lɔ.,bau,unknown,train,Baoulé,Google WaxalNLP
bau_JH_JH_BCI_1_95,JH,[40] Ablanan ti n'nan[0] ni [0]mlonmlon kɛ be ko kɛ.,bau,unknown,train,Baoulé,Google WaxalNLP
bau_RK_RK_BCI_1_11c,RK,Sran wie mu ba ya anya sua nu.,bau,unknown,train,Baoulé,Google WaxalNLP
bau_JH_JH_BCI_2_163,JH,Kossou nzue ba’n ti nzue dan kun mɔ sran nian su.,bau,unknown,train,Baoulé,Google WaxalNLP
bau_KK_KK_BCI_4_236,KK,"Anuannzɛ nga be di aliɛ di wa wafawafa be nu junman be ti bue nnyon. I cicli su, be fa fie su  nige yi aliɛ, i nnyon su, be kaci isɔ aliɛ mu be blɔfuɛ ɛliɛ nu.
Anuannzɛ sɔ, kan akpasua nnyon bo nu. I cicli su, ye lɛ akpasua, m’ɔ ta nnɛn’m, ,mɔ di waka be fie, yɛ ɔ yo waka nga be kpɛ be, be atɛ ɔ. I nnyon su, kaci nnɛn nga be ta be, ni waka fie nga be dim be blɔfuɛ be aliɛ nu.  
Akpasua sɔ i nige fanufanu ngɔ ɔ tɔ be mu be mɛn I sika. Nige ngɔ yo ba tɛ sɔ mu, nonnon be onun.
 Waka vie be liɛ, be di be fie nan I di lɛ tuɔ, Sanngɛ are yolɛ, jese, tiɛ be di be ɔ.",bau,unknown,train,Baoulé,Google WaxalNLP
bau_KK_KK_BCI_1_15a,KK,Kuajo su wɛ nzue.,bau,unknown,train,Baoulé,Google WaxalNLP
bau_JK_JK_BCI_2_146,JK,"Kɛ ɔ fɛ i afuɛ 2011 nun’n, Alassane Ouattara fali ajalɛ kpanngban naan nvle’n w’a yo kpa wa tra laa’n, naan e nvle wa nyan sika.",bau,unknown,train,Baoulé,Google WaxalNLP
bau_JK_JK_BCI_4_224,JK,"kɔfin'in tchinlele mɔ fluwasifuɛ dandanmun be wun ni yi,be wan lafilɛ n'gamɔn be lafi mɔn be angudan ɔtɛdijuman ɔni lafilɛtchɛnlɛ be klua titiman be nun. Be tinn'ge be n'ga mɔ kɛ be lafi mɔn be angudan ɔtɛdijuman nan be fa yo ɛsiperiensi kun; yɛ kɛ befa sran ya [100] kun , sran ablemɔtchuɛ [80] be klua kann'gan be lafilɛ n'ga be tchɛn'ni. Be n'ga mɔ kɛ be lafi be angudan ɔtɛdijuman, be klua kan'ngan be lafilɛ isuman lika yɛ be kan'ngan i jɛnyi jɛnyi ekun. Lafilɛtchɛnlɛ n'ga be klua kan'ngan i yiɛnyi jɛnyi be tchɛn'i kɛ be lafi mɔn be angudan ɔtɛdijuman.

Be selikɛ nigekun beflɛhi suklu yɛ ɔ yo men kɛ be lafi be angudan ɔtɛdijuman. Isɔ nige yɔ yeman  ase ulɛ ni tinu umiɛn ɔ keje kɛ blɔfuɛ kaniɛn . Ɔ yeman lafilɛ n'ga be tchɛn'n ɔ ti sukusuku.

Lafilɛtchɛnlɛ i gba yɛ be tchɛn'i kɛ be angudan ɔtɛdijuman nion . Be tchɛn vie kɛ be lafiman kɔ man m'mua m'mua mɔn lafilɛ wa ju i lika n'gnɔn sun [2], sanngɛ be n'ga be lafidan mun kɛ be jun  lafilɛ i djulɛ kungba sun, be wan be bun angundan nan be tchinman lafilɛ.Fluwasifuɛ dandan vie m'mun be kun sun man be wan be kɔ man atikungba n'gua be se kɛ  lafilɛ n'gamun be lafi mɔn be angudan ɔtɛdidjuman ɔni lafilɛtchinlɛ be kula titiman be nun yi sun. Be ni vie mun ekun be liɛ be wan be klua titiman lafilɛtchinlɛ ni lafiwa n'gua be angudan ɔtɛdidjuman.",bau,unknown,train,Baoulé,Google WaxalNLP
bau_KK_KK_BCI_1_72,KK,Be fa kun ni si'n fa tata ya su ɔ yo ablenu.,bau,unknown,train,Baoulé,Google WaxalNLP
bau_RK_RK_BCI_2_152,RK,"Ivoiri nvle i nun jue tofuɛ dandan nga be flɛ be kɛ Alfa Blondy (reggae), nin A’Salfo m’ɔ fin Magic System (zouglou) i nun’n, ɔ nin DJ Arafati (coupé-décalé), nin Tiken Jah Fakoly (reggae m’ɔ nin i be o nun’n), ɔ nin Meiway (zoblazo) be o nun wie. Ivoiri fuɛ mu nin mɛn wunmuan’n nun miziki bofuɛ mun nin be talan’n, ɔ nin be like ng’ɔ leman wunsu’n.",bau,unknown,train,Baoulé,Google WaxalNLP
bau_RK_RK_BCI_2_183,RK,CNRA: Centri nationali  fiesu ninge be kundɛlɛ su – akpasua ng’ɔ nian fie dilɛ’n su like kunndɛlɛ’n su naan sika ndɛ’n nin sran’m be tranwlɛ’n w’a yo kpa’n.,bau,unknown,train,Baoulé,Google WaxalNLP
bau_JH_JH_BCI_2_178,JH,Baka ti desɛti kun mɔ be fa able sanmlɛn mɔ w’a ɲin’n be yo ɔ.,bau,unknown,train,Baoulé,Google WaxalNLP
bau_KK_KK_BCI_1_13a,KK,clɛ wo kpon'gbo i ti aviɛn,bau,unknown,train,Baoulé,Google WaxalNLP
bau_RK_RK_BCI_2_145,RK,"Laurent Gbagbo, mɔ be fali i afuɛ [2000] akpi nyɔon nun’n, ɔ wunnin kɛ politiki ndɛnngan wie’m be tɔli i su afuɛ [2011] akpi nyɔn ni blu ni kun  nun.",bau,unknown,train,Baoulé,Google WaxalNLP
bau_KK_KK_BCI_1_73,KK,Be fa kun ni si'n nsan fa tata ablesiɛn su ɔ yo abla'n.,bau,unknown,train,Baoulé,Google WaxalNLP
bau_JH_JH_BCI_1_14A,JH,Ijere nan fu kpɛlɛ i dan nika.,bau,unknown,train,Baoulé,Google WaxalNLP
bau_JH_JH_BCI_5_244,JH,"Cɛn kun, fie difuɛ kun ɔli i dabodabo i sua’n nun lɔ, kɔkun ɔ wunnin klenzua kun m’ɔ kpaja lɔ’n. Kɛ ɔ mɛnnin i su’n, ɔ yoli nonnin kɛ plumbu sa. Ni i wan ɔ ma tee i, afin ɔ buli i kɛ sran kun wa fɛ i wun a lua nun. Sanngɛ kɛ ɔ buli i akunnnan’n, ɔ fali ɔli alo lɔ, wa cɛman yɛ ɔ wunnin i luɛ aklunjuɛ su kɛ sika ɔklɛ klenzua kpa kun yɛ ɔ o lɛ non. Nglɛmun kluaa’n, sa kunngba’n nɛ ɔ non, wa cɛman yɛ ɔ yoli agnanbeunfuɛ. Kɛ ɔ yoli agnanbeunfuɛ’n, ɔ faman nigne diwa fa gangan nguann. Kɛ mɔ ɔ buli i kɛ ɔ gnan sika ɔkluɛ kluaa nga ɔ o  dabodabo i klu klua kpɛkun i ti man, ɔ kunnin li, kɔkun ɔ tikeli i klu, sangɛ wa wunman like fi.

Daa bie o, ni bian fiesu kɔfuɛ kun ɔli i akɔ talɛ sua nu lɔ kɔkun ɔ gnuli nigne kun mɔ sɔ lɔ mianɔn akɔ suanu lɔ. Kɛ ɔ mantili lɔ kɔkun ɔ uni kɛ klezoi ɔ sangɛ nan klezoi titi diɛ me bie ɔ afin i diɛ sɔ ti sika ɔklɛ. 
 Ɔ a tɔ i klezua, afin ɔ buli i kɛ be fali gblɛ kun be guɛli i nun. Sanngɛ kɛ ɔ buli i akunndan kpɛ ngɔn’n [2], ɔ fali ɔli alo lɔ, kɔkun wa cɛman yɛ ɔ wunnin kɛ sika ɔkwlɛ kpa kun yɛ ɔ yoli i fɛ kpa afi wa gnan sika. Kɔ fɛ sɔ, cin kluaa ɔ jaso nnɛ kpa kɔ i akɔ talɛ nc ko nian sɛ i akɔ nan to ekun o. ɔ tɔli sika ɔklɛ sɔ lele nan wa gnin i ɔn sangɛ akunnan tɛ kun a bɛli i tinu yɛlɛ kɛ i wan man ɔ kun akɔ sɔ nan mam ɔ kalɛ gnan i ti nan waa kun akɔ. ɔ nian nian li akɔ i klu lele wa gnanman nigne fi klu kun.",bau,unknown,train,Baoulé,Google WaxalNLP
bau_JK_JK_BCI_2_178,JK,Baule be clo gnangnan ni divin pka pakinu.,bau,unknown,train,Baoulé,Google WaxalNLP
bau_JH_JH_BCI_3_222,JH,"Criminologie yɛlɛ sa tɛ yolɛ wafa’n, i bo’n, i gnrun yolɛ’n, ɔ nin i su nianlɛ’n, sran kun nin sran’m be nika nianlɛ’n be su like suanlɛ. Ɔ ti nigne suanlɛ wafa kun m’ɔ suan sa tɛ yolɛ’n i su nigne’n, m’ɔ fa nigne suanlɛ wafa kpanngban kɛ psychologie sa lele mɔ fa ju mmla’n su’n, ɔ nin sociologie nin économie be nun’n. 

Criminologie i su like kunnnɛlɛ lika’n, ɔ kan sa tɛ’m be sa’m me nnɛ, wafa nga be yo’n, nin nigne n'gna ti yɛ be yo’n, ɔ nin wafa n'gna be fa yo sa tɛ’n, ɔ nin wafa n'gna be fa yo sa tɛ’n i su mmla’n. Kɛ be kle i inivɛsite’m be nun’n, bie diɛ’n be flɛ i kɛ “sa tɛ yolɛ’n i su nigne” blɔfuɛ nun, annzɛ “sa tɛ yolɛ’n i su nigne suanlɛ” Angle nun yɛ be flɛ sran ng’ɔ si sa tɛ yolɛ’n i su nignee kpa’n kɛ sa tɛ yolɛ’n i su nigne suanfuɛ. 
Sanngɛ, sa tɛ yolɛ’n i su nnɛ’n klua fa like kluaa n'gnɔ ti i diɛ’n annzɛ n'gnɔ ti sa tɛ’n, ɔ nin nigne kluaa n'gnɔ nin sran’m me mianmianlɛ’n, ɔ nin sa tɛ’n i fɔ tulɛ’n, ɔ nin nigne n'gna ɔ ti sa tɛ’n, ɔ nin sa tɛ’n i bo bolɛ’n annzɛ like nga be bu i bɔbɔ’n be kɔ likawlɛ’n. sa tɛ yofuɛ. I wafa n'gna ɔ ti siansifuɛ’n, ɔ ti n'nangan.",bau,unknown,train,Baoulé,Google WaxalNLP
bau_RK_RK_BCI_2_161,RK,"Nimba oka’n m’ɔ o Liberia nin Gine be afiɛn’n, ɔ le nnɛn wafawafa kpanngban kpa, yɛ ɔ ti mɛn’n nun ninnge’m be nun like kun mɔ be sasa i ɔ.",bau,unknown,train,Baoulé,Google WaxalNLP
bau_RK_RK_BCI_1_35b,RK,Mi klo pɔmu diwa.,bau,unknown,train,Baoulé,Google WaxalNLP
bau_JH_JH_BCI_1_19A,JH,M'me nan bo n'gnɛrɛ bleble [7] n'so.,bau,unknown,train,Baoulé,Google WaxalNLP
bau_RK_RK_BCI_2_151,RK,"Kosan nyɔn:
?Wafa sɛ yɛ Didier Drogba yoli maan fɔundi trannin Ivoili nvle lɔ ɔ?
I su tɛlɛ’n: Didier Drogba dili junman dan kpa naan fɔundi w’a tran Côte d’Ivoire lɔ afuɛ [ 2005] ya nyonn ni n'nu nun, ɔ seli nzra nun kɛ nvle’n nunfuɛ’m be siesie be afiɛn kɛ nvle’n i nunfuɛ’m be kwlali’n, i sɔ’n yoli maan ndɛnngan’n  vieli  nvle’n nun .",bau,unknown,train,Baoulé,Google WaxalNLP
bau_RK_RK_BCI_1_40b,RK,Klowa [4] n'nann be wo lika luɛ.,bau,unknown,train,Baoulé,Google WaxalNLP
bau_JH_JH_BCI_1_31B,JH,Ahue kun wo yɛ ɔ ɔn kunnɛ nigne diwa.,bau,unknown,train,Baoulé,Google WaxalNLP
bau_KK_KK_BCI_1_86,KK,"Sranble be vle wa oka ngɔ wa li dan kpa yɔ lɛ Mon Ninba. Mɛn umuan nu, yɛ ɔti oka dan i nnun su ɔ.",bau,unknown,train,Baoulé,Google WaxalNLP
bau_KK_KK_BCI_2_189,KK,"Tabaski nu, jra'm be fa bua mu be yi sraka.",bau,unknown,train,Baoulé,Google WaxalNLP
bau_RK_RK_BCI_4_239,RK,"Like nga be yo sran’m be fɛ kpa’n, yɛle kaskadi'n  nzue ba’n, ɔ nin yɔbuɛ dan kun m’ɔ o klɔ nga be flɛ i kɛ Man i jee'n i su’n, ɔ nin pepe bo.  Nzue ba nga be flɛ i kɛ  kaskadi’n, ɔ o klɔ’n i wia atɔliɛ lɔ, yɛ nnɛn kpanngɔ’m be bo sin yia lika sɔ’n, yɛ nnɛn kpanngɔ kpanngban mɔ be ti nɲan fanunfanun’n, ɔ nin nnɛn kpanngɔ fanunfanun be tran lɔ. Pepe bo'n  ti lika kun mɔ waka’m be o lɔ’n, mɔ nnɛn’m be tran lɔ’n; kɛ be tua sika kan’n, turismufuɛ’m be kwla lafi lɔfuɛ’m be su naan be flɛ nnɛn kpanngɔ mun kɛ be jaso be waka’m be nun.",bau,unknown,train,Baoulé,Google WaxalNLP
bau_KK_KK_BCI_1_54,KK,"Kɔn'guɛ nzue blɛ ngɔ ba lɔ nu, arɛ waa ba kpa. Arɛ klua ba lee ju degle nsan [3°C]",bau,unknown,train,Baoulé,Google WaxalNLP
bau_JH_JH_BCI_1_42,JH,"E o kofie nu, anɛ manlan m'zue netɔ nɔsoinu dɔ kun su kɔkun ɔ bɔlɛ gua lele aiman si ouhoue.",bau,unknown,train,Baoulé,Google WaxalNLP
bau_RK_RK_BCI_1_3b,RK,Nyanmiɛn su lɔ nige'm ba yanu.,bau,unknown,train,Baoulé,Google WaxalNLP
bau_KK_KK_BCI_1_2a,KK,Poku wo nyanman nu.,bau,unknown,train,Baoulé,Google WaxalNLP
bau_KK_KK_BCI_1_16a,KK,Akisi su kangan flua.,bau,unknown,train,Baoulé,Google WaxalNLP
bau_JK_JK_BCI_4_235,JK,Be fa sika lika kwlaa yɛ Baulefuɛ’m be fa sika vie. Be sika sɔ’n i dunman’n yɛle “Franc CFA.” Afrique de l’Ouest lɔ nvle nso ekun be fa sika sɔ’n be di junman vie. CFA’n i wafa’m be ti fanunfanun. Euro kun ɔ man amun CFA akpi ya nsiɛn.,bau,unknown,train,Baoulé,Google WaxalNLP
bau_JH_JH_BCI_2_208,JH,?Amun klo tralɛ ufue mun?,bau,unknown,train,Baoulé,Google WaxalNLP
bau_JH_JH_BCI_1_90,JH,Planɛti asiɛ I su ɛ e o kɛ n'gna sa.,bau,unknown,train,Baoulé,Google WaxalNLP
bau_KK_KK_BCI_1_32b,KK,Kuasi ni Kuai be fu li kpangɔ wɔli klɔ nvuɛn su lɔ.,bau,unknown,train,Baoulé,Google WaxalNLP
bau_KK_KK_BCI_1_18b,KK,"Andɛ anglo le kun, be di man fiesu juman.",bau,unknown,train,Baoulé,Google WaxalNLP
bau_JK_JK_BCI_2_104,JK,"M'mla [26] ablaɔn ni nsiɛn: Sran kwlakwla ɔ le atin ɔ suan like. Ɔ fata kɛ be yo sɔ ngbɛn. Tekniki nin junman dilɛ suklu’n, ɔ fata kɛ sran kwlaa kwla di, yɛ ɔ fata kɛ sran kwlaa kwla di suklu dandan’m be nun like kunngba’n, ɔ taka sran kun i like ng’ɔ kwla yo’n su.
Ɔ fata kɛ like klelɛ i bo  gua kɛ sran’n i klun njɔ, naan ɔ yo maan sran’m be nyin yi sran’m, ɔ nin be ti nyanlɛ. Ɔ fa be wu aniɛn tilɛ , be yaki nige kekle vie mu cɛ, yɛ nvle be nu be di anian'nm sran unnɛn wafa nga ɔ tim anzɛ kusu Nyanmiɛn nga be sui.ɔ nin kɛ ɔ suan Nvle’m be anuannzɛ’n i bo naan fɔundi tran lɛ.
Siɛ nin niɛn mun yɛ be le atin be fa suklu wafa nga be kunndɛ kɛ be mma’m be suan’n niɔn.",bau,unknown,train,Baoulé,Google WaxalNLP
bau_RK_RK_BCI_1_87,RK,N'zue ba klikli n'ga ɔti yɛyi'n ɔ tra  n'zue ba i n'siɛn su n'ga ɔ wo klɔ i tiwa lɔ.,bau,unknown,train,Baoulé,Google WaxalNLP
bau_RK_RK_BCI_2_104,RK,"[1] Kun.Sran klwaa lɛ ati'n kɔ'ɔ suklu. Ɔ ni fata man kɛ suklu kɔlɛ'n be tua nu'n kalɛ. Sɛ be waan wa yo'a wie o'o, kɛ klelɛ i bo lɔdɛ'n sa'a. Klelɛ'n i bo lɔdɛ'n ti cinjin. Ɔ ni i fata kɛ klelɛ n'ga ɔ ti be sa'a ti like suanlɛ ɔ yo sran gba be liɛ. Suklu i dandan nu'n lɔ lulɛ liɛ'n ɔ ni fata kɛ i wun ati'n ɔ yo tike wa sran be klwaa be liɛ.
[2] Nyonn. Ɔ ti cinjin kɛ suklu'n ba klɔ sran i kpa yolɛ i akundan, yɛ ɔ ba like klwaa n'ga ɔ kɔ yo nan sran wa di aunjuɛ i akundan, ɔ ni wafa n'ga ɔ kɔ yo nan i ula'n wa gua ase'n.
[3] N'san. Siɛ ni niɛn'm be yɛ be lɛ ati'n klikli be kpa n'gluɛlɛ n'ga ɔ ti bɔ be fa kle be n'ma'm ɔn.",bau,unknown,train,Baoulé,Google WaxalNLP
bau_JH_JH_BCI_2_104,JH,"M'la [26] ablauni n'sien : Sran kluaa ɔ lɛ atin mɔ suan nigne. Ɔ fata kɛ suklu dilɛ’n yo ngbiɛn. Suklu m’ma kanngan’m me nigne suanlɛ’n ti cinnjin kpa. Ɔ fata kɛ be kle sran’m me nigne tekniki nin junman dilɛ’n me nun; Ɔ fata kɛ sran klua klua lu suklu dandan me nun.
Ɔ fata kɛ nigne klelɛ’n bo ibo sran i nzuɛn’n dan yolɛ’n su, ɔ nin sran’me atin’n, ɔ nin me n’mla me su nianlɛ’n i bo bolɛ’n. Ɔ fata kɛ ɔ yo maan nvle kluaa nin sran wafa klulaa, annzɛ gnanmiɛn sulɛ wafa kluaa be afiɛn’n, be kan be’n ase, be tra be agnliɛn, be tra janvuɛ.
Siɛ nin niɛn'm me lɛ atin mɔ be fa nigne klelɛ wafa nga be waan be klo fa kle be mma mun'n.",bau,unknown,train,Baoulé,Google WaxalNLP
bau_RK_RK_BCI_4_236,RK,"Côte d’Ivoire lɔ fie dilɛ’n, ɔ kan fie nga be fa di junman’n, ɔ nin nga be fa kɔ nvle uflɛ nun’n, ɔ nin aliɛ nga be di’n be ndɛ. Côte d'Ivoire ti nvle kun mɔ kɛ ɔ́ ɲán i ti’n, ɔ fali i sika ndɛ’n sieli i fie dilɛ’n su ndɛndɛ kpa’n. I kpa bɔbɔ’n, ɔ fɛ i wun sie mɛn’n nun kakaa, nin nɲa, ɔ nin waka nga be flɛ i kɛ lastikɛ’n be nun danfuɛ. Nvle sɔ’n i sika ndɛ’n taka fie dilɛ’n su [50%] abluen'nun ya su, ɔ le fie dilɛ fluwa kun mɔ be flɛ i kɛ Green Pages [archive] naan w’a kwla fa be nga be di junman sɔ’n be w’a siesie be wun.",bau,unknown,train,Baoulé,Google WaxalNLP
bau_JH_JH_BCI_1_12C,JH,Ɔ ti sika fuɛ dan kpa yɛ ɔ o lɛ.,bau,unknown,train,Baoulé,Google WaxalNLP
bau_KK_KK_BCI_2_129,KK,"Blɛ klaa nu Kofi sisi i bo nan  uka sran mun, ɔ ukali Kulibali be kpɛli gbo kun be fa man klɔfuɛ mu.",bau,unknown,train,Baoulé,Google WaxalNLP
bau_RK_RK_BCI_1_6c,RK,Blo n'niɛn ɔ wo klɔ nu lɔ.,bau,unknown,train,Baoulé,Google WaxalNLP
bau_JH_JH_BCI_1_23A,JH,M'gliɛmon nu ɛdjua ni djasso.,bau,unknown,train,Baoulé,Google WaxalNLP
bau_KK_KK_BCI_2_136,KK,"Mi ja'nvuɛ fin Anango, Nigeria lɔ klɔ dan kun su.",bau,unknown,train,Baoulé,Google WaxalNLP
bau_RK_RK_BCI_2_206,RK,Mugu nu duo be fite kpangban kpa.,bau,unknown,train,Baoulé,Google WaxalNLP
bau_KK_KK_BCI_2_209,KK,?Yao yɛ ɔ fali kpongbɔ ble nga aliɛ wo nu nion?,bau,unknown,train,Baoulé,Google WaxalNLP
bau_KK_KK_BCI_2_199,KK,Be wuli kuajo i jɔlɛ cɛn.,bau,unknown,train,Baoulé,Google WaxalNLP
bau_KK_KK_BCI_1_80,KK,Akpin'gbi kun tata kun ni si'n nnun yo ya nnyon akpi kun.,bau,unknown,train,Baoulé,Google WaxalNLP
bau_RK_RK_BCI_2_153,RK,"?Nvle benin yɛ Alfa Blondy fin ɔn?

Alfa Blondy, mɔ be flɛ i kpa kɛ Seydou Koné’n, ɔ ti Ivoiri lɔ sran kun m’ɔ fin Kɔti d’Ivoiri lɔ’n. Ɔ ti sran ble mɛn’n nun lɔ reggae jue tofuɛ nga be si be kpa’n, be nun kun.",bau,unknown,train,Baoulé,Google WaxalNLP
bau_JH_JH_BCI_1_31C,JH,Ɔ ka kan sa ni wo ni ma tɔ.,bau,unknown,train,Baoulé,Google WaxalNLP
bau_KK_KK_BCI_1_37b,KK,Nyongonmi mu be su wandi sin klɔ nu.,bau,unknown,train,Baoulé,Google WaxalNLP
bau_JK_JK_BCI_2_110,JK,"Atin’n: Ɔ fin Stade Félix Houphouet-Boigny ɔ kɔ suclu Sainte-Marie 

I nun mmuammua’n: Ɔ ju kilo 6 annzɛ 8
Blɛ nga be fa’n: Miniti 15 annzɛ 20 loto nun, ɔ taka wafa nga sran’m be sin’n su

I klikli nun’n: Be jaso Stade Félix Houphouet-Boigny (Plateau)
Kɛ a fin Stadi lɔ’n, fa atin nga be flɛ i kɛ Rue des Jardins annzɛ Rue Pierre et Marie Curie naan w’a fite Plateau’n su lɔ w’a ɔ Kokɔdi lɔ.

 I nyɔn su’n: Amun kpɛ Charles de Gaulle i su
Amun wlu Charles de Gaulle i pont’n su naan amun kpɛ Ébrié nzue ba’n nun lɔ be kɔ Kokɔdi lɔ.

 I nsan su’n: Lise Sainte-Marie (Cocody) i su kpɛn’n
Kɛ amun sin pɔn’n su’n, amun nian like nga be kle kɛ amun kɔ Kokɔdi lɔ’n su.
Fa atin nga be flɛ i kɛ Boulevard de France annzɛ Boulevard de Mitterrand lele naan w’a ju Lycée Sainte-Marie m’ɔ o Kokɔdi lɔ lika kun mɔ sran’m be tran lɔ diin’n i nun’n.

 Lika cinnjin mun:
Stade Félix Houphouët-Boigny: Lika nga be bo i bo lika nga be flɛ i kɛ Plateau’n i nun lɔ’n, ɔ ti lika klanman kpa.
Pont Charles de Gaulle: Pont dan ng’ɔ fa Plateau’n nin Kokɔdi be afiɛn’n.
Boulevard de France / Boulevard de Mitterrand: Akpɔ dandan nga be kɔ Lise Sainte-Marie lɔ’n.",bau,unknown,train,Baoulé,Google WaxalNLP
bau_JK_JK_BCI_1_71,JK,Be fablu ni kun i pke yakun ni blu ɔ yo apki kun ni yagnon ni blu,bau,unknown,train,Baoulé,Google WaxalNLP
bau_KK_KK_BCI_1_58,KK,"Aliɛ bɛ liɛ nga nu, via ta lee fa ju dɔ nnan su [4 p.m], yɛ awungban fitɛ ibo vɛɛ i sɔ blɛ liɛ nu fa ju kɔnguɛ bunuɛn nu.",bau,unknown,train,Baoulé,Google WaxalNLP
bau_KK_KK_BCI_1_36b,KK,Abon ba tru.,bau,unknown,train,Baoulé,Google WaxalNLP
bau_JH_JH_BCI_1_4C,JH,Kun ekun o fama su.,bau,unknown,train,Baoulé,Google WaxalNLP
bau_RK_RK_BCI_2_154,RK,"?Alfa Blondy i albamu’m n'ga sran be klo i kpa’n, yɛlɛ benin?
Alfa Blondy i albamu ""Jerusalem"", m'ɔ fiteli afuɛ  [1986 ] akpi kun ya n'gluan ablaɔcuɛ ni n'siɛnnun'n, ɔ ti i albamu dan be nun kun. Ɔ to jue aniɛn be nun, Angle nin flansi nin jra be nun wie mun, ɔ nin The Wailers, mɔ be ni Bob Marley be to jue dandan’m be toli jue wie.",bau,unknown,train,Baoulé,Google WaxalNLP
bau_JH_JH_BCI_1_89,JH,Djuakle nɔ ti anglo me nun tika kpa non.,bau,unknown,train,Baoulé,Google WaxalNLP
bau_JH_JH_BCI_1_6A,JH,Yɔbuɛ ble [2] n'gnon  o clɔ kpli i afiɛn sɛsɛ.,bau,unknown,train,Baoulé,Google WaxalNLP
bau_KK_KK_BCI_1_3c,KK,Po nji oka I ti afiɛn lɔ.,bau,unknown,train,Baoulé,Google WaxalNLP
bau_JK_JK_BCI_3_216,JK,"Suɛdi lɔ suklu dandan’m be fali fluwa klɛfuɛ kun mɔ be flɛ i kɛ Heinrich Böll m’ɔ fin Alemaɲin lɔ’n, be mannin fluwa klɛfuɛ’m be akatua’n nga be flɛ i prix Nobel de littérature. I sɔ akatua, ɔ manman fluwa klɛfuɛ kun m’ɔ  mɛn umuan be si nrun (Böll ti International Pen Club i su kpɛn kɛ ɔ fɛ i afuɛ 1971 Sɛptamblu nun’n), ɔ nin nvle kun: kɛ ɔ fɛ i afuɛ 1929 nun’n, Alemagnin lɔ fluwa klɛfuɛ fi wa gnanman Nobɛli akatua’n kun. Afuɛ sɔn nun akatua nti  480.000 (500.000 F) su’n, Suɛdi lɔ famiɛn Gustavu VI Adolf yɔ fa mɛn yɔ, anja dan kun mɔn be yo i Desanblu i le blu [10] su.

Heinrich Böll m’ɔ be  wuli afuɛ 1917 nun’n, ɔ ti alɛ nun ba, ɔ ti ba be wi be lɛ man likefi, ɔ ti Alemagnin lɔ nvle’n i nunfuɛ. Wa seman kɛ ɔfinsa ikusu gɛ ɔfi yalɛ nun i ti ɔ yo sɔ vie, annzɛ kɔ fi i sɔ lika nun ti ndɛ numan ninnge fin ndɛ nun, annzɛ kusuman ɔ bu man angudan i sɔ ti,yɔ ɔ se i un kɛ sran be ti sa, kɛ mɔ sran kun ti Alemagninfuɛ’n ti’n, ɔ yaciman politiki annzɛ Ɲanmiɛn sulɛ anuannzɛ fi klomɛn i’n i kokolɛ. Rɛnin lɔfuɛ mun nin Katoliki nga be o Böll nun, yɛ lɛ sran be nuan cliwa. Ɔ sua ninnge nga sran be ngba be yo sun ɔkun ɔ kalɛ yo ninnge nga  i wan ɔ yo (Heinrich Böll o tranni akpasua ablahun ni nso [47] nun, be nga be klɛ fuwa be anuannzɛ’n nun; ɔ ti be nga be takali Alɛmangni lɔ fluwa klɛfuɛ’m be anuannzɛ’n be nun kun), ɔ fa gnin kekle yolɛ’n i ndɛ kun wla nun, ɔ fa si srilɛ ble  nun.",bau,unknown,train,Baoulé,Google WaxalNLP
bau_JK_JK_BCI_1_54,JK,N'dɛ tchin liɛ arɛ wa ba dan pka lele nɛgi wa,bau,unknown,train,Baoulé,Google WaxalNLP
bau_JH_JH_BCI_1_79,JH,Kɛ n'fa y'a fa tata kun mɔ ba bu nun n'nan ɔ yo ablaɔcuɛ ni n'sien.,bau,unknown,train,Baoulé,Google WaxalNLP
bau_RK_RK_BCI_3_213,RK,"Elizabeti nyonn[I]I, Famiɛn bla Royo'm-ini nin Commonwife famiɛn diwlɛ uflɛ'm, i wie'n juli Sɛptamblu i le [8] mɔcuɛ, afuɛ [2022]  akpi nyonn ni ablaun ni nyonn  nu kɛ ɔ lɛ afuɛ [96] ablan’gluan ni n’siɛn, kɛ ɔ dili famien afuɛ [70] ablue n'so, Balmorali Casitɛli nu, Ecossu lɔ. Kɛ be ko yo sran’m be siesielɛ, nin cɛn dilɛ, ɔ nin be sin sinlɛ, be fa famiɛn’n i fuɛn’n be kɔ Angle lɔ, lɔ yɛ be sin sinlɛ’n,  ɔ nin nvle’n i asieliɛ’n Lɔnduru lɔ ɔ, ka naan b’a sie i Windsɔ lɔ ɔ.

I wie yoli maan sran’m be wla boli be wun dan, kpɛkun be yili i ayɛ Rɔmu lɔ nin mɛn wunmuan’n nun. Be yo nvle’n i asieliɛ afuɛ [2022] akpi nyon ni ablaun ni nyon, Sɛptamblu i le [19]  blu ni n'gluan su Wɛstminsi Abbey lɔ. I agualiɛ su’n, be sieli famiɛn bla’n i Ɲanmiɛn sulɛ sua nga be flɛ i kɛ St.

Famiɛn bla’n wuli kpɛnngbɛn yolɛ’n, Sɛptamblu i le [8] mɔcuɛ su nnɔsua nun Balmoral Castɛli lɔ, i kpɛnngbɛn’n nin sran ng’ɔ sinnin i osu’n, mɔ be flɛ i kɛ Charli [III] n’san su, ɔ nin i wa bla Anni  be o lɛ. Kɛ be fin i wunmiɛn lolɛ sua’n nun lɔ Abɛdɛshine lɔ’n, be fali Famiɛn bla’n i fuɛn’n be ɔli loto nun Sɛptamblu i le [11] blu ni kun su, be ɔli Holyrud Palaci m’ɔ ti famiɛn’n i sua’n nun lɔ’n, m’ɔ o Édimburg lɔ’n. Kɛ aliɛ cɛnnin’n, famiɛn uflɛ sɔ’n fali asieliɛ’n i su sran’m be ɔli Sɛnti-Zili Ɲanmiɛn sulɛ sua’n nun lɔ, kpɛkun kɛ be wieli Ɲanmiɛn sulɛ wafa kun yo’n, be fali famiɛn i asieliɛ’n be sieli sran kwlaa be ɲrun lele aliɛ cɛnnin nnɔsua nun. Sonja’m be aviɔn kun fa famiɛn’n i fuɛn’n fin Édimburg lɔ aviɔn jranwlɛ’n nun lɔ kɔ RAF i lika nga be flɛ i kɛ Nɔthɔlt m’ɔ o Middlesix lɔ’n. Sɛptamblu i le [13 ] blu ni n'san su nnɔsua nun’n, be juli Buckingam Palaci lɔ Lɔnduru lɔ.
Afuɛ [2022] akpi nyonn ablaun ni nyonn Sɛptamblu i le [8] mɔcuɛ su dɔ [12:30] blu ni nyon su’n, Buckingam Palaci seli ndɛ kun nun kɛ Famiɛn bla’n i dɔɔtrɔ’m be seli kɛ dɔɔtrɔ’m be nian i su Balmoral Casiteli lɔ. Ndɛ sɔ’n seli kɛ: “Kɛ be niannin Famiɛn bla’n i dɔɔtrɔ’m be lika ekun nglɛmun nga’n, be akunndan’n sanngannin Famiɛn bla’n i juejue yolɛ’n su, ɔ maan be seli i kɛ ɔ ka dɔɔtrɔ’m be lika nianlɛ nun. Famiɛn bla’n ka lɛ tran lɛ, ɔ o Balmorali lɔ. Televiziɔn’m be nun’n, ɔ nin BBC be kpɛ be ndɛ nga be kan titi’n be nun, televiziɔn’m be nun yifuɛ’m be wla tralɛ ble. I sɔ’n ti ndɛ trele klikli nga be kan famiɛn bla’n i juejue yolɛ’n i su’n. Famiɛn’n i su like sifuɛ kpanngban be se kɛ ndɛ sɔ’n uka be naan b’a siesie be akunndan’n naan b’a wun famiɛn’n i wie ndɛndɛ’n i wlɛ. Famiɛn bla’n i mma nnan mun nin i wu i bla mun, ɔ nin famiɛn bian Wiliamun nin Hari, be ɔli cɛn kunngba’n nun naan bé kó trán i lawlɛ’n i wun lɛ.

I wa kpɛnngbɛn Charli nin Anni, ɔ nin i yi bla Camilla mɔ be o Ɛkɔsi lɔ laa’n, be ngunmin cɛ yɛ be juli Balmoral lɔ ka naan w’a wu ɔ, sanngɛ be nga be ka lɛ’n, be fin Angle lɔ be bali ndɛndɛ kpa.
Charli nin Camilla be jasoli Balmoral lɔ ka naan Sɛptamblu i le [9] n’gluan su’n, nnɔsua w’a ju. Be kɔ Aberdeen lɔ aviɔn jranwlɛ lɔ naan bé kɔ́ Lɔnduru lɔ. Kɛ Charli kacili famiɛn’n, i kpɛ klikli nga be wunnin i nzra nun’n, yɛ ɔ fiteli Aberdeen lɔ aviɔn jranwlɛ lɔ ɔ. Harry kusu jaso Balmoral lɔ nglɛmun sɔ’n nun. Elizabɛti i mma oga mun mɔ be flɛ be kɛ Anni, nin Andre, ɔ nin Eduard be kali Ɛkɔsi lɔ naan b’a di cɛn dilɛ nga be nin famiɛn’n i asieliɛ’n be kɔ likawlɛ’n be nun.

Sɛptamblu i le [ 9 ] n’gluan su’n midi su’n, asɔnun sua sunman be kpanlɛ’n bo famiɛn diwlɛ’n i lika kwlaa nun. Kɛ ɔ fɛ i kɛ Elizabɛti i siɛ nin i ɲrun lɔfuɛ’n be wuli’n, i kpɛ klikli nga bé bó kpanlɛ’n, mɔ kplo nun ninnge nga be fa yo sran’m be nuan’n be bo’n, be boman kpanlɛ’n mlɔnmlɔn. Be kunndɛli kpa kɛ be fa kplo nun ninnge nga be fa bo sran’m be nuan’n, yɛ Bristɔlu lɔ’n, be yofuɛ dandan’m be dili junman titi lele Sɛptamblu i le [15] blu ni n’nu su naan b’a kwla fa be b’a man sran mun blɛ su nvle’n i asieliɛ’m be bo. Windsɔr lɔ’n, be bo Sevastopɔl lɔ kpanlɛ’n kpɛ [96] ablan’gluan ni n’siɛn. Be boli kpanlɛ sɔ’n i kpɛ kasiɛn’n afuɛ [2002] akpi nyon ni nyonn nun, kɛ Famiɛn bla’n i nin’n wuli’n.",bau,unknown,train,Baoulé,Google WaxalNLP
bau_KK_KK_BCI_4_230,KK,"Kannzɛ bɔbɔ  ajulisu alɛ nga be di,  annzɛ alɛ nga be di i blɛ nga nun, ɔ o sonja’m be su kɛ ndɛ blɛ kwlaa nun, sanngɛ be fa ndɛ nga be kan, ɔ ni’n wafa nga be fa yo ninnge mun, ɔ nin ninnge nga be fa yoli ninnge mun, mɔ be dili junman Alɛ Dan Nyon su i blɛ nun, ɔ n’in i si’n, be ndɛ. Laa sa like suanfuɛ mu be nuan sɛ su kɛ ajulisu alɛ boli i bo Alɛ dan klikli mon tɔ li mɛn su.
Kɛ be yili alɛ ninnge nga be flɛ be kɛ bonbu nucleɛ, alɛ dan’n i ndɛ kle kɛ mɛn wunmuan nunnunlɛ, yɛlɛ kɛ kɔ fɛ i Alɛ Dan Nyɔn su nun, alɛ nga be tɔ mɛn su be ti kekle,",bau,unknown,train,Baoulé,Google WaxalNLP
bau_JH_JH_BCI_1_18B,JH,Jua ni ko tɔ.,bau,unknown,train,Baoulé,Google WaxalNLP
bau_RK_RK_BCI_2_143,RK,"Kɛ Félix Houphouët-Boigny wuli’n, Enri Konan Bédié fali nvle’n i su kpɛn’n i junman’n, kpɛkun ɔ boli ivoirité i ndɛ’n i bo, yɛ i sɔ’n yoli politiki ndɛnngan’n i nzɔliɛ like.",bau,unknown,train,Baoulé,Google WaxalNLP
bau_JH_JH_BCI_2_106,JH,"Sɛ amun waan amun kɔ Yamoussoukro gua dan’n su lɔ’n, amun bo i bo Rue du Marché su trele. Kɛ amun ko bu mɛtri [400] ya n’nan’n, amun fa amun sa fama su lika nga amun nin Rue des Acacias be san nun’n. Amun wɔ amun gnrun trele lele naan amun a wun kpanwun tɔlɛ kun amun sa fama su. Kɛ be ko ju lika sɔ’n nun’n, be kpɛ be sa fama su kan naan be sin Rue des Rosiers su mɛtri ya n’nun. Klɔ i lika nga be flɛ i kɛ parki gno amun gnrun lɛ sakpa.",bau,unknown,train,Baoulé,Google WaxalNLP
bau_RK_RK_BCI_1_39a,RK,Srɛma wa to wa blabla menku.,bau,unknown,train,Baoulé,Google WaxalNLP
bau_JK_JK_BCI_2_131,JK,"Suclu cle fuɛ bla nga be flɛ i Amlan, su klɛ ndɛ’n tablo’n su.",bau,unknown,train,Baoulé,Google WaxalNLP
bau_KK_KK_BCI_3_212,KK,"Ka naan afuɛ akpi kun ya ngluan ablaɔcuɛ [1980] wa ju, kɛ be nian wunmɛn i luɛ kpa kɛ gazi a efe de sɛɛ, yɔ yo maan lika jɔ kpa, fluwa sifuɛ dandan'm be fa ndɛ mma ""lika i kaciwa"" be kan ni wafa nga sran be like nga be yo ɔ yo man lika sɔ kaci ɔ.
Afuɛ akpi kun ya ngluan ablaɔcuɛ [1980] nun, be fali ndɛ mma ""mɛn i dolɛ"" ni ""lika i kacilɛ"" be sieli sran be nyrun, i klikli n’kan asiɛ i su lika i dolɛ i ngunmi ndɛ, sanngɛ i si’n liɛ, ɔ kan lika i nun lika i kacilɛ i ndɛ, ɔ fi’n nnyanmiɛn annzɛ sran be like. I ndɛ kpɔlɛ be nun, fluasifuɛ akpasuɛ akpasua nga be suan lika kaciwa su like, fa ndɛ mma ""lika kaci"" i bue kun su, ɔ ni’n "" nnyanmiɛn i dolɛ"" i bue kun su, ɔ fa kle ngbaciɛ sɔ. Sanngɛ, blɛ sunman nun, be fa “mɛn i dolɛ” ni’n “mɛn i kacilɛ” be kaci be biengu.
Fluwa sifuɛ dandan, politikifuɛ mun ni’n jasin bofuɛ’m be fali ndɛ mma “lika i aoliɛ” annzɛ “lika i alɛ” be kannin mɛn i ndɛ.
Be fa ndɛ mma “mɛn sacilɛ” be kan ndɛ zunali be nun vie.
Klima i sistɛmu bɔbɔ, ɔ lɛi wafawafa bo be klua di afuɛ kaka, afuɛ blu, anzɛ afuɛ ya kun. Lika kaci wa ngalɛ mu be fin klima I sistɛmu I kacilɛ. Sanngɛ, nan cɛn ngba yɛ ɔ fi’n asiɛ nion. Ninge nga be fa be su lɛi, guasu lɔ ninge vie mu yɛ be yo atimɔsufɛri ɔ. Via i kpajalɛ, si’n nga ɔ fi’n asiɛnu fite, yɛ asiɛ i via’n kplɛlɛ wafwafa’m. Ka nan ba kpa klɔ sran ti ble I like nga ɔ yo man lika fa kaci, ɔ fata kɛ be yi klima kacilɛ wafawafa nga be si sa, ni guasulɔ nige nga be ti’n su. Jranlɛ ci’nnji kusu yɛ be jran su be kpa sa nzɔliɛvie’m nga be ti I bo. Ekun, be klua fa be sunzu, sa like nga be wun li be kɛ be ɛ be kaci klima nion. Kɛ ye nian via I pklilɛ, klua yo man ɔ kpaci sie. Afi’n I sanulike, ti lika dolɛ I wumuan I ndɛ atimɔsufɛri nu. Yɛ atimɔsufɛri nga ɔ ti jɔ wa, yɛ ɔ do ɔ, kacilɛ kɛ nga sa, ɔ fi’n gazi a efe de sɛri. Klima I dolɛ wafa ngɔ fati dɔ nga su, kle kɛ nige ngɔ yo man tiɛ ɔ yo sɔ, yɛlɛ gazi a efe de sɛri, asan ekun, nzue fiɛn be wo nu ekun",bau,unknown,train,Baoulé,Google WaxalNLP
bau_RK_RK_BCI_1_15c,RK,N'zue dan kun wa dua klɔ.,bau,unknown,train,Baoulé,Google WaxalNLP
bau_KK_KK_BCI_2_171,KK,"Kejenu, ti Balue be aliɛn.",bau,unknown,train,Baoulé,Google WaxalNLP
bau_JH_JH_BCI_2_176,JH,"N'gnon ti agba n'gna n'ga be bo, be flɛyi kɛ n'gna tro, ɔ ti aliɛ fɛfɛ kpa kun.",bau,unknown,train,Baoulé,Google WaxalNLP
bau_RK_RK_BCI_1_8c,RK,Buɛ kun ɔ wo tomati'n I klu.,bau,unknown,train,Baoulé,Google WaxalNLP
bau_JK_JK_BCI_2_172,JK,Bakanngan’m be klo alloco nga kinni clanman mon be ngba be di lika luɛ..,bau,unknown,train,Baoulé,Google WaxalNLP
bau_JH_JH_BCI_5_246,JH,"Adua kun’n ojue mun, kɔkun ɔ wunnin sika gualɛ kun. Ɔ nin a wunman sika ɔkluɛ kpanngban sɔ le! I klun jɔli dan ti’n, i luaa fili aliɛ dilɛ’n i sa. Ɔ trannin lɛ, ɔ niannin sika gualɛ’n nun, ɔ buli nigne n’gna ɔ a fa sika sɔ to me akunnan. Cɛn kun’n, anuman dan kun jrali, ɔ wunnin kɛ adua’n ti lɛ. “?Nzuɛ yɛ ɔ yo ɔ non?” Ɔ bisali adoi i sɔ. “?Nzue ti yɛ ɛ diman nign non?”
Adua’n tɛli i su kɛ: “M sa o min sika’n i nika nianlɛ’n su dan.” “N kwla diman nigne dɔ n’gna su nan sran bie wa wua’n sika kpankpan n’gna.
Ɔ maan, anuman dan sɔ seli kɛ: “Sanngɛ sɛ a diman nigne, aueo ne a  kun ɔ.” “?Ɔ maan nzuɛ yɛ be fa agnanbeun nignee me fa yo non?”
Adua’n nan tieman nnɛ ngna  anuman dan’n kanni. Ɔ niannin i sika’n su titi sa ngbɛin. Yɛ nangnlɛ, kɛ cɛn kan sinnin’n, awe’n kunnin.
Ɔ ti su kɛ anuman  i nnɛ’n ti su. Adua’n i konvi kpli’n nɛ ɔ kunnin i ɔ. Ɔ fɛli i gnru sieli i agnanbeunfuɛ’m be su dan ti’n, i lua fili nigne cinnjin kpafuɛ’n su: ɔ fata kɛ ɔ di aliɛ.

Nnɛ sɔ’n i bo’n yɛle kɛ, ɔ ti cinnjin kɛ nigne nga an lɛ i’n, ɔ yo amun fɛ. Nan amun konvi sɔ sika, sɛ ɔ timan sɔ’n, amún jue kɛ adua’n sa.",bau,unknown,train,Baoulé,Google WaxalNLP
bau_RK_RK_BCI_2_105,RK,"M'mla n'ga nu'n jajalɛ fi numanlɛ bɔ i nvle i tu su lɔ o, i sran akpasua'm o, be wie klwa jran su yo sa wie bɔ saci ti nyanlɛ ni ati'n n'ga klɔ sran le i like be su'n, kɛ ɔ fa ti klɛwa m'mla n'ga nu'n sa'a.",bau,unknown,train,Baoulé,Google WaxalNLP
bau_JH_JH_BCI_3_223,JH,"Sran klua klua be n'zuiɛn, ɔ nin be akunnnan bulɛ wafa mu, ɔ nin be angunndan bulɛ wafa n'gna be nin sran kun be kɔ likaluɛ’n, mɔ be ti sran’n i man dilɛ wafa n'gnɔ ti i diɛ ngunmin’n, be nun kun yɛle sran wafa. I sɔ ninnge n'gna be nin be biengu’m be kɔ likaluɛ, be timan kekle, sanngɛ blɛ kpanngban sin mɔ be kla kaci.

Kannzɛ bɔbɔ be nuan sɛman sran’n i wafa’n i su’n, sanngɛ nnɛ’m me dan nika be fa be i sie i ne nga ti yɛ sran kun yo like’n, ɔ nin wafa nga sran’n i akunndan’n nin nika n'gnɔ o lɛ’n me afiɛn’n ti’n, be su. Be n'gna be nian sran’n i n'zuɛn’n su’n, kɛ n'gna Raymond Cattell fa yiyili nun sa, be wan sran’n i n'zuɛn’n ti n'zuɛn n'gna be kle sran’n i n'zuɛn’n. Sanngɛ wafa n'gna be fa ediɛ’n be di junman’n, be fa nigne suanlɛ nin n'zuɛin bie me su yɛ be yiyi sran’n i n'zuɛin’n nun non. Ɔ nin i sɔ n'gba, nnɛ sunman be bu i kɛ sran’n i n'zuɛ'n’n timan nigne fi.",bau,unknown,train,Baoulé,Google WaxalNLP
bau_RK_RK_BCI_2_137,RK,"Aata dilɛ atin nga be kɔ Togo lɔ’n, nán ninnge’m be ngunmin yɛ be fa kɔ ɔ, sanngɛ be fa junman dilɛ wafa’n be kɔ lika wie.",bau,unknown,train,Baoulé,Google WaxalNLP
bau_KK_KK_BCI_1_26a,KK,Domi mma n'gnon la domi waka issi'n lɔ.,bau,unknown,train,Baoulé,Google WaxalNLP
bau_KK_KK_BCI_1_35a,KK,Pɔmu  kun nu ti kpakiwa.,bau,unknown,train,Baoulé,Google WaxalNLP
bau_RK_RK_BCI_2_163,RK,"Laa sa’m be nun Ɲanmiɛn sulɛ sua nga be flɛ i kɛ Kongu Mosikeli mɔ be fali asiɛ be kplannin’n, ɔ te yo Izlaɛlifuɛ’m be laa sa’m be su ndɛ cinnjin kpa kun Ivoiri nvle i nglo lɔ lika’n nun lɔ, ɔ nin Korhogo be afiɛn’n timan mmua.",bau,unknown,train,Baoulé,Google WaxalNLP
bau_RK_RK_BCI_3_223,RK,"Spɔri, ndɛ mma kun mɔ be fa kan ndɛ koko nun wa’n (afuɛ ya kpɔlɛ blu ni n'gluan [19] nun) blɔfuɛ aniɛn’n nun’n, ɔ ti be wunnɛn kplolɛ wafa kun mɔ be yo i kɛ sran kun annzɛ sran akpasua kun sa’n, m’ɔ kwla yo maan be si akplowa’n.

Spɔri, mɔ ka naan afuɛ ya kpɔlɛ blu ni n'gluan  [19] w’a ju’n, b’a kwlá flɛmɛn i sɔ’n (gymnastiki, exercici physiki, nian  Pociello, C. spɔri i sicioloji nu, afuɛ akpi kun ya n'gluan ni ablaɔcuɛ ni n'san [1983]), ɔ ti like kun m’ɔ ti kɛ mɛn wunmuan’n nun sa’n, blɛ’n nun nin sran’m be lika’n nun’n. Laa Glɛki mɛn’n, nin laa Rɔmu mɛn’n, nin Bizansi mɛn’n, nin mɛn’n i bue ng’ɔ o wia afiliɛ lɔ’n, sanngɛ Amlɛnkɛn’m be mɛn’n nin Azi mɛn’n mɔ be o lɛ ka naan Kolonbi w’a ba’n, be kwlaa be kle kɛ be wunnɛn kplolɛ’n ti cinnjin kpa. Blɛ wie’m be nun’n, be tannin like yolɛ kpa .

Suklu uflɛ kun liɛ’n, be waan be wun kpinngbinlɛ’n ti like kun m’ɔ fiteli laa sa’m be nun blɛ trele kun nun’n, ɔ nin lika trele kun nun ɔn: Angle lɔ afuɛ ya kpɔlɛ blu ni n'gluan [19] nun lɔ’n, sran dandan’m be afiɛn. Afuɛ akpi kun ya n'gluan ni ablaun ni kun [ 1921] nun’n, Alɛmu lɔ fluwa klɛfuɛ kun mɔ be flɛ i kɛ Heinz Risse (Spɔri be socilozi, Berlin lɔ, afuɛ akpi kun ya n'gluan ni ablaun ni kun [1921] yɛ spɔri sociolozi, Renni lɔ inivɛsite prɛssi afuɛ akpi kun ya n'gluan ablan'ngluan ni kun [1991]) yɛ ɔ yili fluwa sɔ’n niɔn. be bu akunndan yɛ be bu i kɛ ninnge nga be nin nga e si be’n be ti kun’n, be kwla fa ndɛ mma “spɔri” sɔ’n be kɔ likawlɛ”. Aflansi lɔ laa sa’m be su like suanfuɛ Roger Chartier nin sran’m be su like suanfuɛ Norbert Eliasa nin Pierre Bourdieu, be suannin ndɛ sɔ’n i bo kpa. Afuɛ akpi nyonn[2000] nun’n, be wun kpinngbinlɛ’n i su like suanfuɛ kun mɔ be flɛ i kɛ Philippe Lyotard (Mɔnpɛli lɔ Inivɛsite’n) seli kɛ “andɛ’n, be wun kpinngbinlɛ’n nin laa be wun kpinngbinlɛ’n be afiɛn’n ti nun weiin kpa: ɔ ti ndɛ nga be kan kɛ be klɛ be dunman’n (ɔ maan be di junman kpa’n). Fluwa nga be klɛli’n, ɔ nin wafa nga be yili i’n, be kle wafa nga Glɛki mun nin andɛfuɛ’m be bu mɛn’n, mɔ i sɔ’n timan kun mlɔnmlɔn’n. Be wunnɛn’n i lika nianlɛ’n timan kun. Glɛki’m be liɛ’n, be nzuɛn sɔ’n ti be nzuɛn, be ti be nzuɛn, be ti Ɲanmiɛn sulɛ wafa, andɛfuɛ’m be liɛ’n, be wunnɛn’n ti junman dilɛ mannzin”.",bau,unknown,train,Baoulé,Google WaxalNLP
bau_JK_JK_BCI_2_177,JK,Manda aliɛ ni aye tro annzɛ wawasu ɔti ivoirien be acloliɛ like pka.,bau,unknown,train,Baoulé,Google WaxalNLP
bau_KK_KK_BCI_1_4a,KK,Bakann'gan mu be wo nzue i afiɛn.,bau,unknown,train,Baoulé,Google WaxalNLP
bau_KK_KK_BCI_1_25c,KK,Zue do wa guali Amuɛn I wa I sa su.,bau,unknown,train,Baoulé,Google WaxalNLP
bau_JH_JH_BCI_1_34C,JH,Jeliwa ni di ojue.,bau,unknown,train,Baoulé,Google WaxalNLP
bau_JH_JH_BCI_2_155,JH,"1- Abijan
2- Yamusuklɔ
3-Grand basamu
4-Kpɔlɛ n'gna be flɛ i nimba
5-N'zue ba badaman
6- Bo gna be nian su
7- Akpasu gnamɔ oka me sonni lɔ
8- Bɛdiɛ i pon n'gna ɔ kplanli
9- Pont Hufue Boigny
10- Kossou nzue ba’n.",bau,unknown,train,Baoulé,Google WaxalNLP
bau_JK_JK_BCI_1_80,JK,akpingbin kun kpe nun bue n'nun ɔ yo akpi ya n'gnon,bau,unknown,train,Baoulé,Google WaxalNLP
bau_KK_KK_BCI_4_228,KK,"Politiki i bo dan nun, yɛle kɛ sran be silɛ’n annzɛ Politikos, ɔ kle like ng’ɔ kan Nvle kun i siesielɛ Glɛki nun: polis, Latɛn nun: civitas ɔ nin kwlalɛ i dilɛ nvle kun m’ɔ ti siesiewai nun;

I ngba nun, nvle kun, sran akpasua kun, awlo bo kun i politiki, ɔ ni mmla kun mɔ i bo bofuɛ’m be klɛli, mɔ be yiyi i nun ninnge’m be nun, ɔ ni’n wafa ng’ɔ di junman be kɔ likawlɛ. Politiki’n, ɔ kan sran sɔ’m be ayeliɛ, i nglo yilɛ, i klun lɔ annzɛ i sin lɔ, i nun ninnge be ndɛ, ɔ nin i ni’n sran akpasua uflɛ’m be afiɛn ndɛ. Ɔ maan politiki yɛle like ng’ɔ kan sran’m be kwlaa be ndɛ, ɔ nin sran kunngunngun annzɛ sran kpanngban be kwlaa be ndɛ. I sɔ’n ti yɛ politiki like suanlɛ annzɛ politiki like suanlɛ su tru nvle kun i lika kwlaa nun ɔn;

Politiki i wafa nga be flɛ i kɛ Politikɛ annzɛ politiki i silɛ, ɔ kan kwlalɛ i yolɛ i ndɛ, yɛle kɛ, ɔ fata kɛ yasua ni’n bla nga be le kwlalɛ be afiɛn, ɔ ni’n politiki anuannzɛ fanunfanun nga be kwla wlu be nun, be ndɛ, kɛ nga be fa nian kwlalɛ kunngba sɔ su sa 
Sokrati i politiki akunndan i bo gua like cinnjin nnyɔn su. I klikli yɛle kɛ, be yili wafa cinnjin kpa kun mɔ be fa nian politiki nun like silɛ su. Sokrati timan kɛ Protagorasi sa, sanngɛ ɔ jran su kpa kɛ ndɛ nanwlɛ o lɛ. Sanngɛ, ndɛ nanwlɛ sɔ timan ndɛ ngbɛn: sɛ e bu akunndan kpa titi’n, yɛ e klua wun i luɛ ɔ. Kɛ mɔ Sokrati jrannin akunndan bulɛ i nyrun kekle ti, ɔ miɛnnin i nnyin luali sran’m be aeliɛ kpa nin wafa nga politiki nun ninnge’m be yo kpa be su akplowa. kɛ ɔ fa be nga be nin i be koko yalɛ be nin be biengu be sansan be wun, ɔ kle kɛ akunndan klua yoman like mɔ klua yo maan sran be bu akunndan kpa naan ba fa ajalɛ politiki nun, i sɔ saci Atɛninfuɛ be ninge mu. I nnyon su, yɛle kɛ be bu aeliɛ kpa i akunndan kɛ like kun mɔ be fa suan like sa. Sokrati wan mɛn wunmuan nun aeliɛ kpa i su mmla’m be o lɛ, yɛ sɛ be kle sran’m be ngluɛlɛ kpa, yɛ be klua wun be luɛ ɔ. Kɛ be wu sran, be klua suan awa i su like silɛ; ɔ maan Sokrati liɛ, ɔ yo kɛ Politiki ti junman kpa sa.",bau,unknown,train,Baoulé,Google WaxalNLP
bau_RK_RK_BCI_5_247,RK,"Blɛ kun nun’n, pepe kun o lɛ m’ɔ bu i wun akunndan kpa i sin lɔ’n niɔn. Ɔ wunnin kɛ ɔ ti tɛ, yɛ ɔ timan klanman, kpɛkun ɔ miɛnnin i ɲin fiali i su titi. Cɛn kun’n, ɔ wunnin blo alua  kun m’ɔ le dua'n tinnin kpa’n. Ɔ yoli i ɲin kekle kpa, ɔ maan ɔ usali blo alua sɛ ɔ kwla ɲan i dua’n i bue kun naan w’a kata i bo’n su o.

Nzɔliɛ like nga pepe  srɛli’n, ɔ yoli blo alua i fɛ. “?Ngue ti yɛ á kúnndɛ min dua niɔn?”  ɔ usali sɔ. “Ɔ ti tinnin kpa, yɛ ɔ ti kekle. N tɔ su titi. 

pepe tɛli i su kɛ: “Sanngɛ ɔ ti klanman kpa.” “Kpɛkun ɔ́ fía min tɛ’n i sin lɔ.” 

blo alua  tɛli i su kɛ: “Ɔ ti kpa kɛ n fa min dua'n n sin n'dɔtiɛ  nin ovie’m be nun tra kɛ ń fá i nbue kan  mán wɔ’n.” “N su yoman like fi m’ɔ́ yó maan á yó kpa trá min’n le.” 

pepe i wla boli i wun, sanngɛ ɔ wunnin blo alua i akunndan’n i wlɛ. Ɔ si kɛ ɔ su yoman klanman kɛ alua sa le, sanngɛ ɔ si ekun kɛ ɔ fataman kɛ ɔ yo sɔ. Ɔ yoli pepe ti’n i fɛ kpa yɛ ɔ fataman kɛ ɔ kaci like fi.

Ndɛ’n i bo’n yɛle kɛ: yo sran nga a ti’n i wun tulɛ, nán fa ɔ wun sunnzun sran uflɛ. Kɛ nga amun fa ti’n sa’n, fɔ nunman amun nun.",bau,unknown,train,Baoulé,Google WaxalNLP
bau_JH_JH_BCI_1_7B,JH,Sika monnɛin gno sua'n nɔ.,bau,unknown,train,Baoulé,Google WaxalNLP
bau_KK_KK_BCI_1_55,KK,"Kɔ fɛi nglɛnmunu mɔ fa ju ndɔsua nu, lika waa do kpa liɛ su. Djuakle anglo nga nu, kɛ via le bo sɔ titi ɔ.",bau,unknown,train,Baoulé,Google WaxalNLP
bau_RK_RK_BCI_1_24c,RK,Sua dan kun ɔ lɛ kpajalɛ klanman kpa.,bau,unknown,train,Baoulé,Google WaxalNLP
bau_JH_JH_BCI_3_214,JH,"Be jran li Olympiki i afuɛ [4] n’nan ka nan be a yo i Tokyo lɔ afuɛ [2020] akpi n’gnon ablaɔn Olympiki afin ni tukpajɛ n’gna ɔ o man umuan nun mɔ be flɛ kɛ Covid-19  n'nga ɔ boli i bo afuɛ [2020]  akpi n’gnon ablaɔn nun ni kun man nu fuɛ mu. 
Jeux olympiki i wafa n’gna ɔ yoli i umi yɛlɛ kɛ, kɛ be seli kɛ be fali nika n’nga be o lɛ daa’n me nun sunman be dili junman’n, kanzɛ ɔ ti klɔ dan’n su lɔ, annzɛ Île-de-France lɔ’n, annzɛ nvle’m me nun lɔ’n, annzɛ jenvie’n i sin lɔ’n, be fa yo ningne bie mun balɔn bowa o. Nigne n’gna be kplannin’n, yɛle Centre Aquatique Olympique mɔ be sili i Stade de France i wun nɛ’n, ɔ nin Porte de la Chapelle lɔ alɛ kunlɛ lika n’gna be katali su’n, ɔ nin Bourget lɔ nika n’gna be fu oka me su’n, ɔ nin klɔ n’gna be flɛ i kɛ Olympiki klɔ, ɔ nin klɔ n’gna be bo jasin fɛ man umuan nu fuɛ mu. Toni mɔ ti Olɛmpiki’m be nun jue tofuɛ mɔ gnanli aktua kpɛ [3] n’san daa’n, yɛ ɔ sie komite n’gna be siesie agna sɔ non.
Afuɛ [2024] akpi n’gnon ablaɔn  ni n’nan nun’n, be boli Olɛmpiki i bo mugu  i le [26] ablaɔn ni n’siɛn su lele ɔ fa ju afɔliɛ  i le [11] blu ni kun su, Paris lɔ, fransi lɔ. Afuɛ [2017] akpin’gnonblu ni n’so nun’n, anuanzɛ n’gna ɔ nian Olɛmpiki’m su’n, ɔ fali klɔ n’gna ɔ fata kɛ be fɛ kɔ lɔ’n.
Etats zuini me man’n nun lɔ fuɛ mun yɛ be fali sika ɔklɛ [40] ablanan, yɛ sika ɔklɛ [126] ya kun ablaun ni n’siɛn be kluaa be nun’n, be fali sika ɔkluɛ kɔmignanman [126] ya kun ablaun ni n’siɛn be sieli be su. Katie i umi lɛ kɔmignanman [14] blu nin nnan sika ɔkluɛ [6] n’siɛn be o nun. Amlɛnkɛn’m be kusu be kluali be wun kpinngbinlɛ’n anzɛ wandilɛ nun, sanngɛ Armand Duplantis yɛ ɔ yoli sran dan kpa ɔ, afin ɔ yoli man unmuan nun jue sautefuɛ’n i su like uflɛ. Chinua’m be kusu be gnannin sika ɔkluɛ kɔmignanman  [40] ablanan.",bau,unknown,train,Baoulé,Google WaxalNLP
bau_KK_KK_BCI_2_165,KK,"Molonu bo dan, ti klase, awa i soja be sɛsɛ. Nnɛn dandan kɔ sui, flete, awɛ, jra be wo lɔ.",bau,unknown,train,Baoulé,Google WaxalNLP
bau_JH_JH_BCI_2_190,JH,Noɛli ti asɔnu fuɛ me cɛn kun mɔ be di i kɔguɛ n'zue i le ablaun [25] ni n'nun su.,bau,unknown,train,Baoulé,Google WaxalNLP
bau_JH_JH_BCI_1_22C,JH,Djara nin kunɛ nigne dia.,bau,unknown,train,Baoulé,Google WaxalNLP
bau_JH_JH_BCI_1_6C,JH,Yasoi me di nigne.,bau,unknown,train,Baoulé,Google WaxalNLP
bau_JK_JK_BCI_3_222,JK,"Félix Houphouët-Boigny ti Franzi lɔ politikifuɛ kun, i sin’n ɔ ti Ivoiri lɔ nvle siefuɛ, be wuli i Dia Houphouët afuɛ 1905, Ɔtɔblu i tchinba blu ni mɔtchuɛ[18]su N’Goklo (klɔ ng’ɔ dun mmua Yamusoklo gnrun’n) kɛ nga awa’n i su ndɛ’n fa kan’n sa, ɔ wuli afuɛ 1993 Desanblu i tchinba nsɔ 7 su Yamusoklo lɔ.

Are ye fuɛ, dɔɔtrɔ, fie difuɛ nin djunman difuɛ’m be su kpɛn, ɔ yoli Franzi lɔ depite (1945-1959), ɔ yoli Franzi i lɔ awa’m be nunfuɛ (1956-1961), ɔ yoli Ivoirien  lɔ Asanble nvle’n i su kpɛn (1953-1959), ɔ ti Abidjan lɔ klɔ kpɛn (1956 - 1960). , ɔ yoli Ivoirien lɔ minisri’m be su kpɛn (1959-1960) yɛ ɔ yoli Côte d’Ivoire i su kpɛn klikli’n . (afuɛ 1960-1993 nun). “Siɛ” m’ɔ yoli maan i nvle’n gnannin i ti’n, mɔ be flɛli i kpɛ sunman kɛ “Ngwlɛlɛfuɛ’n” annzɛ “Kpɛnngbɛn’n” (Sranble lɔ ndɛ sɔ’n i bo’n nun’n), ɔ sieli Côte d’Ivoire lɔ politiki’n lele i nguan’n i awieliɛ lɔ, kpɛkun ɔ dili djunman dan nan e sran blemun gna gnan e ti blɔfue be sa nun.",bau,unknown,train,Baoulé,Google WaxalNLP
bau_KK_KK_BCI_2_188,KK,Utu ti Cɔt divua mɛn i ti dele su fɛtri.,bau,unknown,train,Baoulé,Google WaxalNLP
bau_JK_JK_BCI_2_187,JK,"Affoliɛ i cɛnba nso [7] Cote d'Ivoire I ti nyanlɛ nu, awlo bo fuɛ'm be yia be di lã aliɛ kɛ be ko di srɛ anglo kun.Eid al-Fitr blɛ nu, awlo bo fuɛ'm be yia be di laa aliɛ kɛ be ko di srɛ anglo kun su.",bau,unknown,train,Baoulé,Google WaxalNLP
bau_RK_RK_BCI_2_122,RK,"Man lɔ oka dandan mu : Lika kun mɔ be kwlá yacimɛn i nun’n, ɔ o oka’m be wia atɔliɛ lɔ lika’n nun.",bau,unknown,train,Baoulé,Google WaxalNLP
bau_RK_RK_BCI_2_165,RK,"San Pedro m’ɔ ti nvle’n i mmeli jranwlɛ nɲɔn su’n, a kwla bu jenvie’n i akunndan, kpɛkun ɔ wla kpɛn su kɛ cɛn wie’n, Bandama’n i atin’n wie lɔ.",bau,unknown,train,Baoulé,Google WaxalNLP
bau_RK_RK_BCI_2_184,RK,"SIR: Ivoiri akpasua nga be ji'n kanni n'zue – Akpasua dan kun m’ɔ di junman kanni n'zue jilɛ lɔ’n, ɔ nian kanni n'zue ninnge’m be  su Ivoiri lɔ.",bau,unknown,train,Baoulé,Google WaxalNLP
bau_JH_JH_BCI_1_2C,JH,Gnanman nan tra ballon nun.,bau,unknown,train,Baoulé,Google WaxalNLP
bau_JK_JK_BCI_2_191,JK,"Fɔundi cɛn’n, mɔ be di i Fɛlɛ i cɛn ba blu ni nnu [15 ]su’n, i sɔ cɛn waa se e kɛ nvle nma mu be afiɛn’n ti sɛ wa kpa , nvle’n  ɔ clua kɔ i nru kpa.",bau,unknown,train,Baoulé,Google WaxalNLP
bau_KK_KK_BCI_1_28c,KK,Bla kun ni yasua kun be su tu ngoni.,bau,unknown,train,Baoulé,Google WaxalNLP
bau_RK_RK_BCI_3_221,RK,"Kɛ be kunndɛli sa sɔ’n i bo’n, be wunnin kɛ be boli be nga be wuli’n, ɔ nin be alua’n be tu kpɛ sunman, be fali tui fanunfanun nɲɔn be tuli be, be nun kun yɛle tui  ablɛun ni nyon [ 22] m’ɔ timan tui kun mɔ be le atin be fa kunndɛ nnɛn’n. Alua’n i tui kun m’ɔ o i ja’n su’n, ɔ tɔli i su kpɛkun be fali tui nɲɔn nga be klo be wun’n be tuli be wun koko lɛ, kpɛkun be fali tui 3 be guali be ti nun. Kɛ be fuɛn’m be ti’n, ɔ nin ijre ng’ɔ fiali be’n, ɔ kle kɛ ka naan b’a wun be’n, yɛ be sieli be ɔ. Kɛ be wuli’n, anglo kpanngban nga be sinnin’n, be fali be fuɛn’m be sieli lika kun gua su lɔ, ka naan i agualiɛ su’n, b’a fa be b’a fiali waka’m be nun kan, kɛ polisie’m be yacili be kunndɛlɛ’n, ɔ dili cɛn ba nɲɔn.

Afuɛ akpi kun ya n'gluan ni ablaumɔcuɛ ni n'gluan [1989] Mɛ i le blu ni n'so [17] su’n, be usali kodiawiefuɛ kɔe ya kun be kosan. Kannzɛ bɔbɔ ndɛ sunman be kle kɛ kodiawiefuɛ annzɛ nnɛn wlɛfuɛ’m be ti be junman’n, sanngɛ ndɛ’n i kunndɛlɛ’n w’a yoman ye, ɔ maan be fali ndɛ’n be sieli i ase afuɛ blu.

Afuɛ akpi kun ya n'gluan ni ablan'ngluan ni n'gluan [1999] nun’n, kɛ be fali afuɛ blu [10] be kunndɛli sa sɔ’n i bo’n, telefɔnu nun flɛlɛ kun yoli maan sonja’m be fali nnɛn wlɛfuɛ nsan mɔ be nun kun yɛle Sɛdriki m’ɔ le afuɛablaun ni n'so [27], m’ɔ ti kaan blɛ nga sa sɔ’m be juli’n nun’n, m’ɔ dili i nanwlɛ kɛ sran kunlɛ nɲɔn’n, mɔ be waan ɔ kunnin sran’n . , ɔ nin i baba nin i janvuɛ kun mɔ be flɛ i kɛ Marsɛli’n. Sanngɛ, i sin’n, sran nga be tɔnnin i suɛn’n, ɔ kpɛli ndɛ ng’ɔ kannin’n i sin ka naan b’a tu i fɔ afuɛ akpi nyon ni kun [2001], Novamblu nun, afin ndɛ’n nun lika ufue kpanngban be ka lɛ. I sɔ’n ti’n, kɛ mɔ sran uflɛ w’a diman ndɛ’n i su kpɛn’n ti’n, be fali ndɛ’n be sieli i nzɔliɛ afuɛ  akpi nyon ni blu ni kun [2011] nun, ɔ maan ndɛ’n w’a wieman lele andɛ.",bau,unknown,train,Baoulé,Google WaxalNLP
bau_KK_KK_BCI_1_14b,KK,Avion su sin nglo lɔ.,bau,unknown,train,Baoulé,Google WaxalNLP
bau_RK_RK_BCI_2_195,RK,"Novamblu  Sanwun’n i cɛn’n, ɔ ti cɛn kun mɔ Ivoirifuɛ’m be kɔ asieliɛ’m be su lɔ .",bau,unknown,train,Baoulé,Google WaxalNLP
bau_JK_JK_BCI_2_202,JK,Monɛn cɛn ti Wunmiɛn-lolɛ-cɛn’n ni Nyanmien manman lɛ cɛn.,bau,unknown,train,Baoulé,Google WaxalNLP
bau_KK_KK_BCI_2_173,KK,Ote mu ɛn be klɔ manda aliɛn ni ayetro nion.,bau,unknown,train,Baoulé,Google WaxalNLP
bau_RK_RK_BCI_2_170,RK,Like fi timan kɛ aliɛ nga be flɛ i kɛ alloco sa.,bau,unknown,train,Baoulé,Google WaxalNLP
bau_JH_JH_BCI_2_164,JH,"N'zue ba nin waka’m be ti’n, sran’m be si lika nga be flɛ i kɛ Montagne’n i lika’n.",bau,unknown,train,Baoulé,Google WaxalNLP
bau_KK_KK_BCI_1_43,KK,"E wo mlan dɔ n'nyon su, n'zue via wa ta, yɛ lika do fa ju degle mɔcuɛ su. Ɔ fa ta kɛ nzue kpɛ n'glɛnmunu, sangɛ ɔ tɔ lee n'dɔsua nu dɔ mɔcuɛ su. Kɛ ɔ fa ju i yru lɛ, n'zue tɔ man dan kun, yɛ c le kpɛ n'dɔsua nu dɔ blunikun su. Cɛn n'ga be balɔ nu, lika ne kpaja kan. Vianu, lika i do wa ju degle blunin'nyon, kɔn'guɛ, ɔ jra degle nso. Sɛ mi yɔ lɛ yɔ, nfa catavia ntranu nfitelɛ su.",bau,unknown,train,Baoulé,Google WaxalNLP
bau_RK_RK_BCI_1_27b,RK,Flɛli wa fifi alo i nyru lɛ.,bau,unknown,train,Baoulé,Google WaxalNLP
bau_KK_KK_BCI_2_161,KK,"Nzi rivɛ loj,  wo Buakɛ lika liɛ nnon, Brobo asa liɛ su lɔ. Lɔ nzi ngbamdan si'n lɔ, yɔ be klua wun nnɛn wafawafa kaka.",bau,unknown,train,Baoulé,Google WaxalNLP
bau_JH_JH_BCI_5_241,JH,"Waa dan kpa kun tɔli, kɔkun ni gboklo koffi kun ɔ'n gnlan si baka'n ma fie kun nun lele nan wa to tɔ rɛzin [raisins] kpatrɛ kun mɔ ɔ'n blo vign kun mɔ baka sama n'glo kun su. Cɛ, ngna mɔ ni fata kɛ n'fa gua mi n'zue yɛ i ase nɛ, kɔ seli sɔ. Ɔ ɔli i si kan, ɔ wandili yɛ ɔ lɔli pa sangɛ ɔ kali kanan sa nan wa kla gnan baka sama ɔ man ɔ tofuiɛnli nan wa sɛ i sin ekun yɛ ɔ tu i ja kun, i ja n'gnon, i ja n'san, ɔ lɔ ekun pa sangɛ wa gninmin ekun. Ɔ yeli i sɔ lelelelele wakla gnanman baka'n ma ngna i ko'nvi sɔɛ nan i lua a fisu. Kɛ ɔ kaki i si mɔ kɔ, i bue'n be n'glo yɛ ɔ sekɛ: n'na fi su kɛ ɔ e jui. 

Daa o, ni e o blɛ ngna mɔ n’zue ne tɔmɔ sangɛ ɛjua bo kleman kleman kpa nun, kɔkun ni kpanmlɔ kun nan gnlan gnlan baka me nun yɛ ɔ ko wunin baka m’ma fɛfɛ kpa kun sangɛ ni baka sama ngna nugne diwa gno su gno nglo lɔ n’mua kpa. Kɔ uni baka m’ma sɔ, ɔ seli kɛ ɔ fata kɔ baka m’ma ngna ɛ’n fa fa jara min n’zuw yɛ non. Yɛ ɔ nanti ɔli i si lɔ mmu kpa yɛ ɔ wandi kli kli kli yɛ ɛ lɔ nglo sangɛ wa kla kanman baka n’ma sɔ. ɔ ɔli i si ekun nan wa ye i kungba nan wa lɔ ekun a tra daa diɛ sangɛ wa tra trɛ;ɛin ekun.Ɔ yeli i su lele lele wa kla gnaman baka sɔ nan wa non n’zue kan. Kɛ ɔ fɛli, wa wa kla yemin i kun yɛ ɔ seli kɛ ɔn si kɛ baka m’ma klaman sɔ ne ya fɛ afin wa kla gnanman nigne ngna ni ɔ ɔn kunnɛ.",bau,unknown,train,Baoulé,Google WaxalNLP
bau_JH_JH_BCI_1_8C,JH,N'nan me nun kpene n'gbenegbe nan u.,bau,unknown,train,Baoulé,Google WaxalNLP
bau_KK_KK_BCI_1_24a,KK,Gban'mlɔ fin flɔdɔ i bolɔ ɔ su fite.,bau,unknown,train,Baoulé,Google WaxalNLP
bau_RK_RK_BCI_2_196,RK,"Marsi i le [8] mɔcuɛ kwlaa nun’n, be di bla’m be cɛn’n .",bau,unknown,train,Baoulé,Google WaxalNLP
bau_KK_KK_BCI_1_24b,KK,"Wakabufuɛ mu, be a bu bo nga I flinnninn.",bau,unknown,train,Baoulé,Google WaxalNLP
bau_KK_KK_BCI_2_111,KK,"Abijan ni Yamusuklɔ be afiɛn ti nun kilo ya nnan [400km]. Sɛ a wo Abijan nan sa su kɔ Yamusuklɔ a fa nglolo akpɔ dan. A fa ati'n i trelee, kilo abla'n su a to pon nga be tanni kalɛ nan ba si'n su i klikli, i si'n a to, i nnyonsu, kɛ a si'n fa ati'n kungba sɔ su. kilo ya nnsan su ɔ to Tumodi klɔ, fa at'n kungba su trelee a to Yamusuklɔ.",bau,unknown,train,Baoulé,Google WaxalNLP
bau_JH_JH_BCI_2_124,JH,Tumodi ti klɔ mɔ lɔ diɛ senufo nimanlɔ afin be kloman aufuɛ. Be juman gna be di yɛlɛ balue tanni yewa. I su sran me ti akpi n'nu jɛ.,bau,unknown,train,Baoulé,Google WaxalNLP
bau_KK_KK_BCI_1_28b,KK,Klɔ sran ba ya.,bau,unknown,train,Baoulé,Google WaxalNLP
bau_RK_RK_BCI_2_107,RK,"Atin ng’ɔ fin Soubré m’ɔ kɔ Man’n:
Kɛ é kɔ́ Soubré lɔ’n:
Kɛ a fin Soubré klɔ’n i afiɛn lɔ’n, bo i bo natiɔnali n'so  [N7] su m’ɔ kɔ nglo lɔ lika’n nun’n i su.
A su fa atin dan sɔ m’ɔ fa wɔ kɔ San Pedro lɔ’n, ɔ nin i sin lɔ’n.
Amun wɔ atin natiɔnali n'so [N7 ]su (San Pedro lɔ):
Amun fa loto’n be sin ati'n natiɔnali n'so [N7] su trele, amun fa amun ɲrun nglo lɔ lika’n nun.
A su sin klɔ sunman be su, kpɛkun ɔ fata kɛ a nanti kilo kɔe ablesiɛn [60] annzɛ ablueso[ 70] naan w’a ju San Pedro lɔ.
San Pedro lɔ’n, fa atin ng’ɔ kɔ Daloa lɔ’n:
Kɛ amun ko ju San Pedro lɔ’n, amun fa atin natiɔnali n'so [ N7 ] (Daloa lɔ’n), kpɛkun amun ka nglo lɔ lika’n nun.
I bue sɔ’n fa amun sin klɔ kanngan wie’m be su yɛ ɔ fata kɛ amun fa loto be kɔ kilo kɔe ya kun [100] annzɛ ya kun ni ablaun [120].
Fa Sran’n i atin’n:
Kɛ a fin Daloa lɔ’n, nian nzɔliɛ nga be kle Man’n be su, fa ɔ ɲrun nglo lɔ lika’n nun (Nawa nin Haut-Sassandra).
Akpɔ sɔ’n ɔ́ fá amun sín lika nga oka’m be o lɛ’n, mɔ lika’n ti nglonglo’n, mɔ lika’n ti klanman kpa’n.
Ɔ ka lɛ’n, ɔ nin Man be afiɛn’n ti nun kilo kɔe  ablueso faju ablaɔcuɛ [70-80].",bau,unknown,train,Baoulé,Google WaxalNLP
bau_JH_JH_BCI_2_189,JH,Katoliki’m be di Assompsion cɛn’n i afɔliɛ  i le bli ni n'nun.,bau,unknown,train,Baoulé,Google WaxalNLP
bau_JK_JK_BCI_2_108,JK,"Kɛ ɔ fi i  Yopougon Lubafriki su mon fa ju Rond-Point de la Palmeraie lɔ’n 
Lika nga be bo i bo’n: Yopougon Lubafrique
 Lika nga be ju lɔ’n: Rond-Pɔnti de la Palmeraie
 Be njon be afiɛn nun:
I nun mmuammua’n: Ɔ ti kilo;ɛtri 8 annzɛ 10
Blɛ nga be fa djulɔ: ɔ ti Miniti 15 annzɛ miniti 25 kondoblibli nun, ɔfi wafa nga sran’m be sin sin’n su

 I klikli’n: E jaso Yopougon Lubafrique lɔ
Kɛ a fin Lubafrique lɔ’n, fa atin dan ng’ɔ kɔ Carrefour Sable annzɛ atin dan ng’ɔ kɔ Yopougon lɔ’n.

 I nyɔn su’n: Wlu atin nga be flɛ i kɛ Autoroute du Nord’n i su
Amun fa atin nga be flɛ i kɛ Boulevard Yopougon’n su be kɔ Carrefour Niangon lɔ.
Fa atin nga be flɛ i kɛ Autoroute du Nord’n, fa kɔ klɔ’n i afiɛn lɔ. 

 Ajalɛ nsan su’n: Amun fa amun ti’n be kɔ Rond-Point de la Palmeraie lɔ
Kɛ amun kɔ sin atin nga be flɛ i kɛ Autoroute du Nord’n su’n, amun nian like nga be kle kɛ amun kɔ Kokɔdi lɔ’n su lele naan amun a ju Rond-Point de la Palmeraie lɔ.
Be klɛli lika nga be sin sin’n i su ndɛ kpa, yɛ ɔ ti atin’n i su like cinnjin kpa kun.

Lika cinnjin mun:
Carrefour Sable: Ɔ ti lika kun mɔ sran’m be si i kpa Yopougɔn lɔ’n.
Niangon: Akpɔ dan’n su ndɛ uflɛ.
Autoroute du Nord: Fa atin dan sɔ’n naan w’a ju Rɔnd-Puɛnti de la Palmɛri lɔ.",bau,unknown,train,Baoulé,Google WaxalNLP
bau_RK_RK_BCI_2_130,RK,"Kɛ bé dí cɛn sɔ’n, Diabaté bo i balafon’n.",bau,unknown,train,Baoulé,Google WaxalNLP
bau_JH_JH_BCI_2_126,JH,"1- Akisin' di ajue.
2- Kuaku yɛ ɔ ti e klɔ kpli bɔ nu kɔfuɛ dan non.
3- Amuiɛn'n kɔ wabo mɔnin jin.
4- Alasanu yɛ ɔ ti e n'vle sun kpin non.
5- Afuɛ yɛ ɔ boli kɔmiɛn diwa i bo non
6- Yao di awa juman dan kun.
7- Kɔlu ɛ ɔ ti e nanmue nun kpinkpin non.
8- Kofi'n kɔ klɔ ko to fɛtri tralɛ.
9- Aya'n kpu akoli.
10- Muamedi'n kpa kojo.",bau,unknown,train,Baoulé,Google WaxalNLP
bau_JK_JK_BCI_2_141,JK,"Félix Houphouët-Boigny, Enri Konan Bédié, Robert Guéï, Laurent Gbagbo nin Alassane Ouattara yɛ be ti Côte d’Ivoire i su kpɛn koko nun wa’n niɔn, be tinuntinun be fali be junman’n be sieli nvle’n i politiki ndɛ’n i nzɔliɛ.",bau,unknown,train,Baoulé,Google WaxalNLP
bau_RK_RK_BCI_1_75,RK,Sɛ be cɛ kun nu n'nu nan be fa tata [ablaun uka abluesan uka ablanan su] i klua klua yo blu ni mɔcuɛ.,bau,unknown,train,Baoulé,Google WaxalNLP
bau_RK_RK_BCI_2_185,RK,"CEPICI:  Ivoiri akpasua nga be jii sran be sika i nglo– Anuannzɛ ng’ɔ yo maan sika gualɛ’n yo pɔpɔ’n, m’ɔ yo maan sika ndɛ’n yo kpa nvle’n nun’n.",bau,unknown,train,Baoulé,Google WaxalNLP
bau_JH_JH_BCI_4_237,JH,"Klanan ndɛwa [Juin] i le bluni n’so [17], afuɛ ablauni kun nun[2021], Laurent Gbagbo, Côte d'Ivoire i president daa, e sɛli i sin i min nu kɛ afuɛ blu w'a tranman lɛ. Afuɛ akpi n’gnon bluni n’gnlan [2019] nun’n, jɔlɛ difuɛ dandan’m be jɔlɛ dilɛ’n (CPI) tuli i fɔ kɛ ɔ yoli sran’m be sa tɛ mɔ be nin afuɛ akpi n’gnon blu ɔ ni afuɛ akpi n’gnon blu nin kun i afiɛn [2010-2011] nun ɛlɛ’n i sin sa kekleekle’m be kɔ likaluɛ’n, i sin sa diɛ’n yoli maan kodivoiri lɔ politiki’n kacili dan kpa. Kɛ ɔ juli Abidjan lɔ alapla jranwlɛ nga be flɛ i kɛ Félix-.Houphouët-Boigny’n i nun lɔ’n, sran akpiakpi kpanngban mɔ be suɛnnin i bo juejue su’n, be sɔli i nun klanman, be toli jue, kɔkun be fali fluwa be fa suɛnnin i bo. Sa sɔ’n kleli kɛ ɔ le ta kpa Ivoiri lɔfuɛ’m be bue dan kun su titi, afin be te bu i kɛ ɔ ti sran m’ɔ kla jran kekle’n, ɔ nin sran m’ɔ lɛ gnrun politiki nun sa kekleekle’m be gnrun’n. I sin salɛ sɔ’n, ɔ yoli maan be boli junman ng’ɔ ́ wa di i nvle’m be afiɛn siesielɛ nun’n, i su akplowa bie. Kannzɛ bɔbɔ sran bie’m be buli i kɛ ɔ ti blɛ kun mɔ be kla fa kpɛ nnngan ngna be tɔli laa’n be nun’n, sanngɛ wie’m be sro kɛ i sɔ’n kwla yo maan politiki nun ndanngan’m be tɔ ekun. Laurent Gbagbo, i ijɔlɛ klikli’m be nun’n, ɔ seli kɛ be yaci sa tɛ’m be cɛ be naan be bo yo kun, ɔ seli kɛ ɔ kunnnɛ kɛ ɔ uka naan fɔundi nin fɔundi tran kodivoiri  [Côte d’Ivoire lɔ]. Sanngɛ, kɛ ɔ saci’n, nanngan bie’m me tɔli i su bie, ɔ klei kɛ be isali i mmla’n i su nnɛ’n, ɔ nin junman ng’ɔ dili i sa kekle ng’ɔ tɔli daa’n nun’n, be su. I sɔ nnɛ’n te yo blɛ cinnjin kpa Ivoiri lɔ politiki nun, ɔ ti siesielɛ’n i su lafilɛ’n, ɔ nin sa kekleekle nga be tɔ nvle’n i bo kun yolɛ’n su’n, be ngnon’n be nzɔliɛ.",bau,unknown,train,Baoulé,Google WaxalNLP
bau_KK_KK_BCI_1_20b,KK,Akpɔlɛ su man I towa ngɔ lɔ li su.,bau,unknown,train,Baoulé,Google WaxalNLP
bau_KK_KK_BCI_5_242,KK,"Kɛ mɔ bua tafuɛ ni’n i alua be nianni be wun su ti, ɔ yoli kekle kpa manni bulɛ kun kɛ ɔ ju buani be wun lɔ. Sanngɛ cɛn kun, ɔ wunnin buaba kun i kplo mɔ be kpɛli yɛ yili i blo. Ɔ maan ɔ luali i tralɛ, kpɛkun ɔ nantili bua be afiɛn. Bua nga blo adua sɔ luali I kplo i ni’n boli isu sulɛ bo. Kɛ ɔ fɛli i wɔli i tiwa lɔ kan, wa cɛman ɔ yoli i aliɛ niɔn, kpɛkun ɔ klua laka bua mun blɛ wie nun, kpɛkun ɔ dili aliɛ kpa.

Nanni kpangɔ nin gbanmlɔ
Cɛn kun’n, Baoulé ijre’m be nun lɔ’n, nnɛn kun i awe kunnin i dan. Ɔ wunnin nnɛn kpanngɔ kun, kpɛkun ɔ fali ajalɛ kɛ ɔ́ kó kó kókó i. Gbanmlɔ m’ɔ si ngwlɛlɛ kpa’n, ɔ seli nnɛn kpanngɔ’n kɛ: “Sɛ a yaci min nun’n, ń klé wɔ lika kun mɔ a kwla di like kɛ a klo’n sa’n.” Kɛ mɔ nnɛn kpanngɔ’n i ndɛ loli i’n ti’n, ɔ kplinnin su. Lapin fali i ɔli pata fie kun su lɔ. Sran’n dili cɛn, kpɛkun i kacilɛ nun’n, ɔ tali nda kɛ su kunndɛman nnɛn kpanngɔ’n i kun le. Sran’n nin nnɛn kpanngɔ’n be kacili janvuɛ, kpɛkun be suannin be ninnge’m be cɛcɛlɛ. Be janvuɛ tralɛ’n ti’n, pata fie’n yoli kpa yɛ nnɛn kwlaa nga be o waka’n nun’n, be ɲannin su ye. Ndɛ sɔ’n kle kɛ ngwlɛlɛ nin janvuɛ tralɛ’n be ti cinnjin kpa.",bau,unknown,train,Baoulé,Google WaxalNLP
bau_JK_JK_BCI_2_120,JK,"Lika nga be ji adjulisu tanni lɔ be flɛ i confreville ,ɔ ti buake apkasua kun.",bau,unknown,train,Baoulé,Google WaxalNLP
bau_JK_JK_BCI_1_50,JK,"Kɛ ɔ fa dju kisie n'glɛmu mɔ dju djɔlɛ n'dɔsuɛ lika’n ɔ yo degre selsisi blu ni kun [11°C]. Gnanmien i bue kun su yo mlanmlan wa. Angban ɔ fita nglo lɔ lika’n nun lɔ dɔ kun su ɔ fita kilomɛtri blu[10].
Kɛ ɔ fa dju dɔ n''gluan [9] su’n, lika’n ɔ yo  degre selsisi blu ni n'san [13°C]. Gnanmien su lɔ’n, ɔ ka gbudun. Apkan ɔ fita via afiliɛ lɔ lika’n nun,ɔ fita kilomɛtri blu ni gnon [12] dɔ kun nun.",bau,unknown,train,Baoulé,Google WaxalNLP
bau_RK_RK_BCI_2_142,RK,"Félix Houphouët-Boigny, mɔ be flɛ i kɛ ""Afrika lɔ ngwlɛlɛfuɛ'n"", ɔ sieli Côte d'Ivoire kɛ ɔ fɛ i afuɛ [1960] akpi kun ya n'gluan ni abluesiɛn  nun lele ɔ fa wuli afuɛ [1993] akpi kun ya n'gluan ni ablan'gluan ni n'san  nun.",bau,unknown,train,Baoulé,Google WaxalNLP
bau_JH_JH_BCI_1_29B,JH,Baka ma bo si a ya oka.,bau,unknown,train,Baoulé,Google WaxalNLP
bau_RK_RK_BCI_2_180,RK,"?Ngue yɛ be fa yo acɛcɛ Ivoire lɔ’n niɔn?
Acɛcɛ i lã’n, be fa jue nga be flɛ kɛ tɔn be gua nun’n, ɔ nin jaba nin tomati be gua nun.",bau,unknown,train,Baoulé,Google WaxalNLP
bau_KK_KK_BCI_1_20c,KK,"Andɛ mɛri  I wan be yɛ I alo lɔ, nan be kɔ  kan ngua.",bau,unknown,train,Baoulé,Google WaxalNLP
bau_KK_KK_BCI_2_143,KK,Kɛ Hufue sakali Konan Bɛdiɛ ɔ tranni bia su ɔ.,bau,unknown,train,Baoulé,Google WaxalNLP
bau_KK_KK_BCI_4_224,KK,"Gbanmlɔ Lafilɛ, annzɛ ɛrɛmu [REM], ɔ ti lafilɛ wafa trele kun m’ɔ tɔ nnɛn nga be nyon nyon be su kɛ e sa, ɔ nin anunman’m be bɔbɔ be su vie. I blɛ sɔ nun, ɔ nyinma’m be bo sin yia ndɛndɛ kpa, be bo yo kun, kpɛkun ɔ wunnɛn yo plɛkun’n, ɔ yo kɛ wa bubu sɛ. Blɛ be cɛn lɛflɛ dan kpa.

Be flɛ i ekun kɛ [ƐRƐMU lafilɛ] afi’n ɔ ti kɛ wa jaso sa, yɛ ɔ ti nun m’miɛn i nun nzue si’n ndɛndɛ, ɔ yo man a wan like fi nu. Ti nun miɛn’n yɛ ɔ nian ninnge kwlaa sɔ’m be su ɔ, ɔ fa asetilkolinin kpanngban kɔ, ɔ ni’n lika nga m’moja s’n kɔ sran i klun lɔ mob be flɛ i nerotransmetɛ [neurotransmetteur], kpɛkun ɔ kpɛli sɛrotonini [serotonine], ni’n noradrenalini [noradrénaline], ɔ nin istamini [histamine] be nun mlonmlon. I sɔ ninn’ge mu be yo man, ɔ lua fi laflɛ nga a cɛn be mu. Gbanmlɔ lafilɛ, ɔ ni lɛfilɛ nga e lafi titi ti man kun. Kɔnhuɛ bu nuɛn nu mɔ lika tɔ yɔɔ, yɛ nnɛn ni adua mu be bo, a klua cɛn laflɛ tɛtɛ. Kɔnguɛ, kɛ a lafi, ɔ yo vie ɔ laflɛ ti san’n, ɔ yo vie kusuman a cɛn laliɛ tɛtɛ, yɛ be wan a lafi oo, yɛ lɛ miniti [90] ablan’gluan. I sɔ lafilɛ blɛ sɔ nu, e klua ese kɛ, gbanmlɔ lafilɛ gun mi ɔ. Sɛ a lafi lee di dɔ [7] nso, a si’n i sɔ lafilɛ nu kpɛ n’nan.

Kɛ a lafi gbanmlɔ lafilɛ, ninnge wie be kaci ɔ wunnɛn nun, kpɛkun be yo kɛ kuran kanngan wie mɔ be o ɔ ti nun m’miɛn nun sa. Yɛ ɔ wunnɛn ɔyo kplɛkun’n. A doman wunmiɛn wafa kunngba, ɔ wunnɛn i dolɛ kacikaci yɛ ɔ mmoja i sin sinlɛ kusu kaci.
Afuɛ [1953] akpi kun ya ngluan ni nsan nun yɛ like suanfuɛ kɛ Nathanieli Klɛtiman nin Eyɛni Aserinsky sa, be wunnin nyinma be nun ndɛndɛ sɔ mun ɔn, kpɛkun be wunnin i wlɛ kɛ be nin laliɛ be kɔ likawlɛ ɔ. I sin, like suanfuɛ kɛ Williamu Dement nin Micheli Jouvet sa, be fali be nyin sieli ndɛ sɔ su kpa, be suannin lafilɛ sɔ i su like wafa fanunfanun mun, ɔ ni’n kɛ sran be lu gbanmlɔ lafilɛ nun cɛ’n, be tinnge be naan b’a suan like nga be flɛ i kɛ ƐRƐMU [REM] cilɛ  i su like. Sɛ lafilɛ blɛ sɔ w’a wie amun sa nun, blɛ sunman nun, i sin’n, amun fa lafilɛ blɛ ng’ɔ ti tɛnndɛn kpa’n be fa kaci i.",bau,unknown,train,Baoulé,Google WaxalNLP
bau_JK_JK_BCI_1_41,JK,"M'mlan n'dɔsua dɔ n'san sun, arɛ wa ba lika ɔdjo lele degre selsisi  blu[12] ni n'gon, n'zue yi tɔ wa  ɔ ti n'gnon [2] su, sɛ be sie ya.",bau,unknown,train,Baoulé,Google WaxalNLP
bau_KK_KK_BCI_1_79,KK,Ya kun tata kun ni si'n nnan yo abla'n ni nnun.,bau,unknown,train,Baoulé,Google WaxalNLP
bau_RK_RK_BCI_1_85,RK,"Balɔn bolɛ lika lɔ, kuawi yɔ luali buli i n'san su ka nan kuajo wa luɛi n'nann su yɛ  isan yɔ luali buli i klikli ka nan kofi wa sie i nyonn su.",bau,unknown,train,Baoulé,Google WaxalNLP
bau_JK_JK_BCI_3_218,JK,"Paquinou ti tchɛn dilɛ kun mɔ be di i Baule klɔ nga be o Côte d’Ivoire lɔ’n be su lɔ’n, Paki i le mɔcuɛ’n i awieliɛ lɔ’n. Paquinou i bo’n yɛle kɛ “Paki blɛ nun” Baule aniɛn’n nun.

Be di tchɛn nsan, ɔ bo i bo ya tchɛn  lele m’ɔ fa dju Mɔnnɛn tchɛn ’n, ɔ ti tchɛn dilɛ kun mɔ be klua buɛ  i un’n, mɔ Baoulé nga be tu be bo klɔ uflɛ’m be su’n, klɔ dan’n su lɔ annzɛ nvle uflɛ nun bɔbɔ’n, be sa be sin be klɔ klikli’m be su be di awlobo tchɛn  dilɛ’n, kpɛkun be di klɔ’m be kplanlɛ djunman’m be nun djunman’n.",bau,unknown,train,Baoulé,Google WaxalNLP
bau_JH_JH_BCI_1_4A,JH,Pandu n'san be dji dji lɛ.,bau,unknown,train,Baoulé,Google WaxalNLP
bau_JK_JK_BCI_2_197,JK,Kisie cɛn ti cɛn n'ga be fa lemɔjuɛ  djuman ibo..',bau,unknown,train,Baoulé,Google WaxalNLP
bau_JH_JH_BCI_3_212,JH,"Man i kacilɛ’n yɛ ɔ ti e blɛ diɛ’n i su nnɛ’n non, yɛ e o blɛ cinnjin kpa kun nun. Kɛ ɔ fɛ i lika’n i kacilɛ’n su’n, m’ɔ yo maan fie dilɛ’n nin aliɛ dilɛ’n be yo kekle’n, ɔ nin angbɔ nun nzue m’ɔ tɔ’n, m’ɔ yo maan n'zue’n i tɔlɛ’n yo dan’n, nika’n i kacilɛ’n i bo’n gua’n, ɔ ti mɛn wunmuan’n nun like ng’ɔ yo’n, ɔ nin i bo’n. Sɛ be ka lɛ be yoman like’n, ɔ́ yó kekle kpa mán be naan b’a kwla fa be wun b’a wlɛ i ninnge sɔ’m be kacilɛ’n i bo cɛn wie lele. 
Afuɛ [10] blu nga be ba lɛ’n be nun’n, sa ni gno tɛ kpa, sanngɛ fluwa sifuɛ dandan’m me waan sɛ be yo nigne cincin kun nika i dolɛ kla kpɛ su kan. Climat i kacilɛ’n ti man unmuan’n nun sa kekle dan kun mɔ sran’m be junman’m me ti yɛ ɔ yo sɔ’n nonn. Kɛ fa fin industrie blɛ nu, nigne n'gna be fa kan'ni, kɛ kanniɛn n’zue, charbon ni gazi n'ga be fa ton nigne, be yo man li nika do tɛkpa, kɛ dioxyde de carbone ɔni méthane. Gazi sɔ’m be tra nika’n i dolɛ’n aukpan’n nun, ɔ maan man unmuan’n nun nika’n i dolɛ’n ɔ yo dan. Issɔ nike n'ga be flɛ i kɛ man i n'gba dolɛ, e lɛ nigne tɛ kpa ecosystem me su, sran me su ɔni sika n'gna be fa man min man i umuan nun fuɛ mun. 
I sɔ climat i kakilɛ’n ɔ yi i ɔn nglo (ɔ su yi i ɔn nglo, kɛ n’ga be n’gna be suan man i kacilɛ nigne me dan lika be fa kan’n sa) kɛ nika’n i dolɛ’n ɔ kɔ i gnrun’n, kɛ jenvie’n i nun nzue’n ni jue nun, ɔ nin atrɛkpa’n, kɛ nika’n i nun n’zue m’ɔ tɔ’n, nin aukpan m’ɔ tu, be n’gnon dan kpa. Aukpan dandan, n’zue m’ɔ tɔ dan’n. Sanngɛ, be fa nigne klelɛ sɔ mun be man sran mun wafa kunngba’n; ɔ fata kɛ nika n’gna be flɛ i kɛ intertropical’n, be yɛ tukpacɛ’n sɔ tɔ be su kpa non.",bau,unknown,train,Baoulé,Google WaxalNLP
bau_JH_JH_BCI_1_27C,JH,Fenetri me ti tike tike wa yɛ ahunkpan fita lɔ kpa.,bau,unknown,train,Baoulé,Google WaxalNLP
bau_JH_JH_BCI_1_16A,JH,Kouadjo ba su kankan gnanmiɛn n'dɛ.,bau,unknown,train,Baoulé,Google WaxalNLP
bau_JK_JK_BCI_2_168,JK,"Aliɛ nga sran’m be klo be kpa min nvle’n nun lɔ’n, yɛle 
Acɛkɛ
Alloco
Avie kɛinn wa
Manda aliɛ
Placali
Ngatɛtro
Gbɔlutro
Akɔ kejenu
Garba
Pkatra tonton wa",bau,unknown,train,Baoulé,Google WaxalNLP
bau_JK_JK_BCI_2_165,JK,Grand-Bassam ti laa blɔfuɛ be su be klɔ dan kun mɔ UNESCO fali mɛn’n nun ninnge’m be su ndɛ’n sieli i lika kun’n.,bau,unknown,train,Baoulé,Google WaxalNLP
bau_RK_RK_BCI_1_52,RK,"Andɛ cɛn ba liɛ nu, awunyɛ wa ba dan kpa lika lolɛ ɔ yo  [83°] degre ablaɔcuɛ ni n'san.",bau,unknown,train,Baoulé,Google WaxalNLP
bau_JH_JH_BCI_1_56,JH,Gnamiɛn ne tanni glinmu lele e kla fite e soi menu.,bau,unknown,train,Baoulé,Google WaxalNLP
bau_JH_JH_BCI_1_55,JH,"Be seli kɛ djin gna ɔ a yo dowa djin, afin ɛjua ne bo m'gliemon letetete nika e san.",bau,unknown,train,Baoulé,Google WaxalNLP
bau_JH_JH_BCI_4_231,JH,"Sébastien Haller, be wuli i afuɛ akpi kun ya n’gnlan ablan’gnlan ni n’nan [1994] anglo n’gna be flɛ kɛ klanan n’dɛwa i le ablaun ni n’gnon su [Fransi lɔ], ɔ ti kɔdivoiri lɔ balɔn bofuɛ kun m'ɔ o  [CD Leganés] dɔ n’gna o ɛ su. Juakle i le blu ni n'kun, afuɛ ya n’gnon ablauni n’nnan [2024] nu, yɛ ɔ luali kɔdivuari [Côte d'Ivoire] be bii gna mɔ i tiɛ be kla fali cupu [Coupe des Nations finale] non. Sébastien Haller ti Franco-Ivoiri lɔ balɔn bofuɛ kun mɔ ti sran dan kpa i sa nun ninngne’m be ti’n, ɔ nin i umi umi, ɔ nin wafa nga ɔ si balɔn bo kpa’n, ɔ ti Erɔpu lɔ balɔn bofuɛ’m be nun dan kun. Be wuli i flansi lɔ, ɔ fali ajalɛ kɛ ɔ jran Côte d’Ivoire mɔ ti i nvle’n i sin man unmuan’n nun. Haller boli i junman’n i dilɛ bo flansi lɔ ka naan wa bo i dunman’n Alemagnin lɔ klɔ ngna be flɛ i kɛ Frankfurt’n i su. Lɔ’n, wafa ngna ɔ dili junman’n i kpa’n. ɔ yoli maan ɔ gnannin dunman kpa, kɔkun ɔ yoli maan klɔbu ngna be lɛ gnrun kpa’n be fali be ɲin sieli i su. Afuɛ [2019] akpi ngnon blubi nglan nu, be klɛli i dunman West Ham United lɔ Premier League nun. Kɛ ɔ ɔli Ajax Amsterdam afuɛ [2021] akpi ngnon abalauni kun nun’n, ɔ yoli i junman’n i nun kacilɛ dan kpa. Eric ten Hag i gnrun dinlɛ nun’n, Haller ti sran dan kpa, afin ɔ klua bo ballon kpa, sanngɛ ɔ klua yo ninnge fanunfanun.",bau,unknown,train,Baoulé,Google WaxalNLP
bau_KK_KK_BCI_2_192,KK,"Nyamiɛn nuan ijɔfuɛ, be suan nyamiɛn flua su like be suklu be nu.",bau,unknown,train,Baoulé,Google WaxalNLP
bau_RK_RK_BCI_1_22c,RK,Nanni be su luan luan klɔ nu.,bau,unknown,train,Baoulé,Google WaxalNLP
bau_KK_KK_BCI_1_1c,KK,Boli be dili kwahi I duo mu.,bau,unknown,train,Baoulé,Google WaxalNLP
bau_KK_KK_BCI_1_89,KK,"Afuɛ kun nu, e lɛ anglo blu ni nnyon. Isɔ anglo liɛ mu yɛ lɛ angbɔ, juakle, n'glo, kofie, jese, klannan n'dɛya, mugu, afoliɛ, ananya, fɛlɛ, sekewa, yɛ kɔn'guɛ nzue.",bau,unknown,train,Baoulé,Google WaxalNLP
bau_KK_KK_BCI_1_21a,KK,Tomati ni carɔtu wo talie nu.,bau,unknown,train,Baoulé,Google WaxalNLP
bau_JK_JK_BCI_1_92,JK,"N toli pɔmun nsan, sanngɛ n dumua dili n'gnɔn",bau,unknown,train,Baoulé,Google WaxalNLP
bau_RK_RK_BCI_1_26b,RK,Oflɛ be wo be waka su.,bau,unknown,train,Baoulé,Google WaxalNLP
bau_JH_JH_BCI_2_138,JH,"Aliɛ beni ɛ be di dan non?
Be flɛ aliɛn sɔ i too.",bau,unknown,train,Baoulé,Google WaxalNLP
bau_KK_KK_BCI_2_139,KK,"Kosan: ?Sranble  mɛn i via afiliɛ lɔ nvle benin yɛ be si i fimu’m be cɛn dilɛ’n mɔ be flɛ i kɛ FESPACO nion?

 I su tɛlɛ’n: Be si Burkina Faso lɔ fimu’m be cɛn dilɛ’n, mɔ be flɛ i kɛ FESPACO’n.",bau,unknown,train,Baoulé,Google WaxalNLP
bau_RK_RK_BCI_1_79,RK,Sɛ e fa ya kun e fa tata ku'n ni n'nann su ɔ ye ablaun ɔ ni n'nu.,bau,unknown,train,Baoulé,Google WaxalNLP
bau_JK_JK_BCI_1_69,JK,Be fa n'so i pke mɔtshuɛ ɔ yo ablenun ni n'sien,bau,unknown,validation,Baoulé,Google WaxalNLP
bau_RK_RK_BCI_1_28b,RK,Baba ni manmi be su kɔ adja.,bau,unknown,validation,Baoulé,Google WaxalNLP
bau_KK_KK_BCI_1_91,KK,"Nnɛn be nu, jra niɛn klua nyandi ɔ; be nu kansiɛn ku su yɛ lɛ ayicle.",bau,unknown,validation,Baoulé,Google WaxalNLP
bau_KK_KK_BCI_2_163,KK,"Chute dse Man, ti bo kun mɔ klɔ fuɛ be siesieli klanman nan sran ba klua kɔ lɔ kpanngban. Afin lika sɔ nlɔ, nzue fi'n oka be tiafiɛn yɛ ɔ gua ɔ.",bau,unknown,validation,Baoulé,Google WaxalNLP
bau_JH_JH_BCI_2_122,JH,Sinfra ti klɔ dan kun mɔ o  akpasoi  ngna m’ɔ o marahunue lɔ.,bau,unknown,validation,Baoulé,Google WaxalNLP
bau_JH_JH_BCI_1_35B,JH,Pɔmu I bue kun a saki.,bau,unknown,validation,Baoulé,Google WaxalNLP
bau_JH_JH_BCI_2_201,JH,Kissie jin kloua kɛ'n ko jue junman di’n kanngan fluwa kun nun naan man da kɔguɛ.,bau,unknown,validation,Baoulé,Google WaxalNLP
bau_KK_KK_BCI_1_32c,KK,Mekasiɛn mu be yo ninge wafawafa mu.,bau,unknown,validation,Baoulé,Google WaxalNLP
bau_KK_KK_BCI_1_6a,KK,Yobuɛ ɔkluɛ ji waka ble i bue kun.,bau,unknown,validation,Baoulé,Google WaxalNLP
bau_JH_JH_BCI_2_109,JH,"Sɛ amuan waan ame fíte kɔ gnamiɛn  soi nu lɔ, amun sin Avenue des Baobabs m’ɔ o klɔ i kangna be yo aholiɛ fluza lɔ i gnrun lɛ’n su, be kɔ nglo lɔ lika’n nun. Amun wɔ amun gnrun trele lele amun ju mɛtri koju [700] ya n’so. Kɛ en ko ju lɛ sɔnu, amun sin wata dilɛ dan kun mɔ o amun sa fama su’n i gnunlɛ. Kɛ amun ju ampulu’m be su’n, amun fa amun gnrun jua tɔlɛ lɔ, amun kpɛ amun sin be fama su be sin Boulevard des Cèdres su. Amun sin atin sɔ’n su kilo kun ni bue [1.5], amun sin lika kun mɔ be flɛ i kɛ parki’n i sin amun bɛ su lɔ. Kɛ amun ko sin lika nga be flɛ i kɛ parki’n, ɔ nin lika nga be fa takisi me janlɛ lɔ’n, amun kpɛ amun sin jua tɔlɛ lɔ lika’n nun kan naan amun lu Rue Saint-Paul nun. Amun wɔ amun ɲrun mɛtri akpi n’san [3000] ekun, kpɛkun amun kpɛ amun sin jua atɔliɛ lɔ lika’n nun Baptiste asɔnun’n nun lɔ. Katedrali’n wo amun gnrun lɛ, ɔ nin amun afiɛn’n ti nun mɛtri kɔ e ya n’gnon.",bau,unknown,validation,Baoulé,Google WaxalNLP
bau_RK_RK_BCI_2_140,RK,"Kosan n'san :
?Ninnge benin mun yɛ be yo maan Liberia ti lika cinnjin kpa nvle sɔ’n i sika ndɛ’n nun ɔn?

I su tɛlɛ’n: Liberia lɔ ninnge kɛ lastikɛ, nin blalɛ, ɔ nin sika ɔkwlɛ sa’n, be sɔnnin kpa, yɛ be uka i sika ndɛ’n su kpa.",bau,unknown,validation,Baoulé,Google WaxalNLP
bau_RK_RK_BCI_5_254,RK,"Laa sa nun’n, suɛ kun nin gboklokofi kun mɔ be ti janvuɛ’n, be trannin lɛ. Cɛn kun’n, ɲanmiɛn ufue ufue kun fiteli ɲanmiɛn su lɔ. suɛ fuli ɲanmiɛn ble’n su, ɔ dili i nun wie, ɔ buli i kɛ ɔ ti kpanwun.

Kɛ ɔ wieli yo, ɔ flɛli gboklokofi kɛ: “Aniaan bla, tra min, afiɛn n le ndɛ kun mɔ n su kan kle wɔ ɔ.  gboklokofi'n trɛli i, kpɛkun ɔ kpɛli i tɔlɛ’n nun. kpɛ ku gboklokofi

i sin’n, ɔ fuli ɲanmiɛn ble’n su lɔ, ɔ dili like kan wie. Kɛ ɔ wieli i yo, ɔ flɛli suɛ kɛ: “Aniaan, tra min kpa.” 

suɛ yoli i wun kɛ w’a trɛ i sa, sanngɛ sɛkondi kasiɛn’n nun’n, ɔ tuli i bo. Gboklokofi tɔli asiɛ wun lɔ, kpɛkun ɔ yoli i like yaya.

Kɛ ɔ fɛ i tʃin sɔ’n su’n, nnɛn gboklokofi i sin ja’m be ti kpe kan tra i ɲrun ja’m be liɛ’n. Ɔ kpɛn e wla kɛ ɔ fata kɛ e nian e wun su titi be nga be kwlá lafiman be su’n, be lika.",bau,unknown,validation,Baoulé,Google WaxalNLP
bau_JK_JK_BCI_5_253,JK,"Tchin kun’n, Angloba sunmannin nige kun sran mun be su lɔ. Ɔ seli i kɛ: “Kɔ sran’m be wun lɔ, ko se be kɛ n su wu naan n tchin nguan. Ɔ maan be ku sun man be wu sɔ vie nan ba sin nguan nun ekun.

Kakaa nga be fa tupkatchɛ ba be boli trulɛ bo, yɛ suɛ ɔ wan dili ɔ bi sali be kɛ: “Amusu ko ni?

Kakaa nga ɔ man tupkatchɛ seli kɛ: “Mi su kɔ sran’m be wun lɔ.” “Anglo’n seli min kɛ n se be kɛ ɔ wu, kpɛkun ɔ sɛ i sin nguan nun. Be kusu be yo sɔ vie.

Gbanmlɔ seli kɛ: “N ti wanndifuɛ pka n wanndi ndɛndɛ tra wɔ’n.” “ya ki minu man ɔ kɔ i ɔnuan.” 

Kakaa kplinnin su, kpɛkun Gbanmulɔ wanndili ɔli sran’m be wun lɔ. Kɛ ɔ juli lɔ’n, ɔ seli kɛ, “Anglo’n se kɛ ɔ wu, ɔ su baman nguan nun kun.A mun ku suman vie

Sran’m be lua boli be un dan. Be kunndɛman kɛ be wu. Be wanndili be ɔli Anglo’n i wun lɔ, kpɛkun be usɛli sɛ ɔ ti nanwlɛ o.

Anglo’n fali ya dan kpa. “Gbanmlɔ sɔ’n buli amun ato!” ɔ seli sɔ. “N wu, sanngɛ n sa min sin nguan nun titi. Kɛ nga amun fa yo’n sa.

Anglo’n fali waka kun, kpɛkun ɔ fa blali Gbanmlɔ i nuan su. Kɛ ɔ fɛ i lɛ’n, Gbanmlɔ'n i bue ti nun.",bau,unknown,validation,Baoulé,Google WaxalNLP
bau_JK_JK_BCI_1_51,JK,"Agnimansi mlan mɔ fa dju we ,Kɛ lika’n wa dju dɔ blu ni gnon [12] su’n, lika’n ɔ yo
 blu ni n'so [17°C]. Gnanmien sun ɔti dunwa .Angban ɔ fita via afiliɛ lɔ lika’n nun,ɔ fita kilomɛtri blu ni mɔtshuɛ [18] dɔ kun nun.
Ndɔsua dɔ n'san sun, lika’n ɔ yo degre selsisi ablahun [20°C]. Via'n fite gnanmiɛn ble nun be afiɛn. Kɛ n'dɔ sua wa tɔ arɛ wa ba lika i wafa n'gɔ ti i dan ɔ ti degre selsisi ablahun ni kun [21°C] yɛ i kann n'ti degre selsisi n'gluan [9°C]",bau,unknown,validation,Baoulé,Google WaxalNLP
bau_JK_JK_BCI_5_252,JK,"Laa’nu, nnɛn’m be kwlaa be yia djra be buɛ’n nun. Kɛ djra su lafi’n, alua kan’n wluawluali kɛklɛkɛ kaan’n kɛ ɔ kpɛ gnanman kun . Be cicili gnanman’n i bue kun djra i dua’n su, kpɛkun i bue kun cicili ijre kun nun.

Kɛ djra’n tinngeli mɔn wunnin kɛ ba ci i’n, ɔ fali ya dan kpa. Ɔ jali nnɛn’m be kwlaa, kpɛkun ɔ bisali be kɛ: “Min mma kpa mun, amun nun onin yɛ ɔ kikili min-ɔn?

Nnɛn be kwlaa be seli kɛ nan be ɔ. Sanngɛ kɛ djra’n usali  kɛklɛkɛ kaan’n i kosan’n, ɔ seli kɛ: “Min ɔ wa pka,mi'in n kikili wɔ.

Djra fali ya dan kpa, ɔ maan ɔpkɛpkɛli gnanman’nun, kpɛkun ɔ fuannin kɛklɛkɛ. Sanngɛ alua kan’n seli kɛ: “Min wa pka,ati kɛklɛkɛ nga wa vie vie i wa .Be faman amu le.

Ɔ maan, kɛklɛkɛ kaan’n wanndili, kpɛkun be yacili djra’n n'lɛ ɔni i yafawa.",bau,unknown,validation,Baoulé,Google WaxalNLP
bau_JH_JH_BCI_2_129,JH,Afue yɔ ti n'mla me nun kan e nanmue nun wa non.,bau,unknown,validation,Baoulé,Google WaxalNLP
bau_JK_JK_BCI_1_45,JK,"Le mɔtshuɛ n'ga ɔ balɔ nun ɔ tchɛman nan n'zue wa tɔ . sɛ be sie nzuɛ yi tɔlɛ ya kun su , ɔ yo ablenun su. Yɛ lika ɔ yo degre selsisi blu ni n'glulan. N'zue sɔ ɔ yo man duo be le do pka.",bau,unknown,validation,Baoulé,Google WaxalNLP
bau_JH_JH_BCI_1_80,JH,"Kɛ miliɔn kun tata kun mɔ ba bunu n'nu su, ɔ yo akpi ya n'gnon.",bau,unknown,validation,Baoulé,Google WaxalNLP
bau_RK_RK_BCI_1_40c,RK,Mi klo n'zue nonwa.,bau,unknown,validation,Baoulé,Google WaxalNLP
bau_KK_KK_BCI_1_26c,KK,Aduaba be di oflɛ nga Adamo ti ba li.,bau,unknown,validation,Baoulé,Google WaxalNLP
bau_JH_JH_BCI_2_198,JH,Aiman ti jɔlɛ.,bau,unknown,validation,Baoulé,Google WaxalNLP
bau_JH_JH_BCI_2_148,JH,"?Alasan a di afuɛ n'gnɛ e man su?
Wa di afuɛ [13] bluni n'san.",bau,unknown,validation,Baoulé,Google WaxalNLP
bau_JK_JK_BCI_3_212,JK,"Lika i kakilɛ’n yɛ ɔ ti e blɛ liɛ’n i su ndɛ’n kinnjin niɔn, yɛ e o blɛ kinnjin kpa kun nun. Kɛ ɔ fɛ i lika’n i kacilɛ’n su’n, m’ɔ yo maan fie dilɛ’n nin aliɛ dilɛ’n be yo kekle’n, ɔ nin jenvie’n i nun nzue m’ɔ ɔ mɛn i wu su, m’ɔ yo maan nzue’n i tɔlɛ’n yo dan’n, lika’n i kakilɛ’n ɔ ni nige nga ɔ fa ba, ɔ ti min wunmuan’n nun liɛ. Sɛ ba kalɛ ba yoman like’n, ɔ yɔ kekle kpa pkakun i wa ɔ tchin nan wa clua si be hun.

Lika i kakilɛ’n yɛle lika’n i dolɛ’n nin lika’n i wafa’n nga nzue ɔ fa tɔ. I sɔ kakilɛ’m be kwla yo kɛ be bɔbɔ be sa, via’n i junman dilɛ’n i kakilɛ’n annzɛ oka dandan nga be tu sin’n be ti. Sanngɛ kɛ ɔ fɛ i afuɛ 1800 nun’n, sran’m be junman’n yɛ ɔ kaki lika’n i dan ɔ, i klikli nun’n, ɔ fin like nga be fa ra ninnge kɛ je , kanni nzue nin gazi sa’n.Kɛ be ra isɔ ninnge mu, yɛ ɔ fa gaz a effet de serre ɔ ba. Isɔ gazi liɛ ɔ kata asiɛ su kpɛkun ɔ lua via i dolɛ i bisua yɛ ɔ fa ahunyɛ ba.                                                                                                                                                                                                                                                                                                      Gazi a effet de serre nga wa sɔn lika ɔ fin mɛn umuan i asiɛ’n i dolɛ’n mɔn be fa wɛ likawlɛ.
Kɛ ɔ fɛ i blɛ nga be flɛ i kɛ Révolution industrielle’n, gazi a effet de serre wa yo kaka kpa, i kungba kusuman lika’n i dolɛ’n kusu w’a yo dan.
Gazi a effet de serre ngɔ sɔnnii dan kpafuɛ’n (i bue ngnon su’n[1/2]) yɛle dioxyde de carbone (CO2), i dan lika fin ninnge nga be ra’n be.                                                                                                                                                                                                                                                                                                                                                                                                                                                                                     Rapɔru uflɛ nga Nvle’m be anuannzɛ ng’ɔ nian lika’n su’n (PNUE) yili’n, ɔ kle kɛ kɛ ɔ fɛ i afuɛ 2015 nun mɔ be fali be sa sieli Paris lɔ aenguɛ’n su’n, be ɔli be nrun. Blɛ nga be fa aenguɛ’n su’n. Andɛ’n, be waan wa uka su nsan sɛ be sie ya su [3%]. Sanngɛ, gazi nga be yo maan lika’n ɔ saki, mɔ be waan be fa kɔ afuɛ 2030 nun’n, ɔ fata kɛ ɔ tɔ  ablaɔn sɛ be sie ya [28%] naan mɛn’n i dolɛ’n wa  pkɛsu degre  selsis ngnon [2°C] kɛ Paris lɔ aenguɛ kanni sa. Be yo ekun nan ɔju ablanan ni ngnon [42%] nan asiɛ i dolɛ wa pkɛsu degre selsis kun ni  [1,5°C ].",bau,unknown,validation,Baoulé,Google WaxalNLP
bau_RK_RK_BCI_1_60,RK,"N'dɔ sua su dɔ [7] n'so su angloba wa kpaja yɛ n'sralama mu be wa fite, n'zue su tɔ man yɛ angban fita fɛfɛ.",bau,unknown,validation,Baoulé,Google WaxalNLP
bau_JK_JK_BCI_2_163,JK,"Amazonie lɔ waka’m be o Amlɛnkɛn’m be mɛn’n i nglo lɔ lika’n nun nvle sunman be nun, yɛ nnɛn wafawafa kpanngban kpa be o lɔ.",bau,unknown,validation,Baoulé,Google WaxalNLP
bau_KK_KK_BCI_2_108,KK,"Buake stadi wo Suklu dan i ati'n su lɔ. Ka ju famasi Kojo Buake feu ruzu dan nwo lɛ,  a kpaci bɛsu, ɔ nyru ndɛnan su, feu ruzu i nyon  su wo lɛ, fa ati'n i trelee ɔ nyru lɔ kan a wa to SEMA asɔnu sua, feu ruzu kun ekun wolɛ. Asɔnu sua ni stadi be afiɛn ti nun mɛtri ya nsan [300m], ɔ sa  bɛsu stade nwolɛ.",bau,unknown,validation,Baoulé,Google WaxalNLP
bau_JK_JK_BCI_2_171,JK,"Kɛ be di aliɛ laa’n, wa de ye cɛn clua clua, be fa placali ningbɔlotro sie nun.",bau,unknown,validation,Baoulé,Google WaxalNLP
bau_KK_KK_BCI_1_64,KK,Nsiɛn uka nso su ɔ yo blu ni nsan.,bau,unknown,validation,Baoulé,Google WaxalNLP
bau_RK_RK_BCI_1_46,RK,"Mugu sra i cɛn ba bluni n'san  lele bɔ faju i cɛn ba ablasan ni kun , nyanmɛn isu le titi kpa. N'zue su tɔman ku yɛ via ɔ fite klaman, blɔfuɛ juman difuɛ mu be klua fite cɛn m'gba be kɔ juman yɛ ata difuɛ m'mu be kusuman be klua kɔ be yo be nige be atɛ.",bau,unknown,validation,Baoulé,Google WaxalNLP
bau_RK_RK_BCI_2_136,RK,"Kannzɛ bɔbɔ ɔ ti mmuammua kpa’n, sanngɛ Sierra Leone nin Côte d’Ivoire be klo lã maski nin able silɛ kpa.",bau,unknown,validation,Baoulé,Google WaxalNLP
bau_KK_KK_BCI_2_115,KK,"Abijan ​​ti Côte d’Ivoire i sika ndɛ i klɔ dan, ekun yɛ ɔ ti Côte d’Ivoire i nu  klɔ dan klikli su, yɛ sran nga be tran lɔ’n be tra akpi nnan ni isi'n . Ɔ ti sika ndɛ, ni'n ninnge’m be yilɛ, ɔ ni'n aata dilɛ be lika cinnjin kpa kun. Be nga be kɔ lika nianlɛ’n, be klua kɔ St. Paul i Nyanmiɛn sulɛ sua, ɔ ni'n nzue ba mun, ɔ ni'n jenvie nuan lika’m be n.

Yamusuklɔti Côte d’Ivoire i sa siesielɛ klɔ dan. Ɔ ti  klɔ dan nso su, be si i kɛ asɔnun sua nga be flɛ i kɛ Notre-Dame de la Paix’n, ɔ ti asɔnun sua dandan nga be o mɛn nun be nun kun. .

Buake, ɔ ti Côte d’Ivoire Klɔ nnyon su, ekun ɔ ti klɔ nga sran be son ni su i nnyon su, ɔ o nvle’n i afiɛn lɔ. Ɔ ti fie dilɛ lika cinnjin kpa kun, fie nga be di lɔ, yɛ lɛ duo fie, ablɛlɛ fie, ni agba fie.


San-Pedro Klɔ, ti klɔ kun m’ɔ o jenvie’n i nuan lɔ, yɛ ɔ ti nvle nun mmeli jranwlɛ dan nnyon su. Be si i kɛ be tra jue, yɛ ɔ mantan Taï National Park, mɔ nnɛn wafa kɛ nnɛn nga be su nunnun sa’n, be o lɔ.

Gran-Bassamu ti Klɔ kun m’ɔ o Atlantiki jenvie’n i nuan lɔ, laa, be si i sua’m be kplanlɛ ti, yɛ laa, ɔ ti Côte d’Ivoire i klɔ dan. Ɔ ti lika kun mɔ sran’m be kɔ lɔ be ko nian lika, yɛ jenvie nuan lika’m be ti klanman kpa, yɛ laa sa be o lɔ.

Korhogo klɔ wo nglo lɔ lika nun, sran’m be si i kɛ lɔ gua’n ti kpanngban, yɛ be le nzuɛn. Ɔ ti fɔkɔ ni'n tralɛ’m be yilɛ lika kun.

Man wo wia atɔliɛ lɔ, be si kɛ kɔnguɛ nun tranlɛ’n ni'n be nzuɛn i cɛn dilɛ’m be ti. Ɔ ti lika kun mɔ be yi aye ngo, ni'n potomo.",bau,unknown,validation,Baoulé,Google WaxalNLP
bau_KK_KK_BCI_2_117,KK,"Yamusuklɔ, asɔnu sua nga be flɛ i Basiliki Notre-Dame de la Paix, Ɔ ti mɛn nun asɔnun dandan’m be nun kun, ɔ o sa Côte d’Ivoire siesielɛ klɔ dan  su lɔ. Yɛ ɔ kplan Ymusuklɔ i viatɔliɛ lika liɛ nun lɔ, ɔ ni Ufue i sua be ti nu kilo nnan..",bau,unknown,validation,Baoulé,Google WaxalNLP
bau_KK_KK_BCI_2_175,KK,Bawin ti wobɛ be aliɛn fɛ kpa kun.,bau,unknown,validation,Baoulé,Google WaxalNLP
bau_KK_KK_BCI_1_38a,KK,Mɛtri bian i flua jɔjɔ su.,bau,unknown,validation,Baoulé,Google WaxalNLP
bau_JK_JK_BCI_1_63,JK,Be fa n'nan i pke n'nu ɔ yo ablahun,bau,unknown,validation,Baoulé,Google WaxalNLP
bau_JH_JH_BCI_1_72,JH,Sɛ e jɛ ya kun nun n'gnon ɔ yo abloso.,bau,unknown,validation,Baoulé,Google WaxalNLP
bau_RK_RK_BCI_1_5b,RK,Sran be su bosi'n be ya klɔ'n.,bau,unknown,validation,Baoulé,Google WaxalNLP
bau_JH_JH_BCI_1_26C,JH,Bla domi n'gna diɛ ɔ e mlinmlin kpa kɔkun ɔ e fɛ.,bau,unknown,validation,Baoulé,Google WaxalNLP
bau_RK_RK_BCI_1_27a,RK,Fenɛtri ɔ ti tikewa pandu i si'n nɔ.,bau,unknown,validation,Baoulé,Google WaxalNLP
bau_KK_KK_BCI_1_21c,KK,"Ɔtɔfɛ su kpɛkpɛ jaba, ni ndrɔwa nu.",bau,unknown,validation,Baoulé,Google WaxalNLP
bau_KK_KK_BCI_1_34b,KK,Adua i taamɛn tɔ i klun lɔ.,bau,unknown,validation,Baoulé,Google WaxalNLP
bau_RK_RK_BCI_5_248,RK,"Kɛ wo kun su sin waka’n nun lɔ’n, ɔ nin tui gualɛ lika kun be yiali. Ɔ kunndɛli kɛ ɔ́ sí ninnge nga be fa di junman’n, ɔ nin mannzin abonuan sɔ mun, ɔ maan ɔ tɔli .

i kunu. Kɛ ɔ́ nían lika’n nun’n, ɔ tɔli file kun su mlɔnmlɔn. Dosiɛ sɔ’n kpɛli i kplo’n, kpɛkun wo’n fali ya dan kpa. Ɔ jrannin seiin, kpɛkun ɔ toli i wunnɛn’n, ɔ siesieli i wun kɛ ɔ́ bó.

Sanngɛ kɛ ɔ tikeli i nuan’n kɛ ɔ́ kɔ́’n, ɔ wunnin kɛ blalɛ yɛ be fa yoli file’n niɔn. Wo i ɲinma’m be kwlá tɛtɛmɛn i bɔbɔ.

Wo fali ya dan kpa kɔkun e kpannin kɔkun e tuli n'zue. Sanngɛ file’n srili sa ngbɛn.

Dosiɛ’n seli kɛ: “A kwlá yoman min like tɛ.” 'Be fa blalɛ be yo mi. A ti wo sa ngbɛn.''

Wo’n i ɲannzuɛn kunnin i dan ti’n, ɔ wanndili. I mɛn dilɛ nun’n, ɲannzuɛn nin a kunmɛn i sɔ le.

Ndɛ sɔ’n i bo’n yɛle kɛ ɔ ti cinnjin kɛ a si ɔ kpɔfuɛ’n. Wo’n buli i kɛ ɔ le wunmiɛn, yɛ ɔ le wunmiɛn, sanngɛ ɔ nin blalɛ file’n be timan kun.",bau,unknown,validation,Baoulé,Google WaxalNLP
bau_JK_JK_BCI_1_46,JK,"Le mɔtshuɛ n'ga ɔ balɔ nun i wue tchin, via wa bo pka yɛ lika ɔ yo degre selsisi ablanan ni n'nan . N'zue ni tɔ man mlon mlon .Be n'ga be bo poku be wa kla bo y pka ɔni be n'ga be go n'gua guasu mun.",bau,unknown,validation,Baoulé,Google WaxalNLP
bau_JH_JH_BCI_1_1B,JH,Nanni ni didi.,bau,unknown,validation,Baoulé,Google WaxalNLP
bau_JK_JK_BCI_3_223,JK,"Afuɛ 2010-2011 nun Côte d’Ivoire lɔ be di li alɛ,  alɛ sɔ djuli kɛ be pkli nannan i pke ngnon su, 2010 nun. Bia i pklilɛ clicli  afuɛ blu nun. Be nga be wan ba gninmɛn be wan be faman sun kɛ ba gninmɛn nan nvle pkɛn ngbɛn Laurent Gbagbo m’ɔ su jaso’n., i su ndɛ’n i su akplowa silɛ’n. Ɔ ti politiki nin sonja’m be afiɛn ndɛnngan ng’ɔ boli i bo afuɛ 2002 Sɛptanblu nun’n.


Kannzɛ bɔbɔ Komisiɔn ng’ɔ nian nanan bia pkli wa sun be su’n ɔ nin mɛn wunmuan’n nunfuɛ’m be wunnin i wlɛ kɛ Alassane Ouattara yɛ ɔ kwlali’n, sanngɛ Prɛzidan Laurent Gbagbo waan yɔ kwlali, yɛ Conseil constitutionnel’n wan ɔ wunnin i wlɛ kɛ yɔ kwlali. Kɛ be afiɛn’n sacili anglo nnun’n, i agualiɛ su’n, afuɛ 2011 Avrili i le blu nu kun [11] su’n, kɛ sondja nga be flɛ be kɛ Républicains de Côte d’Ivoire’n be luli Abidjan’n nun, i agualiɛ su’n, be trali Laurent Gbagbo. Mɛ i le nsiɛn su’n, anuannzɛ nga be nian mmla’m be su’n, be seli kɛ Alassane Ouattara yɛ ɔ ti nvle’n i su kpɛn’n niɔn.",bau,unknown,validation,Baoulé,Google WaxalNLP
bau_KK_KK_BCI_1_19b,KK,Lika nga Kofi be kɔ tutuli wa kpu ekun.,bau,unknown,validation,Baoulé,Google WaxalNLP
bau_JH_JH_BCI_1_27A,JH,"Soi n'gna diɛ ɔ ti klanman, dan yɛ flɛɛ flɛɛ me o bo si yɛ.",bau,unknown,validation,Baoulé,Google WaxalNLP
bau_JH_JH_BCI_2_137,JH,"Gabon lɔfuɛ’m be si i nvle’n i lika nga be flɛ i kɛ parki’n, mɔ be sasa nnɛn nin waka nglanmannglanman mun’n.",bau,unknown,validation,Baoulé,Google WaxalNLP
bau_RK_RK_BCI_1_65,RK,Sɛ be fa mɔcuɛ be fa tata n'gluan su ɔ yo ablueso ni nyonn.,bau,unknown,validation,Baoulé,Google WaxalNLP
bau_RK_RK_BCI_1_29c,RK,Oka wo m'mua kpa.,bau,unknown,validation,Baoulé,Google WaxalNLP
bau_JK_JK_BCI_2_98,JK,"M'mla[2] ngnon: Sran kwlakwla ɔ le atin di like kwlaa ng'ɔ o ndɛ nga nun'n, ɔ kwla yo like kwlaa ng'ɔ kwla yo'n, ɔ fataman kɛ ɔ yo sran wafa kwlaa, annzɛ i wunnɛn kplo'n, annzɛ i bla annzɛ bian, annzɛ i aniɛn, i Ɲanmiɛn sulɛ wafa, i politiki akunndan annzɛ i akunndan uflɛ, annzɛ i nvle nun annzɛ i nvle nunfuɛ, annzɛ i aɲanbeun ninnge, annzɛ i awuliɛ annzɛ like uflɛ fi. sa uflɛ nun. Asa ekun'n, nvle annzɛ lika nga sran kun o nun'n, sɛ ɔ ti nvle kun m'ɔ le i bɔbɔ i wun'n, sɛ ɔ ti nvle kun mɔ be lafi i su'n, sɛ ɔ timan nvle kun m'ɔ le i bɔbɔ i wun'n, annzɛ sɛ ɔ le nvle kun m'ɔ le i bɔbɔ i wun'n, ɔ kwla yoman ngbaciɛ",bau,unknown,validation,Baoulé,Google WaxalNLP
bau_JH_JH_BCI_1_20A,JH,Sran ble ni si soi.,bau,unknown,validation,Baoulé,Google WaxalNLP
bau_JH_JH_BCI_2_135,JH,"Angola lɔ’n, be le kannien n’ɔue nin sika ɔklɛ kpanngban kpa, ɔ maan be sika ndɛ’n ti kpa.",bau,unknown,validation,Baoulé,Google WaxalNLP
bau_JK_JK_BCI_3_219,JK,"Abla Pokou (annzɛ Aura Poku, annzɛ Abraha Pokou) ti sran ble famiɛn bla kun m’ɔ fin afuɛ ya kpɔlɛ  blu ni mɔtchuɛ [XVIII siècle ]nun’n, ɔ dunnin Baouléfuɛ’m be gnrun andɛ Gana lɔ lika’n nun lele ɔ juli andɛ Côte d’Ivoire lɔ lika’n nun lɔ.


 Be waan ɔ fɛli i wa yasua kunngba  yili tɛ naan wa kpɛ nzue ba kun. Ndɛ mma “Baulé” nga e fa flɛ sran ng’ɔ dunnin be gnrun’n be anunman mun siɛn’n, ɔ fin i wa kunngba  mɔ fa yili sraka . Kɛ be yili ba i nzuenu , ɔ seli kɛ ""Ba-uli"", i bo’n yɛle kɛ ""ba’n wa wu"", i ti yɛ be flɛli i kɛ ""Baoulé""",bau,unknown,validation,Baoulé,Google WaxalNLP
bau_KK_KK_BCI_2_114,KK,"San-Pedro ni Abijan, be afiɛn ti nun kilo ya nnon. Kanan wa ju UTB gari ngɔ kɔ UTB, kɛ a fi'n Noom Hotel fite, to ɔ ti ja ngua lɔ, kɛ a kɔ kan akpɔ dan kun wolɛ.
Jransu lɛ nan fa loto kanngan fa kɔ Kumasi UTB gari.
Kanan a mu tu amu'n bo, ɔ fa miniti blu. Dɔ nga amu di ati'n nu, klua ju dɔ nnan.
Kɛ amu ju San-Pedro, ati'n ngɔ wo via i atɔliɛ lɔ, be klɔ nga be flɛ i Monogaga, wo kilo abla'n su.",bau,unknown,validation,Baoulé,Google WaxalNLP
bau_RK_RK_BCI_1_19b,RK,"Aya wa dua i tro fie, fie su lɔ.",bau,unknown,validation,Baoulé,Google WaxalNLP
bau_JH_JH_BCI_1_86,JH,Oka me nun dan kpa nɛ ɔ o ɛ.,bau,unknown,validation,Baoulé,Google WaxalNLP
bau_JK_JK_BCI_1_70,JK,Be fa blu i pkeblu ɔ yo yakun,bau,unknown,validation,Baoulé,Google WaxalNLP
bau_RK_RK_BCI_1_84,RK,"Aya ɔ ni kɔnnan be ta klusu kpangɔ su be fa kɔ suklu, kɔnnan yɛ ɔ juli lɔ i klikli suɔ ka nan aya wa ye i nyonn su fuɛ.",bau,unknown,validation,Baoulé,Google WaxalNLP
bau_JH_JH_BCI_3_221,JH,"Be i su yiyilɛ’n ti junman kun mɔ man klɔ sran’m me atin kɛ be fa be blɛ’n kɛ be yiyi be i su, naan ba fa be i a sie i ningne n’gna be lua do be’n me su ɔ. Be i su yiyilɛ’n ti be i su yiyilɛ junman’m be alobo dan’n i nun like cinnjin kpafuɛ’n: i bie yɛle kɛ, yalɛ n’gna be nin be biengu junman difuɛ daa’m be koko’n, mɔ be nin a sunnzunman’n, ɔ yo be i su yiyilɛ junman dan kpa junman dilɛ lɔ, sanngɛ ɔ timan be i su yiyilɛ nigne.
Fluwa sifuɛ fanunfanun be suannin be i su yiyilɛ’n i su nigee. Fluwa suanfuɛ  dandan sɔ fue me nunm e kla bo  Blaise Pascal duman. Kɛ ɔ fɛ i blɛ n’gna be flɛ i kɛ consommateur et loisir société’n, ɔ kakili sika nnɛ nun junman dilɛ lika kun m’ɔ su yo kpa’n, be flɛ i loisirs parcs ɔ nin jasin bolɛ nika’m me nnɛ’n.
Ɔ yi akunndan n’gna be bu i kɛ ɔ fata kɛ klɔ sran’m me fa be in sie i nigne uflɛ su’n, ɔ maan ɔ ti cinnjin kpa kɛ be kpɛ be sin nigne ngna ɔ ti cinnjin’n i sin. Be i su yiyilɛ’n ti nigne kun mɔ fa fɛ i i sie i wafa ngnɔ ti’n su sakpa.",bau,unknown,validation,Baoulé,Google WaxalNLP
bau_KK_KK_BCI_2_191,KK,Imamu be yɛ be ti nyamiɛn flɛfuɛ be su kpɛn mu ɔ.,bau,unknown,validation,Baoulé,Google WaxalNLP
bau_RK_RK_BCI_1_35c,RK,Suklu lɔ pɔmu ɔ yo fɛ.,bau,unknown,validation,Baoulé,Google WaxalNLP
bau_JH_JH_BCI_5_247,JH,"Blɛ kun nun’n, pepe kun o lɛ m’ɔ bu i wun akunndan kpa i doi kle i yalɛ. Ɔ wunnin kɛ ɔ ti kan i, yɛ ɔ timan klanman, kɔkun ɔ kunɛ  fa fia. Cɛn kun’n, ɔ blo adoi kun m’ɔ lɛ doi tinnin kpa’n. Ɔ maan ɔ bisali blo adoi sɛ ɔ klua gnan i dua’n i bue kun naan w’a kata i bo’n su o.
Nzɔliɛ like nga pepe srɛli’n, ɔ yoli blo ɛdoi  i fɛ. “?Nzue ti yɛ man ɛ knnnɛ min kokowe’n non?” ɔ bisali sɔ. “Ɔ ti tindin kpa, yɛ ɔ ti kekle. N tɔ su titi.
Blo adoi tɛli i su kɛ: “Sanngɛ ɔ ti klanman kpa.” “Kɔkun ɔ fía min tɛ nika mɔ o ’n i sin lɔ.”
Blo adoi’n tɛli i su kɛ: “Ɔ ti kpa kɛ n fa min doi sin ojue’m be nun tra kɛ’n  fa i nun nzɔliɛ nigne’n  man ɔ’.” “Mi yoman nigne fi manman ɔ maan ɔ diɛ nan  yo klanman a  tra min’n diɛ.”
Pepe i sa sin bubu li sangɛ sanngɛ ɔ wunnin blo adoi’n i akunnnan’n i nanluɛ. E si kɛ e su yoman klanman kɛ blo adoi sa le.
Nnɛ’n i bo’n yɛle kɛ: ka sran wafa ngna ɛ ti nun sɔ naan fa ɔ wun sunnzun sran uflɛ. Kɛ nga amun fa ti’n sa’n, an ti sɛsɛ kɛ ngnɛ an gno lɛ sa.",bau,unknown,validation,Baoulé,Google WaxalNLP
bau_RK_RK_BCI_2_157,RK,"Klɔ nga be flɛ i kɛ Abijan’n, mɔ be flɛ i kɛ, Ébrié mgbandan sin nun, lika nga andɛ ninnge’m be nin lã ninnge’m be bo bolɛ’n be sansan be wun’n.",bau,unknown,validation,Baoulé,Google WaxalNLP
bau_RK_RK_BCI_1_74,RK,Sɛ be cɛ kun nu n'nnan be fa tata ablaun su ɔ ye n'nu.,bau,unknown,validation,Baoulé,Google WaxalNLP
bau_JK_JK_BCI_2_154,JK,"DJ Arafat fali kupe-dekali’n i nzɔliɛ, I jue nga sran’m be klo i kpa’n, be nun kun yɛle benin?

DJ Arafat i jue nga be ti cinnjin kpa’n be nun’n, i kun yɛlɛ“Moto Moto”, mon yoli kpa dan Côte d’Ivoire lɔ’n, ɔ nin mɛn wunmuan’n nun’n, mon yoli maan ɔ yoli coupé-décalé legend’n i kpa ekun’n.",bau,unknown,validation,Baoulé,Google WaxalNLP
bau_JH_JH_BCI_1_3C,JH,E lɛ nigne ngnon.,bau,unknown,validation,Baoulé,Google WaxalNLP
bau_KK_KK_BCI_1_22b,KK,"Fɛtri nga nu, Dao ngumi yɛ ɔ kunni nnɛn ɔ.",bau,unknown,validation,Baoulé,Google WaxalNLP
bau_KK_KK_BCI_1_59,KK,"Andɛ lika liɛ e wun mɛn ika. Kɔ fa i aliɛn'jɛnniɛnsu mɔ fa ju midisu, nzue klua tɔ, i si'n kasiɛn via wa bo lee sɛn'zɛ fɛ tɔ.",bau,unknown,validation,Baoulé,Google WaxalNLP
bau_RK_RK_BCI_1_55,RK,Andɛ lika liɛ wa do kpa yɛlɛ kɛ via'n wa bo trasu yɛ lika dolɛ i kan'n yɛlɛ [70°] degre ablueso ni n'so i ku'n su angban su tuman dan.,bau,unknown,validation,Baoulé,Google WaxalNLP
bau_KK_KK_BCI_1_41,KK,"Mɔnnɛn cɛnba n'nyon su, lika n'do lee fa ju degle blu ni nyon su. Kpɔkun kɛ be se kɛ ndɔsua nu dɔ n'nan su, via tɔ, yɛ lika jɔ jran degle n'glansu.",bau,unknown,validation,Baoulé,Google WaxalNLP
bau_KK_KK_BCI_1_66,KK,Be cɛ ablesiɛn nu nnyon ɔ yo ablasan,bau,unknown,validation,Baoulé,Google WaxalNLP
bau_KK_KK_BCI_1_5c,KK,Nanan I kponhan wo amango bo lɔ.,bau,unknown,validation,Baoulé,Google WaxalNLP
bau_JK_JK_BCI_4_233,JK,"Didier Drogba, be wuli i Abidjan lɔ, sran sunman be bu i kɛ sran ble’m be balɔn tofuɛ dan kpafuɛ’m be nun kun yɛ ɔ o lɛ ɔ. Kɛ ɔ fɛ i kan’n, ɔ kleli kɛ ɔ le ninnge kpa, naan ɔ klo ngowa kanlɛ kpa. Ɔ dili i bakan nun blɛ’n i bue nvle uflɛ nun lɔ, lɔ yɛ i manmanmi nianman bian m’ɔ ti balɔn bofuɛ kpa laa’n, ɔ kleli i like kpa ɔ.
Drogba boli i junman’n i dilɛ bo nvle uflɛ nun lɔ, ɔ boli jue klɔ fanunfanun nun. I junman ng’ɔ dili’n, ɔ yoli maan anuannzɛ dandan nga be o lɔ’n, be fali be nyin sieli i su.
I sin’n, ɔ ɔli Anglɛ lɔ naan w’a bo poku. I lɛ nun’n, ɔ yoli ninnge kpanngban. Be flɛli i kɛ ""ultimate big game player"" kɛ ɔ kwla to poku kpa kinnjin kpa'm be nun'n ti.
Drogba kusu boli i nvle’n i nun poku. Ɔ fali i nvle’n i nunfuɛ’m be nun sunman be wlali be nun, kpɛkun ɔ dili junman cinnjin kpa naan b’a kwla di junman kpa. Sɛ e fa i balɔn tolɛ’n e sie i sin’n, sran’m be si kɛ Drogba ti sran m’ɔ yo sran’m be ye’n. Ɔ takali “Drogba Fondation” m’ɔ nian suklu dilɛ’n, nin juejue yolɛ’n, ɔ nin bla’m be kwlalɛ’n be su’n. Like ng’ɔ yoli naan fɔundi nin mɛn’n w’a yo kpa’n, ɔ yoli maan ɔ yoli sran dan lika kwlaa.
Drogba yakili balɔn tolɛ afuɛ akpi ngnon ni blu ni mɔtchuɛ[ 2018] nun sanngɛ ɔ te yo sran dan kpa sipɔri nin sran’m be ukalɛ’n nun. I aja’n kɛ balɔn tofuɛ dan kun sa’n, ɔ nin sran’m be kakilɛ’n i su kpɛn’n, ɔ te o lɛ kpa.

Didier Drogba i n'dɛ ti talan, akplowa silɛ, ɔni i akpoe kɛ eyo like kpa min nu. I atin’n m’ɔ fali’n, ɔ fin Abidjan lɔ gbanflɛn kan lele m’ɔ fa ju mɛn wunmuan’n nun balɔn tofuɛ’m be nun dan’n, ɔ wla sran fanngan kpa.",bau,unknown,validation,Baoulé,Google WaxalNLP
bau_RK_RK_BCI_1_58,RK,Andɛ liɛ angban wa fita lele lika fa jɔ yɛ ɔ yo dɔ  [16km/h] kun kilometri blun ni n'siɛn.,bau,unknown,validation,Baoulé,Google WaxalNLP
bau_KK_KK_BCI_1_15b,KK,jenvie sin bo ble I bo lɛ.,bau,unknown,validation,Baoulé,Google WaxalNLP
bau_JH_JH_BCI_1_9A,JH,Sran bie a fu kuman kangnan [4] n'nan mɔ be o soi y afiɛn.,bau,unknown,validation,Baoulé,Google WaxalNLP
bau_KK_KK_BCI_1_52,KK,Djuakle anglo ngɔ ba lika waa dɔ kpa liɛsu. Lika klua do lee fa ju degle ablesan ni kun [31°C].,bau,unknown,validation,Baoulé,Google WaxalNLP
bau_RK_RK_BCI_1_47,RK,"Lemɔcuɛ n'ga liɛ ɔ ti n'zue lemɔcuɛ kpli kpa kun. 
N'zue tɔ kissie lele monnin. Arɛ wa yo dan i sɔ ti amu wla arɛ tralɛ m'mu.",bau,unknown,validation,Baoulé,Google WaxalNLP
bau_RK_RK_BCI_1_94,RK,Sran n'nu be juli sɛsɛ dɔ n'nu ni bue su yɛ be tranli bia n'nu su sɛsɛ.,bau,unknown,validation,Baoulé,Google WaxalNLP
bau_KK_KK_BCI_2_168,KK,"Atshɛkɛ,

Garba,

Kedjenu,

Plakali,

Manda aliɛ,

Sukuya,

kongode,

Duo aliɛ,

Aloko,

Bawin, Kpleba, Klaklo, To,",bau,unknown,validation,Baoulé,Google WaxalNLP
bau_JH_JH_BCI_2_177,JH,"Ajuie ng’ɔ ti ngna’n, ɔ ti kodivoiri lɔ aliɛ kun mɔ sran’m be klo i kpa cɛn dilɛ blɛ nun ɔn.",bau,unknown,validation,Baoulé,Google WaxalNLP
bau_JH_JH_BCI_2_150,JH,"?Afuɛ [2012] akpi n’gnon ni blu ni n’gnon nun’n, kɛ be nin Chelsea bé boli Ligue des Champions  wan yɛ ɔ boli ?
Didier Drogba yɛ ɔ loi li bi’n nonn.",bau,unknown,validation,Baoulé,Google WaxalNLP
bau_JH_JH_BCI_1_33A,JH,"Katajua kun djilɛ kukun i bue ti ɔklɛ i bue ti ufue, i bue ti ble.",bau,unknown,validation,Baoulé,Google WaxalNLP
bau_JK_JK_BCI_2_158,JK,Pɔn Alassane Ouattara ɔni Abidjan katie be ja nun yɔ ɔ wɛ i dja n'zueba kun nun lɔ .,bau,unknown,validation,Baoulé,Google WaxalNLP
bau_RK_RK_BCI_4_225,RK,"Alemaɲin lɔ laa sa’m be nun’n, Kulturkampf (klɔ sran’m be nzuɛn’n i su alɛ’n) ti politiki alɛ kun m’ɔ dili afuɛ nso [kɔ fɛ afuɛ akpi kun  ya mɔcuɛ ablueso ni ku'n bɔ faju akpi kun ya mɔcuɛ ni ablueso ni mɔcuɛ] Alemaɲin lɔ Katoliki asɔnun’n i su kpɛn’n, ɔ nin Prusse Famiɛn diwlɛ’n mɔ yɛlɛ Chancelier Otto von Bismarck yɛ ɔ sie i su’n, be afiɛn. Politiki ndɛnngan ng’ɔ tɔli Prusi lɔ asɔnun’n nin awa’n be afiɛn’n, yɛle kɛ asɔnun’n sie suklu dilɛ’n nin asɔnunfuɛ’m be junman dilɛ’n be su trele Prusi lɔ Famiɛn diwlɛ’n nun lɔ, afien ɔ ti Rɔmu lɔ Katoliki nvle nin nvle kun. Asa ekun’n, sɛ e fa asɔnun’n nin nvle’n be afiɛn ndɛnngan uflɛ nga be tɔli politiki nun’n e sunnzun Prusse lɔ Alemaɲin lɔ Kulturkampf’n, ɔ yoli maan sran’m be kpɔli Polognefuɛ mun wie.",bau,unknown,validation,Baoulé,Google WaxalNLP
bau_RK_RK_BCI_1_26c,RK,Manku be gua gbogbo nu.,bau,unknown,validation,Baoulé,Google WaxalNLP
bau_RK_RK_BCI_1_34a,RK,Alua su i fuɛ su be su kɔ fiesu.,bau,unknown,validation,Baoulé,Google WaxalNLP
bau_JH_JH_BCI_2_119,JH,Abijan nɔ ti wa klɔ me nun dan non kɔkun lɔ ɛ asɔnu nun dan dan ni gnamiɛn flɛlɛ soi me sonni non.,bau,unknown,validation,Baoulé,Google WaxalNLP
bau_JK_JK_BCI_2_164,JK,Notre-Dame de la Paix i asɔnun sua’n wo Yamoussoukro m’ɔ ti Côte d’Ivoire i politiki klɔ dan’n su lɔ.,bau,unknown,validation,Baoulé,Google WaxalNLP
bau_RK_RK_BCI_1_2b,RK,Balɔn wa tɔ buɛ nu.,bau,unknown,validation,Baoulé,Google WaxalNLP
bau_JH_JH_BCI_4_226,JH,"Annɛ asiɛ’n i su nigne suanlɛ’n ti nigne suanlɛ kun m’ɔ fa nigne kluaa, mɔ kunnɛ kɛ ɔ’n gnu asiɛ’n i luɛ kpa’n, ɔ nin sran nin ninnge’m me nun sa kekleekle’me kluaa nu, nan nika ngna ninnge me o i gnunmin yɛ ɔ yo nan, ɔ suan wafa ngna be yi karti’me bie yilɛ, sanngɛ wafa ngna nigne me kaki kaki li mun. I nun mɔ be suan asiɛ’n i su nigne, be unnin i luɛ kɛ be nigne klelɛ’n ti nigne kun mɔ be sin nun’n, ɔ ti “sran nin ninnge me su nigne silɛ’n be afiɛn’n.” Nan kɛ kartografi [karti’m me su nigne suanlɛ’n]  i umi nigne suanlɛ tiɔ. [Grille questionnaire], m’ɔ nin karti me sun nigne suanlɛ be kɔ nikaluɛ’n, ɔ yo maan be klua kaci nigne me su nigne suanlɛ’n, nika’n i nun nianlɛ’n, kɔkun be yiyi nigne ngna ti yɛ e gnun sa sɔ’n annzɛ sa sɔ’n i wa, mɔ e a gnunmɛin i lika uflɛ lɔ nun. Ɔ maan, asiɛ’n i su nigne’n fa i gnrun mantan nigne nga ti yɛ sa sɔ’me ju asiɛ sun non, ɔ nin sran’m me diɛ’n; yɛ kɛ be wun kɛ be afiɛn’n ti nun’n, i agualiɛ nun. Nan karti nin nika’m me su nige suanlɛ gnunmin yɛ asiɛ’n i su nigne suanlɛ’n ti ɔ; ɔ ti nigne suanlɛ kun mɔ nian wafa ngna sran'm me nvle'm be nin be lika'n be afiɛn'n ti kekle'n. Ɔ yo maan e un wafa ngna asiɛ’n i wafa’n, nin nika’n i nun ninngne’m be yo maan sran’m be yo kpa’n, mɔ be tu ajalɛ’n, mɔ be yo kpa’n, i luɛ. Kɛ ɔ fɛ i sran ble me man’n nun aaluɛ flɛinnɛin’m be nun lele mɔ fa ju Arctique lɔ glacier dandan’m be su’n, asiɛ’n i nika kluaa kan wafa ngna sran’m me kaki be nzuɛin’n, ɔ nin wafa ngna be kaki be ɔn. Kɛ mɔ ɔ ti nika nin nika’m be su nigne silɛ’n ti, asiɛ’n i su nigne’n di junman cinnjin kpa blɛ sɔ’n nun nnɛ’m be siesielɛ nun. Kɛ be un man unmuan’n nun sa kekleekle kɛ nika’n i kakilɛ’n, klɔ’m me nun dan yolɛ’n annzɛ aliɛ dilɛ’n, ɔ man ninngne cinnjin kpa mɔ be klua fa nian nun naan ba klua bu wafa nga ɔ yo sran mun nin nika’m me su’n i akunndan’n. Be ngna be suan asiɛ’n i su nigne’n, be fa ninngne kɛ telefɔnu nin asiɛ’n i su nnɛ’m be siesielɛ wafa sa’n. Be di junman naan b’a yi ninnge ngna be klua yo naan asiɛ’n na sakiman’n, naan ba klua di asiɛ’n sufuɛ’m be sa nun ninngne ngna be su yo dan’n. I agualiɛ su’n, asiɛ’n i su nigne suanlɛ’n flɛ sran mun kɛ be un wafa ngna man’n ti fanunfanun’n, ɔ nin wafa ngna be afiɛn’n ti nun’n, be luɛ kpa. Ɔ kpɛin e lua kɛ nika kluaa, ɔ nin i wafa ngna ti i diɛ gnunmin’n, ɔ uka man unmuan’n nun mozaiki’n su. Kɛ e suan nika’m be su nigne’n, ɔ nin sran me nzuɛin’n, ɔ nin sika nnɛ’n, e un wafa ngna e lɔ ninnge’m be yo’n i luɛ kpa man unmuan’n nun. Man ngna nun’n, sran’m be afiɛn’n ti nun kpa’n, asiɛ’n i su nigne suanlɛ’n ti kɛ atin klefuɛ sa, ɔ lua e fanngan kɛ e nian man unmuan’n nun kpa naan e di junman naan cɛin bie lele’n, sran’m be nin be nika’m be afiɛn’n wa yo kpa.",bau,unknown,validation,Baoulé,Google WaxalNLP
bau_KK_KK_BCI_2_183,KK,"Kɔnguɛ nzue anglo  nu, CEDEAO i anyia blɛ nu Abuja lɔ, be fali Jean-Claude Kassi Brou kɛ CEDEAO i Komisiɔn i su kpɛn ekun.",bau,unknown,validation,Baoulé,Google WaxalNLP
bau_KK_KK_BCI_2_178,KK,"Kongode, ye fɛ tra placali nvuɛn.",bau,unknown,validation,Baoulé,Google WaxalNLP
bau_KK_KK_BCI_1_62,KK,Kun uka nnyon su ɔ yo nsan.,bau,unknown,validation,Baoulé,Google WaxalNLP
bau_JH_JH_BCI_5_248,JH,"Ni wo kun’n sin waka’n nun lɔ, kɔkun ɔ juli nika kun mɔ be blɛ kɛ tui gualɛ nika. Ɔ kunnnɛli kɛ ɔ si ninngne ngna be fa di junman’n, ɔ nin mannzin ngna be ti abonuan’n, ɔ maan ɔ luli lɔ . Kɛ ɔ nian nika’n nun’n, ɔ tɔli limu kun su. Limu sɔ’n kpɛli i kplo’n, kɔkun wo’n fali ya dan kpa. Ɔ jrannin seiin, kɔkun ɔ toli i wunnan’n, ɔ siesieli i wun kɛ ɔ mɔ ka sa.

Sanngɛ kɛ ɔ tikeli i nuan’n kɛ ɔ ma ka limu, ɔ wunnin kɛ blalɛ yɛ be fa yoli limu’n non. Wo i bɔbɔ wunni kɛ ɔ klua yo man kɛ ɔ yo nian.
Wo fali ya dan kpa kɔkun ɔ kpannin kɔkun ɔ tuli n'zue. Sanngɛ limu’n srili sa ngbɛin.
Limu’n seli kɛ: “Ɛ kwlá yoman min nigne tɛ.” 'Be fa blalɛ yɛ be fa yili mi non. Ɛ ti wo sa ngbɛin.''

Gnannzuɛin kunnin wo i dan ti’n nan ɔ wanndili. I man dilɛ nun’n, gnannzuɛin nin aa kunmɛin i sɔ le.

Nnɛ sɔ’n i bo’n yɛle kɛ ɔ ti cinnjin kɛ ɛ si ɔ kpɔfuɛ’n. Wo’n buli i’n kɛ ɔ lɛ fangnan, yɛ ɔ le fangan, sanngɛ ɔ nin blalɛ limu’n be timan kun.",bau,unknown,validation,Baoulé,Google WaxalNLP
bau_KK_KK_BCI_1_96,KK,"Bla nsan clicli su nga be lua li nzue nu asɔnu lɔ, kun ti afun fuɛ.",bau,unknown,validation,Baoulé,Google WaxalNLP
bau_JK_JK_BCI_2_210,JK,"Kofi ɔ su sren i wa i Klada. 
Mi baba sumanli mi kɛ n kɔ to jende.
Adjua yo latiklɔ i atɛ.
Jean wa saki baba i lɛngɛli.
Kodoblibli wa sakili e clɔ I atin nu.
Bakangan be ton tɛ kɛ arɛ ɔba.
Vincent wa fɛ i akɔ mu wa fa wɛ i koklo nun.
Afue ɔ fali i tro nga ɔkɔ titili ɔ fa wɛ i ndede nun.
Blu wa yo i srala nan ɔ fa wa i anuan nu.
Kɛ ye yoli fiesu, Manmi ɔ lololi i wa donman.
Kɛ arɛ ɔ kɔ ba bakanngan mu be ton tɛ   
Ngluan wɔli fiesu kponzue bobolɛ
Lalafuɛnu sran be lua ahangba
Kondoblibli ngnon [2] be jali nu klɔ i angɔda i sulɔ
Amoin faa fitaliɛ yɛ ɔ fa fita duo nion
Be bali e nwa sanngɛ be wa tu ajalɛ
Kwasi manni I wa Amlan jɛtɛma kɛ ɔ fa kɔ to gbofloto
Ndri ba kisie cɛn wabo wa yo figolo atɛ
Babla kanngan mun be to gblagla",bau,unknown,validation,Baoulé,Google WaxalNLP
bau_RK_RK_BCI_1_80,RK,Miliɔn kun gua gua ku'n ni n'nu su ɔ yo akpi ya nyonn.,bau,unknown,validation,Baoulé,Google WaxalNLP
bau_KK_KK_BCI_1_40b,KK,Fa kloya nsiɛn ngɔ wo tabli su fa jɔjɔsu.,bau,unknown,validation,Baoulé,Google WaxalNLP
bau_RK_RK_BCI_1_77,RK,Be cɛ n'san nu n'nann be fa tata ya kun ɔ ni ablaun su ɔ yo ablaun'nglan.,bau,unknown,validation,Baoulé,Google WaxalNLP
bau_RK_RK_BCI_3_216,RK,"Ɔ timan pɔpɔ kɛ Prix Nobɛli’n yo politiki nun like cinnjin kpa kun, kpɛkun wie liɛ’n, ɔ yo kɛ be faman awa nga be sie sran mun kekle’n be su. Nanwlɛ, fluwa klɛfuɛ kpanngban mɔ be tuli be lomuɛn’n, nin be nga be nin Ɲanmiɛn be nantiman’n, nin be nga be yoli ɲin kekle’n, mɔ be kleli be yalɛ’n, annzɛ be tanninnin be fluwa’m be yilɛ be nvle’n nun’n, be ɲannin akatua, kɛ Migɛli Ánjɛli Asturias, nin Boris Pasternak, nin Pablo Nɛruda, nin Alɛksandri Solzɛnitsin, ɔ nin Gao Xingjian[2,3 ] nyon ni n'san sa.

Fluwa siefuɛ'm be prili  Nobeli  manman fluwa klɛfuɛ mun, nin fluwa klɛfuɛ mun, nin poɛti mun, ɔ nin jue tofuɛ mun tra be kwlaa. Sanngɛ, be nga be kwlali’n be nun’n, ngwlɛlɛ sifuɛ nsan be o nun wie: Rudɔlf Klistɔfu Eukɛn nin Anri Bɛrgsɔn sanngɛ Jean-Pauli Sartre m’ɔ ti ngwlɛlɛ sifuɛ nin fluwa klɛfuɛ’n, m’ɔ kplinnin su’n, ɔ o nun wie; matematikifuɛ kun m’ɔ yoli maan sran’m be sili siansi’n (Bɛrtran Risɛli); laa sa’m be su like suanfuɛ kun (Teodɔru Mɔmsɛn); nvle siefuɛ kun (Winstɔnun Cɛrsili, ɔ ti sran dan wie politiki ndɛ ng’ɔ kan’n ti); ndɛ kanngan klɛfuɛ kun (Alisi Munro); ɔ nin jue tofuɛ kun (Bɔbu Dilan).
Afuɛ kwlaa i awieliɛ lɔ’n, Suɛdi lɔ suklu dan’n yɛ ɔ man sran’m be akatua Nobɛli6 ɔ. I sɔ’n ti’n, ɔ fata kɛ be fa be dunman’n be sie i like suanlɛ dandan’m be nun, ɔ nin nvle’n nun nin nvle uflɛ nun fluwa klɛfuɛ’m be anuannzɛ’m be nunfuɛ uflɛ’m be ukalɛ’n su, ɔ nin inivɛsite lɔ like klefuɛ dandan nga be kle fluwa’m be like’n, ɔ nin aniɛn’n, ɔ nin aniɛn’m be su like klelɛ’n, ɔ nin be nga be ɲannin akatua’n laa’n, annzɛ bɔbɔ fluwa klɛfuɛ’m be anuannzɛ’m be su kpɛn mun, mɔ be ti be nvle’m be nun fluwa klɛfuɛ’m be nzuɛn’n i nzɔliɛ’n6. Akademi sɔ’n ti Komite Nobɛli (m’ɔ nin Fondasi Nobɛli be o nun’n) i nunfuɛ nnun, be fali be sieli be su afuɛ nsan7. Fluwa sifuɛ nnun sɔ’m be nian fluwa klɛfuɛ nga be fali be dunman’n nvialiɛ nun naan b’a ɲan akatua sɔ’n, be ndɛ’n nin wafa nga be kwla di junman sɔ’n7.

Ɔtɔmun blɛ nun’n, be fa Komite’n i fluwa kun be ko man adrɛsi kɔe 700 naan be fa ko man be afuɛ ng’ɔ́ bá lɛ’n nun’n7. I sɔ’n ti’n, sran annzɛ anuannzɛ kwlaa nga be nin be koko yalɛ’n, be man sran’m be dunman kpanngban be listi7. Be man be afɔtuɛ kpa kɛ be yiyi nun kpa, be yiyi nun annzɛ be wla be fanngan kannzɛ bɔbɔ Fondation Nobel i mmla’m be seman kɛ be yo sɔ7. Sanngɛ, sɛ be kwla ɲan akatua’n, be tannin sran nga be flɛ be kɛ canvassed’n be kɛ nán be bɔbɔ be vote7. Afuɛ kwlaa nun’n, be fa dunman kɔe 350 be man Komite’n i nunfuɛ mun, kpɛkun kɛ ɔ fɛ i Fevrie i le 1 su’n, be nunnun be, kpɛkun Avrili 6 nun’n, sran blu-nin-nun lele ablaɔn cɛ yɛ be ka lɛ ɔ.

Be dun mmua fa sran klikli sɔ’n be ko man Akademi’n i nunfuɛ kwlaa nga be man afɔtuɛ’n7. Mɛ i awieliɛ lɔ’n, Komite nga be flɛ i kɛ Nobɛli’n, ɔ klɛ sran nnun be dunman kasiɛn kun, kpɛkun fluwa sifuɛ dandan kwlaa nga i sin’n, ɔ fata kɛ be kle sran ng’ɔ́ fá akatua sɔ’n, be kplin su6. Sɛ fluwa nga be waan bé klɛ́’n, be nun kun w’a fiteman aniɛn nga jɔlɛ difuɛ’m be dan lika be kwla wun i’n nun’n, Akademi’n kwla se kɛ be kaci i aniɛn ngunmin kun7. I wafa kunngba’n, sɛ fluwa klɛfuɛ kun mɔ be fali i dunman’n be sieli i nzɔliɛ’n, Komite’n simɛn i sanngɛ ɔ yo kɛ ɔ nin i fata kɛ be mɛn i akatua’n, Fondation Nobel sunman sran nga be si like sɔ’n kpa’n, naan be kle Akademi’n i junman’n i dan’n7.

Kɛ be ko suan fluwa klɛfuɛ nga be si akplowa’n be fluwa’m be su like kpa’n, blɛ mɔ lika’n ti mlanwa’n, jɔlɛ difuɛ’m be siesie ndɛ kanlɛ kpanngban7. Ɔ yo blɛ sunman kɛ fluwa klɛfuɛ kun i fluwa nga be bo be dunman kpɛ sunman’n, be dun mmua kanngan be nun7. I lɛ nun’n, Akademi’n bu fluwa klɛfuɛ nga be fali’n i fluwa uflɛuflɛ’m be akunndan7. Kɛ be wie ndɛ’m be kan’n, Ɔktɔblu i bo bolɛ nun’n, jɔlɛ difuɛ’m be yo vote7. Sran ng’ɔ ɲan vote’m be bue tra su’n, be se kɛ ɔ ɲannin akatua’n. Be nga be kwlá diman junman sɔ’n, be nun nnan be klɛ be dunman ekun afuɛ ng’ɔ́ bá lɛ’n i nun sran’m be nun2. Asa ekun’n, kɛ be fa ajalɛ ng’ɔ ti i liɛ ngunmin’n, kɛ nga be fa man sran nɲɔn annzɛ be kwlaa be akatua’n sa’n, jɔlɛ difuɛ’m be kwla kpɛ mmla’n i sin wie. I sɔ junman dilɛ wafa’n ti kunngba’n Prix Nobel i wafa onga’m be kwlaa be nun.

Ɔktɔblu nun’n, kɛ bé kán ndɛ klé zronalifuɛ mun Börshuset sua’n nun lɔ’n, m’ɔ o Stockholm klɔ laa’n su lɔ’n, Akademi’n i fluwa klɛfuɛ ng’ɔ di junman titi’n, ɔ yili sran ng’ɔ́ fá sika sɔ’n mán’n i nglo. Be fali ndɛ nga be kannin’n, ɔ nin sran nnun be dunman kasiɛn’n be sieli i nvialiɛ nun afuɛ 508. Ɔ maan fluwa klɛfuɛ’m be kan sran ng’ɔ kwlali’n i dunman’n i ndɛ.

Kannzɛ bɔbɔ sika nga be fa man sran’n, ɔ kacili i laa’n, sanngɛ andɛ’n, ɔ ti Suɛdu lɔ sika miliɔn 10, yɛle kɛ ɔ ti kɛ euro miliɔn kun sa9. Sran kwlaa nga be mɛnnin i akatua’n, Suɛdi lɔ famiɛn’n mannin i sika ɔkwlɛ medali’n nin Fondation Nobel i diplɔmu’n, kɛ bé fá akatua’n mán sran mun Desamblu i le 10 su Stockholm lɔ’n, mɔ yɛle Alfrɛdi Nobɛli i wie cɛn’n. I klikli nun’n, ɔ fata kɛ sran ng’ɔ kwlali’n, ɔ kan ndɛ kun kle Suɛdi lɔ suklu dan’n i nunfuɛ mun, kpɛkun ɔ yiyi i junman’n nin like ng’ɔ kunndɛ kɛ ɔ́ yó’n be nun.

Kɛ ɔ fɛ i kɛ be yili i’n, akatua sɔ’n w’a ɔ bla 17 nin Suɛdi lɔ Akademi’n i nunfuɛ nnun be sa nun, be fali be ka naan b’a ɲan be akatua’n annzɛ kɛ b’a ɲan be akatua’n9. Sran kpɛnngbɛn kpafuɛ ng’ɔ ɲannin akatua sɔ’n yɛle Doris Lessing (1919-2013), be mɛnnin i akatua sɔ’n afuɛ 2007 nun, ɔ le afuɛ 87, ɔ le anglo 11, ɔ le cɛn ba 19. Sran ng’ɔ kwlali’n, i nun kaan kpafuɛ’n yɛle Rudiard Kipling (1865-1936), be mɛnnin i afuɛ 1907 nun, i nun m’ɔ le afuɛ 41.",bau,unknown,validation,Baoulé,Google WaxalNLP
bau_JH_JH_BCI_1_26A,JH,Domi  ma ɔklɛ [10] blu be o kpongbo nun.,bau,unknown,validation,Baoulé,Google WaxalNLP
bau_KK_KK_BCI_2_150,KK,"Kosan: ?Balon bofuɛ beni ɔ fali cupu afuɛ akpi nnyon ni blu ni nnun [2015] nion?

I su tɛlɛ: ?Balon bofuɛ nga kɔ fa cupu i afuɛ akpi nnyon ni blu ni nnun [2015] yɛ lɛ Yaya Ture?",bau,unknown,validation,Baoulé,Google WaxalNLP
bau_KK_KK_BCI_1_14a,KK,Bo tin wa,bau,unknown,validation,Baoulé,Google WaxalNLP
bau_JH_JH_BCI_5_253,JH,"Cɛn kun’n, anglo’n sunmannin nnan kpanngɔ kaan kun sran’m me wun nɔ. Ɔ seli i kɛ: “Kɔ sran’m me wun lɔ, ko se be kɛ mi’n  wu naan ‘n cɛin. Be wu yɛ be sa be sin nguan nun bie.
Kakaa’n boli kɔlɛ bo, sanngɛ nnan kpanngɔ kun wanndili ɔli, ɔ biɛli kɛ: ?Nin yɛ ɛ’n kɔ non?
Kakaa’n seli kɛ: “Mi’n  kɔ sran’m me wun nɔ.” Anglo’n seli min kɛ n se be kɛ ɔ’n wu naan ɔ saci nguan. Be wu, kɔkun be sa be sin nguan nun ekun. 
Gbanmlɔ seli kɛ: “N wanndi nnɛnnɛ tra ɔ kpa.” Maan n ɔ i osu nun. 
Kakaa’n kplinnin su yɛ nnɛn’n wanndili ɔli sran’m me wun nɔ. Kɛ ɔ juli lɔ’n, ɔ seli kɛ, “annglo’n wan n’ se amu kɛ ɔ ma wu naan ɔ’n baman nguan nun kun.” Ɔkussu.
I sɔ’n yoli sran’m be ya dan. Be kunnɛman kɛ be wu. Be wanndili be ɔli anglo’n i wun nɔ, kɔkun be bisali sɛ ɔ ti nanluɛ o.
Anglo’n fali ya dan kpa. “Kpanmlɔ sɔ’n buli ɔ ato!” ɔ seli sɔ. N’wu, sanngɛ nan’n sa’ n sin nguan nun titi. Kɛ amun sa.
Anglo’n fali waka kun, kɔkun ɔ boli nnan kpanngɔ’n i nuan. Kɛ ɔ fɛ i lɛ’n, nnan kpanngɔ’n i bue tili.Daa cɛin kun, kpeungbe kun uni jɛjɛ kun mɔ ni ɔ ti iwa ni baka mma ngna ba ti kpa kɔkun ba blo. Yɛ i wan ɔ yonan sɛ ɔ klua ti ɔ sangɛ ni baka i sama me o nglo dan kpa. Kɛ ɔ uni i sɔ yɛ ɔ seli aklɛmia mɔ ni ɔ ɔn si baka sama kun sulɛ kɛ ɔ ukɛ nan ɔ ti baka mma bie, nan sɛ e ti e jɛnu. Kɛ ɔ e sɔ nin aklɛmia fuliɔ yɛ ɔ tili baka mma kpankpan kpa guali yɛ kɛ baka mma me tɔtɔ li asiɛn  ɔn mɔ ɔ jarali asiɛn ɔn, ɔ isali baka m’ma i kluaklua fiali yɛ ɔ se kɛ, ɔn bɔbɔ ɔn isa be fa fia.
Kpeungbe i lua boli sangɛ ɔ ɔli, sangɛ ɔ wa ɔ man, ni ɔ sa nika kun lɛ lele nika sinli. Yɛ kɛ nika duli, i wan ni ɔ ɔn ko da yɛ ɔ ko fiteli nika ngna mɔ aklɛmian isali baka mma fa fiali lɔ su. Kɛ i aliɛ cinli, aklɛmia i wan ɔ ko fa i baka mma ngna ɔ fa fiali sangɛ wa gnumin.
Kɔ kpeungbe gnuli i sɔ, yɛ ɔ seli i kɛ, man e suan nigne jɛwa anzɛ sran me nigne manwua afin sɛ e e i sɔ, mi ni wɔ e diman cin ba kun mɔ e gnanman nigne diwa ɔ. Aklɛmia kplili su yɛ be ngnon be kakil javuɛ dan kpa. 
Nnɛ ngna ɔ fata kɛ e ti i wa yɛlɛ kɛ sɛ e ye agnuiɛn, ɔ kla ye nan e sanu nigne kluaklua a nunu.",bau,unknown,validation,Baoulé,Google WaxalNLP
bau_RK_RK_BCI_5_250,RK,"Aunmuan’n nin Vie’n be kunndɛli kɛ bé sí sran ng’ɔ le wunmiɛn kpa’n. Aunmuan’n se kɛ: “Min' n lɛ wunmiɛn kpa’n niɔn! N kwla kpɛ waka mun, kpɛkun n kwla bubu sua mun!  Via’n se kɛ: “Min yɛ n le wunmiɛn kpa’n niɔn! N kwla yo maan aawlɛ flɛnnɛn’n ɔ lo lele naan m’an kwla tɔn klenzua kun asiɛ’n su! 

Be sili akplowa lele, sanngɛ be nun wie fi w’a kwlá wlaman i wiengu’n i fanngan. I agualiɛ su’n, be wunnin kɛ sran kun m’ɔ su kɔ lika’n, ɔ su sin akpɔ’n su. Aunmuan’n se kɛ: “Nán sɛ ɔ ti sɔ’n, nn ń klé wɔ kɛ min wunmiɛn’n tra wɔ. N su yo maan sran ng’ɔ su kɔ lika’n, ɔ yi i tralɛ’n! 

Aunmuan’n boli kekle kpa kɛ ɔ kwla yo’n sa, sanngɛ atin bofuɛ’n trɛli i tralɛ’n tɛtɛ kpa ngbɛn. Kɛ aunmuan’n fíte kekle kpa’n, nn sran ng’ɔ su kɔ lika’n ɔ́ trɛ́ i tralɛ’n su kpa. I agualiɛ su’n, Aunmuan’n yacili.

Via’n srili kpɛkun ɔ seli kɛ, “Siɛn’n, maan n yo.”  Via’n boli kpajalɛ bo blɛblɛblɛ sran ng’ɔ su kɔ lika’n i su. I klikli nun’n, sran ng’ɔ su kɔ lika’n w’a sieman like fi nzɔliɛ, sanngɛ i sin’n, ɔ boli dolɛ bo kan. E tikeli i tralɛ’n i boton’n, kpɛkun ɔ doli aunmuan kpa. Via’n kpajali kan yɛ sran ng’ɔ su kɔ lika’n, ɔ boli nvɛɛ bo. Ɔ yili i tralɛ dan’n, kpɛkun ɔ yili i asiɛ wun.

Aunmuan’n nin via’n be niannin be wiengu. Aunmuan’n te tu, sanngɛ via’n su sri. Via’n se kɛ: “?Amun wun i? Nán ndɛ tɛtɛ kanlɛ ngunmin yɛ aklunye’n kwla yo ɔ. 

Ndɛ sɔ’n i bo’n yɛle kɛ: Aklunye yolɛ’n le wunmiɛn tra wunmiɛn’n.",bau,unknown,validation,Baoulé,Google WaxalNLP
bau_KK_KK_BCI_1_1b,KK,Bua be wo be kuku nlɔ.,bau,unknown,validation,Baoulé,Google WaxalNLP
bau_KK_KK_BCI_5_251,KK,"Nan mi ngua kun ɔ, laa o tɛntɛn kun seli nanni’n kun kɛ be ni i be kun alɛ. Ɔ boli nanni’n i nuan, kpɛkun ɔ srili. Ɔ srili kpɛkun ɔ seli kɛ: “A ti kaan kpa!”? Wafa sɛ yɛ amun klua kun mi nion? 

Tɛntɛn tɛli i su kɛ, “N klua yo kaan, sanngɛ n le wunmiɛn.” Mi ni nnɛn kpanngban e si akplowa, yɛ man klua diman alɛ le. 

Nannin te ji’n srilɛ su, sanngɛ ɔ kokoli kan ekun. Ɔ kunndɛman kɛ ɔ yo kɛ nnɛn onga be nyrun, ɔ leman wunmiɛn sa. Ɔ maan ɔ kplinni su kɛ ɔ kun nnɛn tɛntɛn.

Tɛntɛn tu sinni nannin i wun lɔ, kpɛkun ɔ boli i ti i wun kpanlɛ bo. Nannin kunndɛli kɛ ɔ wɔtɛ i, sanngɛ tɛntɛn wanndili dan. E yoli kpanlɛ bo si yia nannin ti, kɔkun nannin boli ya falɛ bo.

I agualiɛ su, nannin wa kla traman i awlɛn kun. Ɔ kpɛli i ti’n, kpɛkun ɔ kunndɛli kɛ ɔ fa i nyinma ɔ kpɛkpɛ tɛntɛn. Sanngɛ tɛntɛn ɔli ndɛndɛ kpa. Ɔ tuli ndɛ kpa.

Nannin fali ya dan kpa. Ɔ fali tɛntɛn, sanngɛ ɔ wanndili ndɛndɛ kpa. Ɔ wanndili nannin i si’n, kpɛkun ɔ tu sinni’n.

Be yili nannin i nyin ase. Ɔ ti kɛ tɛntɛn kaan kun yɛ ɔ kwlali i ɔ. Nnɛn onga be srili i, yɛ i sɔ wa fɛmɛn i le.

Ndɛ i bo’n: nan bu kɛ ɔ kpɔfuɛ ntia like fi, kannzɛ bɔbɔ ɔ ti kaan sɛ.

Sin nin nzue
Sin nin Nzue be ti janvuɛ nɲɔn mɔ be kwlá timan kun’n, mɔ be si kɛ be si junman di kpa’n. Sanngɛ cɛn kun’n, be sili akplowa kekle kpa, kpɛkun be tinuntinun be seli kɛ be ti kpa tra be wiengu. Klɔ nga lika’n w’a tɔ’n, ɔ fata kɛ be nɲɔn’n be uka i naan w’a kwla tran nguan nun. Kɛ be wunnin i wlɛ kɛ be afiɛn ndɛnngan’n su fa be janvuɛ nin be awlobofuɛ mun sie i sa tɛ nun’n, Sin nin Nzue be fali ajalɛ kɛ bé dí junman likawlɛ. Kɛ be fali be sonja’m be bo yoli kun’n, be kwla fali nzue be bali klɔ’n su lɔ ekun, kpɛkun be fuannin lika nga lika’n ti mlanwa’n. Ndɛ sɔ’n kle kɛ ɔ ti cinnjin kɛ be bo yo kun be bo yo kun naan b’a kwla sa kekleekle’m be su.",bau,unknown,validation,Baoulé,Google WaxalNLP
bau_JH_JH_BCI_1_33B,JH,Mo likɛ n'gnalɛ man ɛjua kla bo nan wa kanmon.,bau,unknown,validation,Baoulé,Google WaxalNLP
bau_JK_JK_BCI_2_149,JK,"Côte d’Ivoire lɔ’n, sran dandan nga be yo be wun kpinngbinlɛ wafawafa’m be nun’n, be nun wie yɛle Didier Drogba (balɔn tolɛ), nin  (balɔn tolɛ), nin Marie Jose talu (wandilɛ), nin Aïssata Traoré (baskɛti), nin Koffi Kouakou (volleyball), ɔ nin Bamba Daouda (judo), mɔ be kwlaa be fali be wun wlali be. be nun kunngunngun’n, ɔ nin be junman ng’ɔ ti i liɛ ngunmin’n.",bau,unknown,validation,Baoulé,Google WaxalNLP
bau_JK_JK_BCI_4_236,JK,"Fie dilɛ junman’n ti kinnjin kpa Côte d’Ivoire lɔ. Ndɛ kinnjin vie mun yɛ: Côte d’Ivoire yɛ ɔ yi cacao dan kpa mɛn’n nun ɔn, yɛ i sɔ’n yɛ be fa kɔ nvle uflɛ nun ɔn. Ɔ uka naan sika ndɛ’n w’a yo kpa. Asa ekun’n, ɔ yi nnɛn ng’ɔ ti kɛ nnɛn ng’ɔ ti kɛ nnɛn sa’n i nun ngo, nin kafe, ɔ nin nnɛn ngble kpanngban kpa.
Nvle sɔ’n nun lɔ’n, be di fie wafawafa, kɛ ijre, mannzin, avie, kankan, ɔni manda. Isɔ fie mu be ti kpa awlo lɔ aliɛ dilɛ nu ɔni be fa kɔ n'vle uflɛ nu. Fie dilɛ kusu man sran kpanngban be junman yɛ ɔ ti kinnjin sran kpanngban be nguan nyanlɛ nun.
Sa vie mɔ be tɔ’n, yɛle kɛ ninnge’m be gua’n kakikaki. Awa’n fali ajalɛ fanunfanun naan w’a kwla uka fie dilɛ’n i fuɛ mun. Côte d'Ivoire yɛ ɔ yo cacao dan kpa mɛn nun ɔn, Ghana sun i sun.
Fie dilɛ junman’n ti kinnjin kpa Côte d’Ivoire lɔ. Ndɛ kinnjin vie mun yɛ: Côte d’Ivoire yɛ ɔ yi cacao dan kpa mɛn’n nun ɔn, yɛ i sɔ’n yɛ be fa kɔ nvle uflɛ nun ɔn. Ɔ uka naan sika ndɛ’n w’a yo kpa. Asa ekun’n, ɔ yi nnɛn ng’ɔ ti kɛ nnɛn ng’ɔ ti kɛ nnɛn sa’n i nun ngo, nin kafe, ɔ nin nnɛn ngble kpanngban kpa.
Nvle sɔ’n nun lɔ’n, be di fie wafawafa, kɛ ijre, mannzin, avie, kankan, ɔni manda. Isɔ fie mu be ti kpa awlo lɔ aliɛ dilɛ nu ɔni be fa kɔ n'vle uflɛ nu. Fie dilɛ kusu man sran kpanngban be junman yɛ ɔ ti kinnjin sran kpanngban be nguan nyanlɛ nun.
Sa vie mɔ be tɔ’n, yɛle kɛ ninnge’m be gua’n kakikaki. Awa’n fali ajalɛ fanunfanun naan w’a kwla uka fie dilɛ’n i fuɛ mun. Côte d'Ivoire yɛ ɔ yo cacao dan kpa mɛn nun ɔn, Ghana sun i sun.",bau,unknown,validation,Baoulé,Google WaxalNLP
bau_JK_JK_BCI_2_126,JK,"Duman nga be flɛ yasoi baule nvle wa isuman lika yɛ lɛ Konan, Yao, Didier,Kouadjo,Kougni,N'dri,N'gesan,Kuasi,Amani,Boigny.

Be flɛ bla be suman lika Elisabeth,Afue,Aya,Amlan,Mariette, Henriette,Adjoua,Valerie,Emmuella,Carmen.",bau,unknown,validation,Baoulé,Google WaxalNLP
bau_RK_RK_BCI_2_198,RK,Amun bla min awlo lɔ Fue cɛn naan y’a kan e junman’n i ndɛ.,bau,unknown,validation,Baoulé,Google WaxalNLP
bau_KK_KK_BCI_2_138,KK,"Kosan: ?Nin yɛ Kumasi lɔ ninnge nga be fa be sa be yo be gua, mɔ be si i kpa kɛ i kente nin laa tralɛ uflɛ’m be ti’n, ɔ o ɔ? 

I su tɛlɛ’n: Kumasi lɔ ninnge nga be fa be sa be yo’n be gua’n wo Gana lɔ, yɛ be si i kpa kɛ be yo kente nin laa tralɛ uflɛ vie mun ekun.",bau,unknown,validation,Baoulé,Google WaxalNLP
bau_JK_JK_BCI_1_78,JK,Kun ni bue yakun kpɛ akpikpi kun ɔ yo akpi yakun,bau,unknown,validation,Baoulé,Google WaxalNLP
bau_RK_RK_BCI_1_11b,RK,N'niɛn'm be gwua bo I afiɛn lɔ.,bau,unknown,validation,Baoulé,Google WaxalNLP
bau_JK_JK_BCI_1_64,JK,Be fa n'sien be faa ukɛ yi n'so sun ɔ yo blu ni n'san,bau,unknown,validation,Baoulé,Google WaxalNLP
bau_RK_RK_BCI_2_126,RK,"Koffi klo lika kɔlɛ, yɛ ɔ klo lɔ gua’m be su nianlɛ.
Blɛ sunman nun’n, Aïcha tɔn lã aliɛ mun man i awlobofuɛ mun.
Konan bo balɔn i mantanfuɛ’m be ekipu’n nun.
Fatou kɔ Adjamé gua’n su lɔ le mɔcuɛ kwlaa nun.
Amadou di junman Korhogo klɔ’n su lɔ.
Kouadio di junman kakaa fie’n nun Gagnoa lɔ.
Mariam suan like Abidjan lɔ Cocody Inivɛsite lɔ.
Yao ti fie difuɛ kun mɔ i dunman’n nvle nu.
Salif siesie lã miziki’m be su anya Bouaké lɔ.
Aya to jue asɔnunfuɛ’m be jue tofuɛ’m be nun Yamusuklɔ lɔ.
Bakary fa taksi fa fa turismufuɛ mun kɔ lika nga be flɛ i kɛ Abidjan’n i wun lɛ.
Adjoua le aata diwlɛ kaan kun Treikivili lɔ klɔ’n su lɔ.
Zainab i sulafilɛ’n yɛle kɛ ɔ́ kɔ́ Yamusu lɔ asɔnun sua’n i nun lɔ.
Ibrahim nin Karidjatou be ti juwɛ.",bau,unknown,validation,Baoulé,Google WaxalNLP
bau_KK_KK_BCI_1_3a,KK,Pandu kukluku ji oka i nrun lɛ.,bau,unknown,validation,Baoulé,Google WaxalNLP
bau_JH_JH_BCI_2_182,JH,[Organisation Mondiale Sqnté ]OMS kun tukpacɛ nga be saki sran mu.,bau,unknown,validation,Baoulé,Google WaxalNLP
bau_KK_KK_BCI_5_244,KK,"Lalafuɛ nu, fie difuɛ kun ɔli i labulabu sua nun lɔ, kpɛkun ɔ wunni’n klenzua ɔkluɛ kun m’ɔ kpaja. Kɛ ɔ mɛnni su, ɔ yoli nonni kɛ obuɛ sa. Ɔ wa to i ase afi’n ɔ buli i kɛ sran kun wa lɛkɛ. Sanngɛ kɛ ɔ buli i akunndan, ɔ fali wɔli alo, wa cɛman yɛ ɔ wunni i luɛ aklunjuɛ su kɛ sika ɔkluɛ klenzua kpa kun yɛ ɔ o lɛ ɔ. Nglɛnmun kwlaa, sa kunngba sɔ nyo, wa cɛman yɛ ɔ kacili anyanbeunfuɛ ɔ klenzua I atɛ yolɛ nu. Kɛ ɔ yo anyanbeunfuɛ, nn i nyi blo like su dan. Yɛ ɔ buli I kɛ ɔ klua nyan sika ɔkluɛ kwlaa nga labu klua fa mɛn i kpɛ kunngba ti, ɔ mɛn ti ɔ kunni i, yɛ ɔ kpaci labu nu, kpɛkun wa wunman like fi.

Sran’n nin nzraama ng’ɔ tu’n
Baoulé klɔ kun su lɔ’n, nnɛn kun klo nzraama’m be nianlɛ. Cɛn kun kɔnguɛ’n, ɔ wunnin nzraama kun m’ɔ su tu’n, kpɛkun ɔ kunndɛli kɛ ɔ́ kán i. Sran’n fuli waka ng’ɔ ti tɛnndɛn kpa’n i ti su lɔ, sanngɛ w’a yoman ye. Sanngɛ ɔ nin alua kpɛnngbɛn kun be yiali, kpɛkun ɔ seli i kɛ: “Awlɛn tralɛ nin jranlɛ’n yɛ ɔ ti like cinnjin kpa mɔ maan sran kwla ju nzraama’m be su ɔ.” Klo’n fali alua’n i afɔtuɛ’n su, kpɛkun kɛ ɔ́ kɔ́ i ɲrun’n, ɔ wunnin i wlɛ kɛ ɔ fataman kɛ ɔ kan nzraama’n naan w’a wun i bakanngan’m be wunmiɛn’n. Kɛ mɔ kɔnguɛ kwlaa’n, ɔ niannin nzraama’m be klanman’n i ngbɛn’n ti’n, ɔ ɲannin fɔundi nin aklunjuɛ. Ndɛ sɔ’n kle kɛ wie liɛ’n, atin nga be fa’n, ɔ ti cinnjin kɛ like nga be waan bé yó’n sa.",bau,unknown,validation,Baoulé,Google WaxalNLP
