path,sentence,langue,source
common_voice_bci_41399068.mp3,E kwla yo ninnge mun likawlɛ naan sran kwlaa wʼa yo kpa.,Baoulé,Mozilla Common Voice
common_voice_bci_41399069.mp3,"Kɛ be se kɛ chiliʼn wʼa wie i kanninʼn nunʼn, á fá ɔ tiʼn kɔ́.",Baoulé,Mozilla Common Voice
common_voice_bci_41399070.mp3,Ye wa kɔ lika mmuammua ainman.,Baoulé,Mozilla Common Voice
common_voice_bci_41399071.mp3,"Sran kwlaa ngʼɔ nantiʼn, ɔ wun ɲrɛnnɛn; wieʼn su sranʼn i su kɛ i silhouette sa.",Baoulé,Mozilla Common Voice
common_voice_bci_41399072.mp3,"Blaʼm be nian fieʼn nun nnɛnʼm be lika, be man be aliɛ, be nian be lika, be yo maan be yo juejue, yɛ be yo juejue.",Baoulé,Mozilla Common Voice
common_voice_bci_41507469.mp3,Be di be wun kpinngbinlɛʼm be nun naan bʼa wla be lɔ ekipuʼm be fanngan.,Baoulé,Mozilla Common Voice
common_voice_bci_41502037.mp3,"Sɛ e la ndɛndɛʼn, nglɛmunʼn yo fɛ.",Baoulé,Mozilla Common Voice
common_voice_bci_41502036.mp3,"Nzueʼn ti mlanmlanmlan, ɔ kunndɛ kɛ nzue tɔ.",Baoulé,Mozilla Common Voice
common_voice_bci_41502030.mp3,"Gnanmien kloli ye, ye le kɛ wa fa iwa wa man ye.",Baoulé,Mozilla Common Voice
common_voice_bci_41502095.mp3,"Kɔnguɛʼn, nnɛn kpanngɔʼm be to jue fieʼn nun lɔ.",Baoulé,Mozilla Common Voice
common_voice_bci_41507482.mp3,"Nian, n wunnin yɔbuɛ klanman kpa kun!",Baoulé,Mozilla Common Voice
common_voice_bci_41507541.mp3,"Sɛ ɔ ti kɛ sika nunman lɛʼn tiʼn, ɔ waʼn kwla wuli sɔ.",Baoulé,Mozilla Common Voice
common_voice_bci_41507542.mp3,Klɔ kpɛnngbɛnʼn tɔ tukpacɛ kɛ nga sranʼm be fa kanʼn sa.,Baoulé,Mozilla Common Voice
common_voice_bci_41507594.mp3,N kunndɛ kɛ n ɲan kpanwun mɔ be fa kpanwun kpanngban be gua nunʼn.,Baoulé,Mozilla Common Voice
common_voice_bci_41507595.mp3,"Sɛ a yo sa tɛ Ɲanmiɛn ɲrunʼn, a fa ɲrɛnnɛn wla ɔ wun.",Baoulé,Mozilla Common Voice
common_voice_bci_41507596.mp3,Suklu klefuɛʼn ti aklunyefuɛ yɛ ɔ trɛ i awlɛn e wun.,Baoulé,Mozilla Common Voice
common_voice_bci_41507977.mp3,Ye su kɔ gua bo ainman nglɛmun.,Baoulé,Mozilla Common Voice
common_voice_bci_41507976.mp3,"Andɛʼn, ɔ ti cɛn dan.",Baoulé,Mozilla Common Voice
common_voice_bci_41493010.mp3,E ko trannin andɛ mi wla fi mi djanvuɛʼm be su.,Baoulé,Mozilla Common Voice
common_voice_bci_41519904.mp3,"Srɛ kunman min nnɛnʼn i tiʼn, yɛ n kunndɛman kɛ ń dí i ɲinmaʼn.",Baoulé,Mozilla Common Voice
common_voice_bci_41517818.mp3,Mi wunʼn ni mi mmaʼm be kleli min sanngɛ mi wla fi su titi.,Baoulé,Mozilla Common Voice
common_voice_bci_41494268.mp3,Blaʼm be tia wakaʼm be nun naan bʼa di lã aliɛ.,Baoulé,Mozilla Common Voice
common_voice_bci_41494269.mp3,Ɔ ti nanwlɛ.,Baoulé,Mozilla Common Voice
common_voice_bci_41494271.mp3,Kɔkun Sery nga n kunndɛman kɛ ń wún wɔ kun.,Baoulé,Mozilla Common Voice
common_voice_bci_41494272.mp3,Manmi kan ndɛ mango wakaʼn i bo lɔ.,Baoulé,Mozilla Common Voice
common_voice_bci_41519902.mp3,N su yi lika klanman kun i desɛn suklu lɔ andɛ.,Baoulé,Mozilla Common Voice
common_voice_bci_41516006.mp3,Blaʼm be yo nzue baʼm be nun sanwun naan nzueʼn wʼa yo sanwun.,Baoulé,Mozilla Common Voice
common_voice_bci_41516004.mp3,Ɔ ti klanman annzɛ ɔ ti sɔ?,Baoulé,Mozilla Common Voice
common_voice_bci_41516002.mp3,"Mi dilɛ nun e se kɛ kɛ a nin a wumanʼn, ɔ fata kɛ a di aliɛ kpa.",Baoulé,Mozilla Common Voice
common_voice_bci_41493009.mp3,"Sɛ e jran tukpacɛʼn i ɲrun kekleʼn, ɔ ti kpa tra tukpacɛʼn i ayre yolɛʼn.",Baoulé,Mozilla Common Voice
common_voice_bci_41505667.mp3,"N djuli suklu lɔ cɛ, mi tiʼn yo mi ya.",Baoulé,Mozilla Common Voice
common_voice_bci_41517816.mp3,"Nglɛmun nun aklunjuɛʼn timan like fi, nnɔsua nun aklunjuɛʼn yɛ ɔ ti aklunjuɛ kpafuɛʼn niɔn.",Baoulé,Mozilla Common Voice
common_voice_bci_41505666.mp3,N fa min suklu saciʼn.,Baoulé,Mozilla Common Voice
common_voice_bci_41505663.mp3,Amun wunnzin amun saʼm be nun titi ka naan amun a di like.,Baoulé,Mozilla Common Voice
common_voice_bci_41507335.mp3,Mi aata dilɛʼn sakili.,Baoulé,Mozilla Common Voice
common_voice_bci_41507336.mp3,E bali kɛ é úkɛ i naan wʼa wie i junmanʼn i di.,Baoulé,Mozilla Common Voice
common_voice_bci_41507337.mp3,Ɔ ni i janvuɛʼm be to video nun ngowa.,Baoulé,Mozilla Common Voice
common_voice_bci_41505664.mp3,Be kɔ djue tralɛ nzueʼn nun nglɛmun kwlaa.,Baoulé,Mozilla Common Voice
common_voice_bci_41493007.mp3,"Klɔʼn i akpɔʼm be suʼn, sranʼm be sin su kpa.",Baoulé,Mozilla Common Voice
common_voice_bci_41506229.mp3,"Sa ngʼɔ nin wɔ be kɔʼn, nán ɔ ndɛndɛ kɔ nian.",Baoulé,Mozilla Common Voice
common_voice_bci_41506231.mp3,"Anianbla, nanwlè Gniamien ɔ wunyi.",Baoulé,Mozilla Common Voice
common_voice_bci_41506233.mp3,Loto nin motoʼm be sɔnnin akpɔʼm be su.,Baoulé,Mozilla Common Voice
common_voice_bci_41506232.mp3,Be lafiman be tchin laliɛ sɛ.,Baoulé,Mozilla Common Voice
common_voice_bci_41473918.mp3,Janvuɛʼm be di aliɛ likawlɛ.,Baoulé,Mozilla Common Voice
common_voice_bci_41473881.mp3,Anunmanʼm be to jue nglɛmun nun.,Baoulé,Mozilla Common Voice
common_voice_bci_41488811.mp3,Aliɛ difuɛ kpaman tro nu.,Baoulé,Mozilla Common Voice
common_voice_bci_41488812.mp3,A leman ɔ bɔbɔ ɔ fie a kwlá diman like nga ɔ awlɛnʼn kloʼn.,Baoulé,Mozilla Common Voice
common_voice_bci_41488839.mp3,Manmi waan nzue sanwunʼn ti kpa.,Baoulé,Mozilla Common Voice
common_voice_bci_41488809.mp3,Viaʼn ga fiteli kpa andɛ.,Baoulé,Mozilla Common Voice
common_voice_bci_41488731.mp3,Sran sɔʼm be siesie kpanwun suaʼm be ti su.,Baoulé,Mozilla Common Voice
common_voice_bci_41488730.mp3,Min tontonʼn yo nnɛn kpanngɔ atɛ klɔʼn i guaʼn su lɔ.,Baoulé,Mozilla Common Voice
common_voice_bci_41488721.mp3,"Andɛ Mɔnnɛn cɛnʼn, likaʼn ti dolɛ kpa.",Baoulé,Mozilla Common Voice
common_voice_bci_41488719.mp3,Yasuaʼm be yo aɲia be koko klɔʼn su junmanʼm be su yalɛ.,Baoulé,Mozilla Common Voice
common_voice_bci_41488694.mp3,Ya kɔ Bouaké ainman nglɛmun.,Baoulé,Mozilla Common Voice
common_voice_bci_41478460.mp3,Klɔʼn le nzue ba klanman kpa kun mʼɔ ti weiinʼn.,Baoulé,Mozilla Common Voice
common_voice_bci_41478459.mp3,"Sanngɛ nian ɔ wun su, nán kan ɔ kodɛʼn kle sran fi.",Baoulé,Mozilla Common Voice
common_voice_bci_41478458.mp3,"E leman sika kun, kan nga e ka lɛʼn, a fa nga kɔ nɔn nzan.",Baoulé,Mozilla Common Voice
common_voice_bci_41478457.mp3,"Nian, ń klé wɔ wafa nga be fa yoʼn.",Baoulé,Mozilla Common Voice
common_voice_bci_41488693.mp3,Baba condu loto kɔ guabo.,Baoulé,Mozilla Common Voice
common_voice_bci_41488692.mp3,Ɔ wlali tralɛ ufue klanman kpa andɛ.,Baoulé,Mozilla Common Voice
common_voice_bci_41488691.mp3,"Taluaʼm be fa nzue kunmanʼn nun be man awlobofuɛ mun, be fa sɛʼm be su kpa, kpɛkun be di junmanʼn cɛn kwlaa.",Baoulé,Mozilla Common Voice
common_voice_bci_41488690.mp3,"A lɛman fie, a kwlá diman waka nga a kloʼn.",Baoulé,Mozilla Common Voice
common_voice_bci_41488659.mp3,"Fie nga e yoliʼn, ɔ su man.",Baoulé,Mozilla Common Voice
common_voice_bci_41488658.mp3,Angloʼn kpaja sua kannganʼm be su blɛblɛblɛ.,Baoulé,Mozilla Common Voice
common_voice_bci_41488657.mp3,Ɔ minndɛ i janvuɛʼn kafeʼn i ɲrun lɛ.,Baoulé,Mozilla Common Voice
common_voice_bci_41488656.mp3,"Kɛ á kán ndɛʼn, yo sran ngʼɔ sie ɔ suʼn i annvɔ.",Baoulé,Mozilla Common Voice
common_voice_bci_41488655.mp3,Mi si ti like klefuɛ.,Baoulé,Mozilla Common Voice
common_voice_bci_41488654.mp3,N suan fluwa klɛlɛ nin plɛti.,Baoulé,Mozilla Common Voice
common_voice_bci_41488653.mp3,"A wun mi kɛ nga sa, n siman blɔfuɛ kpa, sanngɛ ndɛ nga sranʼm be kanʼn, ɔ timan mi ndɛ.",Baoulé,Mozilla Common Voice
common_voice_bci_41488652.mp3,"I sɔʼn i ngunmin tiʼn, amun kwla lafi mi su.",Baoulé,Mozilla Common Voice
common_voice_bci_41488651.mp3,Sranʼm be yia aliɛ diwlɛʼm be nun kpɛ sunman.,Baoulé,Mozilla Common Voice
common_voice_bci_41488650.mp3,Ɔ wla tralɛ ble klanman kpa titi.,Baoulé,Mozilla Common Voice
common_voice_bci_41488649.mp3,Nzraamaʼm be kpaja ɲanmiɛn su lɔ kɔnguɛ nga.,Baoulé,Mozilla Common Voice
common_voice_bci_41488648.mp3,Boliʼm be di ijre ngʼɔ o nzue baʼn i wun lɛʼn su.,Baoulé,Mozilla Common Voice
common_voice_bci_41488647.mp3,"Nzueʼn ti mlanmlanmlan, ɔ kunndɛ kɛ nzue tɔ.",Baoulé,Mozilla Common Voice
common_voice_bci_41488646.mp3,Manmin siesie aliɛ man awlobofuɛ mun.,Baoulé,Mozilla Common Voice
common_voice_bci_41478456.mp3,Be suan djue tralɛ nzue ba ngʼɔ mantan lɛʼn nun.,Baoulé,Mozilla Common Voice
common_voice_bci_41478448.mp3,Mi nian bianʼn bali e osu nianlɛ.,Baoulé,Mozilla Common Voice
common_voice_bci_41478447.mp3,N klo kɛ ń fá min crayon ngʼɔ ti ufueʼn ń yí desɛn.,Baoulé,Mozilla Common Voice
common_voice_bci_41478446.mp3,Bakannganʼm be to balɔn klɔʼn i fieʼn su lɔ.,Baoulé,Mozilla Common Voice
common_voice_bci_41478445.mp3,Kloʼn wo tabliʼn i bo lɔ.,Baoulé,Mozilla Common Voice
common_voice_bci_41478444.mp3,Ɔ bɔbɔ ɔ ni yɛ a su kɔ.,Baoulé,Mozilla Common Voice
common_voice_bci_41478427.mp3,Be di junman wie mun naan bʼa uka be nga be sa mianʼn.,Baoulé,Mozilla Common Voice
common_voice_bci_41478426.mp3,"Filmi nga be yi i televiziɔn nunʼn, ɔ yo sro dan.",Baoulé,Mozilla Common Voice
common_voice_bci_41478425.mp3,Be sie fie dilɛ ninnge mun klɔʼn i sua danʼn nun.,Baoulé,Mozilla Common Voice
common_voice_bci_41478424.mp3,Be suan like likawlɛ be ekzamin cinnjin kpaʼn i ti.,Baoulé,Mozilla Common Voice
common_voice_bci_41488645.mp3,"Be nga be tran lɔʼn, be kɔ be mantanfuɛʼm be aɲiaʼm be bo be koko lɔ junmanʼm be su yalɛ.",Baoulé,Mozilla Common Voice
common_voice_bci_41488644.mp3,Alɛ min suan ɔ bo.,Baoulé,Mozilla Common Voice
common_voice_bci_41488643.mp3,Be kɔ be lɔ teatriʼm be nun flimunʼm be nianlɛ nnɔsua nun titi.,Baoulé,Mozilla Common Voice
common_voice_bci_41488642.mp3,"Sɛ nzueʼn wʼa yiman sɛʼn, nán nzue ngʼɔ tɔʼn yɛ ɔ́ kwlá yí ɔ.",Baoulé,Mozilla Common Voice
common_voice_bci_41473915.mp3,Anumanʼm be to jue waka mmaʼm be nun.,Baoulé,Mozilla Common Voice
common_voice_bci_41474122.mp3,Bakannganʼm be si able fɛtriʼn i blɛ nun.,Baoulé,Mozilla Common Voice
common_voice_bci_41474120.mp3,A kannin ndɛ sɔʼn i kpa.,Baoulé,Mozilla Common Voice
common_voice_bci_41474119.mp3,"Sran nga be si i able silɛ wafaʼn, kɛ be bo tom-tomʼn, ɔ timan kekle mɛn i.",Baoulé,Mozilla Common Voice
common_voice_bci_41474118.mp3,"Be mantanfuɛʼm be ti kpa, e tran klanman.",Baoulé,Mozilla Common Voice
common_voice_bci_41474051.mp3,Gbanflɛn kannganʼm be uka klɔʼn i lika nianlɛʼn su.,Baoulé,Mozilla Common Voice
common_voice_bci_41473899.mp3,Kouassi ɔ fata kɛ a si.,Baoulé,Mozilla Common Voice
common_voice_bci_41473898.mp3,Be siesie ngowa kanlɛ ninnge mun be man klɔʼn su ba kanngan mun.,Baoulé,Mozilla Common Voice
common_voice_bci_41473897.mp3,Klɔʼn su fie difuɛʼm be yiali be kokoli ninngeʼm be kpɛlɛʼn i su yalɛ.,Baoulé,Mozilla Common Voice
common_voice_bci_41473896.mp3,Ɔ fata kɛ mi niaan bian ni mi niaan blaʼm be ukali e niaan blaʼn.,Baoulé,Mozilla Common Voice
common_voice_bci_41473895.mp3,E nanti wakaʼm be nun.,Baoulé,Mozilla Common Voice
common_voice_bci_41474049.mp3,Nzue nɔnlɛ chtɛn kwlakwla ti kpa.,Baoulé,Mozilla Common Voice
common_voice_bci_41473994.mp3,"Be nga be tran lɔʼn, be fa lika sɔʼm be di junman be awloʼm be gua su lɔ.",Baoulé,Mozilla Common Voice
common_voice_bci_41473993.mp3,Klɔʼn su fie difuɛʼm be di junman kekle nglɛmun lele nnɔsua.,Baoulé,Mozilla Common Voice
common_voice_bci_41473991.mp3,Tchɛtchɛ wa timan nʼdɛ nʼgamon ɔ o mɛn nun.,Baoulé,Mozilla Common Voice
common_voice_bci_41473989.mp3,"Fie nga n diʼn, yɛ ɔ man mi atin kɛ n di min junman kanʼn niɔn.",Baoulé,Mozilla Common Voice
common_voice_bci_41473929.mp3,Bakannganʼm be su di ngowa lika danʼn nun.,Baoulé,Mozilla Common Voice
common_voice_bci_41473926.mp3,E kunndɛ kɛ é trɛ́ e fieʼn nun.,Baoulé,Mozilla Common Voice
common_voice_bci_41473925.mp3,"Sɛ Ɲanmiɛn suan amun boʼn, like fi kwlá kwláman amun.",Baoulé,Mozilla Common Voice
common_voice_bci_41473916.mp3,"Baba man yo tɛ, i so tiɛ mi srɛ wɔ.",Baoulé,Mozilla Common Voice
common_voice_bci_41473884.mp3,Tchɛtchɛ ɔ timan sɔ ndɛ.,Baoulé,Mozilla Common Voice
common_voice_bci_41488810.mp3,Ɔ ti mi niaan bian maan e wɔ.,Baoulé,Mozilla Common Voice
common_voice_bci_41473883.mp3,Like klefuɛʼn kan ndɛ fɛfɛ wie mun.,Baoulé,Mozilla Common Voice
common_voice_bci_41473882.mp3,"Madamu, nʼyo wɔ kula aliɛ dilɛ ti.",Baoulé,Mozilla Common Voice
common_voice_bci_41543117.mp3,"Um, a kwlá seman mi kɛ a yo mi like kan? N si kɛ a ɔli sika kunndɛlɛ.",Baoulé,Mozilla Common Voice
common_voice_bci_41505947.mp3,N klo i aata dilɛʼn kpa.,Baoulé,Mozilla Common Voice
common_voice_bci_41543132.mp3,"Aɲiho fatou, n su kɔ nanti mi fie nun.",Baoulé,Mozilla Common Voice
common_voice_bci_41543138.mp3,"Ɔka sɔʼn ti nglo lɔ, yɛ ɔ ti klanman kpa.",Baoulé,Mozilla Common Voice
common_voice_bci_41543139.mp3,Minndɛ nán jaso sɔ yɛ anuannzɛʼn i boʼn wo ɔ.,Baoulé,Mozilla Common Voice
common_voice_bci_41543142.mp3,Lotoʼn su kɔ blɛblɛblɛ akpɔʼn su.,Baoulé,Mozilla Common Voice
common_voice_bci_41543170.mp3,N le janvuɛ kpanngban min suklu lɔ.,Baoulé,Mozilla Common Voice
common_voice_bci_41543173.mp3,E su siesie aliɛ ngunmin kun man aofuɛ mun kɔnguɛ nga.,Baoulé,Mozilla Common Voice
common_voice_bci_41505583.mp3,"Kɛ be ko di aliɛʼn, bakannganʼm be di bonbon.",Baoulé,Mozilla Common Voice
common_voice_bci_41505674.mp3,E nanti wakaʼm be nun.,Baoulé,Mozilla Common Voice
common_voice_bci_41505675.mp3,"Kɛ likaʼn doʼn, kakaaʼm be fite.",Baoulé,Mozilla Common Voice
common_voice_bci_41480026.mp3,N seli ɔ niaan bianʼn kɛ ɔ nin min bla.,Baoulé,Mozilla Common Voice
common_voice_bci_41480027.mp3,Guaʼn wʼa yi andɛ Fue chtɛn.,Baoulé,Mozilla Common Voice
common_voice_bci_41480028.mp3,Association sɔʼn i nunfuɛʼm be yo akpɔʼm be su sanwun Jɔlɛ cɛn kwlaa.,Baoulé,Mozilla Common Voice
common_voice_bci_41480029.mp3,Gbanflɛn nin talua mun be lua nʼgatɛ.,Baoulé,Mozilla Common Voice
common_voice_bci_41480030.mp3,Be fa waka mma ngble mun be kɔ klɔʼn i guaʼn su lɔ.,Baoulé,Mozilla Common Voice
common_voice_bci_41480031.mp3,"Klɔ nga fɔundi o nunʼn, ɔ ti kpa kɛ be wun i.",Baoulé,Mozilla Common Voice
common_voice_bci_41480032.mp3,Bakannganʼm be fa nzue kunmanʼn nun ba nglɛmun kwlaa.,Baoulé,Mozilla Common Voice
common_voice_bci_41505676.mp3,Klɔfuɛʼm be yia chtɛn dilɛʼn i bo.,Baoulé,Mozilla Common Voice
common_voice_bci_41505711.mp3,"Glaciʼn tɔli, n kwlá dimɛn i kun.",Baoulé,Mozilla Common Voice
common_voice_bci_41505712.mp3,Amun leman awlobo nun sa kunngbaʼn.,Baoulé,Mozilla Common Voice
common_voice_bci_41505713.mp3,"Be seman sɔ, ɔ ti ɔ tonton.",Baoulé,Mozilla Common Voice
common_voice_bci_41505714.mp3,E bali kɛ é úkɛ i naan wʼa wie i junmanʼn i di.,Baoulé,Mozilla Common Voice
common_voice_bci_41505737.mp3,Nzraamaʼm be kpaja ɲanmiɛn su lɔ kɔnguɛ nga.,Baoulé,Mozilla Common Voice
common_voice_bci_41505738.mp3,"Jenvieʼn ti diin, yɛ ɔ ti ble kpa.",Baoulé,Mozilla Common Voice
common_voice_bci_41505745.mp3,Ba yasuaʼm be uka fieʼm be dilɛ likaʼn nun.,Baoulé,Mozilla Common Voice
common_voice_bci_41505750.mp3,Ɔ to jue titi nglɛmun nun nzueʼn nun.,Baoulé,Mozilla Common Voice
common_voice_bci_41505756.mp3,Uka mi n leman like fi n yomɛn i ayre.,Baoulé,Mozilla Common Voice
common_voice_bci_41505777.mp3,Baba kanngan fluwa kun nun ka naan wʼa lafi.,Baoulé,Mozilla Common Voice
common_voice_bci_41505778.mp3,A o nin nian wafa nga a tiʼn.,Baoulé,Mozilla Common Voice
common_voice_bci_41505779.mp3,Klɔʼn ti dan yɛ sranʼm be bo sin yia chtin kwlaa.,Baoulé,Mozilla Common Voice
common_voice_bci_41505781.mp3,Ɔ wun sasalɛʼn timan asiɛʼn i vɛrri.,Baoulé,Mozilla Common Voice
common_voice_bci_41505820.mp3,Nzue mʼɔ la nglo lɔ plaiiʼn ti kɛ kplo ufue sa.,Baoulé,Mozilla Common Voice
common_voice_bci_41505638.mp3,"Kannzɛ bɔbɔ be se kɛ siklɛtiʼn wʼa wieʼn, sanngɛ a kwla ti i nvanʼn.",Baoulé,Mozilla Common Voice
common_voice_bci_41543130.mp3,N yia min janvuɛ mun suklu lɔ nglɛmun kwlaa.,Baoulé,Mozilla Common Voice
common_voice_bci_41543129.mp3,Mi like klefuɛʼn kle e fluwa djɛn kwlakwla.,Baoulé,Mozilla Common Voice
common_voice_bci_41505821.mp3,"Like kwlaa nga a kunndɛʼn, ɔ o mi lika.",Baoulé,Mozilla Common Voice
common_voice_bci_41505822.mp3,"Fowou man defuɛ Jésus oh, ɔwa dewɔ.",Baoulé,Mozilla Common Voice
common_voice_bci_41505823.mp3,Flɛriʼn tike viaʼn i dolɛʼn su.,Baoulé,Mozilla Common Voice
common_voice_bci_41505893.mp3,N ɲannin min diplɔmuʼn andɛ.,Baoulé,Mozilla Common Voice
common_voice_bci_41505894.mp3,"Sran kwlaa ngʼɔ te o nguan nunʼn, ɔ́ wún.",Baoulé,Mozilla Common Voice
common_voice_bci_41505584.mp3,Flɛriʼm be ɲin ndɛndɛ sɛ nzueʼn sɔnninʼn.,Baoulé,Mozilla Common Voice
common_voice_bci_41543116.mp3,"E tra e sa nun, e klo i titi.",Baoulé,Mozilla Common Voice
common_voice_bci_41543115.mp3,Sranʼm be fa be wun wlɛ i klɔʼn su ninngeʼm be nun naan be afiɛnʼn wʼa mantan kpa.,Baoulé,Mozilla Common Voice
common_voice_bci_41543104.mp3,Awlo lɔ junmanʼn uka amun naan amun a wun like suanlɛʼn i wlɛ.,Baoulé,Mozilla Common Voice
common_voice_bci_41543103.mp3,"Be wla be wiengu fanngan kɛ cɛn kwlakwla sa kekleekleʼm be tɔ be suʼn, be bu akunndan kpa.",Baoulé,Mozilla Common Voice
common_voice_bci_41505905.mp3,"Kɛ bé dí fɛtriʼn, gbanflɛn nin taluaʼm be to jue.",Baoulé,Mozilla Common Voice
common_voice_bci_41505907.mp3,Bakannganʼm be su wanndi fieʼn nun lɔ.,Baoulé,Mozilla Common Voice
common_voice_bci_41505909.mp3,Bakannganʼm be tiɛ waka mma nga bʼa ɲinʼn fieʼn nun lɔ.,Baoulé,Mozilla Common Voice
common_voice_bci_41505941.mp3,N fali min ninnge mun n wlali min suklu bajɛʼn nun klanman.,Baoulé,Mozilla Common Voice
common_voice_bci_41505944.mp3,Sran kpanngban be o asɔnun lɔ andɛ tra annunman.,Baoulé,Mozilla Common Voice
common_voice_bci_41543131.mp3,Ba yasuaʼm be uka be si nin be nin naan be bo yo kun be di fie.,Baoulé,Mozilla Common Voice
common_voice_bci_41505949.mp3,"Dɔɔtrɔ bianʼn ti e djanvuɛ, ɔ uka e.",Baoulé,Mozilla Common Voice
common_voice_bci_41505950.mp3,"Klɔʼn i su ninngeʼm be sɔnnin kpa afuɛ nga nun, e la Ɲanmiɛn ase.",Baoulé,Mozilla Common Voice
common_voice_bci_41505985.mp3,Bakannganʼm be sri kɔkun be di ngowa be jranman.,Baoulé,Mozilla Common Voice
common_voice_bci_41505990.mp3,Be suan jue tralɛ nzue ba ngʼɔ mantan lɛʼn nun.,Baoulé,Mozilla Common Voice
common_voice_bci_41543102.mp3,A wá wún kɛ ɔkulɛʼn ti kannin.,Baoulé,Mozilla Common Voice
common_voice_bci_41543101.mp3,Guaʼn tike nglɛmun ndɛ kpa.,Baoulé,Mozilla Common Voice
common_voice_bci_41543100.mp3,N kunndɛ kɛ n di glaci mɔ waka mma kpanngban be o nunʼn.,Baoulé,Mozilla Common Voice
common_voice_bci_41543074.mp3,Klɔʼn su awloboʼm be kwlaa be cɛcɛ avieʼn i nun ninngeʼm be nun.,Baoulé,Mozilla Common Voice
common_voice_bci_41506019.mp3,"Cɛn kwlaaʼn, lɔfuɛʼm be fa sranʼm be lotoʼm be kɔ lika ndɛndɛ.",Baoulé,Mozilla Common Voice
common_voice_bci_41506021.mp3,E faman kolaʼn i bue e yiman tɛ.,Baoulé,Mozilla Common Voice
common_voice_bci_41506022.mp3,E kwlakwla e bo yo kun e to aklunjuɛ jue kun.,Baoulé,Mozilla Common Voice
common_voice_bci_41506023.mp3,Bakannganʼm be klo kɛ bé dí ngowa glaci danʼn nun.,Baoulé,Mozilla Common Voice
common_voice_bci_41506024.mp3,Aunmuanʼn fita kekle kpa jenvieʼn i nuan lɔ.,Baoulé,Mozilla Common Voice
common_voice_bci_41505582.mp3,Janvuɛʼm be wla gua ase.,Baoulé,Mozilla Common Voice
common_voice_bci_41505579.mp3,A ssassa be tia srɛ.,Baoulé,Mozilla Common Voice
common_voice_bci_41505568.mp3,Be kɔ djue tralɛ nzueʼn nun nglɛmun kwlaa.,Baoulé,Mozilla Common Voice
common_voice_bci_41505567.mp3,"Yɛ kɛ ngalɛ saʼn, e si nin e nin mun e di alaje.",Baoulé,Mozilla Common Voice
common_voice_bci_41505564.mp3,Be ti yɛ be ɲannin sikaʼn niɔn.,Baoulé,Mozilla Common Voice
common_voice_bci_41543073.mp3,Suklu klefuɛʼn kle e fluwa nun kannganlɛ kpa.,Baoulé,Mozilla Common Voice
common_voice_bci_41543071.mp3,Be blɛ mi fluwa ma.,Baoulé,Mozilla Common Voice
common_voice_bci_41543067.mp3,"Blaʼm be nian fieʼn nun nnɛnʼm be lika, be man be aliɛ, be nian be lika, be yo maan be yo juejue, yɛ be yo juejue.",Baoulé,Mozilla Common Voice
common_voice_bci_41543066.mp3,Nzueʼn yo naan nigema be yo kpa.,Baoulé,Mozilla Common Voice
common_voice_bci_41543065.mp3,"Baba nian ɔ nʼdɛ sɛkɛ, ɔwa nʼga su flɛ wɔ, a tɛ isu.",Baoulé,Mozilla Common Voice
common_voice_bci_41543063.mp3,"Sa ngʼɔ nin wɔ be kɔʼn, nán ɔ ndɛndɛ kɔ nian.",Baoulé,Mozilla Common Voice
common_voice_bci_41543047.mp3,E bali kɛ é kán ndɛ.,Baoulé,Mozilla Common Voice
common_voice_bci_41543046.mp3,Ɔ ti nanwlɛ.,Baoulé,Mozilla Common Voice
common_voice_bci_41543045.mp3,Klɔ taluaʼm be kwla ɲan nzue.,Baoulé,Mozilla Common Voice
common_voice_bci_41543043.mp3,Sran kpaʼm be cɛman asiɛʼn su.,Baoulé,Mozilla Common Voice
common_voice_bci_41479897.mp3,"Ɔ fata kɛ a di junman titi ɔ ti kekle sanngɛ i sinʼn, a kunndɛ kɛ a ɲan ɔ aɲrunɲan.",Baoulé,Mozilla Common Voice
common_voice_bci_41479898.mp3,Lɔfuɛʼm be klo kɛ bé nánti klɔʼn su.,Baoulé,Mozilla Common Voice
common_voice_bci_41479899.mp3,"Ah, ngue ti yɛ amun leman sika ɔ? Ɔ fata kɛ a ɲan sika.",Baoulé,Mozilla Common Voice
common_voice_bci_41479920.mp3,"Nglɛmun ngaʼn, amun ukali min kpa.",Baoulé,Mozilla Common Voice
common_voice_bci_41479926.mp3,"Kɛ be nin a wieman nantilɛʼn, nn be saʼm be jranlɛʼn nin a wieman.",Baoulé,Mozilla Common Voice
common_voice_bci_41505652.mp3,"Kɛ likaʼn yo ayrɛʼn, n wla min tralɛʼn.",Baoulé,Mozilla Common Voice
common_voice_bci_41479855.mp3,"Kɛ e leman like uflɛ e yomanʼn, e faman e wun wlaman.",Baoulé,Mozilla Common Voice
common_voice_bci_41505646.mp3,"Aɲiho, Kouassi, a su kɔ nin?",Baoulé,Mozilla Common Voice
common_voice_bci_41505641.mp3,"Sɛ amun siman kɛ avie mmaʼn ti kekleʼn, amun minndɛ lele naan wʼa kplɔ.",Baoulé,Mozilla Common Voice
common_voice_bci_41479856.mp3,Klɔfuɛʼm be yia sinʼn i wun lɛ.,Baoulé,Mozilla Common Voice
common_voice_bci_41479857.mp3,"Trɔ ngʼɔ nunman ɔ ti suʼn, a su simɛn i le kɛ ɔ ti nɔnnin.",Baoulé,Mozilla Common Voice
common_voice_bci_41479927.mp3,"N kplin ɔ su, ɔ fata kɛ e nin sran uflɛ e koko su yalɛ.",Baoulé,Mozilla Common Voice
common_voice_bci_41479928.mp3,Ɔ mannin mi afɔtuɛ naan mi waʼn wʼa yo juejue.,Baoulé,Mozilla Common Voice
common_voice_bci_41479929.mp3,Jeʼnzueʼn ti dĩn kɔkun e wla gua ase andɛ.,Baoulé,Mozilla Common Voice
common_voice_bci_41505541.mp3,Suklu kɔlɛʼn yo min fɛ kpa cɛn kwlaa.,Baoulé,Mozilla Common Voice
common_voice_bci_41479861.mp3,N siman nzue nun wlɛwlɛ kɛ be ngaʼm be sa.,Baoulé,Mozilla Common Voice
common_voice_bci_41479890.mp3,Suklu klefuɛʼn ti aklunyefuɛ yɛ ɔ trɛ i awlɛn e wun.,Baoulé,Mozilla Common Voice
common_voice_bci_41505533.mp3,Ndreʼm be o okaʼm be su.,Baoulé,Mozilla Common Voice
common_voice_bci_41505531.mp3,Ɔ wla fi i lakleʼm be su awlo lɔ.,Baoulé,Mozilla Common Voice
common_voice_bci_41480025.mp3,"Dɔrtrɔ bianʼn i ndɛʼn tiʼn, mi waʼn ti kpa.",Baoulé,Mozilla Common Voice
common_voice_bci_41479891.mp3,Manmi di junman kekle kpa naan wʼa to bonbon.,Baoulé,Mozilla Common Voice
common_voice_bci_41480023.mp3,Sranʼn i wunmiɛnʼn wo i wienguʼn i wun.,Baoulé,Mozilla Common Voice
common_voice_bci_41480024.mp3,Nzraamaʼm be kpadja kɔnguɛ bleʼn nun.,Baoulé,Mozilla Common Voice
common_voice_bci_41553435.mp3,Klɔ kpɛnngbɛnʼm be kle e wafa ngʼɔ fata kɛ e di fieʼn i kpa naan yʼa kwla di fieʼn i kpaʼn.,Baoulé,Mozilla Common Voice
common_voice_bci_41541364.mp3,Be toli tralɛ uflɛ be fa dili chtɛn dilɛʼn.,Baoulé,Mozilla Common Voice
common_voice_bci_41541279.mp3,Be bo klolɛ naan bʼa wlu suklu lɔ.,Baoulé,Mozilla Common Voice
common_voice_bci_41541280.mp3,E fata kɛ e fa i e kɔ dɔɔtrɔ lɔ ndɛndɛ klɔʼn su lɔ.,Baoulé,Mozilla Common Voice
common_voice_bci_41541281.mp3,"A kunndɛ kɛ á kún alɛ nin albinoʼn, sanngɛ a nin a kwlamɛn i, yɛ á kɔ́.",Baoulé,Mozilla Common Voice
common_voice_bci_41541298.mp3,Sran fi siman wafa ngʼɔ́ wá wíeʼn.,Baoulé,Mozilla Common Voice
common_voice_bci_41541300.mp3,E kwla fa kɔ ni mi lotoʼn.,Baoulé,Mozilla Common Voice
common_voice_bci_41541302.mp3,Ba yasuaʼm be tiɛ yɛbuɛ mun naan bʼa kplan talɛ.,Baoulé,Mozilla Common Voice
common_voice_bci_41541303.mp3,"E kwla man amun afɔtuɛ bɔbɔ kɛ sɛ fieʼn wʼa yoman yeʼn, amun yo like uflɛ.",Baoulé,Mozilla Common Voice
common_voice_bci_41541305.mp3,Be yia cafe me nu be koko yalɛ kɔkun be yijɔ likawlɛ.,Baoulé,Mozilla Common Voice
common_voice_bci_41541317.mp3,Djueʼn yo maan sranʼn i awlɛnʼn nin i wawɛʼn be wla gua ase.,Baoulé,Mozilla Common Voice
common_voice_bci_41553003.mp3,"N fɛ, sanngɛ n lafiman.",Baoulé,Mozilla Common Voice
common_voice_bci_41553004.mp3,Manmi seli kɛ baba ti kpa.,Baoulé,Mozilla Common Voice
common_voice_bci_41553005.mp3,"Kɛ ɔ ko yo naan bʼa ba mi usa wafa nga n kwla ɲannin sika sɔʼn, be klo kɛ nán be yo sɔ naan be ka klɔʼn su lɔ.",Baoulé,Mozilla Common Voice
common_voice_bci_41553006.mp3,"Kpɛkun, aata dilɛʼn yoman kɛ laaʼn sa kun.",Baoulé,Mozilla Common Voice
common_voice_bci_41553031.mp3,N kwlá boman ngowa kun.,Baoulé,Mozilla Common Voice
common_voice_bci_41553032.mp3,"Taluaʼm be suan lã tralɛʼm be tɛtɛlɛ nin be nin mun, be fa tralɛ fanunfanun nin lɔ ninngeʼm be yolɛ.",Baoulé,Mozilla Common Voice
common_voice_bci_41553033.mp3,"Ɔ fata kɛ a di junman titi ɔ ti kekle sanngɛ i sinʼn, a kunndɛ kɛ a ɲan ɔ aɲrunɲan.",Baoulé,Mozilla Common Voice
common_voice_bci_41553035.mp3,Ba yasuaʼm be fa nannin mun be wlu nnɛn kpanngɔʼm be nun nnɔsua kwlaa.,Baoulé,Mozilla Common Voice
common_voice_bci_41553090.mp3,Wan yɛ ɔ buli min akunndan nglɛmun nga ɔ?,Baoulé,Mozilla Common Voice
common_voice_bci_41553091.mp3,Association sɔʼn i nunfuɛʼm be yo akpɔʼm be su sanwun Jɔlɛ cɛn kwlaa.,Baoulé,Mozilla Common Voice
common_voice_bci_41541318.mp3,"Sɛ amun leman aniaan blaʼn, nn amun kunndɛman amun niaan bla.",Baoulé,Mozilla Common Voice
common_voice_bci_41541321.mp3,Sranʼm be fa kpanngɔʼm be fa sin likaʼm be nun.,Baoulé,Mozilla Common Voice
common_voice_bci_41541333.mp3,Baba fin gua bo lɔ bali nin waka mma.,Baoulé,Mozilla Common Voice
common_voice_bci_41541335.mp3,"Sɛ amun waan amún ɲán kokowefuɛʼn i ajaʼn, ɔ fata kɛ amun fɛ i ngbabuaʼn wie.",Baoulé,Mozilla Common Voice
common_voice_bci_41541349.mp3,"Lupu se kɛ meow, ɔ ti srilɛ like, nán sɔ ɔ?",Baoulé,Mozilla Common Voice
common_voice_bci_41541350.mp3,Gbanflɛn nin talua mun be di junman sɔʼn.,Baoulé,Mozilla Common Voice
common_voice_bci_41541351.mp3,Sɛ n si kɛ ɔ leman duʼn.,Baoulé,Mozilla Common Voice
common_voice_bci_41541352.mp3,"Kannzɛ bɔbɔ be se kɛ siklɛtiʼn wʼa wieʼn, sanngɛ a kwla ti i nvanʼn.",Baoulé,Mozilla Common Voice
common_voice_bci_41553002.mp3,"Bakannganʼm be to jue, kpɛkun be si able nzueʼn nun.",Baoulé,Mozilla Common Voice
common_voice_bci_41553092.mp3,"Klɔʼn su lɔʼn, guaʼm be chtin kpa.",Baoulé,Mozilla Common Voice
common_voice_bci_41553093.mp3,Ɔ yo waka manda atɛ guaʼn su lɔ.,Baoulé,Mozilla Common Voice
common_voice_bci_41553094.mp3,"Ɔ fata kɛ a fa annzɛ a yaki i lɛ, n su kpɛman i guaʼn su.",Baoulé,Mozilla Common Voice
common_voice_bci_41553125.mp3,"Kɛ ɔ nin nunman lɛʼn, yɛ a nin ɔ si be la ɔ.",Baoulé,Mozilla Common Voice
common_voice_bci_41553128.mp3,Like klefuɛʼn yiyi like suanlɛʼn nun weinwein kpa.,Baoulé,Mozilla Common Voice
common_voice_bci_41541365.mp3,E klo kɛ é kɔ́ lika été nun.,Baoulé,Mozilla Common Voice
common_voice_bci_41553137.mp3,Aunjuɛʼn ti kɛ laliɛ fɛfɛ sa.,Baoulé,Mozilla Common Voice
common_voice_bci_41553139.mp3,"Kɛ be ko wie nantiʼn, be saʼn i jranlɛʼn jranman.",Baoulé,Mozilla Common Voice
common_voice_bci_41553140.mp3,Be ti kpa tra kɛ be lafi be ngunminʼn.,Baoulé,Mozilla Common Voice
common_voice_bci_41553141.mp3,"Cɛn nga be se kɛ bé úka sikaʼn suʼn, cɛn sɔʼn nun yɛ ń kɔ́ ɔ.",Baoulé,Mozilla Common Voice
common_voice_bci_41553142.mp3,"N ni a ɲanmɛn i de, ɔ maan ɔ timan mi ndɛ.",Baoulé,Mozilla Common Voice
common_voice_bci_41553148.mp3,N suan lɛtri klɛlɛ suklu lɔ.,Baoulé,Mozilla Common Voice
common_voice_bci_41553150.mp3,Sran bleʼn wunnin i ɲrunʼn.,Baoulé,Mozilla Common Voice
common_voice_bci_41553152.mp3,Nzraamaʼm be kpaja ɲanmiɛn bleʼn nun.,Baoulé,Mozilla Common Voice
common_voice_bci_41553155.mp3,Anuannzɛ sɔʼn mannin mi akunndan kun.,Baoulé,Mozilla Common Voice
common_voice_bci_41553157.mp3,Nzue mʼɔ la nglo lɔ plaiiʼn ti kɛ kplo ufue sa.,Baoulé,Mozilla Common Voice
common_voice_bci_41553166.mp3,"Kɛ woʼn ɲin wɔʼn, kɛ a wun asiɛʼn i vitriʼn, a nian ɔ wun su.",Baoulé,Mozilla Common Voice
common_voice_bci_41553167.mp3,"Kɔnguɛʼn, nnɛn kpanngɔʼm be to jue fieʼn nun lɔ.",Baoulé,Mozilla Common Voice
common_voice_bci_41553168.mp3,Blaʼm be siesie aɲia mun naan bʼa kan klɔʼn i su ninngeʼm be ndɛ.,Baoulé,Mozilla Common Voice
common_voice_bci_41553169.mp3,Gonuan like sɔʼn wʼa saci.,Baoulé,Mozilla Common Voice
common_voice_bci_41553212.mp3,"Andɛʼn, like klefuɛʼn mannin awlo lɔ junman kpanngban.",Baoulé,Mozilla Common Voice
common_voice_bci_41553216.mp3,"Like kwlaa ngʼɔ o e suʼn, ɔ ti kpa.",Baoulé,Mozilla Common Voice
common_voice_bci_41553218.mp3,Klɔʼn su lɔ awlobo kwlaa le fie kun mʼɔ di fie ngʼɔ fata kɛ ɔ diʼn niɔn.,Baoulé,Mozilla Common Voice
common_voice_bci_41553220.mp3,Ɔ ti kɛ be le awlɛn be minndɛ like sɔʼn ti kekle saan like nga be wunnin iʼn annzɛ i boʼn guaman blɛʼn.,Baoulé,Mozilla Common Voice
common_voice_bci_41553238.mp3,N yia min janvuɛ mun suklu lɔ nglɛmun kwlaa.,Baoulé,Mozilla Common Voice
common_voice_bci_41553239.mp3,Be fa nɲa nga be wun be guaʼn su lɔʼn be yo jɛtɛ ufue.,Baoulé,Mozilla Common Voice
common_voice_bci_41553240.mp3,Nestor n se kɛ yo yɛ sɛ e yo fieʼn i danʼn.,Baoulé,Mozilla Common Voice
common_voice_bci_41553245.mp3,Bakannganʼm be su di ngowa klɔʼn su lɔ.,Baoulé,Mozilla Common Voice
common_voice_bci_41553273.mp3,Gbanflɛn nin taluaʼm be di fie dilɛ junmanʼn wie.,Baoulé,Mozilla Common Voice
common_voice_bci_41553274.mp3,"Cɛn nga ń ɲínʼn, ń yó kɛ i sa.",Baoulé,Mozilla Common Voice
common_voice_bci_41553276.mp3,Aklunye yolɛʼn yo maan cɛn kwlaa yo kpa.,Baoulé,Mozilla Common Voice
common_voice_bci_41553302.mp3,Klɔʼn su lɔ gbanflɛn nin talua mun be bo yo kun be suan lã able silɛʼn.,Baoulé,Mozilla Common Voice
common_voice_bci_41553303.mp3,Klɔʼn su bakannganʼm be wanndi.,Baoulé,Mozilla Common Voice
common_voice_bci_41553306.mp3,Bakannganʼm be di ngowa wakaʼn i bo lɔ nglɛmun kwlaa.,Baoulé,Mozilla Common Voice
common_voice_bci_41553327.mp3,Sran kpaʼm be cɛman asiɛʼn su.,Baoulé,Mozilla Common Voice
common_voice_bci_41553328.mp3,"Kɛ be ko wie suklu diʼn, be bo yo kun be suan like wakaʼn i bo lɔ.",Baoulé,Mozilla Common Voice
common_voice_bci_41553330.mp3,Klɔʼn sufuɛʼm be yiali be kokoli yalɛ.,Baoulé,Mozilla Common Voice
common_voice_bci_41553331.mp3,Mi si wʼa dun mmua wʼa ɔ fieʼn nun N kunndɛli kɛ e ni i é kɔ́.,Baoulé,Mozilla Common Voice
common_voice_bci_41553351.mp3,Ye kɔ sinema lɔ kɔ nian flimu kun.,Baoulé,Mozilla Common Voice
common_voice_bci_41553352.mp3,Mi niaan bianʼn ɲannin akatua kun desɛn ngʼɔ yiliʼn i su akplowa silɛʼn nun.,Baoulé,Mozilla Common Voice
common_voice_bci_41553353.mp3,"Kɛ nzueʼn ko tɔʼn, yasua sɔʼm be siesie sua baʼm be ti su.",Baoulé,Mozilla Common Voice
common_voice_bci_41553354.mp3,"Sran kwlaa ngʼɔ nantiʼn, ɔ wun ɲrɛnnɛn; wieʼn su sranʼn i su kɛ i silhouette sa.",Baoulé,Mozilla Common Voice
common_voice_bci_41553355.mp3,Taluaʼm be tia ijreʼm be nun naan bʼa fa yo ayre.,Baoulé,Mozilla Common Voice
common_voice_bci_41553381.mp3,Ɔ wla fi i lakleʼm be su awlo lɔ.,Baoulé,Mozilla Common Voice
common_voice_bci_41553383.mp3,Blaʼm be tɔn aliɛ be man fie difuɛ mun.,Baoulé,Mozilla Common Voice
common_voice_bci_41553385.mp3,Lawlɛʼn ti kpa naan bʼa lafi kpa.,Baoulé,Mozilla Common Voice
common_voice_bci_41553400.mp3,Sranʼm be fa be wun wlɛ i klɔʼn su ninngeʼm be nun naan be afiɛnʼn wʼa mantan kpa.,Baoulé,Mozilla Common Voice
common_voice_bci_41553401.mp3,N lua like kan kun asiɛʼn nun.,Baoulé,Mozilla Common Voice
common_voice_bci_41553402.mp3,Kata fenɛtriʼm be kwlaa be su siɛnʼn.,Baoulé,Mozilla Common Voice
common_voice_bci_41553424.mp3,Be tɛtɛ trɔ mun naan bʼa yo be lɔ guaʼn su lɔ atɛ.,Baoulé,Mozilla Common Voice
common_voice_bci_41553425.mp3,"Taluaʼm be yia lɛ be di lã ngowa, be fa ninnge nga be fa yo be awlo lɔʼn, kpɛkun be di janvuɛ tralɛʼm be nun ngowa.",Baoulé,Mozilla Common Voice
common_voice_bci_41553426.mp3,Be ɲinma nɲɔnʼm be kwlaa be le be tralɛ bo.,Baoulé,Mozilla Common Voice
common_voice_bci_41553427.mp3,"Sɛ amun ju lɔʼn, ń yó sran kwlaa like, awlobofuɛʼm be wla kpɛn min su kpa.",Baoulé,Mozilla Common Voice
common_voice_bci_41553433.mp3,"Kɛ likaʼn kwlaa yo diinʼn, baʼm be kpan.",Baoulé,Mozilla Common Voice
common_voice_bci_41553434.mp3,"Min desɛnʼn ti klanman, a klo i?",Baoulé,Mozilla Common Voice
common_voice_bci_41541277.mp3,N kwlá wunman fluwa kekle sɔʼn i wlɛ.,Baoulé,Mozilla Common Voice
common_voice_bci_41553436.mp3,E kwla jrannin like tɛ kpafuɛʼn i ɲrun kekle kpa ɔ ti.,Baoulé,Mozilla Common Voice
common_voice_bci_41553437.mp3,Ye wa kɔ lika mmuammua ainman.,Baoulé,Mozilla Common Voice
common_voice_bci_41563198.mp3,Anumanʼm be to jue waka mmaʼm be nun.,Baoulé,Mozilla Common Voice
common_voice_bci_41552814.mp3,Be ni be siʼm be suan fieʼn i dilɛ.,Baoulé,Mozilla Common Voice
common_voice_bci_41552975.mp3,Be fa nzue ba fieʼm be nun naan be fa uka be si nin be ni mun.,Baoulé,Mozilla Common Voice
common_voice_bci_41552974.mp3,"Aloua Wan, Ô niann Tchrrr Ti, Ô Tranman Gboh.",Baoulé,Mozilla Common Voice
common_voice_bci_41552973.mp3,"Manmi, Nʼyuman like nʼga mon nʼklo i.",Baoulé,Mozilla Common Voice
common_voice_bci_41552972.mp3,Nɔnnɔn ti kpa man ɔ juejue yolɛ.,Baoulé,Mozilla Common Voice
common_voice_bci_41563200.mp3,"Kɛ mɔ n bu min junmanʼn i cinnjinʼn tiʼn, min liɛʼn wʼa yo ye.",Baoulé,Mozilla Common Voice
common_voice_bci_41563266.mp3,Nanninʼn su siesie avie aliɛ tɔnwlɛ lɔ.,Baoulé,Mozilla Common Voice
common_voice_bci_41563268.mp3,N kunndɛman kɛ ń kɔ́ suklu ainman.,Baoulé,Mozilla Common Voice
common_voice_bci_41563272.mp3,Ye tonnin aliɛ fɛfɛ kpa likawlɛ.,Baoulé,Mozilla Common Voice
common_voice_bci_41563275.mp3,"Sran ngʼɔ bo alɛʼn i jɔʼn, ɔ diman alɛ sɔʼn wie.",Baoulé,Mozilla Common Voice
common_voice_bci_41563528.mp3,Awlobofuɛʼm be yia Wunmiɛn-lolɛ-chtɛn kwlaa be di like likawlɛ.,Baoulé,Mozilla Common Voice
common_voice_bci_41563532.mp3,Sran sɔʼm be siesie kpanwun suaʼm be ti su.,Baoulé,Mozilla Common Voice
common_voice_bci_41563603.mp3,Srɛ kunnin min mantanfuɛʼn i alua.,Baoulé,Mozilla Common Voice
common_voice_bci_41563604.mp3,"Be kɔ gua bo lɔ be ko to ninnge mun, kpɛkun be yiyi be ɲin su.",Baoulé,Mozilla Common Voice
common_voice_bci_41563605.mp3,"Klɔʼn su blaʼm be yia lɛ be ton aliɛ dandan lã cɛn dilɛʼm be ti, be fa awloboʼn i nun aliɛ dilɛ wafa laaʼm be di junman.",Baoulé,Mozilla Common Voice
common_voice_bci_41541379.mp3,A seman le kɛ Yako ti srongble.,Baoulé,Mozilla Common Voice
common_voice_bci_41552971.mp3,Janvuɛʼm be di aliɛ likawlɛ.,Baoulé,Mozilla Common Voice
common_voice_bci_41552954.mp3,Junior yɛ ɔ tɔli tukpacɛ kɛ ɔ fɛ i nglɛmun andɛʼn.,Baoulé,Mozilla Common Voice
common_voice_bci_41552951.mp3,Klɔfuɛʼm be bo yo kun be gua avie fieʼm be su nzue.,Baoulé,Mozilla Common Voice
common_voice_bci_41552949.mp3,Mi si kleli min wafa nga be di ablé fieʼn nun lɔʼn.,Baoulé,Mozilla Common Voice
common_voice_bci_41563606.mp3,Ɔ ta agba i fieʼn nun afuɛ kwlaa nun.,Baoulé,Mozilla Common Voice
common_voice_bci_41563607.mp3,Yasuaʼm be ta waka klɔʼn su lɔ.,Baoulé,Mozilla Common Voice
common_voice_bci_41563686.mp3,"Blaʼm be nian fieʼn nun nnɛnʼm be lika, be man be aliɛ, be nian be lika, be yo maan be yo juejue, yɛ be yo juejue.",Baoulé,Mozilla Common Voice
common_voice_bci_41563689.mp3,Gbanflɛn nin talua mun be yia wakaʼn i bo lɔ nnɔsua kwlaa.,Baoulé,Mozilla Common Voice
common_voice_bci_41563690.mp3,Ɔ nnɛn kpanngɔʼn wo suaʼn i ɲrun lɛ.,Baoulé,Mozilla Common Voice
common_voice_bci_41552948.mp3,"Akɔʼn bo nglɛmun ndɛ kpa, titi.",Baoulé,Mozilla Common Voice
common_voice_bci_41552947.mp3,"Mi nnɛn kpanngɔʼn wʼa saci, n kwlá fuman su kun.",Baoulé,Mozilla Common Voice
common_voice_bci_41552930.mp3,Ɔ ni i janvuɛʼm be to video nun ngowa.,Baoulé,Mozilla Common Voice
common_voice_bci_41552929.mp3,Sranʼm be kplan waka kpanwun naan bʼa kpɛ nzue ba mun.,Baoulé,Mozilla Common Voice
common_voice_bci_41552928.mp3,Manmi klo kɛ n wunnzin min dje.,Baoulé,Mozilla Common Voice
common_voice_bci_41563694.mp3,Sɛ a su wa yi baʼm be sikaʼn kan kle mi.,Baoulé,Mozilla Common Voice
common_voice_bci_41563698.mp3,Nzue baʼm be sin okaʼm be su blɛblɛblɛ.,Baoulé,Mozilla Common Voice
common_voice_bci_41563763.mp3,"Taluaʼm be wla lã tralɛ, kpɛkun be nanti aeliɛ nga klɔ kpɛnngbɛnʼm be sieliʼn su.",Baoulé,Mozilla Common Voice
common_voice_bci_41563764.mp3,Ɔ ti klanman kɛ ngalɛ sa.,Baoulé,Mozilla Common Voice
common_voice_bci_41563768.mp3,E ɔli laa saʼm be su nianlɛ sua kun nun Samblɛ ngʼɔ sinnin lɛʼn nun.,Baoulé,Mozilla Common Voice
common_voice_bci_41563776.mp3,Be fa fluwaʼn be sie i tabliʼn su.,Baoulé,Mozilla Common Voice
common_voice_bci_41563823.mp3,Kɛ aliɛʼn ti dowa ɔ yo fɛ kpa.,Baoulé,Mozilla Common Voice
common_voice_bci_41563829.mp3,"Sɛ a kunndɛman kɛ ɔ raʼn, ɔ su tɔnman.",Baoulé,Mozilla Common Voice
common_voice_bci_41563830.mp3,"Nzueʼn ti mlanmlanmlan, ɔ kunndɛ kɛ nzue tɔ.",Baoulé,Mozilla Common Voice
common_voice_bci_41563831.mp3,N kwla nian min awlobofuɛʼm be lika.,Baoulé,Mozilla Common Voice
common_voice_bci_41541382.mp3,"Atin ngʼɔ kpɛʼn, ɔ saciman nzue baʼn.",Baoulé,Mozilla Common Voice
common_voice_bci_41541383.mp3,"A kunndɛ kɛ á fá kokowefuɛʼn i ajaʼn, kpɛkun a kplinman su kɛ á wlá i ngbabuaʼn.",Baoulé,Mozilla Common Voice
common_voice_bci_41541389.mp3,"Be kɔ lika nga be flɛ i kɛ parkiʼm be nun kpɛ sunman naan bʼa lo wunmiɛn, naan bʼa yo be wun kpinngbinlɛ cɛn kwlaa.",Baoulé,Mozilla Common Voice
common_voice_bci_41552915.mp3,A leman ɔ bɔbɔ ɔ fie a kwlá diman like nga ɔ awlɛnʼn kloʼn.,Baoulé,Mozilla Common Voice
common_voice_bci_41552909.mp3,Wiaʼn kpaja kpa blɛ mɔ likaʼn ti mlanwaʼn nun.,Baoulé,Mozilla Common Voice
common_voice_bci_41552908.mp3,N leman sika.,Baoulé,Mozilla Common Voice
common_voice_bci_41552907.mp3,"Baba, a kwla kanngan ndɛʼn nun kɔnguɛ nga.",Baoulé,Mozilla Common Voice
common_voice_bci_41552901.mp3,Ba yasuaʼm be kplan sua nɲa mun nin waka mma mun.,Baoulé,Mozilla Common Voice
common_voice_bci_41552900.mp3,"Kɛ like kwlaa ti dĩnʼn, angloʼn kpadja.",Baoulé,Mozilla Common Voice
common_voice_bci_41552899.mp3,Wiaʼn kaman yalɛ nun naan wʼa wu.,Baoulé,Mozilla Common Voice
common_voice_bci_41552897.mp3,N nin baba e kɔ junman.,Baoulé,Mozilla Common Voice
common_voice_bci_41552881.mp3,Klɔ kpɛnngbɛnʼn wla gbanflɛn nin taluaʼm be fanngan kɛ be di fie.,Baoulé,Mozilla Common Voice
common_voice_bci_41552878.mp3,Taluaʼm be tia waka naan bʼa sɔ sinʼm be nun.,Baoulé,Mozilla Common Voice
common_voice_bci_41552876.mp3,Min si kleli min wafa nga be di agba fieʼn nun lɔʼn.,Baoulé,Mozilla Common Voice
common_voice_bci_41552873.mp3,"Andɛʼn, fie dilɛ ninnge uflɛuflɛʼm be sɔnnin klɔʼn i guaʼn su.",Baoulé,Mozilla Common Voice
common_voice_bci_41563832.mp3,Gbanflɛn kannganʼm be uka klɔʼn i lika nianlɛʼn su.,Baoulé,Mozilla Common Voice
common_voice_bci_41563896.mp3,"Atinʼn kwla kata ɔ ɲrun lɛ, nán ɔ sin lɔ.",Baoulé,Mozilla Common Voice
common_voice_bci_41563897.mp3,"Mi houn Ano, Mi houn Ano, bla ɔ.",Baoulé,Mozilla Common Voice
common_voice_bci_41541390.mp3,Ndreʼm be o okaʼm be su.,Baoulé,Mozilla Common Voice
common_voice_bci_41541391.mp3,Baba waan aliɛʼn man sran wunmiɛn.,Baoulé,Mozilla Common Voice
common_voice_bci_41552872.mp3,"Kannzɛ bɔbɔ e se kɛ nnɛn kpanngɔʼn wʼa ɲinmanʼn, sanngɛ ɔ timan kpa kɛ ɔ wla tralɛ ngʼɔ o i boʼn.",Baoulé,Mozilla Common Voice
common_voice_bci_41552850.mp3,Klɔ bakannganʼm be uka naan bʼa kpɛ waka mma nga be ti mlanwaʼn be nun blɛ kwlaa nun.,Baoulé,Mozilla Common Voice
common_voice_bci_41552849.mp3,"Kɛ i tiʼn wo lɛʼn, i jaʼn wlaman trɔʼn.",Baoulé,Mozilla Common Voice
common_voice_bci_41552848.mp3,Bakannganʼm be tiɛ waka mma nga bʼa ɲinʼn fieʼn nun lɔ.,Baoulé,Mozilla Common Voice
common_voice_bci_41552847.mp3,"Kɛ bé súnman wɔʼn, ɔ fata kɛ a si wafa nga a kwla sunman ɔ wunʼn.",Baoulé,Mozilla Common Voice
common_voice_bci_41541392.mp3,A kannin ndɛ sɔʼn i kpa.,Baoulé,Mozilla Common Voice
common_voice_bci_41541393.mp3,"Kɛ lika kwlaa ti diinʼn, yɛ bakannganʼm be to djue ɔ.",Baoulé,Mozilla Common Voice
common_voice_bci_41541403.mp3,N le balɔn klanman kun.,Baoulé,Mozilla Common Voice
common_voice_bci_41541404.mp3,Bakannganʼm be su di ngowa fieʼn nun lɔ nnɔsua nga nun.,Baoulé,Mozilla Common Voice
common_voice_bci_41541405.mp3,Klɔʼn su awlobo kwlaa le fie kaan kun mɔ be di fieʼn niɔn.,Baoulé,Mozilla Common Voice
common_voice_bci_41541406.mp3,Eh mi niaan bla be wan ngue yɛ a su yo kpa?,Baoulé,Mozilla Common Voice
common_voice_bci_41552789.mp3,Viaʼn uka ɔ naan wʼa yo ɔ fɛ.,Baoulé,Mozilla Common Voice
common_voice_bci_41552790.mp3,N klo kɛ ń súan ninnge uflɛ mun cɛn kwlaa.,Baoulé,Mozilla Common Voice
common_voice_bci_41552791.mp3,Mi niaan bianʼn kunndɛman le kɛ ɔ nin min bé dí ngowa.,Baoulé,Mozilla Common Voice
common_voice_bci_41552792.mp3,Tchɛn kwlaa ɔ se mi kɛ n yaki.,Baoulé,Mozilla Common Voice
common_voice_bci_41541278.mp3,Kpanwun tɔnfuɛʼn tɔn kpanwun uflɛuflɛ man be nga be to ninngeʼn nglɛmun kwlaa.,Baoulé,Mozilla Common Voice
common_voice_bci_41552815.mp3,"Andɛʼn, sranʼm be sɔnnin guaʼn su.",Baoulé,Mozilla Common Voice
common_voice_bci_41552816.mp3,Manmi wunnzin tralɛ fien nglɛmun.,Baoulé,Mozilla Common Voice
common_voice_bci_41552835.mp3,N seli ɔ niaan bianʼn kɛ ɔ ni e nin fie difuɛ ongaʼm be kwlaa be bla ainman.,Baoulé,Mozilla Common Voice
common_voice_bci_41552834.mp3,Koffiʼn kpadja kɔnguɛ mʼɔ ti ble kpaʼn nun.,Baoulé,Mozilla Common Voice
common_voice_bci_41552832.mp3,Blo nnɛnʼm be tran waka dandanʼm be nun be ɲanman be ti.,Baoulé,Mozilla Common Voice
common_voice_bci_41552831.mp3,Viaʼn kpaja kpa klɔʼn i ti su lɔ.,Baoulé,Mozilla Common Voice
common_voice_bci_41552817.mp3,"Sran wieʼm be ɲrunʼn, sran wieʼm be ɲrun yɛ e ɲin yi sranʼn ti ɔ, nán srɛ mʼɔ kun eʼn ti ɔ.",Baoulé,Mozilla Common Voice
common_voice_bci_41552818.mp3,"Sɛ amun kunndɛman kɛ viaʼn kpaja amun sinʼn, ɔ su kpajaman amun kuanʼn su wie.",Baoulé,Mozilla Common Voice
common_voice_bci_41552819.mp3,"Kɛ ɔ ko yo naan wʼa wun sɛ ɔ niaan bianʼn su diman aliɛ kpaʼn, ɔ fata kɛ a nian wafa ngʼɔ wunnzin i saʼn.",Baoulé,Mozilla Common Voice
common_voice_bci_41552820.mp3,"Kɛ mɔ amun ijɔʼn tiʼn, e yoli aɲanbeunfuɛ.",Baoulé,Mozilla Common Voice
common_voice_bci_41552821.mp3,Ɔ flunman kɛ be kpɛ i suʼn tra kɛ ɔ wuʼn.,Baoulé,Mozilla Common Voice
common_voice_bci_41552827.mp3,Angbeti blaʼn i ngunmin cɛ yɛ i wunʼn la kɔnguɛ kwlaa ɔ.,Baoulé,Mozilla Common Voice
common_voice_bci_41552830.mp3,"Fowou man defuɛ Jésus oh, ɔwa dewɔ.",Baoulé,Mozilla Common Voice
common_voice_bci_41616851.mp3,Bakanʼn timan kɛ able sa naan wʼa nian sɛ be kleli i like kpa ka naan wʼa yo sa tɛ.,Baoulé,Mozilla Common Voice
common_voice_bci_41654120.mp3,Ɔ fata kɛ be uka min naan mʼan wie junmanʼn i di ndɛndɛ.,Baoulé,Mozilla Common Voice
common_voice_bci_41596589.mp3,Be bo balɔn Wunmiɛn-lolɛ-cɛn kwlaa nglɛmun.,Baoulé,Mozilla Common Voice
common_voice_bci_41596587.mp3,Mi si wʼa dun mmua wʼa ɔ fieʼn nun N kunndɛli kɛ e nin i é kɔ́.,Baoulé,Mozilla Common Voice
common_voice_bci_41596591.mp3,Nán wɔ yɛ a sro mi kɛ bʼa sɔman mi nunʼn niɔn.,Baoulé,Mozilla Common Voice
common_voice_bci_41596593.mp3,Be bisât kɛ tu ɔ ho blɔfuɛ.,Baoulé,Mozilla Common Voice
common_voice_bci_41596586.mp3,"Ɔ fata kɛ ɔ wun like ngʼɔ kunndɛliʼn, kɛ ɔ fɛ i annunmanʼn.",Baoulé,Mozilla Common Voice
common_voice_bci_41596576.mp3,Loto nin motoʼm be sɔnnin akpɔʼm be su.,Baoulé,Mozilla Common Voice
common_voice_bci_41596575.mp3,Jeʼnzueʼn ti dĩn kɔkun e wla gua ase andɛ.,Baoulé,Mozilla Common Voice
common_voice_bci_41596595.mp3,Gbanflɛn nin talua mun yɛ be wunnzin be tralɛ mun ɔn.,Baoulé,Mozilla Common Voice
common_voice_bci_41596596.mp3,Aunmuanʼn fita kekle kpa jenvieʼn i nuan lɔ.,Baoulé,Mozilla Common Voice
common_voice_bci_41596598.mp3,Yɛ a seman kɛ a klo sran nga be fɛʼn.,Baoulé,Mozilla Common Voice
common_voice_bci_41596599.mp3,Gonuan like sɔʼn wʼa saci.,Baoulé,Mozilla Common Voice
common_voice_bci_41613981.mp3,"Sran fi kwlá kpɛman be wakaʼn, kpɛkun ngalɛʼn ɔ́ trá be.",Baoulé,Mozilla Common Voice
common_voice_bci_41613982.mp3,Wafa sɛ yɛ ɔ yoli annunman ni sranʼm be junman difuɛ mun?,Baoulé,Mozilla Common Voice
common_voice_bci_41613983.mp3,Nán lika uflɛ nun yɛ ijreʼn ti mlanmlanmlan ɔn.,Baoulé,Mozilla Common Voice
common_voice_bci_41613984.mp3,Ye kwla kɔ jenvie nuan ainman?,Baoulé,Mozilla Common Voice
common_voice_bci_41614010.mp3,"Sɛ a kunndɛman kɛ ɔ raʼn, ɔ su beman.",Baoulé,Mozilla Common Voice
common_voice_bci_41614011.mp3,Anumanʼn kleman wakaʼm be yalɛ kɛ nga min nannanʼn fa kanʼn sa.,Baoulé,Mozilla Common Voice
common_voice_bci_41614012.mp3,N su usa wɔ ndɛ kun.,Baoulé,Mozilla Common Voice
common_voice_bci_41614013.mp3,Min janvuɛʼn le alua kun mʼɔ klo ngowa kanlɛʼn niɔn.,Baoulé,Mozilla Common Voice
common_voice_bci_41614020.mp3,"Kɛ ɔ nin nunman lɛʼn, yɛ a nin ɔ si be la ɔ.",Baoulé,Mozilla Common Voice
common_voice_bci_41614022.mp3,Klɔfuɛʼm be yia be bo yo kun be di fie.,Baoulé,Mozilla Common Voice
common_voice_bci_41614023.mp3,Baba condu loto kɔ guabo.,Baoulé,Mozilla Common Voice
common_voice_bci_41614024.mp3,Mi le akloundjouê oh Gnanmien nou.,Baoulé,Mozilla Common Voice
common_voice_bci_41596569.mp3,Kɛ okaʼn i nun lɔʼn djɔ yɛ nʼdre fi ɔ.,Baoulé,Mozilla Common Voice
common_voice_bci_41596567.mp3,Ye wa kɔ lika mmuammua ainman.,Baoulé,Mozilla Common Voice
common_voice_bci_41692053.mp3,"Sa ngʼɔ nin wɔ be kɔʼn, nán ɔ ndɛndɛ kɔ nian.",Baoulé,Mozilla Common Voice
common_voice_bci_41596566.mp3,Be su kɔ wunmiɛn lolɛ le mɔcuɛ nɲɔn sin.,Baoulé,Mozilla Common Voice
common_voice_bci_41596565.mp3,Be suan like likawlɛ be ekzamin cinnjin kpaʼn i ti.,Baoulé,Mozilla Common Voice
common_voice_bci_41614030.mp3,Klɔ sɔʼn le aliɛ diwlɛ kpanngban.,Baoulé,Mozilla Common Voice
common_voice_bci_41614031.mp3,A o nin nian wafa nga a tiʼn.,Baoulé,Mozilla Common Voice
common_voice_bci_41614033.mp3,"Akɔʼn si kɛ nglɛmun nunʼn, sanngɛ ɔ yaci akɔbaʼn i lɛ naan ɔ kpan.",Baoulé,Mozilla Common Voice
common_voice_bci_41614060.mp3,"Bianʼn wu, ɔ su sɛmɛn i sin kun; sikaʼn wu, kpɛkun ɔ sa sin.",Baoulé,Mozilla Common Voice
common_voice_bci_41614062.mp3,"Sɛ a kwla tra minʼn, ń trán ɔ wun lɛ lele.",Baoulé,Mozilla Common Voice
common_voice_bci_41614063.mp3,Aluaʼn ti kaan kpa yɛ ɔ ti klanman.,Baoulé,Mozilla Common Voice
common_voice_bci_41614125.mp3,Ɲanmiɛn su lɔʼn ti ble kɛ nzueʼn tɔ danʼn.,Baoulé,Mozilla Common Voice
common_voice_bci_41614126.mp3,"Aɲiho, Kouassi, a su kɔ nin?",Baoulé,Mozilla Common Voice
common_voice_bci_41614127.mp3,Be toli nnɛn kpanngɔ ufue uflɛ.,Baoulé,Mozilla Common Voice
common_voice_bci_41614128.mp3,Sɛ n si kɛ ɔ leman duʼn.,Baoulé,Mozilla Common Voice
common_voice_bci_41616595.mp3,Sanngɛ ngue yɛ e waan é sé kɛ e leman like fi bɔbɔ ɔ?,Baoulé,Mozilla Common Voice
common_voice_bci_41616596.mp3,Waka tɛnndɛn kpaʼm be bo sin yia klɔʼn.,Baoulé,Mozilla Common Voice
common_voice_bci_41616597.mp3,Tchɛn kwlaa ɔ se mi kɛ n yaki.,Baoulé,Mozilla Common Voice
common_voice_bci_41616598.mp3,Baba di junman kɔnguɛ kwlaa ka naan wʼa la.,Baoulé,Mozilla Common Voice
common_voice_bci_41616599.mp3,"Sran uflɛ wieʼm be o lɛʼn, be se kɛ sika nga n le iʼn, ɔ ti nnɛn ngble, sanngɛ n lemɛn i nnɛn ngble.",Baoulé,Mozilla Common Voice
common_voice_bci_41692076.mp3,Be uka klɔʼn su nnɛnʼm be likaʼm be kplanlɛʼn su.,Baoulé,Mozilla Common Voice
common_voice_bci_41692056.mp3,Sran sɔʼm be siesie kpanwun suaʼm be ti su.,Baoulé,Mozilla Common Voice
common_voice_bci_41692057.mp3,Ndɛ fɛfɛʼm be sɔnnin suklu fluwaʼm be nun.,Baoulé,Mozilla Common Voice
common_voice_bci_41654087.mp3,"Ninnge nga be fa to beʼn be o lika kwlaa, ɔ ti srilɛ like!",Baoulé,Mozilla Common Voice
common_voice_bci_41596559.mp3,I kwlaa sɔʼn timan like fi man wɔ.,Baoulé,Mozilla Common Voice
common_voice_bci_41596558.mp3,Aunjuɛʼn ti kɛ laliɛ fɛfɛ sa.,Baoulé,Mozilla Common Voice
common_voice_bci_41596557.mp3,A bu i kɛ min ti yɛ a yo ɔ.,Baoulé,Mozilla Common Voice
common_voice_bci_41596555.mp3,Ijɔ lɔ Ijɔ kɛ e ijɔ lɔ e tuaman sika.,Baoulé,Mozilla Common Voice
common_voice_bci_41596552.mp3,"Cɛn kwlaaʼn, lɔfuɛʼm be fa sranʼm be lotoʼm be kɔ lika ndɛndɛ.",Baoulé,Mozilla Common Voice
common_voice_bci_41596551.mp3,Koffiʼn kpadja kɔnguɛ mʼɔ ti ble kpaʼn nun.,Baoulé,Mozilla Common Voice
common_voice_bci_41616630.mp3,Baba su siesie moto ngʼɔ saciliʼn andɛ.,Baoulé,Mozilla Common Voice
common_voice_bci_41616631.mp3,"Kɛ a bo bakan kunʼn, a jranmɛn i sunlɛʼn i ɲrun.",Baoulé,Mozilla Common Voice
common_voice_bci_41616632.mp3,Ye le kɛ wa fa iwa wa man yé.,Baoulé,Mozilla Common Voice
common_voice_bci_41616633.mp3,"Ɔ timan tɛ, n dun mmua dili aliɛ cɛn uflɛ.",Baoulé,Mozilla Common Voice
common_voice_bci_41616651.mp3,Kloʼn lafi fɔuun viaʼn i bo lɔ.,Baoulé,Mozilla Common Voice
common_voice_bci_41596550.mp3,"A kunndɛ kɛ á kún alɛ nin albinoʼn, sanngɛ a nin a kwlamɛn i, yɛ á kɔ́.",Baoulé,Mozilla Common Voice
common_voice_bci_41596549.mp3,"Mi ngbabuaʼm be ti tɛtɛ, be ti kaan kpa.",Baoulé,Mozilla Common Voice
common_voice_bci_41596548.mp3,"Nglɛmun nun aklunjuɛʼn timan like fi, nnɔsua nun aklunjuɛʼn yɛ ɔ ti aklunjuɛ kpafuɛʼn niɔn.",Baoulé,Mozilla Common Voice
common_voice_bci_41596543.mp3,N nin baba e kɔ junman.,Baoulé,Mozilla Common Voice
common_voice_bci_41596406.mp3,"Sa ngʼɔ ju e wienguʼm be suʼn, ɔ kwla tɔ e su wie.",Baoulé,Mozilla Common Voice
common_voice_bci_41616652.mp3,"Mi suklu saci ya mlinnin, a wunman?",Baoulé,Mozilla Common Voice
common_voice_bci_41616653.mp3,Ba yasuaʼm be uka fieʼm be dilɛ likaʼn nun.,Baoulé,Mozilla Common Voice
common_voice_bci_41616677.mp3,"Sɛ amun tannin batɛmun yofuɛʼn kɛ ɔ fa kaolinʼn, wafa sɛ yɛ ɔ́ trán ɔn?",Baoulé,Mozilla Common Voice
common_voice_bci_41616678.mp3,Be ni be siʼm be suan fieʼn i dilɛ.,Baoulé,Mozilla Common Voice
common_voice_bci_41616680.mp3,E kunndɛ kɛ é trɛ́ e fieʼn nun.,Baoulé,Mozilla Common Voice
common_voice_bci_41616681.mp3,Aluaʼn bo akpɔʼn su annunman kɔnguɛ.,Baoulé,Mozilla Common Voice
common_voice_bci_41616701.mp3,Be bo klolɛ naan bʼa wlu suklu lɔ.,Baoulé,Mozilla Common Voice
common_voice_bci_41616702.mp3,"Sran nga be fin klɔʼn su lɔʼn, be kɔ guabo lɔ be ko to ninnge nga be yili be uflɛuflɛʼn.",Baoulé,Mozilla Common Voice
common_voice_bci_41616723.mp3,"Mi houn Ano, Mi houn Ano, bla ɔ.",Baoulé,Mozilla Common Voice
common_voice_bci_41616734.mp3,"Sran ngʼɔ faman like fi siemɛn i ɲrunʼn, ɔ ɲanman like fi.",Baoulé,Mozilla Common Voice
common_voice_bci_41616735.mp3,Blaʼm be tɔn aliɛ be man fie difuɛ mun.,Baoulé,Mozilla Common Voice
common_voice_bci_41596404.mp3,N klo aliɛ dilɛ naan ɔ mʼan mi ɲan wunmiɛn.,Baoulé,Mozilla Common Voice
common_voice_bci_41616750.mp3,"Kɛ wiaʼn fíteʼn, be tra jue nzue baʼn nun.",Baoulé,Mozilla Common Voice
common_voice_bci_41616751.mp3,Taluaʼm be nin be ninʼm be suan aliɛ tonlɛ nnɔsua kwlaa.,Baoulé,Mozilla Common Voice
common_voice_bci_41616752.mp3,Like kloi nʼga fia fai su.,Baoulé,Mozilla Common Voice
common_voice_bci_41616753.mp3,I afuɛ nɲɔn su yɛ be yra mi fieʼn niɔn.,Baoulé,Mozilla Common Voice
common_voice_bci_41616754.mp3,"Sɛ a kunndɛ aklunjuɛ naan a wunmɛn iʼn, a kpɛ aklunjuɛ dilɛʼn i bo.",Baoulé,Mozilla Common Voice
common_voice_bci_41616763.mp3,"Ô Wiégoun Mʼdôman Torh Siʼn nouh, yo y yako...Nan sékê, wa tranman pka tiorh.",Baoulé,Mozilla Common Voice
common_voice_bci_41616764.mp3,Mi sran kpa n leman like fi.,Baoulé,Mozilla Common Voice
common_voice_bci_41692055.mp3,"Kɛ mɔ amun ijɔʼn tiʼn, e yoli aɲanbeunfuɛ.",Baoulé,Mozilla Common Voice
common_voice_bci_41616766.mp3,"Wie liɛʼn, awlo lɔ junmanʼm be dilɛʼn ti kekle.",Baoulé,Mozilla Common Voice
common_voice_bci_41616783.mp3,Mi desɛnʼn timan klanman kɛ sran uflɛʼm be liɛʼn sa.,Baoulé,Mozilla Common Voice
common_voice_bci_41616784.mp3,Angbeti blaʼn i ngunmin cɛ yɛ i wunʼn la kɔnguɛ kwlaa ɔ.,Baoulé,Mozilla Common Voice
common_voice_bci_41616785.mp3,Sanngɛ e kunndɛ kɛ amun uka e.,Baoulé,Mozilla Common Voice
common_voice_bci_41616786.mp3,"Kɛ ɔ man kanʼn, sranʼm be toman naan wʼa kplɔ.",Baoulé,Mozilla Common Voice
common_voice_bci_41616787.mp3,N si kɛ ɔ ti fiɛn.,Baoulé,Mozilla Common Voice
common_voice_bci_41616799.mp3,Ɔ ti klanman annzɛ ɔ ti sɔ?,Baoulé,Mozilla Common Voice
common_voice_bci_41616801.mp3,A ssassa be tia srɛ.,Baoulé,Mozilla Common Voice
common_voice_bci_41616802.mp3,Math ti aklunjuɛ like nin nimero mun.,Baoulé,Mozilla Common Voice
common_voice_bci_41616813.mp3,N man min sa su kɛ ń úsa kosan kun.,Baoulé,Mozilla Common Voice
common_voice_bci_41616815.mp3,Angloʼn kpaja sua kannganʼm be su blɛblɛblɛ.,Baoulé,Mozilla Common Voice
common_voice_bci_41616816.mp3,La ndɛndɛ naan nglɛmunʼn wʼa djaso ndɛndɛ.,Baoulé,Mozilla Common Voice
common_voice_bci_41616817.mp3,E faman kolaʼn i bue e yiman tɛ.,Baoulé,Mozilla Common Voice
common_voice_bci_41616818.mp3,Yasuaʼm be yo fie dilɛ ninnge mun naan bʼa di fieʼn i junman.,Baoulé,Mozilla Common Voice
common_voice_bci_41616819.mp3,"N djuli suklu lɔ cɛ, mi tiʼn yo mi ya.",Baoulé,Mozilla Common Voice
common_voice_bci_41616836.mp3,Ɔ suman nnɛn kpanngɔ nɲɔn be su kpɛ kunngba.,Baoulé,Mozilla Common Voice
common_voice_bci_41616848.mp3,"N kunndɛ sɔkɔti, ɔ ti min liɛ!",Baoulé,Mozilla Common Voice
common_voice_bci_41616849.mp3,Bakannganʼm be kpɛ be tralɛʼm be nun.,Baoulé,Mozilla Common Voice
common_voice_bci_41616850.mp3,Wiaʼn kaman yalɛ nun naan wʼa wu.,Baoulé,Mozilla Common Voice
common_voice_bci_41616765.mp3,"Klɔʼn i akpɔʼm be suʼn, sranʼm be sin su kpa.",Baoulé,Mozilla Common Voice
common_voice_bci_41596588.mp3,"Kɛ bé dí wunmiɛnʼn, janvuɛʼm be bo yo kun be di ngowa.",Baoulé,Mozilla Common Voice
common_voice_bci_41616738.mp3,"N fɛ, sanngɛ n lafiman.",Baoulé,Mozilla Common Voice
common_voice_bci_41596403.mp3,Bakannganʼm be su di fiawlɛʼn i ngowa awloʼn nun lɔ.,Baoulé,Mozilla Common Voice
common_voice_bci_41654088.mp3,Gbanflɛn nin talua mun be yia wakaʼn i bo lɔ nnɔsua kwlaa.,Baoulé,Mozilla Common Voice
common_voice_bci_41654089.mp3,E wun kɛ be nin be janvuɛʼn be su uka klɔʼn.,Baoulé,Mozilla Common Voice
common_voice_bci_41654090.mp3,Mʼsiman wlele nan fami waya ehe.,Baoulé,Mozilla Common Voice
common_voice_bci_41654222.mp3,Sɛ n wieʼn ń bá ɔ awlo lɔ ń kán e junmanʼn i ndɛ.,Baoulé,Mozilla Common Voice
common_voice_bci_41640982.mp3,"Andɛʼn, fie dilɛ ninnge uflɛuflɛʼm be sɔnnin klɔʼn i guaʼn su.",Baoulé,Mozilla Common Voice
common_voice_bci_41654096.mp3,"Cɛn wieʼm be o lɛʼn, n kwlá diman like.",Baoulé,Mozilla Common Voice
common_voice_bci_41654097.mp3,Ɔ bɔbɔ kwla ba wie.,Baoulé,Mozilla Common Voice
common_voice_bci_41654098.mp3,Be ɔli fie lɔ be ko niannin nnɛn mun.,Baoulé,Mozilla Common Voice
common_voice_bci_41616874.mp3,"Lupu se kɛ meow, ɔ ti srilɛ like, nán sɔ ɔ?",Baoulé,Mozilla Common Voice
common_voice_bci_41616875.mp3,Taluaʼm be fa nnɛnʼm be nɔnnɔn uflɛuflɛʼn be ba nglɛmun kwlaa.,Baoulé,Mozilla Common Voice
common_voice_bci_41616876.mp3,A leman ɔ bɔbɔ ɔ fie a kwlá diman like nga ɔ awlɛnʼn kloʼn.,Baoulé,Mozilla Common Voice
common_voice_bci_41616877.mp3,"Sɛ amun kunndɛman kɛ viaʼn kpaja amun sinʼn, ɔ su kpajaman amun kuanʼn su wie.",Baoulé,Mozilla Common Voice
common_voice_bci_41654099.mp3,Amun nian sran tɛʼm be lika.,Baoulé,Mozilla Common Voice
common_voice_bci_41654100.mp3,Kpanwun tɔnfuɛʼn tɔn kpanwun uflɛuflɛ man be nga be to ninngeʼn nglɛmun kwlaa.,Baoulé,Mozilla Common Voice
common_voice_bci_41654117.mp3,"Kɛ á súan sranʼn, ɔ fata kɛ a si wafa nga á fá ɔ wun mánʼn.",Baoulé,Mozilla Common Voice
common_voice_bci_41654119.mp3,"N fɛ, mi fieʼn bɔbɔʼn, mʼan wiemɛn i sɔʼn i lika nianlɛ.",Baoulé,Mozilla Common Voice
common_voice_bci_41616852.mp3,Bakannganʼm be su di ngowa lika danʼn nun.,Baoulé,Mozilla Common Voice
common_voice_bci_41654129.mp3,A faman ɔ sa bɛʼn kleman ɔ klɔʼn le.,Baoulé,Mozilla Common Voice
common_voice_bci_41654130.mp3,Alua ble nian fenɛtri tikewa nu.,Baoulé,Mozilla Common Voice
common_voice_bci_41654131.mp3,N siman nzue nun wlɛwlɛ kɛ be ngaʼm be sa.,Baoulé,Mozilla Common Voice
common_voice_bci_41654139.mp3,Bakannganʼm be tiɛ waka mma nga bʼa ɲinʼn fieʼn nun lɔ.,Baoulé,Mozilla Common Voice
common_voice_bci_41654140.mp3,Sranʼn i wunmiɛnʼn wo i wienguʼn i wun.,Baoulé,Mozilla Common Voice
common_voice_bci_41654147.mp3,"Nanwlɛ, mi niaan mun, n yo amun mo dan.",Baoulé,Mozilla Common Voice
common_voice_bci_41654168.mp3,Be uka kpɛnngbɛn mun naan bʼa kan klɔʼn i su ndɛ.,Baoulé,Mozilla Common Voice
common_voice_bci_41640585.mp3,"Blɛ sunman nunʼn, klɔ bakannganʼm be di ngowa awie fieʼm be wun lɛ.",Baoulé,Mozilla Common Voice
common_voice_bci_41640587.mp3,Klɔʼn ti dĩn kɛ like kwlaa kɔ kpaʼn.,Baoulé,Mozilla Common Voice
common_voice_bci_41640598.mp3,Min tontonʼn yo nnɛn kpanngɔ atɛ klɔʼn i guaʼn su lɔ.,Baoulé,Mozilla Common Voice
common_voice_bci_41640600.mp3,Taluaʼm be uka be awlobofuɛʼm be tralɛʼm be tɛtɛlɛʼn su.,Baoulé,Mozilla Common Voice
common_voice_bci_41640601.mp3,Klɔ bakannganʼm be uka naan bʼa kpɛ waka mma nga be ti mlanwaʼn be nun blɛ kwlaa nun.,Baoulé,Mozilla Common Voice
common_voice_bci_41654170.mp3,Be fa nzue ba fieʼm be nun naan be fa uka be si ni be ni mun.,Baoulé,Mozilla Common Voice
common_voice_bci_41692085.mp3,Séka kwla man e i gua kpa.,Baoulé,Mozilla Common Voice
common_voice_bci_41652153.mp3,Ɔ tie djue blɛblɛblɛ kpa.,Baoulé,Mozilla Common Voice
common_voice_bci_41652152.mp3,Di like kan ya koklo.,Baoulé,Mozilla Common Voice
common_voice_bci_41692084.mp3,Flɛriʼm be bon fan ni kpa.,Baoulé,Mozilla Common Voice
common_voice_bci_41640602.mp3,Sran fi siman wafa ngʼɔ́ wá wíeʼn.,Baoulé,Mozilla Common Voice
common_voice_bci_41640606.mp3,Ye tonnin aliɛ fɛfɛ kpa likawlɛ.,Baoulé,Mozilla Common Voice
common_voice_bci_41640607.mp3,Be di cɛn dilɛ wie mun naan bʼa yra ninnge nga be kpɛli be uflɛuflɛʼn be su.,Baoulé,Mozilla Common Voice
common_voice_bci_41640618.mp3,Ɔ fata kɛ a wun ɔ wienguʼm be saʼm be wlɛ.,Baoulé,Mozilla Common Voice
common_voice_bci_41640619.mp3,E bo yo kun e kɔ klɔ lɔ e ko di ngowa.,Baoulé,Mozilla Common Voice
common_voice_bci_41652150.mp3,N di min awlo lɔ junmanʼn ka naan mʼan fite lɔ mʼan ko di ngowa.,Baoulé,Mozilla Common Voice
common_voice_bci_41692083.mp3,É kán ndɛ é klé i naan ɔ man fie difuɛʼm be kwlaa be gua kpa.,Baoulé,Mozilla Common Voice
common_voice_bci_41692081.mp3,N se kɛ yo a su kɔ fa ɔ sikaʼn?,Baoulé,Mozilla Common Voice
common_voice_bci_41692080.mp3,Ɔ wlali tralɛ ufue klanman kpa andɛ.,Baoulé,Mozilla Common Voice
common_voice_bci_41654171.mp3,Ɔ ti mi niaan bian maan e wɔ.,Baoulé,Mozilla Common Voice
common_voice_bci_41640621.mp3,Klɔ taluaʼm be sri kɛ bé bó ngowa nzue baʼn i wun lɛʼn.,Baoulé,Mozilla Common Voice
common_voice_bci_41640624.mp3,"Kɛ é nánti titiʼn, e saʼm be keje.",Baoulé,Mozilla Common Voice
common_voice_bci_41640625.mp3,N su kɔman Bouaké wie.,Baoulé,Mozilla Common Voice
common_voice_bci_41640626.mp3,"N kplin ɔ su, ɔ fata kɛ e nin sran uflɛ e koko su yalɛ.",Baoulé,Mozilla Common Voice
common_voice_bci_41640627.mp3,Baba toli balɔn klanhan kun man mi.,Baoulé,Mozilla Common Voice
common_voice_bci_41640628.mp3,"Kɛ lika kwlaa ti fɔuunʼn, anunmanʼm be to jue.",Baoulé,Mozilla Common Voice
common_voice_bci_41640629.mp3,Ɔ ti nanwlɛ.,Baoulé,Mozilla Common Voice
common_voice_bci_41640631.mp3,"Like kwlaa nga a kunndɛʼn, ɔ o mi lika.",Baoulé,Mozilla Common Voice
common_voice_bci_41654220.mp3,"Sɛ amun siman kɛ avie mmaʼn ti kekleʼn, amun minndɛ lele naan wʼa kplɔ.",Baoulé,Mozilla Common Voice
common_voice_bci_41654221.mp3,"Kɛ bé súnman wɔʼn, ɔ fata kɛ a si wafa nga a kwla sunman ɔ wunʼn.",Baoulé,Mozilla Common Voice
common_voice_bci_41652149.mp3,Be bo aya naan bʼa tra blo nnɛn kanngan mun.,Baoulé,Mozilla Common Voice
common_voice_bci_41652135.mp3,Mi si kleli min wafa nga be di ablé fieʼn nun lɔʼn.,Baoulé,Mozilla Common Voice
common_voice_bci_41652129.mp3,"Aniaan bla, n wun ndɛ nga a su kanʼn.",Baoulé,Mozilla Common Voice
common_voice_bci_41652128.mp3,"Min suklu saciʼn nunʼn, crayon klanman kpaʼm be sɔnnin.",Baoulé,Mozilla Common Voice
common_voice_bci_41652117.mp3,Ba yasuaʼm be uka be si nin be nin naan be bo yo kun be di fie.,Baoulé,Mozilla Common Voice
common_voice_bci_41652116.mp3,N dili aliɛ kpa.,Baoulé,Mozilla Common Voice
common_voice_bci_41652113.mp3,Ɔ timan kpa ti yɛ ɔ yo sɔ ɔ.,Baoulé,Mozilla Common Voice
common_voice_bci_41652112.mp3,Be su nian awlobo flimu kun kɔnguɛ nga.,Baoulé,Mozilla Common Voice
common_voice_bci_41640632.mp3,"Dɔrtrɔ bianʼn i ndɛʼn tiʼn, mi waʼn ti kpa.",Baoulé,Mozilla Common Voice
common_voice_bci_41640969.mp3,"Stéphane, kɔ kunndɛ bia man ɔ tontonʼn; ɔ́ trán ase.",Baoulé,Mozilla Common Voice
common_voice_bci_41640972.mp3,"Kɛ baʼn wun i ninʼn, ɔ sri.",Baoulé,Mozilla Common Voice
common_voice_bci_41640974.mp3,Manmi wunnzin tralɛ eni waka mma.,Baoulé,Mozilla Common Voice
common_voice_bci_41652111.mp3,Aunmuanʼn fita nɲaʼm be su blɛblɛblɛ.,Baoulé,Mozilla Common Voice
common_voice_bci_41640975.mp3,"Be waan kɛ a nin a wumanʼn, ɔ fata kɛ a di aliɛ kpa.",Baoulé,Mozilla Common Voice
common_voice_bci_41652110.mp3,"Baba nian ɔ nʼdɛ sɛkɛ, ɔwa nʼga su flɛ wɔ, a tɛ isu.",Baoulé,Mozilla Common Voice
common_voice_bci_41652109.mp3,Anumanʼn kwlá faman ya waka kun wun le.,Baoulé,Mozilla Common Voice
common_voice_bci_41652108.mp3,Be klo aliɛ diwlɛʼm be nun kɔlɛ naan bʼa di mɛn wunmuanʼn nun aliɛʼm be nun.,Baoulé,Mozilla Common Voice
common_voice_bci_41652107.mp3,"Ɔ diman aliɛ kpa, dɔrtrɔ bianʼn seli sɔ.",Baoulé,Mozilla Common Voice
common_voice_bci_41652105.mp3,"Blɛ sunman nunʼn, be kɔ be wun kpinngbinlɛ likaʼn nun lɔ be ko yo be wun kpinngbinlɛ nin ninnge fanunfanun.",Baoulé,Mozilla Common Voice
common_voice_bci_41652102.mp3,"Sɛ min ɲinmaʼn ti kpinngbinʼn, i boʼn yɛle kɛ n ti kpinngbin, afin bakanʼn ti kpinngbin tra nanninʼn.",Baoulé,Mozilla Common Voice
common_voice_bci_41652101.mp3,Yalɛfuɛʼn klo i waʼn sanngɛ baʼn simɛn i sôr.,Baoulé,Mozilla Common Voice
common_voice_bci_41652100.mp3,"Min teddy bearʼn, ɔ fata kɛ be tra min awlɛn blɛblɛblɛ.",Baoulé,Mozilla Common Voice
common_voice_bci_41652099.mp3,"Telefɔnunʼn bo, sran kun su flɛ ɔ dunmanʼn.",Baoulé,Mozilla Common Voice
common_voice_bci_41652098.mp3,Efata kɛ n wɔ suklu ainman nglɛmun.,Baoulé,Mozilla Common Voice
common_voice_bci_41652087.mp3,"Sɛ e la ndɛndɛʼn, nglɛmunʼn yo fɛ.",Baoulé,Mozilla Common Voice
common_voice_bci_41652086.mp3,"Be kɔ gua bo lɔ be ko to ninnge mun, kpɛkun be yiyi be ɲin su.",Baoulé,Mozilla Common Voice
common_voice_bci_41652084.mp3,Djavuɛ kun i srilɛʼn yo maan e klun jɔ.,Baoulé,Mozilla Common Voice
common_voice_bci_41652069.mp3,"Sɛ a nian ɔ wun likaʼn, i sɔʼn kleman kɛ srɛ kun wɔ.",Baoulé,Mozilla Common Voice
common_voice_bci_41652068.mp3,Klɔʼn su awloboʼm be kwlaa be cɛcɛ avieʼn i nun ninngeʼm be nun.,Baoulé,Mozilla Common Voice
common_voice_bci_41652067.mp3,"Sɛ a wun akɔ blaʼn guaʼn su lɔʼn, i nzuɛnʼn ti yɛ ɔ yoli sɔ ɔ.",Baoulé,Mozilla Common Voice
common_voice_bci_41652061.mp3,Be nin be si nin be nin be suan nnɛnʼm be lika nianlɛ.,Baoulé,Mozilla Common Voice
common_voice_bci_41652059.mp3,Bakannganʼm be srilɛʼn yo maan klɔʼn i nunfuɛʼm be di aklunjuɛ.,Baoulé,Mozilla Common Voice
common_voice_bci_41652058.mp3,"Nian, n wunnin yɔbuɛ klanman kpa kun!",Baoulé,Mozilla Common Voice
common_voice_bci_41652057.mp3,"Kɛ be ko wie nantiʼn, be saʼn i jranlɛʼn jranman.",Baoulé,Mozilla Common Voice
common_voice_bci_41652046.mp3,Be tɔn aliɛ fɛfɛ kun be man e.,Baoulé,Mozilla Common Voice
common_voice_bci_41652045.mp3,"Kpanwunʼn ti uflɛuflɛ, yɛ be kpa.",Baoulé,Mozilla Common Voice
common_voice_bci_41652043.mp3,Sukula leman dunman kpanwun nun kun.,Baoulé,Mozilla Common Voice
common_voice_bci_41644273.mp3,"Kpanwun mʼɔ ti nvanʼn, ɔ yo fɛ titi.",Baoulé,Mozilla Common Voice
common_voice_bci_41644272.mp3,"Fowou man defuɛ Jésus oh, ɔwa dewɔ.",Baoulé,Mozilla Common Voice
common_voice_bci_41644271.mp3,Gbanflɛn nin talua me to jue guabo.,Baoulé,Mozilla Common Voice
common_voice_bci_41640983.mp3,"Mi janvuɛ kpaʼn ɔli lika uflɛ, ɔ yo min ya.",Baoulé,Mozilla Common Voice
common_voice_bci_41640984.mp3,Waka mmaʼm be ti mlanmlanmlan yɛ be ti fɛ siɛnʼn.,Baoulé,Mozilla Common Voice
common_voice_bci_41640986.mp3,Ok yo like nʼga a klo.,Baoulé,Mozilla Common Voice
common_voice_bci_41644264.mp3,Suanlɛ sɔʼn yɛ ɔ yoli maan mi ni mi mma mun e sinnin sa kekle sɔʼn nun ɔn.,Baoulé,Mozilla Common Voice
common_voice_bci_41644267.mp3,"Mi niaan bian, mʼan wunman wɔ lɔ.",Baoulé,Mozilla Common Voice
common_voice_bci_41644268.mp3,"I sɔʼn i ngunmin tiʼn, amun kwla lafi mi su.",Baoulé,Mozilla Common Voice
common_voice_bci_41644269.mp3,"Andɛʼn, like klefuɛʼn kanngan ndɛ fɛfɛ kun nun kle e.",Baoulé,Mozilla Common Voice
common_voice_bci_41644270.mp3,Be si able nzraamaʼm be bo lɔ kɔnguɛ kwlaa.,Baoulé,Mozilla Common Voice
common_voice_bci_41640976.mp3,Ɔ fata kɛ a wunnzin naan wʼa tɔman tukpachtɛ.,Baoulé,Mozilla Common Voice
common_voice_bci_41663253.mp3,Manmi waan nzue sanwunʼn ti kpa.,Baoulé,Mozilla Common Voice
common_voice_bci_41664134.mp3,"Mi houn Ano, Mi houn Ano, bla ɔ.",Baoulé,Mozilla Common Voice
common_voice_bci_41664136.mp3,"Nglɛmunʼn, akɔɲinmanʼn kpan kekle kpa.",Baoulé,Mozilla Common Voice
common_voice_bci_41664137.mp3,"Nzueʼn ti mlanmlanmlan, ɔ kunndɛ kɛ nzue tɔ.",Baoulé,Mozilla Common Voice
common_voice_bci_41664138.mp3,Ngue ekun yɛ sran sɔʼm be kunndɛ ɔ?,Baoulé,Mozilla Common Voice
common_voice_bci_41664141.mp3,Ɔ nnɛn kpanngɔʼn wo suaʼn i ɲrun lɛ.,Baoulé,Mozilla Common Voice
common_voice_bci_41664142.mp3,E bali kɛ é úkɛ i naan wʼa wie i junmanʼn i di.,Baoulé,Mozilla Common Voice
common_voice_bci_41664144.mp3,Like kwlaa le i blɛ.,Baoulé,Mozilla Common Voice
common_voice_bci_41664145.mp3,"Bla ngʼɔ wunnzɛʼn, ɔ kwlá nianmɛn i kuanʼn i bo lɔ.",Baoulé,Mozilla Common Voice
common_voice_bci_41664146.mp3,A o nin nian wafa nga a tiʼn.,Baoulé,Mozilla Common Voice
common_voice_bci_41664150.mp3,Boliʼm be di ijre ngʼɔ o nzue baʼn i wun lɛʼn su.,Baoulé,Mozilla Common Voice
common_voice_bci_41664151.mp3,"Mi nnɛn kpanngɔʼn wʼa saci, n kwlá fuman su kun.",Baoulé,Mozilla Common Voice
common_voice_bci_41664152.mp3,"Mi mmaʼm be kwla kɔ suklu, yɛ fɔundi o mi awlo lɔ.",Baoulé,Mozilla Common Voice
common_voice_bci_41664153.mp3,Siɛ ni niɛnʼm be klo kɛ be ni be mmaʼm be di blɛ Mɔnnɛn chtɛnʼn.,Baoulé,Mozilla Common Voice
common_voice_bci_41664154.mp3,Anumanʼm be to djue wakaʼm be su lɔ.,Baoulé,Mozilla Common Voice
common_voice_bci_41664156.mp3,"Be waan kɛ a nin a wumanʼn, ɔ fata kɛ a di aliɛ kpa.",Baoulé,Mozilla Common Voice
common_voice_bci_41664157.mp3,Be su kɔ wunmiɛn lolɛ le mɔcuɛ nɲɔn sin.,Baoulé,Mozilla Common Voice
common_voice_bci_41664158.mp3,Like klefuɛʼn kan ndɛ fɛfɛ wie mun.,Baoulé,Mozilla Common Voice
common_voice_bci_41664159.mp3,"Cɛn nga be se kɛ bé úka sikaʼn suʼn, cɛn sɔʼn nun yɛ ń kɔ́ ɔ.",Baoulé,Mozilla Common Voice
common_voice_bci_41664160.mp3,"Mi niaan bian, ɔ fata kɛ a uka min.",Baoulé,Mozilla Common Voice
common_voice_bci_41664161.mp3,Nzraamaʼm be kpaja ɲanmiɛn su lɔ kɔnguɛ nga.,Baoulé,Mozilla Common Voice
common_voice_bci_41664162.mp3,Taluaʼm be tia ijreʼm be nun naan bʼa fa yo ayre.,Baoulé,Mozilla Common Voice
common_voice_bci_41664163.mp3,Guaʼn tike nglɛmun ndɛ kpa.,Baoulé,Mozilla Common Voice
common_voice_bci_41664164.mp3,"Kɛ be se kɛ chiliʼn wʼa wie i kanninʼn nunʼn, á fá ɔ tiʼn kɔ́.",Baoulé,Mozilla Common Voice
common_voice_bci_41664165.mp3,Ɔ ta agba i fieʼn nun afuɛ kwlaa nun.,Baoulé,Mozilla Common Voice
common_voice_bci_41664166.mp3,A faman ɔ sa bɛʼn kleman ɔ klɔʼn le.,Baoulé,Mozilla Common Voice
common_voice_bci_41664168.mp3,N ni mi si e kɔ fie nun junman dilɛ nglɛmun kwlaa.,Baoulé,Mozilla Common Voice
common_voice_bci_41664169.mp3,Kloʼn lafi fɔuun viaʼn i bo lɔ.,Baoulé,Mozilla Common Voice
common_voice_bci_41664170.mp3,"Kɛ á nían ngowa kanlɛʼn, ɔ diman ngowa.",Baoulé,Mozilla Common Voice
common_voice_bci_41664171.mp3,E su kan ɔ ndɛ yɛ a su index sran uflɛ.,Baoulé,Mozilla Common Voice
common_voice_bci_41664172.mp3,Be nianman sran ngʼɔ su bobo nʼgatɛ nuanʼn nun.,Baoulé,Mozilla Common Voice
common_voice_bci_41664175.mp3,I afuɛ nɲɔn su yɛ be yra mi fieʼn niɔn.,Baoulé,Mozilla Common Voice
common_voice_bci_41664177.mp3,Mi si kleli min wafa nga be di agba fieʼn nun lɔʼn.,Baoulé,Mozilla Common Voice
common_voice_bci_41664181.mp3,Manmin ton aliɛ man awlobofuɛ mun.,Baoulé,Mozilla Common Voice
common_voice_bci_41664182.mp3,"A wan, a klɛ mi yalɛ, a si man kɛ, a sou klɛ mi nʼglouɛlɛ.",Baoulé,Mozilla Common Voice
common_voice_bci_41664185.mp3,Taluaʼm be kpɛ nzue gboʼn nun be man awlobofuɛ mun.,Baoulé,Mozilla Common Voice
common_voice_bci_41664186.mp3,Waka tɛnndɛn kpaʼm be bo sin yia klɔʼn.,Baoulé,Mozilla Common Voice
common_voice_bci_41664187.mp3,"Sɛ amun nin a diman fie fɔkɔ lɔ deʼn, amun su siman kɛ kanga di awieʼn.",Baoulé,Mozilla Common Voice
common_voice_bci_41664188.mp3,"Dɔrtrɔ bianʼn i ndɛʼn tiʼn, mi waʼn ti kpa.",Baoulé,Mozilla Common Voice
common_voice_bci_41663376.mp3,E kɔ guaʼn su lɔ e ko to waka mma.,Baoulé,Mozilla Common Voice
common_voice_bci_41664133.mp3,Sukula leman dunman kpanwun nun kun.,Baoulé,Mozilla Common Voice
common_voice_bci_41664132.mp3,Be toli tralɛ uflɛ be fa dili chtɛn dilɛʼn.,Baoulé,Mozilla Common Voice
common_voice_bci_41663485.mp3,Djueʼn yo maan sranʼn i awlɛnʼn nin i wawɛʼn be wla gua ase.,Baoulé,Mozilla Common Voice
common_voice_bci_41663484.mp3,"Kɛ lika kwlaa ti diinʼn, yɛ bakannganʼm be to djue ɔ.",Baoulé,Mozilla Common Voice
common_voice_bci_41663483.mp3,"Kɛ be ko di aliɛʼn, bakannganʼm be di bonbon.",Baoulé,Mozilla Common Voice
common_voice_bci_41663482.mp3,Klɔ taluaʼm be sri kɛ bé bó ngowa nzue baʼn i wun lɛʼn.,Baoulé,Mozilla Common Voice
common_voice_bci_41663481.mp3,"Sɛ amun ju lɔʼn, ń yó sran kwlaa like, awlobofuɛʼm be wla kpɛn min su kpa.",Baoulé,Mozilla Common Voice
common_voice_bci_41663475.mp3,"Kɛ ɔ ko yo naan bʼa ba mi usa wafa nga n kwla ɲannin sika sɔʼn, be klo kɛ nán be yo sɔ naan be ka klɔʼn su lɔ.",Baoulé,Mozilla Common Voice
common_voice_bci_41663474.mp3,Be fa waka mma ngble mun be kɔ klɔʼn i guaʼn su lɔ.,Baoulé,Mozilla Common Voice
common_voice_bci_41663472.mp3,Klɔʼn su bakannganʼm be wanndi.,Baoulé,Mozilla Common Voice
common_voice_bci_41663471.mp3,Sanngɛ ngue yɛ e waan é sé kɛ e leman like fi bɔbɔ ɔ?,Baoulé,Mozilla Common Voice
common_voice_bci_41663465.mp3,Kpɛkun n ɲannin kasiɛnfuɛ kpanngban.,Baoulé,Mozilla Common Voice
common_voice_bci_41663464.mp3,"N su fite, Nʼma sa min sin ndɛndɛ.",Baoulé,Mozilla Common Voice
common_voice_bci_41663463.mp3,"Stéphane, kɔ kunndɛ bia man ɔ tontonʼn; ɔ́ trán ase.",Baoulé,Mozilla Common Voice
common_voice_bci_41663462.mp3,Viaʼn kpadja ɲanmiɛn su lɔ kpa.,Baoulé,Mozilla Common Voice
common_voice_bci_41663442.mp3,"Klɔʼn i su ninngeʼm be sɔnnin kpa afuɛ nga nun, e la Ɲanmiɛn ase.",Baoulé,Mozilla Common Voice
common_voice_bci_41663429.mp3,"Sran nga be fin klɔʼn su lɔʼn, be kɔ guabo lɔ be ko to ninnge nga be yili be uflɛuflɛʼn.",Baoulé,Mozilla Common Voice
common_voice_bci_41663428.mp3,Like klefuɛʼn yiyi like suanlɛʼn nun weinwein kpa.,Baoulé,Mozilla Common Voice
common_voice_bci_41663427.mp3,"Ah, ngue ti yɛ amun leman sika ɔ? Ɔ fata kɛ a ɲan sika.",Baoulé,Mozilla Common Voice
common_voice_bci_41663426.mp3,"Kɛ mɔ n bu min junmanʼn i cinnjinʼn tiʼn, min liɛʼn wʼa yo ye.",Baoulé,Mozilla Common Voice
common_voice_bci_41663425.mp3,"Kɛ á kɔ́ fa ɔ sikaʼn, fa ɔ nimeroʼn man bian ngʼɔ yi sikaʼn.",Baoulé,Mozilla Common Voice
common_voice_bci_41663408.mp3,E ko trannin andɛ mi wla fi mi djanvuɛʼm be su.,Baoulé,Mozilla Common Voice
common_voice_bci_41663407.mp3,Fiti fiti cogloman ɔ ni kanga be sri man blɛ kuʼngba nu.,Baoulé,Mozilla Common Voice
common_voice_bci_41663406.mp3,E nanti wakaʼm be nun.,Baoulé,Mozilla Common Voice
common_voice_bci_41663405.mp3,N si kɛ ɔ ti fiɛn.,Baoulé,Mozilla Common Voice
common_voice_bci_41663394.mp3,Bakannganʼm be tiɛ waka mma nga bʼa ɲinʼn fieʼn nun lɔ.,Baoulé,Mozilla Common Voice
common_voice_bci_41663393.mp3,Siglifoué siâkê nʼglwêlêfoué fɛ.,Baoulé,Mozilla Common Voice
common_voice_bci_41663391.mp3,"Baba nian ɔ nʼdɛ sɛkɛ, ɔwa nʼga su flɛ wɔ, a tɛ isu.",Baoulé,Mozilla Common Voice
common_voice_bci_41663390.mp3,"Kɛ n sɔ min aradioʼn, djueʼn bo blɛblɛblɛ.",Baoulé,Mozilla Common Voice
common_voice_bci_41663378.mp3,Ndɛ fɛfɛʼm be sɔnnin suklu fluwaʼm be nun.,Baoulé,Mozilla Common Voice
common_voice_bci_41663343.mp3,"Sɛ a nian ɔ wun likaʼn, i sɔʼn kleman kɛ srɛ kun wɔ.",Baoulé,Mozilla Common Voice
common_voice_bci_41663368.mp3,"Sɛ amun leman aniaan blaʼn, nn amun kunndɛman amun niaan bla.",Baoulé,Mozilla Common Voice
common_voice_bci_41663367.mp3,Gbanflɛn nin talua mun be yia wakaʼn i bo lɔ be koko yalɛ.,Baoulé,Mozilla Common Voice
common_voice_bci_41663366.mp3,Bian bleʼn wunnin i ɲrunʼn.,Baoulé,Mozilla Common Voice
common_voice_bci_41664189.mp3,Baba condu loto kɔ guabo.,Baoulé,Mozilla Common Voice
common_voice_bci_41663365.mp3,Lawlɛʼn ti kpa naan bʼa lafi kpa.,Baoulé,Mozilla Common Voice
common_voice_bci_41663359.mp3,Djavuɛ kun i srilɛʼn yo maan e klun jɔ.,Baoulé,Mozilla Common Voice
common_voice_bci_41663357.mp3,"Janvuɛʼm be uka be wiengu, like kwlaa yo fɛ.",Baoulé,Mozilla Common Voice
common_voice_bci_41663356.mp3,"Kɛ be klo sranʼn, ɔ yo be fɛ.",Baoulé,Mozilla Common Voice
common_voice_bci_41663355.mp3,Lotoʼn su kɔ blɛblɛblɛ akpɔʼn su.,Baoulé,Mozilla Common Voice
common_voice_bci_41663348.mp3,Nestor n se kɛ yo yɛ sɛ e yo fieʼn i danʼn.,Baoulé,Mozilla Common Voice
common_voice_bci_41663347.mp3,Klɔ kpɛnngbɛnʼn ɔli e fieʼm be nun le mɔcuɛ ngʼɔ sinnin lɛʼn nun.,Baoulé,Mozilla Common Voice
common_voice_bci_41653177.mp3,N seman kɛ n ti kpa tra wɔ.,Baoulé,Mozilla Common Voice
common_voice_bci_41653179.mp3,Be bo aya naan bʼa tra blo nnɛn.,Baoulé,Mozilla Common Voice
common_voice_bci_41663345.mp3,Be tran ndje nu nan ba tu ndje.,Baoulé,Mozilla Common Voice
common_voice_bci_41653180.mp3,Be kplannin waka sua kun wakaʼn i wun lɛ.,Baoulé,Mozilla Common Voice
common_voice_bci_41653189.mp3,N klo kɛ ń fá min crayon ngʼɔ ti ufueʼn ń yí desɛn.,Baoulé,Mozilla Common Voice
common_voice_bci_41663344.mp3,Srɛ kunnin min mantanfuɛʼn i alua.,Baoulé,Mozilla Common Voice
common_voice_bci_41662788.mp3,Wafa sɛ yɛ ɔ yoli annunman ni sranʼm be junman difuɛ mun?,Baoulé,Mozilla Common Voice
common_voice_bci_41653232.mp3,Desɛn klanhan kpaʼm be sɔnnin min fluwaʼn nun.,Baoulé,Mozilla Common Voice
common_voice_bci_41653239.mp3,"Be nga be tran klɔ sɔʼn suʼn, be bo yo kun be yo akpɔʼm be su cɛn dilɛ.",Baoulé,Mozilla Common Voice
common_voice_bci_41653240.mp3,N kɔ suklu nin min saci.,Baoulé,Mozilla Common Voice
common_voice_bci_41653252.mp3,Yalé foué wan divin ya fê.,Baoulé,Mozilla Common Voice
common_voice_bci_41653253.mp3,Ye fali ajalɛ kɛ é kɔ́ kpɔlɛ ainman.,Baoulé,Mozilla Common Voice
common_voice_bci_41653254.mp3,Wan yɛ amun bu i kɛ amun ti ɔ?,Baoulé,Mozilla Common Voice
common_voice_bci_41653255.mp3,Klɔʼn su guaʼm be sonnin.,Baoulé,Mozilla Common Voice
common_voice_bci_41653259.mp3,A wun vie kanvie a woun vie yaki vie.,Baoulé,Mozilla Common Voice
common_voice_bci_41653264.mp3,Anunmanʼm be tu be bo be kɔ ngua lɔ afuɛ kwlaa nun.,Baoulé,Mozilla Common Voice
common_voice_bci_41653265.mp3,Taluaʼm be nin be ninʼm be suan aliɛ tonlɛ nnɔsua kwlaa.,Baoulé,Mozilla Common Voice
common_voice_bci_41653266.mp3,Nʼyo wɔ kula mi wa bla.,Baoulé,Mozilla Common Voice
common_voice_bci_41653267.mp3,Ɔ wlali tralɛ ufue klanman kpa andɛ.,Baoulé,Mozilla Common Voice
common_voice_bci_41653268.mp3,Mi niaan bian Yako n su kɔ.,Baoulé,Mozilla Common Voice
common_voice_bci_41653269.mp3,"Klɔʼn i su ninngeʼm be ti kpa afuɛ nga nun, e la Ɲanmiɛn ase.",Baoulé,Mozilla Common Voice
common_voice_bci_41653270.mp3,N siman like nga n yoliʼn bɔbɔ.,Baoulé,Mozilla Common Voice
common_voice_bci_41653271.mp3,"Sika nga n ɲɛnnin iʼn, n fa yoli min junmanʼn.",Baoulé,Mozilla Common Voice
common_voice_bci_41653280.mp3,Bakanʼm be kpɛ waka be tɔn si fie su lɔ.,Baoulé,Mozilla Common Voice
common_voice_bci_41653283.mp3,"Kɛ lika kwlaa ti fɔuunʼn, anunmanʼm be to jue.",Baoulé,Mozilla Common Voice
common_voice_bci_41653286.mp3,"Baba man yo tɛ, i so tiɛ mi srɛ wɔ.",Baoulé,Mozilla Common Voice
common_voice_bci_41653287.mp3,Be toli nnɛn kpanngɔ ufue uflɛ.,Baoulé,Mozilla Common Voice
common_voice_bci_41653289.mp3,"Fie nga e yoliʼn, ɔ su man.",Baoulé,Mozilla Common Voice
common_voice_bci_41653290.mp3,"N kunndɛ kɛ ń nɔ́n nzue kan siɛnʼn, yaki.",Baoulé,Mozilla Common Voice
common_voice_bci_41653291.mp3,Anunmanʼm be to jue nglɛmun nun.,Baoulé,Mozilla Common Voice
common_voice_bci_41653297.mp3,Baba waan aliɛʼn man sran wunmiɛn.,Baoulé,Mozilla Common Voice
common_voice_bci_41653298.mp3,Sran kpanngban be o asɔnun lɔ andɛ tra annunman.,Baoulé,Mozilla Common Voice
common_voice_bci_41653301.mp3,"Kɛ e leman like uflɛ e yomanʼn, e faman e wun wlaman.",Baoulé,Mozilla Common Voice
common_voice_bci_41653307.mp3,"Min desɛnʼn ti klanman, a klo i?",Baoulé,Mozilla Common Voice
common_voice_bci_41653308.mp3,Blaʼm be siesie aɲia mun naan bʼa kan klɔʼn i su ninngeʼm be ndɛ.,Baoulé,Mozilla Common Voice
common_voice_bci_41653309.mp3,"Sɛ a kunndɛ aklunjuɛ naan a wunmɛn iʼn, a kpɛ aklunjuɛ dilɛʼn i bo.",Baoulé,Mozilla Common Voice
common_voice_bci_41653310.mp3,Gbanflɛn nin talua mun be lua nʼgatɛ.,Baoulé,Mozilla Common Voice
common_voice_bci_41653312.mp3,Manmi i aliɛʼn ti kpa titi.,Baoulé,Mozilla Common Voice
common_voice_bci_41653313.mp3,"Kɛ mɔ amun ijɔʼn tiʼn, e yoli aɲanbeunfuɛ.",Baoulé,Mozilla Common Voice
common_voice_bci_41653314.mp3,"Bewuka mi, nan man kpata mi si.",Baoulé,Mozilla Common Voice
common_voice_bci_41653316.mp3,Bakannganʼm be su di fiawlɛʼn i ngowa awloʼn nun lɔ.,Baoulé,Mozilla Common Voice
common_voice_bci_41653321.mp3,Ɔ leman kunman naan ɔ ti wɔ.,Baoulé,Mozilla Common Voice
common_voice_bci_41653327.mp3,Flɛriʼn tike viaʼn i dolɛʼn su.,Baoulé,Mozilla Common Voice
common_voice_bci_41653328.mp3,"Dɔɔtrɔʼm be nian tukpacifuɛʼm be lika kpa, kpɛkun be si be aunnvuɛ dan.",Baoulé,Mozilla Common Voice
common_voice_bci_41653329.mp3,"Sɛ kɔnguɛʼn ɔ ninʼn i wawɛʼn sasa wɔʼn, ɔ ti ɔ liɛ kɛ a sasa ɔ wun nglɛmun nunʼn.",Baoulé,Mozilla Common Voice
common_voice_bci_41653330.mp3,"Kpanwun mʼɔ ti nvanʼn, ɔ yo fɛ titi.",Baoulé,Mozilla Common Voice
common_voice_bci_41653332.mp3,Manmin siesie aliɛ man awlobofuɛ mun.,Baoulé,Mozilla Common Voice
common_voice_bci_41663342.mp3,"Wawa blɛ nunʼn, e ɲanman nʼzue.",Baoulé,Mozilla Common Voice
common_voice_bci_41653337.mp3,E bali ɔ wun wunlɛ kɛ é kán ndɛ.,Baoulé,Mozilla Common Voice
common_voice_bci_41653340.mp3,Viaʼn uka ɔ naan wʼa yo ɔ fɛ.,Baoulé,Mozilla Common Voice
common_voice_bci_41663341.mp3,Be fa nzue ba fieʼm be nun naan be fa uka be si nin be ni mun.,Baoulé,Mozilla Common Voice
common_voice_bci_41663340.mp3,Jeʼnzueʼn ti dĩn kɔkun e wla gua ase andɛ.,Baoulé,Mozilla Common Voice
common_voice_bci_41663334.mp3,"Kɛ a bo bakan kunʼn, a jranmɛn i sunlɛʼn i ɲrun.",Baoulé,Mozilla Common Voice
common_voice_bci_41653341.mp3,"Kɛ be ko di aliɛʼn, ɔ fata kɛ be wunnzin be saʼm be nun.",Baoulé,Mozilla Common Voice
common_voice_bci_41653342.mp3,Ayrɛʼn tɔ kɔnguɛʼm be nun.,Baoulé,Mozilla Common Voice
common_voice_bci_41653343.mp3,Ba yalɛfuɛʼn siman kɛ i ninʼn klo i.,Baoulé,Mozilla Common Voice
common_voice_bci_41653346.mp3,N mlinnin min balɔnʼn i wun koko lɛ fieʼn nun lɔ.,Baoulé,Mozilla Common Voice
common_voice_bci_41653352.mp3,Gbanflɛn kannganʼm be sasa klɔʼn.,Baoulé,Mozilla Common Voice
common_voice_bci_41653353.mp3,Nannanʼm be kan ndɛ fɛfɛ wie mun be kle be anunman mun.,Baoulé,Mozilla Common Voice
common_voice_bci_41653354.mp3,E kwlakwla e di like likawlɛ kantinʼn nun lɔ.,Baoulé,Mozilla Common Voice
common_voice_bci_41663333.mp3,"Min teddy bearʼn, ɔ fata kɛ be tra min awlɛn blɛblɛblɛ.",Baoulé,Mozilla Common Voice
common_voice_bci_41663331.mp3,"Cɛn wieʼm be o lɛʼn, n kwlá diman like.",Baoulé,Mozilla Common Voice
common_voice_bci_41653355.mp3,Ɔ bɔbɔ ɔ ni yɛ a su kɔ.,Baoulé,Mozilla Common Voice
common_voice_bci_41653356.mp3,Alua ble nian fenɛtri tikewa nu.,Baoulé,Mozilla Common Voice
common_voice_bci_41663329.mp3,"Manmi, Nʼkunnu kɛ eni wɔ ngowa siɛnʼn.",Baoulé,Mozilla Common Voice
common_voice_bci_41653363.mp3,Amun a wun kɛ n fa be sikaʼn wie le?,Baoulé,Mozilla Common Voice
common_voice_bci_41653365.mp3,Klɔfuɛʼm be siesie sika kunndɛlɛ naan bʼa uka be nga be sa mianʼn.,Baoulé,Mozilla Common Voice
common_voice_bci_41653366.mp3,"Bianʼn wu, ɔ su sɛmɛn i sin kun; sikaʼn wu, kpɛkun ɔ sa sin.",Baoulé,Mozilla Common Voice
common_voice_bci_41653374.mp3,Ɔ suman nnɛn kpanngɔ nɲɔn be su kpɛ kunngba.,Baoulé,Mozilla Common Voice
common_voice_bci_41663324.mp3,Ɔ fata kɛ a wun ɔ wienguʼm be saʼm be wlɛ.,Baoulé,Mozilla Common Voice
common_voice_bci_41663323.mp3,"Yaki, di like kan; á wún kɛ min yiʼn i aliɛʼn ti fɛ.",Baoulé,Mozilla Common Voice
common_voice_bci_41663290.mp3,"Aloua Wan, Ô niann Tchrrr Ti, Ô Tranman Gboh.",Baoulé,Mozilla Common Voice
common_voice_bci_41663322.mp3,Ndreʼm be o okaʼm be su.,Baoulé,Mozilla Common Voice
common_voice_bci_41663321.mp3,Tchɛtchɛ ɔ timan sɔ ndɛ.,Baoulé,Mozilla Common Voice
common_voice_bci_41663320.mp3,Tchɛn kwlaa ɔ se mi kɛ n yaki.,Baoulé,Mozilla Common Voice
common_voice_bci_41663314.mp3,Nzueʼn yo naan nigema be yo kpa.,Baoulé,Mozilla Common Voice
common_voice_bci_41663313.mp3,A le aniaan bian kaan kun mʼɔ ti klanman kpaʼn.,Baoulé,Mozilla Common Voice
common_voice_bci_41663312.mp3,N suannin like uflɛ andɛ.,Baoulé,Mozilla Common Voice
common_voice_bci_41663311.mp3,Ndɛ wɛtɛɛʼn yo sran kwlaa ye.,Baoulé,Mozilla Common Voice
common_voice_bci_41663310.mp3,N kunndɛ kɛ n di glaci mɔ waka mma kpanngban be o nunʼn.,Baoulé,Mozilla Common Voice
common_voice_bci_41663304.mp3,N kunndɛman kɛ ń kɔ́ suklu ainman.,Baoulé,Mozilla Common Voice
common_voice_bci_41663303.mp3,"Nian, ń klé wɔ wafa nga be fa yoʼn.",Baoulé,Mozilla Common Voice
common_voice_bci_41663301.mp3,"Kɛ wiaʼn fíteʼn, be tra jue nzue baʼn nun.",Baoulé,Mozilla Common Voice
common_voice_bci_41663300.mp3,Mi si ti like klefuɛ.,Baoulé,Mozilla Common Voice
common_voice_bci_41663299.mp3,Aklunye yolɛʼn yo maan cɛn kwlaa yo kpa.,Baoulé,Mozilla Common Voice
common_voice_bci_41663298.mp3,"Taluaʼm be uka be ninʼm be fa ayre nga be fa yo ayreʼn, be fa ayre nga be nannanʼm be mannin beʼn su.",Baoulé,Mozilla Common Voice
common_voice_bci_41663297.mp3,Blaʼm be kle talua kannganʼm be klɔ lɔ lã ninngeʼm be yolɛ.,Baoulé,Mozilla Common Voice
common_voice_bci_41663224.mp3,A ssassa be tia srɛ.,Baoulé,Mozilla Common Voice
common_voice_bci_41663284.mp3,E ɔli laa saʼm be su nianlɛ sua kun nun Samblɛ ngʼɔ sinnin lɛʼn nun.,Baoulé,Mozilla Common Voice
common_voice_bci_41663282.mp3,Aofuɛʼm be bali andɛ ndɔsua nun.,Baoulé,Mozilla Common Voice
common_voice_bci_41663269.mp3,Ɔ klo jueʼm be tielɛ.,Baoulé,Mozilla Common Voice
common_voice_bci_41663268.mp3,"Sran fi kwlá kpɛman be wakaʼn, kpɛkun ngalɛʼn ɔ́ trá be.",Baoulé,Mozilla Common Voice
common_voice_bci_41663266.mp3,"Kɛ aunmuanʼn fitaʼn, wakaʼn i boʼn kejeman.",Baoulé,Mozilla Common Voice
common_voice_bci_41663265.mp3,"Sran ngʼɔ bo alɛʼn i jɔʼn, ɔ diman alɛ sɔʼn wie.",Baoulé,Mozilla Common Voice
common_voice_bci_41663263.mp3,E su siesie aliɛ ngunmin kun man aofuɛ mun kɔnguɛ nga.,Baoulé,Mozilla Common Voice
common_voice_bci_41663259.mp3,"Sɛ amun kɔ klɔ kun mɔ be fa klenzua be kpɛkpɛ ayre nɲaʼm be nunʼn, amun yo cɛ.",Baoulé,Mozilla Common Voice
common_voice_bci_41663257.mp3,Klɔʼn su gbanflɛn nin talua mun be bo balɔn nnɔsua kwlaa.,Baoulé,Mozilla Common Voice
common_voice_bci_41663256.mp3,Klɔ taluaʼm be klo able silɛ.,Baoulé,Mozilla Common Voice
common_voice_bci_41663255.mp3,Mi niaan bian kaanʼn su suan nantilɛ blɛblɛblɛ.,Baoulé,Mozilla Common Voice
common_voice_bci_41663254.mp3,"Ɔ fata kɛ amun kata fenɛtriʼm be su, onti ontinʼm be ti.",Baoulé,Mozilla Common Voice
common_voice_bci_41663252.mp3,Bakannganʼm be su di ngowa lika danʼn nun.,Baoulé,Mozilla Common Voice
common_voice_bci_41663251.mp3,Association sɔʼn i nunfuɛʼm be yo akpɔʼm be su sanwun Jɔlɛ cɛn kwlaa.,Baoulé,Mozilla Common Voice
common_voice_bci_41663244.mp3,E su lo wunmiɛn kan siɛnʼn.,Baoulé,Mozilla Common Voice
common_voice_bci_41663243.mp3,N fali min ninnge mun n wlali min suklu bajɛʼn nun klanman.,Baoulé,Mozilla Common Voice
common_voice_bci_41663242.mp3,Spɔriʼn ti aklunjuɛ like nin janvuɛ mun.,Baoulé,Mozilla Common Voice
common_voice_bci_41663241.mp3,"Kɛ ɔ ko yo naan wʼa di aliɛ nga bla kun mɔ i wawɛʼn wʼa tɔʼn, ɔ tɔnʼn, ɔ ti kpa, kɛ n lafi awe nunʼn.",Baoulé,Mozilla Common Voice
common_voice_bci_41663239.mp3,Mʼsiman wlele nan fami waya ehe.,Baoulé,Mozilla Common Voice
common_voice_bci_41663237.mp3,N kwlá wunman fluwa kekle sɔʼn i wlɛ.,Baoulé,Mozilla Common Voice
common_voice_bci_41663236.mp3,Kɔkun Sery nga n kunndɛman kɛ ń wún wɔ kun.,Baoulé,Mozilla Common Voice
common_voice_bci_41662727.mp3,"Sran kwlaa ngʼɔ nantiʼn, ɔ wun ɲrɛnnɛn; wieʼn su sranʼn i su kɛ i silhouette sa.",Baoulé,Mozilla Common Voice
common_voice_bci_41663229.mp3,"Kɛ e yo ninnge munʼn, n klo i.",Baoulé,Mozilla Common Voice
common_voice_bci_41663228.mp3,"Kannzɛ bɔbɔ e se kɛ nnɛn kpanngɔʼn wʼa ɲinmanʼn, sanngɛ ɔ timan kpa kɛ ɔ wla tralɛ ngʼɔ o i boʼn.",Baoulé,Mozilla Common Voice
common_voice_bci_41663227.mp3,"Be kɔ lika nga be flɛ i kɛ parkiʼm be nun kpɛ sunman naan bʼa lo wunmiɛn, naan bʼa yo be wun kpinngbinlɛ cɛn kwlaa.",Baoulé,Mozilla Common Voice
common_voice_bci_41662728.mp3,Suklu klefuɛʼn kle e fluwa nun kannganlɛ kpa.,Baoulé,Mozilla Common Voice
common_voice_bci_41662731.mp3,"Nnɛn nga a si kɛ ɔ kwla min wɔʼn, ɔ yaciman ɔ lɛ naan ɔ ɲin ɔ.",Baoulé,Mozilla Common Voice
common_voice_bci_41662737.mp3,"Kɛ likaʼn kwlaa yo diinʼn, baʼm be kpan.",Baoulé,Mozilla Common Voice
common_voice_bci_41662738.mp3,"Kɛ be ko wie suklu diʼn, be bo yo kun be suan like wakaʼn i bo lɔ.",Baoulé,Mozilla Common Voice
common_voice_bci_41662955.mp3,"Atin ngʼɔ kpɛʼn, ɔ saciman nzue baʼn.",Baoulé,Mozilla Common Voice
common_voice_bci_41663139.mp3,Janvuɛʼm be di aliɛ likawlɛ.,Baoulé,Mozilla Common Voice
common_voice_bci_41663138.mp3,"Kɛ ɔ nin nunman lɛʼn, yɛ a nin ɔ si be la ɔ.",Baoulé,Mozilla Common Voice
common_voice_bci_41663136.mp3,Klɔʼn su lɔ awlobo kwlaa le fie kun mʼɔ di fie ngʼɔ fata kɛ ɔ diʼn niɔn.,Baoulé,Mozilla Common Voice
common_voice_bci_41663125.mp3,Ainman ye nʼgba ye kɔ lɔ.,Baoulé,Mozilla Common Voice
common_voice_bci_41663124.mp3,Bakannganʼm be su di ngowa fieʼn nun lɔ nnɔsua nga nun.,Baoulé,Mozilla Common Voice
common_voice_bci_41663123.mp3,Kɛ aliɛʼn ti dowa ɔ yo fɛ kpa.,Baoulé,Mozilla Common Voice
common_voice_bci_41663122.mp3,"Fie nga n diʼn, yɛ ɔ man mi atin kɛ n di min junman kanʼn niɔn.",Baoulé,Mozilla Common Voice
common_voice_bci_41663121.mp3,Mi niaan bianʼn kunndɛman le kɛ ɔ nin min bé dí ngowa.,Baoulé,Mozilla Common Voice
common_voice_bci_41663070.mp3,"Uwka mma nga be ti uflɛuflɛʼn, be ti kpa man sran kwlaa.",Baoulé,Mozilla Common Voice
common_voice_bci_41663069.mp3,Like kloi nʼga fia fai su.,Baoulé,Mozilla Common Voice
common_voice_bci_41663068.mp3,"Klɔʼn su lɔʼn, guaʼm be chtin kpa.",Baoulé,Mozilla Common Voice
common_voice_bci_41663067.mp3,"Kannzɛ bɔbɔ be se kɛ siklɛtiʼn wʼa wieʼn, sanngɛ a kwla ti i nvanʼn.",Baoulé,Mozilla Common Voice
common_voice_bci_41663066.mp3,Ye su kɔ gua bo ainman nglɛmun.,Baoulé,Mozilla Common Voice
common_voice_bci_41663065.mp3,"Kanʼni ti, alua kunnin mi.",Baoulé,Mozilla Common Voice
common_voice_bci_41663016.mp3,Min janvuɛʼn le alua kun mʼɔ klo ngowa kanlɛʼn niɔn.,Baoulé,Mozilla Common Voice
common_voice_bci_41663015.mp3,Kɛ okaʼn i nun lɔʼn djɔ yɛ nʼdre fi ɔ.,Baoulé,Mozilla Common Voice
common_voice_bci_41663014.mp3,N su ba nnɔsua nun ń kó nían wafa nga baʼn tiʼn.,Baoulé,Mozilla Common Voice
common_voice_bci_41662999.mp3,"Kɛ bé dí wunmiɛnʼn, janvuɛʼm be bo yo kun be di ngowa.",Baoulé,Mozilla Common Voice
common_voice_bci_41662995.mp3,Bakannganʼm be su di ngowa viaʼn i bo.,Baoulé,Mozilla Common Voice
common_voice_bci_41662994.mp3,Ba yasuaʼm be fa nannin mun be wlu nnɛn kpanngɔʼm be nun nnɔsua kwlaa.,Baoulé,Mozilla Common Voice
common_voice_bci_41662988.mp3,Bakanʼn timan kɛ able sa naan wʼa nian sɛ be kleli i like kpa ka naan wʼa yo sa tɛ.,Baoulé,Mozilla Common Voice
common_voice_bci_41662987.mp3,N seli ɔ niaan bianʼn kɛ ɔ ni e nin fie difuɛ ongaʼm be kwlaa be bla ainman.,Baoulé,Mozilla Common Voice
common_voice_bci_41662986.mp3,Klɔ bakannganʼm be nin be siʼm be kɔ di ko njɛn.,Baoulé,Mozilla Common Voice
common_voice_bci_41662978.mp3,Aunmuanʼn fita nɲaʼm be su blɛblɛblɛ.,Baoulé,Mozilla Common Voice
common_voice_bci_41662972.mp3,"Kɛ fin nglɛmun andɛ, nʼkunnu kɛ nʼwɔ gua bo.",Baoulé,Mozilla Common Voice
common_voice_bci_41662971.mp3,"Klɔ kun mɔ fɔundi o nunʼn, kɛ be wun iʼn, ɔ ti abonuan like.",Baoulé,Mozilla Common Voice
common_voice_bci_41662967.mp3,"Nannin ngʼɔ́ wá kɔ́ʼn, ɔ bo i sin kɔlɛ bo.",Baoulé,Mozilla Common Voice
common_voice_bci_41662964.mp3,Ɔ siesie kpanwun kun awloboʼn i cɛn dilɛʼn i ti.,Baoulé,Mozilla Common Voice
common_voice_bci_41662958.mp3,"Min balɔnʼn wʼa jran, uka min ndɛndɛ!",Baoulé,Mozilla Common Voice
common_voice_bci_41662957.mp3,"Sran ngʼɔ wlaman tralɛʼn, ɔ kpêman ala nzra nun.",Baoulé,Mozilla Common Voice
common_voice_bci_41662956.mp3,Sɛ e ni i e kokoli su yalɛʼn ni?,Baoulé,Mozilla Common Voice
common_voice_bci_41662789.mp3,"Be nga be tran lɔʼn, be cɛcɛ be ninnge nga be kpɛ beʼn be afiɛn.",Baoulé,Mozilla Common Voice
common_voice_bci_41662954.mp3,"Nglɛmun kwlaaʼn, klɔ taluaʼm be yia gboʼn i wun lɛ.",Baoulé,Mozilla Common Voice
common_voice_bci_41662937.mp3,Like ngʼɔ fataman kɛ be kanʼn yɛle kɛ be yɛ be kan ndɛ sɔʼn niɔn.,Baoulé,Mozilla Common Voice
common_voice_bci_41662934.mp3,"Dɔɔtrɔ bianʼn ti e djanvuɛ, ɔ uka e.",Baoulé,Mozilla Common Voice
common_voice_bci_41662929.mp3,N le janvuɛ kpanngban min suklu lɔ.,Baoulé,Mozilla Common Voice
common_voice_bci_41662928.mp3,"Wakaʼn wʼa jran, sanngɛ ɔ nin a tɔman.",Baoulé,Mozilla Common Voice
common_voice_bci_41662926.mp3,Aunmuan jɔwa sin waka bleʼm be afiɛn.,Baoulé,Mozilla Common Voice
common_voice_bci_41662925.mp3,Yɛ a seman kɛ a klo sran nga be fɛʼn.,Baoulé,Mozilla Common Voice
common_voice_bci_41662739.mp3,"Akɔʼn si kɛ nglɛmun nunʼn, sanngɛ ɔ yaci akɔbaʼn i lɛ naan ɔ kpan.",Baoulé,Mozilla Common Voice
common_voice_bci_41662740.mp3,"Manmi, nʼto kɔkun nʼyo atɛ ekun.",Baoulé,Mozilla Common Voice
common_voice_bci_41662741.mp3,Be uka kpɛnngbɛn mun naan bʼa kan klɔʼn i su ndɛ.,Baoulé,Mozilla Common Voice
common_voice_bci_41662743.mp3,"Ɔ timan tɛ, n dun mmua dili aliɛ cɛn uflɛ.",Baoulé,Mozilla Common Voice
common_voice_bci_41662744.mp3,É kán ndɛ é klé i naan ɔ man fie difuɛʼm be kwlaa be gua kpa.,Baoulé,Mozilla Common Voice
common_voice_bci_41662745.mp3,Be nin be si nin be nin be suan nnɛnʼm be lika nianlɛ.,Baoulé,Mozilla Common Voice
common_voice_bci_41662746.mp3,Ayinʼman nʼma kɔ fie nu juman ni mi si.,Baoulé,Mozilla Common Voice
common_voice_bci_41662757.mp3,"Aniaan bla, n wun ndɛ nga a su kanʼn.",Baoulé,Mozilla Common Voice
common_voice_bci_41662758.mp3,A seman le kɛ Yako ti srongble.,Baoulé,Mozilla Common Voice
common_voice_bci_41662759.mp3,"A kunndɛ kɛ á fá kokowefuɛʼn i ajaʼn, kpɛkun a kplinman su kɛ á wlá i ngbabuaʼn.",Baoulé,Mozilla Common Voice
common_voice_bci_41662760.mp3,Ɔ fata kɛ a wunnzin naan wʼa tɔman tukpachtɛ.,Baoulé,Mozilla Common Voice
common_voice_bci_41662761.mp3,N ɲannin min diplɔmuʼn andɛ.,Baoulé,Mozilla Common Voice
common_voice_bci_41662762.mp3,"E bo yo kun e di ngowa, e faman ya lɛ.",Baoulé,Mozilla Common Voice
common_voice_bci_41662766.mp3,"Mi mmaʼm be kwla kɔ suklu siɛnʼn, yɛ kɛ be tɔ tukpacɛʼn, n kwla fa be kɔ dɔɔtrɔ lɔ naan be yo be ayre.",Baoulé,Mozilla Common Voice
common_voice_bci_41662769.mp3,Viaʼn kpaja kpa klɔʼn i ti su lɔ.,Baoulé,Mozilla Common Voice
common_voice_bci_41662770.mp3,Bakannganʼm be fa nzue kunmanʼn nun ba.,Baoulé,Mozilla Common Voice
common_voice_bci_41662771.mp3,Nzueʼn tɔ ijre suaʼn i ti su.,Baoulé,Mozilla Common Voice
common_voice_bci_41662772.mp3,Nanninʼn su siesie avie aliɛ tɔnwlɛ lɔ.,Baoulé,Mozilla Common Voice
common_voice_bci_41662773.mp3,"Klɔʼn su blaʼm be yia lɛ be ton aliɛ dandan lã cɛn dilɛʼm be ti, be fa awloboʼn i nun aliɛ dilɛ wafa laaʼm be di junman.",Baoulé,Mozilla Common Voice
common_voice_bci_41662775.mp3,Klɔfuɛʼm be kplan waka su kpanwun.,Baoulé,Mozilla Common Voice
common_voice_bci_41662776.mp3,"Koffi nga nunʼn, fieʼm be ɲin kpa.",Baoulé,Mozilla Common Voice
common_voice_bci_41662777.mp3,Mi wa yassua kun tɔ tupkatʃɛ tɛ kpa.,Baoulé,Mozilla Common Voice
common_voice_bci_41662778.mp3,"Sɛ amun nɔn nzue kpanngbanʼn, ɔ ti kpa man amun.",Baoulé,Mozilla Common Voice
common_voice_bci_41662779.mp3,Wiaʼn kaman yalɛ nun naan wʼa wu.,Baoulé,Mozilla Common Voice
common_voice_bci_41662780.mp3,Bakannganʼm be wanndi fie mʼɔ ti mlanmlanmlanʼn nun.,Baoulé,Mozilla Common Voice
common_voice_bci_41662781.mp3,Ɔ janvuɛ Sery tuaman kalɛ.,Baoulé,Mozilla Common Voice
common_voice_bci_41662787.mp3,Be kɔ be lɔ teatriʼm be nun flimunʼm be nianlɛ nnɔsua nun titi.,Baoulé,Mozilla Common Voice
common_voice_bci_41662912.mp3,Mi sran kpa n leman like fi.,Baoulé,Mozilla Common Voice
common_voice_bci_41662911.mp3,Sranʼm be yia aliɛ diwlɛʼm be nun kpɛ sunman.,Baoulé,Mozilla Common Voice
common_voice_bci_41662910.mp3,"Ɔ ti sran kun mɔ e simɛn iʼn, yɛ e flɛ i kɛ hey.",Baoulé,Mozilla Common Voice
common_voice_bci_41662909.mp3,"Mi duman yɛlɛ Vanessa hɛ, mi ni mi niaan bla mun yɛ e baliɔ.",Baoulé,Mozilla Common Voice
common_voice_bci_41662903.mp3,Mi nian bianʼn bali e osu nianlɛ.,Baoulé,Mozilla Common Voice
common_voice_bci_41662902.mp3,Manmi seli kɛ baba ti kpa.,Baoulé,Mozilla Common Voice
common_voice_bci_41662901.mp3,"Ɔ diman aliɛ kpa, dɔrtrɔ bianʼn seli sɔ.",Baoulé,Mozilla Common Voice
common_voice_bci_41662900.mp3,Ɔ le like kwlaa nga ɔ sa miɛn i wunʼn.,Baoulé,Mozilla Common Voice
common_voice_bci_41662899.mp3,A bu i kɛ min ti yɛ a yo ɔ.,Baoulé,Mozilla Common Voice
common_voice_bci_41662893.mp3,Kɛ baʼm be di aliɛ kpa mɔ be te o nguan nunʼn.,Baoulé,Mozilla Common Voice
common_voice_bci_41662892.mp3,Yasuaʼm be kɔ akpasuaakpasua be ko kunndɛ nnɛn.,Baoulé,Mozilla Common Voice
common_voice_bci_41662889.mp3,Ba yasuaʼm be suan kolɛ be nannanʼm be sa nun.,Baoulé,Mozilla Common Voice
common_voice_bci_41662885.mp3,Maan e wɔ.,Baoulé,Mozilla Common Voice
common_voice_bci_41662884.mp3,Bakannganʼm be fa nzue kunmanʼn nun ba nglɛmun kwlaa.,Baoulé,Mozilla Common Voice
common_voice_bci_41662878.mp3,"Ngue ti yɛ ɲanmiɛn su lɔʼn ti ble ɔ, manmi?",Baoulé,Mozilla Common Voice
common_voice_bci_41662877.mp3,"Sukluʼn wo mmua kpa, min jaʼm be fɛ.",Baoulé,Mozilla Common Voice
common_voice_bci_41662876.mp3,Be tali waka mun suaʼn i wun lɛ.,Baoulé,Mozilla Common Voice
common_voice_bci_41662875.mp3,E kwla yo ninnge mun likawlɛ naan sran kwlaa wʼa yo kpa.,Baoulé,Mozilla Common Voice
common_voice_bci_41662867.mp3,"Taluaʼm be yia lɛ be di lã ngowa, be fa ninnge nga be fa yo be awlo lɔʼn, kpɛkun be di janvuɛ tralɛʼm be nun ngowa.",Baoulé,Mozilla Common Voice
common_voice_bci_41662863.mp3,Janvuɛʼm be kwlaa be bo ti kun kɛ awlobo sa.,Baoulé,Mozilla Common Voice
common_voice_bci_41662862.mp3,Nzue nɔnlɛ chtɛn kwlakwla ti kpa.,Baoulé,Mozilla Common Voice
common_voice_bci_41662861.mp3,Nzraamaʼm be kpaja ɲanmiɛn su lɔ kɔnguɛ.,Baoulé,Mozilla Common Voice
common_voice_bci_41662859.mp3,Sɛ n wieʼn ń bá ɔ awlo lɔ ń kán e junmanʼn i ndɛ.,Baoulé,Mozilla Common Voice
common_voice_bci_41662854.mp3,"Kɛ i tiʼn wo lɛʼn, i jaʼn wlaman trɔʼn.",Baoulé,Mozilla Common Voice
common_voice_bci_41662852.mp3,N su kɔman Bouaké wie.,Baoulé,Mozilla Common Voice
common_voice_bci_41662851.mp3,E yi nnɛnʼm be desɛn art blɛ nun.,Baoulé,Mozilla Common Voice
common_voice_bci_41662850.mp3,Klɔʼn su suaʼm be ti tɛnndɛn.,Baoulé,Mozilla Common Voice
common_voice_bci_41662849.mp3,Klasiʼn i tabloʼn ti dan yɛ ɔ ti ble.,Baoulé,Mozilla Common Voice
common_voice_bci_41662848.mp3,"Lafi mien su, ɔwa dewɔ, ɔwa dewɔ!",Baoulé,Mozilla Common Voice
common_voice_bci_41662847.mp3,A wá wún kɛ ɔkulɛʼn ti kannin.,Baoulé,Mozilla Common Voice
common_voice_bci_41662846.mp3,"A lɛman fie, a kwlá diman waka nga a kloʼn.",Baoulé,Mozilla Common Voice
common_voice_bci_41662845.mp3,Ontin ontin be nɔn mmoja naan bʼa tran nguan nun.,Baoulé,Mozilla Common Voice
common_voice_bci_41662844.mp3,Alua lafi kpa kɛtɛ su.,Baoulé,Mozilla Common Voice
common_voice_bci_41662841.mp3,"Sran ngʼɔ yo aunmuanʼn, yɛ ɔ dun mmua wun i wlɛ-ɔ.",Baoulé,Mozilla Common Voice
common_voice_bci_41662840.mp3,Min si di junman kekle e awlobofuɛʼm be lika cɛn kwlakwla.,Baoulé,Mozilla Common Voice
common_voice_bci_41662839.mp3,"Kannzɛ bɔbɔ e se kɛ fiafuɛʼn wʼa yo juejueʼn, sanngɛ ɔ te bo sranʼm be srɛ.",Baoulé,Mozilla Common Voice
common_voice_bci_41662838.mp3,Sranʼm be fa be wun wlɛ i klɔʼn su ninngeʼm be nun naan be afiɛnʼn wʼa mantan kpa.,Baoulé,Mozilla Common Voice
common_voice_bci_41662831.mp3,Ɔ to jue titi nglɛmun nun nzueʼn nun.,Baoulé,Mozilla Common Voice
common_voice_bci_41662830.mp3,Sranʼm be sɔnnin klɔʼn su.,Baoulé,Mozilla Common Voice
common_voice_bci_41662829.mp3,N dili aliɛ kpa.,Baoulé,Mozilla Common Voice
common_voice_bci_41662828.mp3,"Kɛ á súan sranʼn, ɔ fata kɛ a si wafa nga á fá ɔ wun mánʼn.",Baoulé,Mozilla Common Voice
common_voice_bci_41662825.mp3,Bakannganʼm be to balɔn klɔʼn i fieʼn su lɔ.,Baoulé,Mozilla Common Voice
common_voice_bci_41662823.mp3,"Atrɛkpaʼn, sɛ e sɔnnin naan e su kɔ toʼn.",Baoulé,Mozilla Common Voice
common_voice_bci_41662822.mp3,Taluaʼm be fa nnɛnʼm be nɔnnɔn uflɛuflɛʼn be ba nglɛmun kwlaa.,Baoulé,Mozilla Common Voice
common_voice_bci_41662816.mp3,Manmi su tɔn aliɛ dan kun man awlobofuɛ mun.,Baoulé,Mozilla Common Voice
common_voice_bci_41662815.mp3,"Kɛ e klo e wun kpaʼn, sran fi sunman.",Baoulé,Mozilla Common Voice
common_voice_bci_41662814.mp3,Junior yɛ ɔ tɔli tukpacɛ kɛ ɔ fɛ i nglɛmun andɛʼn.,Baoulé,Mozilla Common Voice
common_voice_bci_41662813.mp3,Klɔ blaʼm be bo balo guabo su lɔ.,Baoulé,Mozilla Common Voice
common_voice_bci_41662812.mp3,"Aɲiho fatou, n su kɔ nanti mi fie nun.",Baoulé,Mozilla Common Voice
common_voice_bci_41662806.mp3,Amun su saci e blɛ.,Baoulé,Mozilla Common Voice
common_voice_bci_41662803.mp3,Ɔ yo waka manda atɛ guaʼn su lɔ.,Baoulé,Mozilla Common Voice
common_voice_bci_41662802.mp3,Ye yili ye jaʼnvuɛʼm kɔnguɛ.,Baoulé,Mozilla Common Voice
common_voice_bci_41662801.mp3,"Ôti akunndan kpa, Nʼbu kɛ ye kula yo.",Baoulé,Mozilla Common Voice
common_voice_bci_41662799.mp3,Taluaʼm be tia waka naan bʼa sɔ sinʼm be nun.,Baoulé,Mozilla Common Voice
common_voice_bci_41662798.mp3,"Kɛ á dí nnɛn kpanngɔʼn i saʼn, nian ɔ liɛʼn.",Baoulé,Mozilla Common Voice
common_voice_bci_41662795.mp3,Klɔʼn su lɔ gbanflɛn nin talua mun be bo yo kun be suan lã able silɛʼn.,Baoulé,Mozilla Common Voice
common_voice_bci_41662794.mp3,Ɔ fata kɛ e wɔ ninnge tolɛ ka naan yʼa wɔ awlo.,Baoulé,Mozilla Common Voice
common_voice_bci_41662793.mp3,E toli waka mma lɔ guaʼn su lɔ.,Baoulé,Mozilla Common Voice
common_voice_bci_41662792.mp3,"Blɛ sunman nunʼn, klɔ bakannganʼm be di ngowa awie fieʼm be wun lɛ.",Baoulé,Mozilla Common Voice
common_voice_bci_41662791.mp3,"Atinʼn kwla kata ɔ ɲrun lɛ, nán ɔ sin lɔ.",Baoulé,Mozilla Common Voice
common_voice_bci_41249470.mp3,Kɔnguɛ kwlaa wʼa yomɛn i wun fɛ.,Baoulé,Mozilla Common Voice
common_voice_bci_41413923.mp3,"Kpɛkun, aata dilɛʼn yoman kɛ laaʼn sa kun.",Baoulé,Mozilla Common Voice
common_voice_bci_41451124.mp3,"Suklu lɔʼn, n wun ninnge uflɛuflɛ mun.",Baoulé,Mozilla Common Voice
common_voice_bci_41451123.mp3,Nestor n kanman ndɛ fi n kleman wɔ.,Baoulé,Mozilla Common Voice
common_voice_bci_41451122.mp3,Ɔ ti klanman kɛ ngalɛ sa.,Baoulé,Mozilla Common Voice
common_voice_bci_41451121.mp3,Lotoʼn su kɔ blɛblɛblɛ akpɔʼn su.,Baoulé,Mozilla Common Voice
common_voice_bci_41451115.mp3,"Nzueʼn ti dĩn, yɛ ɔ ti ble kpa.",Baoulé,Mozilla Common Voice
common_voice_bci_41451114.mp3,"Mi mmaʼm be kwla kɔ suklu, yɛ fɔundi o min awlo lɔ.",Baoulé,Mozilla Common Voice
common_voice_bci_41451113.mp3,Manmi i aliɛʼn ti kpa titi.,Baoulé,Mozilla Common Voice
common_voice_bci_41451112.mp3,Be kplannin waka sua kun wakaʼn i wun lɛ.,Baoulé,Mozilla Common Voice
common_voice_bci_41451111.mp3,E lɛman like fi kun mɔ é fá kɔ́ dɔɔtrɔ lɔ ɔ.,Baoulé,Mozilla Common Voice
common_voice_bci_41451105.mp3,"Ɔ yoli kekle mannin min kpa, sanngɛ ɔ ti laa liɛ.",Baoulé,Mozilla Common Voice
common_voice_bci_41451104.mp3,Ɔ sakili mi aata dilɛʼn.,Baoulé,Mozilla Common Voice
common_voice_bci_41240436.mp3,"Kɛ a koto naan á nían kpanwunʼn i kunmanʼn nunʼn, nán maan ɔ wla fi su kɛ ɔ kunman kasiɛnʼn ti tikewa.",Baoulé,Mozilla Common Voice
common_voice_bci_41240438.mp3,E su kan ɔ ndɛ yɛ a su index sran uflɛ.,Baoulé,Mozilla Common Voice
common_voice_bci_41240441.mp3,Be ni akɔ dah be kpli man nʼdre.,Baoulé,Mozilla Common Voice
common_voice_bci_41240444.mp3,"Min desɛnʼn ti klanman, a klo i?",Baoulé,Mozilla Common Voice
common_voice_bci_41240759.mp3,N di min awlo lɔ junmanʼn ka naan mʼan fite lɔ mʼan ko di ngowa.,Baoulé,Mozilla Common Voice
common_voice_bci_41240760.mp3,Klasiʼn i tabloʼn ti dan yɛ ɔ ti ble.,Baoulé,Mozilla Common Voice
common_voice_bci_41240761.mp3,Klɔ taluaʼm be sie nzue okaʼm be su.,Baoulé,Mozilla Common Voice
common_voice_bci_41240762.mp3,"Kɛ be ko di aliɛʼn, bakannganʼm be di bonbon.",Baoulé,Mozilla Common Voice
common_voice_bci_41240763.mp3,"Filmi nga be yi i televiziɔn nunʼn, ɔ yo sro dan.",Baoulé,Mozilla Common Voice
common_voice_bci_41241040.mp3,"Sɛ a kunndɛman kɛ ɔ raʼn, ɔ su beman.",Baoulé,Mozilla Common Voice
common_voice_bci_41241041.mp3,"Dɔrtrɔ bianʼn i ndɛʼn tiʼn, mi waʼn ti kpa.",Baoulé,Mozilla Common Voice
common_voice_bci_41241043.mp3,Klɔ taluaʼm be klo able silɛ.,Baoulé,Mozilla Common Voice
common_voice_bci_41241044.mp3,Baʼm be kɔ suklu chtɛn kwlaa.,Baoulé,Mozilla Common Voice
common_voice_bci_41241048.mp3,Ɔ fata kɛ a wun ɔ wienguʼm be saʼm be wlɛ.,Baoulé,Mozilla Common Voice
common_voice_bci_41241417.mp3,Baba su siesie moto ngʼɔ saciliʼn andɛ.,Baoulé,Mozilla Common Voice
common_voice_bci_41241418.mp3,Sran sɔʼm be siesie kpanwun suaʼm be ti su.,Baoulé,Mozilla Common Voice
common_voice_bci_41241420.mp3,Sanngɛ ngue yɛ e waan é sé kɛ e leman like fi bɔbɔ ɔ?,Baoulé,Mozilla Common Voice
common_voice_bci_41241421.mp3,"N fɛ, mi fieʼn bɔbɔʼn, mʼan wiemɛn i sɔʼn i lika nianlɛ.",Baoulé,Mozilla Common Voice
common_voice_bci_41241422.mp3,"Sɛ amun nɔn nzue kpanngbanʼn, ɔ ti kpa man amun.",Baoulé,Mozilla Common Voice
common_voice_bci_41241567.mp3,N wla fi su kɛ n yoli min awlo lɔ junmanʼn annunman.,Baoulé,Mozilla Common Voice
common_voice_bci_41241568.mp3,Balɔnʼn ya ka suaʼn ti su lɔ.,Baoulé,Mozilla Common Voice
common_voice_bci_41241570.mp3,Taluaʼm be tia ijreʼm be nun naan bʼa fa yo ayre.,Baoulé,Mozilla Common Voice
common_voice_bci_41241571.mp3,N klo aliɛ dilɛ naan ɔ mʼan mi ɲan wunmiɛn.,Baoulé,Mozilla Common Voice
common_voice_bci_41241572.mp3,Yasuaʼm be ta waka klɔʼn su lɔ.,Baoulé,Mozilla Common Voice
common_voice_bci_41242068.mp3,E kwlakwla e di like likawlɛ kantinʼn nun lɔ.,Baoulé,Mozilla Common Voice
common_voice_bci_41242069.mp3,"Wawa blɛ nunʼn, gbanflɛn ni talua mun be ta bua mun.",Baoulé,Mozilla Common Voice
common_voice_bci_41242070.mp3,Ba yasuaʼm be su tra jue nzue baʼn nun kɛ wiaʼn fíteʼn.,Baoulé,Mozilla Common Voice
common_voice_bci_41242071.mp3,Mi si kleli min wafa nga be di agba fieʼn nun lɔʼn.,Baoulé,Mozilla Common Voice
common_voice_bci_41242072.mp3,"Kɛ be ko wie nantiʼn, be saʼn i jranlɛʼn jranman.",Baoulé,Mozilla Common Voice
common_voice_bci_41242200.mp3,Taluaʼm be uka be awlobofuɛʼm be tralɛʼm be tɛtɛlɛʼn su.,Baoulé,Mozilla Common Voice
common_voice_bci_41242201.mp3,"Cɛn wieʼm be o lɛʼn, n kwlá diman like.",Baoulé,Mozilla Common Voice
common_voice_bci_41242202.mp3,Ɔ leman kunman naan ɔ ti wɔ.,Baoulé,Mozilla Common Voice
common_voice_bci_41242204.mp3,Ndreʼm be o okaʼm be su.,Baoulé,Mozilla Common Voice
common_voice_bci_41242205.mp3,Gbanflɛn kannganʼm be uka klɔʼn i lika nianlɛʼn su.,Baoulé,Mozilla Common Voice
common_voice_bci_41242278.mp3,N kɔ suklu lɔ loto nun.,Baoulé,Mozilla Common Voice
common_voice_bci_41242279.mp3,Sran bleʼn wunnin i ɲrunʼn.,Baoulé,Mozilla Common Voice
common_voice_bci_41242281.mp3,Clocheʼn bo naan bʼa bo like suanlɛʼn i bo.,Baoulé,Mozilla Common Voice
common_voice_bci_41242283.mp3,Ɔ bɔbɔ ɔ ni yɛ a su kɔ.,Baoulé,Mozilla Common Voice
common_voice_bci_41242286.mp3,Nzraamaʼm be kpaja ɲanmiɛn bleʼn nun.,Baoulé,Mozilla Common Voice
common_voice_bci_41242416.mp3,Uka mi n leman like fi n yomɛn i ayre.,Baoulé,Mozilla Common Voice
common_voice_bci_41242417.mp3,"Kɛ aunmuanʼn fitaʼn, wakaʼn i boʼn kejeman.",Baoulé,Mozilla Common Voice
common_voice_bci_41242418.mp3,Bakannganʼm be klo kɛ bé fá be ngowa kanlɛ ninngeʼm bé dí ngowa kɛ be ko wie suklu diʼn.,Baoulé,Mozilla Common Voice
common_voice_bci_41242419.mp3,N le balɔn klanman kun.,Baoulé,Mozilla Common Voice
common_voice_bci_41242420.mp3,Be suan jue tralɛ nzue ba ngʼɔ mantan lɛʼn nun.,Baoulé,Mozilla Common Voice
common_voice_bci_41242506.mp3,Be lafiman be tchin laliɛ sɛ.,Baoulé,Mozilla Common Voice
common_voice_bci_41242508.mp3,Ɔ ti mi niaan bian maan e wɔ.,Baoulé,Mozilla Common Voice
common_voice_bci_41242509.mp3,"Kɛ likaʼn yo ayrɛʼn, n wla min tralɛʼn.",Baoulé,Mozilla Common Voice
common_voice_bci_41242511.mp3,Be tɛtɛ trɔ mun naan bʼa yo be lɔ guaʼn su lɔ atɛ.,Baoulé,Mozilla Common Voice
common_voice_bci_41242514.mp3,E bali ɔ wun wunlɛ kɛ é kán ndɛ.,Baoulé,Mozilla Common Voice
common_voice_bci_41242580.mp3,"Sɛ a kwla man like wieʼn, ɔ fata kɛ a fɛ i ɔ dɔɔtrɔ lɔ.",Baoulé,Mozilla Common Voice
common_voice_bci_41242581.mp3,N si kɛ ɔ ti fiɛn.,Baoulé,Mozilla Common Voice
common_voice_bci_41242582.mp3,Ɔ fataman kɛ a kan kle sran mun.,Baoulé,Mozilla Common Voice
common_voice_bci_41242583.mp3,"Kɛ ɔ man kanʼn, sranʼm be toman naan wʼa kplɔ.",Baoulé,Mozilla Common Voice
common_voice_bci_41242584.mp3,Be fa nzue ba fieʼm be nun naan be fa uka be si nin be ni mun.,Baoulé,Mozilla Common Voice
common_voice_bci_41242704.mp3,Baba waan aliɛʼn man sran wunmiɛn.,Baoulé,Mozilla Common Voice
common_voice_bci_41242705.mp3,A faman ɔ sa bɛʼn kleman ɔ klɔʼn le.,Baoulé,Mozilla Common Voice
common_voice_bci_41242708.mp3,Minndɛ nán jaso sɔ yɛ anuannzɛʼn i boʼn wo ɔ.,Baoulé,Mozilla Common Voice
common_voice_bci_41242710.mp3,Baba kanngan fluwa kun nun ka naan wʼa lafi.,Baoulé,Mozilla Common Voice
common_voice_bci_41242712.mp3,Ba yasuaʼm be tiɛ yɛbuɛ mun naan bʼa kplan talɛ.,Baoulé,Mozilla Common Voice
common_voice_bci_41242976.mp3,"Kɛ e klo e wun kpaʼn, sran fi sunman.",Baoulé,Mozilla Common Voice
common_voice_bci_41242978.mp3,"Kɛ a ukaʼn, like kwlaa yo pɔpɔ.",Baoulé,Mozilla Common Voice
common_voice_bci_41242980.mp3,E ɔli laa saʼm be su nianlɛ sua kun nun Samblɛ ngʼɔ sinnin lɛʼn nun.,Baoulé,Mozilla Common Voice
common_voice_bci_41242982.mp3,Klɔ kpɛnngbɛnʼn tɔ tukpacɛ kɛ nga sranʼm be fa kanʼn sa.,Baoulé,Mozilla Common Voice
common_voice_bci_41242983.mp3,Ba yasuaʼm be suan kolɛ be nannanʼm be sa nun.,Baoulé,Mozilla Common Voice
common_voice_bci_41243078.mp3,"Sɛ a kunndɛman kɛ ɔ raʼn, ɔ su tɔnman.",Baoulé,Mozilla Common Voice
common_voice_bci_41243081.mp3,Anumanʼn kleman wakaʼm be yalɛ kɛ nga min nannanʼn fa kanʼn sa.,Baoulé,Mozilla Common Voice
common_voice_bci_41243082.mp3,Ɔ tie ndɛ nga i nannan blaʼn kanʼn.,Baoulé,Mozilla Common Voice
common_voice_bci_41413965.mp3,Ngue ekun yɛ sran sɔʼm be kunndɛ ɔ?,Baoulé,Mozilla Common Voice
common_voice_bci_41451101.mp3,N ni mi si e kɔ fie nun junman dilɛ nglɛmun kwlaa.,Baoulé,Mozilla Common Voice
common_voice_bci_41451078.mp3,"A wan, a klɛ mi yalɛ, a si man kɛ, a sou klɛ mi nʼglouɛlɛ.",Baoulé,Mozilla Common Voice
common_voice_bci_41451077.mp3,"Kɛ likaʼn doʼn, kakaaʼm be fite.",Baoulé,Mozilla Common Voice
common_voice_bci_41451075.mp3,Like kwlaa le i blɛ.,Baoulé,Mozilla Common Voice
common_voice_bci_41451072.mp3,"Klɔʼn su lɔʼn, guaʼm be chtin kpa.",Baoulé,Mozilla Common Voice
common_voice_bci_41432566.mp3,Sranʼm be kplan waka kpanwun naan bʼa kpɛ nzue ba mun.,Baoulé,Mozilla Common Voice
common_voice_bci_41432564.mp3,"E bo yo kun e di ngowa, e faman ya lɛ.",Baoulé,Mozilla Common Voice
common_voice_bci_41432563.mp3,"Lafi mien su, ɔwa dewɔ, ɔwa dewɔ!",Baoulé,Mozilla Common Voice
common_voice_bci_41432562.mp3,Manmi di junman kekle kpa naan wʼa to bonbon.,Baoulé,Mozilla Common Voice
common_voice_bci_41432459.mp3,"Sran ngʼɔ di like kanʼn, ɔ yoman tɛtɛ.",Baoulé,Mozilla Common Voice
common_voice_bci_41432458.mp3,Bakannganʼm be suan desɛn yilɛ.,Baoulé,Mozilla Common Voice
common_voice_bci_41432457.mp3,Ɔ fata kɛ n tu mi klunngbɔ.,Baoulé,Mozilla Common Voice
common_voice_bci_41432456.mp3,Taluaʼm be nin be janvuɛʼm be si able lã cɛn dilɛʼm be bo.,Baoulé,Mozilla Common Voice
common_voice_bci_41432434.mp3,"Be nga be tran lɔʼn, be fa lika sɔʼm be di junman be awloʼm be gua su lɔ.",Baoulé,Mozilla Common Voice
common_voice_bci_41432433.mp3,Kloʼn lafi fɔuun viaʼn i bo lɔ.,Baoulé,Mozilla Common Voice
common_voice_bci_41432432.mp3,A le aniaan bian kaan kun mʼɔ ti klanman kpaʼn.,Baoulé,Mozilla Common Voice
common_voice_bci_41432431.mp3,N seli ɔ niaan bianʼn kɛ ɔ ni e nin fie difuɛ ongaʼm be kwlaa be bla ainman.,Baoulé,Mozilla Common Voice
common_voice_bci_41432430.mp3,"Bakannganʼm be to jue, kpɛkun be si able nzueʼn nun.",Baoulé,Mozilla Common Voice
common_voice_bci_41432394.mp3,E leman like fi naan yʼa siesie be wun naan bʼa sa be sin suklu lɔ.,Baoulé,Mozilla Common Voice
common_voice_bci_41432393.mp3,Be fa nzue ba fieʼm be nun naan be fa uka be si nin be nin mun.,Baoulé,Mozilla Common Voice
common_voice_bci_41432392.mp3,"Nglɛmun kwlaaʼn, klɔ taluaʼm be yia gboʼn i wun lɛ.",Baoulé,Mozilla Common Voice
common_voice_bci_41432391.mp3,"Andɛʼn, like klefuɛʼn mannin awlo lɔ junman kpanngban.",Baoulé,Mozilla Common Voice
common_voice_bci_41432390.mp3,"Kɛ lika kwlaa ti fɔuunʼn, aunmuanʼn to djue.",Baoulé,Mozilla Common Voice
common_voice_bci_41432344.mp3,Mi si wʼa dun mmua wʼa ɔ fieʼn nun N kunndɛli kɛ e ni i é kɔ́.,Baoulé,Mozilla Common Voice
common_voice_bci_41432343.mp3,"Min desɛnʼn wʼa yoman ye, ɔ ti kanyi tɛ.",Baoulé,Mozilla Common Voice
common_voice_bci_41432342.mp3,"Kɛ lika kwlaa ti fɔuunʼn, anunmanʼm be to jue.",Baoulé,Mozilla Common Voice
common_voice_bci_41432341.mp3,N klo kɛ ń súan ninnge uflɛ mun cɛn kwlaa.,Baoulé,Mozilla Common Voice
common_voice_bci_41432340.mp3,"Mi mmaʼm be kwla kɔ suklu, yɛ fɔundi o mi awlo lɔ.",Baoulé,Mozilla Common Voice
common_voice_bci_41413968.mp3,Be tali waka mun suaʼn i wun lɛ.,Baoulé,Mozilla Common Voice
common_voice_bci_41413967.mp3,Ɔ ta agba i fieʼn nun afuɛ kwlaa nun.,Baoulé,Mozilla Common Voice
common_voice_bci_41240435.mp3,"Kɛ be wun sranʼn, i sɔʼn kleman kɛ be si sran sɔʼn.",Baoulé,Mozilla Common Voice
common_voice_bci_41243086.mp3,E wunnin tralɛ klanman kun guabo lɔ.,Baoulé,Mozilla Common Voice
common_voice_bci_41243562.mp3,Viaʼn fiteli andɛ klɔʼn su lɔ.,Baoulé,Mozilla Common Voice
common_voice_bci_41413966.mp3,Baba waan fɔundiʼn ti kinnjin kpa.,Baoulé,Mozilla Common Voice
common_voice_bci_41243563.mp3,Suanlɛ sɔʼn yɛ ɔ yoli maan mi ni mi mma mun e sinnin sa kekle sɔʼn nun ɔn.,Baoulé,Mozilla Common Voice
common_voice_bci_41243564.mp3,Mi niaan bianʼn kunndɛman le kɛ ɔ nin min bé dí ngowa.,Baoulé,Mozilla Common Voice
common_voice_bci_41243565.mp3,E bali kɛ é úkɛ i naan wʼa wie i junmanʼn i di.,Baoulé,Mozilla Common Voice
common_voice_bci_41243567.mp3,Gbanflɛn nin taluaʼm be uka be si nin be nin fieʼm be nun.,Baoulé,Mozilla Common Voice
common_voice_bci_41243641.mp3,Siglifoué siâkê nʼglwêlêfoué fɛ.,Baoulé,Mozilla Common Voice
common_voice_bci_41243643.mp3,Mi niaan bian Yako n su kɔ.,Baoulé,Mozilla Common Voice
common_voice_bci_41243644.mp3,"Dɔɔtrɔʼm be nian tukpacifuɛʼm be lika kpa, kpɛkun be si be aunnvuɛ dan.",Baoulé,Mozilla Common Voice
common_voice_bci_41243646.mp3,Ok yo like nʼga a klo.,Baoulé,Mozilla Common Voice
common_voice_bci_41243647.mp3,"Sɛ amun kɔ klɔ kun mɔ be fa klenzua be kpɛkpɛ ayre nɲaʼm be nunʼn, amun yo cɛ.",Baoulé,Mozilla Common Voice
common_voice_bci_41243744.mp3,E fata kɛ e fa i e kɔ dɔɔtrɔ lɔ ndɛndɛ klɔʼn su lɔ.,Baoulé,Mozilla Common Voice
common_voice_bci_41243749.mp3,"Sɛ min ɲinmaʼn ti kpinngbinʼn, i boʼn yɛle kɛ n ti kpinngbin, afin bakanʼn ti kpinngbin tra nanninʼn.",Baoulé,Mozilla Common Voice
common_voice_bci_41243751.mp3,Ɔ yo waka mma atɛ guaʼn su lɔ.,Baoulé,Mozilla Common Voice
common_voice_bci_41243753.mp3,Ɔ timan kpa ti yɛ ɔ yo sɔ ɔ.,Baoulé,Mozilla Common Voice
common_voice_bci_41243853.mp3,Be toli tralɛ uflɛ be fa dili chtɛn dilɛʼn.,Baoulé,Mozilla Common Voice
common_voice_bci_41243855.mp3,"Sran nga be fin klɔʼn su lɔʼn, be yia fluwa siewlɛʼm be nun be kanngan fluwa nun, kpɛkun be suan like.",Baoulé,Mozilla Common Voice
common_voice_bci_41243856.mp3,"Nzue blɛ nunʼn, yasuaʼm be nian nnɛniʼm be lika.",Baoulé,Mozilla Common Voice
common_voice_bci_41243857.mp3,Ta lɛ kpaki nin wɔtrɛwa gnan wlu wlɛ ɔ.,Baoulé,Mozilla Common Voice
common_voice_bci_41243858.mp3,N kunndɛ kɛ e nin wɔ é kɔ́ parki lɔ.,Baoulé,Mozilla Common Voice
common_voice_bci_41244093.mp3,Flɛriʼm be ɲin asɔnun sua laaʼn i wun lɛ.,Baoulé,Mozilla Common Voice
common_voice_bci_41244094.mp3,"Nglɛmunʼn, akɔɲinmanʼn kpan kekle kpa.",Baoulé,Mozilla Common Voice
common_voice_bci_41244096.mp3,La ndɛndɛ naan nglɛmunʼn wʼa djaso ndɛndɛ.,Baoulé,Mozilla Common Voice
common_voice_bci_41244098.mp3,Ɔ klo jueʼm be tielɛ.,Baoulé,Mozilla Common Voice
common_voice_bci_41244103.mp3,Sranʼm be kɔ junman nglɛmun kwlaa.,Baoulé,Mozilla Common Voice
common_voice_bci_41244354.mp3,"Taluaʼm be bo yo kun be si able klɔʼn i cɛn dilɛʼm be bo, be wla lã tralɛ, kpɛkun be nanti lɔ kpanwunʼm be bolɛʼn su.",Baoulé,Mozilla Common Voice
common_voice_bci_41244356.mp3,"Aniaan bla, n wun ndɛ nga a su kanʼn.",Baoulé,Mozilla Common Voice
common_voice_bci_41244357.mp3,"Kɛ é nánti titiʼn, e saʼm be keje.",Baoulé,Mozilla Common Voice
common_voice_bci_41244358.mp3,"Ô Wiégoun Mʼdôman Torh Siʼn nouh, yo y yako...Nan sékê, wa tranman pka tiorh.",Baoulé,Mozilla Common Voice
common_voice_bci_41244359.mp3,"Be mantanfuɛʼm be ti kpa, e tran klanman.",Baoulé,Mozilla Common Voice
common_voice_bci_41244472.mp3,N lua like kan kun asiɛʼn nun.,Baoulé,Mozilla Common Voice
common_voice_bci_41244474.mp3,"Mi niaan bian, ɔ fata kɛ a uka min.",Baoulé,Mozilla Common Voice
common_voice_bci_41244475.mp3,"Kɛ woʼn ɲin wɔʼn, kɛ a wun asiɛʼn i vitriʼn, a nian ɔ wun su.",Baoulé,Mozilla Common Voice
common_voice_bci_41244476.mp3,Gbanflɛn nin talua mun yɛ be wunnzin be tralɛ mun ɔn.,Baoulé,Mozilla Common Voice
common_voice_bci_41244478.mp3,Min si di junman kekle e awlobofuɛʼm be lika cɛn kwlakwla.,Baoulé,Mozilla Common Voice
common_voice_bci_41244580.mp3,"Kɛ lika kwlaa ti diinʼn, yɛ bakannganʼm be to djue ɔ.",Baoulé,Mozilla Common Voice
common_voice_bci_41244581.mp3,"Janvuɛʼm be uka be wiengu, like kwlaa yo fɛ.",Baoulé,Mozilla Common Voice
common_voice_bci_41244583.mp3,"Baba, yo wɔ kula.",Baoulé,Mozilla Common Voice
common_voice_bci_41244584.mp3,"Gnanmien kloli ye, ye le kɛ wa fa iwa wa man ye.",Baoulé,Mozilla Common Voice
common_voice_bci_41244586.mp3,Amun leman awlobo nun sa kunngbaʼn.,Baoulé,Mozilla Common Voice
common_voice_bci_41244660.mp3,"Kɛ n sɔ min aradioʼn, djueʼn bo blɛblɛblɛ.",Baoulé,Mozilla Common Voice
common_voice_bci_41244662.mp3,I afuɛ nɲɔn su yɛ be yra mi fieʼn niɔn.,Baoulé,Mozilla Common Voice
common_voice_bci_41244663.mp3,Mi niaan bian eni i janʼvuɛʼm be su to banon gua su lɔ.,Baoulé,Mozilla Common Voice
common_voice_bci_41244665.mp3,"Klɔʼn i su ninngeʼm be ti kpa afuɛ nga nun, e la Ɲanmiɛn ase.",Baoulé,Mozilla Common Voice
common_voice_bci_41244894.mp3,Sukula leman dunman kpanwun nun kun.,Baoulé,Mozilla Common Voice
common_voice_bci_41244895.mp3,Sɛ nan ti lɛ nan viɛ man be sa toto lɛ or vie man.,Baoulé,Mozilla Common Voice
common_voice_bci_41244896.mp3,Amun a wun kɛ n fa be sikaʼn wie le?,Baoulé,Mozilla Common Voice
common_voice_bci_41244897.mp3,Klɔʼn ti dan yɛ sranʼm be bo sin yia chtin kwlaa.,Baoulé,Mozilla Common Voice
common_voice_bci_41244898.mp3,Waka tɛnndɛn kpaʼm be bo sin yia klɔʼn.,Baoulé,Mozilla Common Voice
common_voice_bci_41244992.mp3,"Bian mʼɔ le ti bleʼn, ɔ wunnin i ɲrunʼn.",Baoulé,Mozilla Common Voice
common_voice_bci_41244993.mp3,"Odile, ɔ yo ɔ like! A djuli wa ndɛndɛ.",Baoulé,Mozilla Common Voice
common_voice_bci_41244994.mp3,Srɛ kunnin min mantanfuɛʼn i alua.,Baoulé,Mozilla Common Voice
common_voice_bci_41244996.mp3,Djavuɛ kun i srilɛʼn yo maan e klun jɔ.,Baoulé,Mozilla Common Voice
common_voice_bci_41244997.mp3,"Mi janvuɛ kpaʼn ɔli lika uflɛ, ɔ yo min ya.",Baoulé,Mozilla Common Voice
common_voice_bci_41245107.mp3,Nzueʼn yo naan nigema be yo kpa.,Baoulé,Mozilla Common Voice
common_voice_bci_41245109.mp3,Mi nian bianʼn bali e osu nianlɛ.,Baoulé,Mozilla Common Voice
common_voice_bci_41245111.mp3,Blaʼm be kle talua kannganʼm be klɔ lɔ lã ninngeʼm be yolɛ.,Baoulé,Mozilla Common Voice
common_voice_bci_41245114.mp3,Ayinʼman nʼma kɔ fie nu juman ni mi si.,Baoulé,Mozilla Common Voice
common_voice_bci_41245120.mp3,"Telefɔnunʼn bo, sran kun su flɛ ɔ dunmanʼn.",Baoulé,Mozilla Common Voice
common_voice_bci_41243085.mp3,Klɔʼn su fie difuɛʼm be di junman kekle nglɛmun lele nnɔsua.,Baoulé,Mozilla Common Voice
common_voice_bci_41247818.mp3,Koffiʼn kpadja kɔnguɛ mʼɔ ti ble kpaʼn nun.,Baoulé,Mozilla Common Voice
common_voice_bci_41247829.mp3,Klɔfuɛʼm be yia sinʼn i wun lɛ.,Baoulé,Mozilla Common Voice
common_voice_bci_41247832.mp3,"N klo bonbon, be ti fɛ kpa.",Baoulé,Mozilla Common Voice
common_voice_bci_41247843.mp3,Be di aklunjuɛ fiawlɛ nun ngowa suaʼn nun lɔ.,Baoulé,Mozilla Common Voice
common_voice_bci_41247985.mp3,"Be nga be tran lɔʼn, be cɛcɛ be ninnge nga be kpɛ beʼn be afiɛn.",Baoulé,Mozilla Common Voice
common_voice_bci_41247988.mp3,Sran kwlaa klo jue nin avie.,Baoulé,Mozilla Common Voice
common_voice_bci_41247991.mp3,Mi si wʼa dun mmua wʼa ɔ fieʼn nun N kunndɛli kɛ e nin i é kɔ́.,Baoulé,Mozilla Common Voice
common_voice_bci_41247994.mp3,Be bo balɔn Wunmiɛn-lolɛ-cɛn kwlaa nglɛmun.,Baoulé,Mozilla Common Voice
common_voice_bci_41247995.mp3,"Klɔʼn i su ninngeʼm be sɔnnin kpa afuɛ nga nun, e la Ɲanmiɛn ase.",Baoulé,Mozilla Common Voice
common_voice_bci_41248129.mp3,Be bo aya naan bʼa tra blo nnɛn.,Baoulé,Mozilla Common Voice
common_voice_bci_41248132.mp3,Lotoʼm be kɔ ndɛndɛ kpa akpɔ tɛʼm be su.,Baoulé,Mozilla Common Voice
common_voice_bci_41248134.mp3,"Nzueʼn kunndɛ kɛ ɔ́ tɔ́ naan sɛ wʼa tɔmanʼn, ɲannzuɛn su kunman asiɛʼn.",Baoulé,Mozilla Common Voice
common_voice_bci_41248136.mp3,N su usa wɔ ndɛ kun.,Baoulé,Mozilla Common Voice
common_voice_bci_41248138.mp3,E su siesie aliɛ ngunmin kun man aofuɛ mun kɔnguɛ nga.,Baoulé,Mozilla Common Voice
common_voice_bci_41248343.mp3,Blaʼm be siesie aɲia mun naan bʼa kan klɔʼn i su ninngeʼm be ndɛ.,Baoulé,Mozilla Common Voice
common_voice_bci_41248345.mp3,"Sran ngʼɔ klo kɛ be yo i likeʼn, yɛ ɔ di i fieʼn atinʼn i nuan lɛ ɔ.",Baoulé,Mozilla Common Voice
common_voice_bci_41248347.mp3,Klɔʼn le nzue ba klanman kpa kun mʼɔ ti weiinʼn.,Baoulé,Mozilla Common Voice
common_voice_bci_41248348.mp3,Sranʼm be yia aliɛ diwlɛʼm be nun kpɛ sunman.,Baoulé,Mozilla Common Voice
common_voice_bci_41248349.mp3,Ye tonnin aliɛ fɛfɛ kpa likawlɛ.,Baoulé,Mozilla Common Voice
common_voice_bci_41248512.mp3,Ye yili ye jaʼnvuɛʼm kɔnguɛ.,Baoulé,Mozilla Common Voice
common_voice_bci_41248514.mp3,"Atrɛkpaʼn, sɛ e sɔnnin naan e su kɔ toʼn.",Baoulé,Mozilla Common Voice
common_voice_bci_41248516.mp3,"Manmi, Nʼkunnu kɛ eni wɔ ngowa siɛnʼn.",Baoulé,Mozilla Common Voice
common_voice_bci_41248518.mp3,"Aloua Wan, Ô niann Tchrrr Ti, Ô Tranman Gboh.",Baoulé,Mozilla Common Voice
common_voice_bci_41248519.mp3,E nin like klefuɛʼn e yo matematiki.,Baoulé,Mozilla Common Voice
common_voice_bci_41248639.mp3,"E tra e sa nun, e klo i titi.",Baoulé,Mozilla Common Voice
common_voice_bci_41248640.mp3,Manmin ton aliɛ man awlobofuɛ mun.,Baoulé,Mozilla Common Voice
common_voice_bci_41248641.mp3,Be kɔ djue tralɛ nzueʼn nun nglɛmun kwlaa.,Baoulé,Mozilla Common Voice
common_voice_bci_41248642.mp3,Ils nʼont plus besoin dʼaller à lʼhôpital.,Baoulé,Mozilla Common Voice
common_voice_bci_41248643.mp3,Sɛ n si kɛ ɔ leman duʼn.,Baoulé,Mozilla Common Voice
common_voice_bci_41248686.mp3,Bakannganʼm be su wanndi manmi fieʼn nun lɔ.,Baoulé,Mozilla Common Voice
common_voice_bci_41248687.mp3,Like klefuɛʼn yiyi like suanlɛʼm be nun kpa.,Baoulé,Mozilla Common Voice
common_voice_bci_41248689.mp3,Ye bo yo kun e nanti kɔ suklu nglɛmun kwlaa.,Baoulé,Mozilla Common Voice
common_voice_bci_41248691.mp3,Be wunnin ndɛ sɔʼn i trawlɛ.,Baoulé,Mozilla Common Voice
common_voice_bci_41248693.mp3,Klɔ sranʼm be klo klɔ guaʼm be su aklunjuɛ.,Baoulé,Mozilla Common Voice
common_voice_bci_41248887.mp3,Be fa nzue ba fieʼm be nun naan be fa uka be si ni be ni mun.,Baoulé,Mozilla Common Voice
common_voice_bci_41248888.mp3,"Taluaʼm be yia lɛ be di lã ngowa, be fa ninnge nga be fa yo be awlo lɔʼn, kpɛkun be di janvuɛ tralɛʼm be nun ngowa.",Baoulé,Mozilla Common Voice
common_voice_bci_41248889.mp3,Ye yoli i anniversɛri fɛtri.,Baoulé,Mozilla Common Voice
common_voice_bci_41248890.mp3,Blaʼm be nian sran okeʼm be lika klɔʼn su lɔ.,Baoulé,Mozilla Common Voice
common_voice_bci_41451102.mp3,Ɔ fata kɛ e wɔ ninnge tolɛ ka naan yʼa wɔ awlo.,Baoulé,Mozilla Common Voice
common_voice_bci_41248906.mp3,Ba yasuaʼm be kplan sua nɲa mun nin waka mma mun.,Baoulé,Mozilla Common Voice
common_voice_bci_41247807.mp3,Be rali min ninngeʼm be kwlaa.,Baoulé,Mozilla Common Voice
common_voice_bci_41248994.mp3,Ɔ yoli kpa kɛ titi sa.,Baoulé,Mozilla Common Voice
common_voice_bci_41248997.mp3,"Sɛ a kwla tra minʼn, ń trán ɔ wun lɛ lele.",Baoulé,Mozilla Common Voice
common_voice_bci_41249008.mp3,Be fa waka mma ngble mun be kɔ klɔʼn i guaʼn su lɔ.,Baoulé,Mozilla Common Voice
common_voice_bci_41249023.mp3,Flɛriʼm be ɲin ndɛndɛ sɛ nzueʼn sɔnninʼn.,Baoulé,Mozilla Common Voice
common_voice_bci_41249179.mp3,"Nanwlɛʼn kwla titi i awieliɛ lɔʼn, sanngɛ ɔ ti kekle kɛ be tra be awlɛn.",Baoulé,Mozilla Common Voice
common_voice_bci_41249180.mp3,Awlobofuɛʼm be yia Wunmiɛn-lolɛ-chtɛn kwlaa be di like likawlɛ.,Baoulé,Mozilla Common Voice
common_voice_bci_41249181.mp3,Mi desɛnʼn timan klanman kɛ sran uflɛʼm be liɛʼn sa.,Baoulé,Mozilla Common Voice
common_voice_bci_41249183.mp3,Be fa man n dotié woman n dowa.,Baoulé,Mozilla Common Voice
common_voice_bci_41249184.mp3,Ɔ se kɛ klɔʼn wo mmua.,Baoulé,Mozilla Common Voice
common_voice_bci_41249465.mp3,Anunmanʼm be tu be bo be kɔ ngua lɔ afuɛ kwlaa nun.,Baoulé,Mozilla Common Voice
common_voice_bci_41249467.mp3,E kɔ guaʼn su lɔ e ko to waka mma.,Baoulé,Mozilla Common Voice
common_voice_bci_41249469.mp3,"Mi ba nɔnman ti klanman, ɔ ti bla.",Baoulé,Mozilla Common Voice
common_voice_bci_41249472.mp3,Nzraamaʼm be kpaja ɲanmiɛn su lɔ kɔnguɛ nga.,Baoulé,Mozilla Common Voice
common_voice_bci_41249474.mp3,"Mi ngbabuaʼm be ti tɛtɛ, be ti kaan kpa.",Baoulé,Mozilla Common Voice
common_voice_bci_41249475.mp3,Blaʼm be fa ayre waka mun be siesie ayre.,Baoulé,Mozilla Common Voice
common_voice_bci_41249477.mp3,Be nian woʼn i tinninʼn su naan yʼa wun sinʼnu.,Baoulé,Mozilla Common Voice
common_voice_bci_41249479.mp3,Nzue tɔ kpa okaoka lika nga nun.,Baoulé,Mozilla Common Voice
common_voice_bci_41249481.mp3,Sran fi siman wafa ngʼɔ́ wá wíeʼn.,Baoulé,Mozilla Common Voice
common_voice_bci_41249759.mp3,Kaluaʼn lafi sofa ufueʼn su.,Baoulé,Mozilla Common Voice
common_voice_bci_41249760.mp3,Klɔfuɛʼm be kplan waka su kpanwun.,Baoulé,Mozilla Common Voice
common_voice_bci_41249761.mp3,Klɔ taluaʼm be sri kɛ bé bó ngowa nzue baʼn i wun lɛʼn.,Baoulé,Mozilla Common Voice
common_voice_bci_41249762.mp3,Anumanʼm be to djue wakaʼm be su lɔ.,Baoulé,Mozilla Common Voice
common_voice_bci_41249763.mp3,"A kwla wua min suɛn, ɔ nin blɛ nga bé kún wɔʼn.",Baoulé,Mozilla Common Voice
common_voice_bci_41250167.mp3,"Bewuka mi, nan man kpata mi si.",Baoulé,Mozilla Common Voice
common_voice_bci_41250169.mp3,"Srɛ kunman min nnɛnʼn i tiʼn, yɛ n kunndɛman kɛ ń dí i ɲinmaʼn.",Baoulé,Mozilla Common Voice
common_voice_bci_41250170.mp3,Mi si kleli mi wafa nga be di ablé fieʼn nun lɔʼn.,Baoulé,Mozilla Common Voice
common_voice_bci_41250171.mp3,"Yɛ kɛ ngalɛ saʼn, e si nin e nin mun e di alaje.",Baoulé,Mozilla Common Voice
common_voice_bci_41250177.mp3,Klɔʼn su awloboʼm be kwlaa be cɛcɛ avieʼn i nun ninngeʼm be nun.,Baoulé,Mozilla Common Voice
common_voice_bci_41250298.mp3,Ndɛ fɛfɛʼm be sɔnnin suklu fluwaʼm be nun.,Baoulé,Mozilla Common Voice
common_voice_bci_41250324.mp3,Sukluʼn kle amun kɛ amun yo sran kpa.,Baoulé,Mozilla Common Voice
common_voice_bci_41250353.mp3,"Taluaʼm be suan lã miziki bolɛ ninngeʼm be bolɛ, be suan like be nunfuɛʼm be sa nun.",Baoulé,Mozilla Common Voice
common_voice_bci_41250354.mp3,Bakannganʼm be sri kɔkun be di ngowa be jranman.,Baoulé,Mozilla Common Voice
common_voice_bci_41250355.mp3,Manmi wunnzin tralɛ eni waka mma.,Baoulé,Mozilla Common Voice
common_voice_bci_41250403.mp3,Ɔ minndɛ i janvuɛʼn kafeʼn i ɲrun lɛ.,Baoulé,Mozilla Common Voice
common_voice_bci_41248991.mp3,"Nglɛmun nun aklunjuɛʼn timan like fi, nnɔsua nun aklunjuɛʼn yɛ ɔ ti aklunjuɛ kpafuɛʼn niɔn.",Baoulé,Mozilla Common Voice
common_voice_bci_41250405.mp3,E kunndɛman kɛ sran ngʼɔ ti ɲannzuɛnfuɛʼn i ninʼn yo juejue ndɛndɛ.,Baoulé,Mozilla Common Voice
common_voice_bci_41250406.mp3,"Min suklu saciʼn nunʼn, crayon klanman kpaʼm be sɔnnin.",Baoulé,Mozilla Common Voice
common_voice_bci_41250407.mp3,Ijɔ lɔ Ijɔ kɛ e ijɔ lɔ e tuaman sika.,Baoulé,Mozilla Common Voice
common_voice_bci_41250508.mp3,"Like nga n suɛnnin iʼn yɛle kɛ, ɔ fata kɛ a fa sika sɔʼn naan wʼa bo junman kan annzɛ fie kan kun bo.",Baoulé,Mozilla Common Voice
common_voice_bci_41250509.mp3,"Kpanwun mʼɔ ti nvanʼn, ɔ yo fɛ titi.",Baoulé,Mozilla Common Voice
common_voice_bci_41250510.mp3,Klɔ kpɛnngbɛnʼm be kle e wafa ngʼɔ fata kɛ e di fieʼn i kpa naan yʼa kwla di fieʼn i kpaʼn.,Baoulé,Mozilla Common Voice
common_voice_bci_41250512.mp3,Ye su kɔ gua bo ainman nglɛmun.,Baoulé,Mozilla Common Voice
common_voice_bci_41250515.mp3,Klɔʼn sufuɛʼm be yiali be kokoli yalɛ.,Baoulé,Mozilla Common Voice
common_voice_bci_41250568.mp3,Bakannganʼm be kpɛ be tralɛʼm be nun.,Baoulé,Mozilla Common Voice
common_voice_bci_41250569.mp3,Nglɛmun kwlaa e di junman kekle e nian e awlobo fieʼm be lika.,Baoulé,Mozilla Common Voice
common_voice_bci_41250570.mp3,A wun vie kanvie a woun vie yaki vie.,Baoulé,Mozilla Common Voice
common_voice_bci_41250572.mp3,"Jenvieʼn ti diin, yɛ ɔ ti ble kpa.",Baoulé,Mozilla Common Voice
common_voice_bci_41250574.mp3,Aunmuanʼn fita nɲaʼm be su blɛblɛblɛ.,Baoulé,Mozilla Common Voice
common_voice_bci_41250807.mp3,Klɔʼn su gbanflɛn nin talua mun be bo balɔn nnɔsua kwlaa.,Baoulé,Mozilla Common Voice
common_voice_bci_41250808.mp3,"Kɛ e idjɔ blɛlɛʼn, ɔ ti kpa.",Baoulé,Mozilla Common Voice
common_voice_bci_41250810.mp3,Kloʼn wo tabliʼn i bo lɔ.,Baoulé,Mozilla Common Voice
common_voice_bci_41250812.mp3,Lawlɛʼn ti kpa naan bʼa lafi kpa.,Baoulé,Mozilla Common Voice
common_voice_bci_41250814.mp3,Nzueʼn su tɔ blɛblɛblɛ kɔnguɛ nga nun.,Baoulé,Mozilla Common Voice
common_voice_bci_41250883.mp3,N fa min suklu saciʼn.,Baoulé,Mozilla Common Voice
common_voice_bci_41250884.mp3,"Janvuɛʼm be fa be ngowa kanlɛ ninngeʼm be man sran mun, ɔ ti kpa.",Baoulé,Mozilla Common Voice
common_voice_bci_41250885.mp3,"Sran ngʼɔ bo alɛʼn i jɔʼn, ɔ diman alɛ sɔʼn wie.",Baoulé,Mozilla Common Voice
common_voice_bci_41250886.mp3,"Mi duman yɛlɛ Vanessa hɛ, mi ni mi niaan bla mun yɛ e baliɔ.",Baoulé,Mozilla Common Voice
common_voice_bci_41250887.mp3,Manmi kan ndɛ mango wakaʼn i bo lɔ.,Baoulé,Mozilla Common Voice
common_voice_bci_41250950.mp3,N siman like nga n yoliʼn bɔbɔ.,Baoulé,Mozilla Common Voice
common_voice_bci_41250952.mp3,"Ɔ fata kɛ amun kata fenɛtriʼm be su, onti ontinʼm be ti.",Baoulé,Mozilla Common Voice
common_voice_bci_41250953.mp3,Be di be wun kpinngbinlɛʼm be nun naan bʼa wla be lɔ ekipuʼm be fanngan.,Baoulé,Mozilla Common Voice
common_voice_bci_41250954.mp3,Be uka klɔʼn su nnɛnʼm be likaʼm be kplanlɛʼn su.,Baoulé,Mozilla Common Voice
common_voice_bci_41250955.mp3,E su di blɛ awlobo nun Fue cɛn nnɔsua nga.,Baoulé,Mozilla Common Voice
common_voice_bci_41251004.mp3,Sɛ a su wa yi baʼm be sikaʼn kan kle mi.,Baoulé,Mozilla Common Voice
common_voice_bci_41251005.mp3,"Sukluʼn wo mmua kpa, min jaʼm be fɛ.",Baoulé,Mozilla Common Voice
common_voice_bci_41251006.mp3,E di ablé ni avie fie dan sɔʼn nun.,Baoulé,Mozilla Common Voice
common_voice_bci_41251007.mp3,"Kanʼni ti, alua kunnin mi.",Baoulé,Mozilla Common Voice
common_voice_bci_41251008.mp3,"Sɛ Ɲanmiɛn suan amun boʼn, like fi kwlá kwláman amun.",Baoulé,Mozilla Common Voice
common_voice_bci_41251084.mp3,"Baʼm be bo yo kun be sri, like kwlaa ti kpa.",Baoulé,Mozilla Common Voice
common_voice_bci_41251085.mp3,"Taluaʼm be uka be ninʼm be fa ayre nga be fa yo ayreʼn, be fa ayre nga be nannanʼm be mannin beʼn su.",Baoulé,Mozilla Common Voice
common_voice_bci_41251087.mp3,Amun nian sran tɛʼm be lika.,Baoulé,Mozilla Common Voice
common_voice_bci_41251089.mp3,Aluaʼn su i minʼn su titi klɔʼn i lika kwlaa nun.,Baoulé,Mozilla Common Voice
common_voice_bci_41251090.mp3,E su lo wunmiɛn kan siɛnʼn.,Baoulé,Mozilla Common Voice
common_voice_bci_41251158.mp3,N kwlá yoman puzzle kekle sɔʼn.,Baoulé,Mozilla Common Voice
common_voice_bci_41251159.mp3,Ɔ janvuɛ Sery tuaman kalɛ.,Baoulé,Mozilla Common Voice
common_voice_bci_41251160.mp3,Bakannganʼm be srilɛʼn yo maan klɔʼn i nunfuɛʼm be di aklunjuɛ.,Baoulé,Mozilla Common Voice
common_voice_bci_41251161.mp3,N klo i aata dilɛʼn kpa.,Baoulé,Mozilla Common Voice
common_voice_bci_41251162.mp3,Baba toli balɔn klanhan kun man mi.,Baoulé,Mozilla Common Voice
common_voice_bci_41251738.mp3,Be suan like likawlɛ be ekzamin cinnjin kpaʼn i ti.,Baoulé,Mozilla Common Voice
common_voice_bci_41251741.mp3,"Kɛ ɔ ko yo naan bʼa ba mi usa wafa nga n kwla ɲannin sika sɔʼn, be klo kɛ nán be yo sɔ naan be ka klɔʼn su lɔ.",Baoulé,Mozilla Common Voice
common_voice_bci_41251745.mp3,"Snack nga be di i wunmiɛn lolɛ blɛ nunʼn, ɔ yo fɛ titi.",Baoulé,Mozilla Common Voice
common_voice_bci_41251749.mp3,Sran kpanngban be tran klɔ dan sɔʼn su.,Baoulé,Mozilla Common Voice
common_voice_bci_41251751.mp3,"Kɛ sran kwlaa di aklunjuɛʼn, klɔʼn kpaja.",Baoulé,Mozilla Common Voice
common_voice_bci_41251822.mp3,Flɛriʼn tike viaʼn i dolɛʼn su.,Baoulé,Mozilla Common Voice
common_voice_bci_41251823.mp3,E kwlakwla e bo yo kun e to aklunjuɛ jue kun.,Baoulé,Mozilla Common Voice
common_voice_bci_41251824.mp3,Blo nnɛnʼm be tran waka dandanʼm be nun be ɲanman be ti.,Baoulé,Mozilla Common Voice
common_voice_bci_41251825.mp3,N nin mi janvuɛ mun e to djue.,Baoulé,Mozilla Common Voice
common_voice_bci_41250404.mp3,Klɔʼn ti dĩn kɛ like kwlaa kɔ kpaʼn.,Baoulé,Mozilla Common Voice
common_voice_bci_41251908.mp3,Ɔ flunman kɛ be kpɛ i suʼn tra kɛ ɔ wuʼn.,Baoulé,Mozilla Common Voice
common_voice_bci_41251911.mp3,Sɛ gban mlô gnin y tôlɛ ô fa manhan nʼgna suhi.,Baoulé,Mozilla Common Voice
common_voice_bci_41251912.mp3,Be uka klɔʼn su lɔ nnɛnʼm be lika nianlɛ nun.,Baoulé,Mozilla Common Voice
common_voice_bci_41251913.mp3,Klɔfuɛʼm be siesie sika kunndɛlɛ naan bʼa uka be nga be sa mianʼn.,Baoulé,Mozilla Common Voice
common_voice_bci_41251914.mp3,Nʼzue su tɔ kɔkun Nʼkunnu dɛ kan ngowa gua su lɔ.,Baoulé,Mozilla Common Voice
common_voice_bci_41251965.mp3,Janvuɛʼm be kwlaa be bo ti kun kɛ awlobo sa.,Baoulé,Mozilla Common Voice
common_voice_bci_41251966.mp3,Mi yi ɔli ko srɛli ukalɛ.,Baoulé,Mozilla Common Voice
common_voice_bci_41251967.mp3,N kɔ suklu nin min saci.,Baoulé,Mozilla Common Voice
common_voice_bci_41251968.mp3,Like klefuɛʼn yiyi like suanlɛʼn nun weinwein kpa.,Baoulé,Mozilla Common Voice
common_voice_bci_41251969.mp3,"Blaʼm be ton aliɛ be man be awlobofuɛ mun nin aofuɛ mun, be fa ninnge uflɛuflɛ mun, kpɛkun be nian lã aliɛʼm be su.",Baoulé,Mozilla Common Voice
common_voice_bci_41252049.mp3,Suklu ti lika nʼga be suan like kɔkun be yo sran dan.,Baoulé,Mozilla Common Voice
common_voice_bci_41252050.mp3,Aniaanʼm be uka be wiengu chtɛn kwlaa awlo lɔ junmanʼm be dilɛ nun.,Baoulé,Mozilla Common Voice
common_voice_bci_41413929.mp3,Klɔʼn su suaʼm be ti tɛnndɛn.,Baoulé,Mozilla Common Voice
common_voice_bci_41413964.mp3,"Ôti akunndan kpa, Nʼbu kɛ ye kula yo.",Baoulé,Mozilla Common Voice
common_voice_bci_41413930.mp3,Efata kɛ n wɔ suklu ainman nglɛmun.,Baoulé,Mozilla Common Voice
common_voice_bci_41252051.mp3,Nzue baʼm be sin okaʼm be su blɛblɛblɛ.,Baoulé,Mozilla Common Voice
common_voice_bci_41252052.mp3,Be bo aya naan bʼa tra blo nnɛn kanngan mun.,Baoulé,Mozilla Common Voice
common_voice_bci_41252054.mp3,N se kɛ yo a su kɔ fa ɔ sikaʼn?,Baoulé,Mozilla Common Voice
common_voice_bci_41252065.mp3,Ɔ klo fluwa kannganlɛ.,Baoulé,Mozilla Common Voice
common_voice_bci_41252066.mp3,Ba yasuaʼm be kɔ wakaʼm be nun be kunndɛ nnɛn kanngan mun.,Baoulé,Mozilla Common Voice
common_voice_bci_41252067.mp3,Gbanflɛn ɔ ni talua mun be ta bua mun.,Baoulé,Mozilla Common Voice
common_voice_bci_41252069.mp3,Anumanʼm be to djue nglɛmun ndɛ kpa wakaʼm be su.,Baoulé,Mozilla Common Voice
common_voice_bci_41252071.mp3,N su ba nnɔsua nun ń kó nían wafa nga baʼn tiʼn.,Baoulé,Mozilla Common Voice
common_voice_bci_41252327.mp3,"Sran ngʼɔ lafiʼn, ɔ usaman atin.",Baoulé,Mozilla Common Voice
common_voice_bci_41252328.mp3,Taluaʼm be kpɛ nzue gboʼn nun be man awlobofuɛ mun.,Baoulé,Mozilla Common Voice
common_voice_bci_41252329.mp3,Nʼyo wɔ kula mi wa bla.,Baoulé,Mozilla Common Voice
common_voice_bci_41252331.mp3,"Taluaʼm be wla lã tralɛ, kpɛkun be nanti aeliɛ nga klɔ kpɛnngbɛnʼm be sieliʼn su.",Baoulé,Mozilla Common Voice
common_voice_bci_41252332.mp3,Be klo aliɛ diwlɛʼm be nun kɔlɛ naan bʼa di mɛn wunmuanʼn nun aliɛʼm be nun.,Baoulé,Mozilla Common Voice
common_voice_bci_41252559.mp3,Be siesie fluwa siewlɛ lɔ fluwa mun kpa tabliʼm be su.,Baoulé,Mozilla Common Voice
common_voice_bci_41252560.mp3,"I modja mɔ guali ɔ, tumi tɛ mu klwa.",Baoulé,Mozilla Common Voice
common_voice_bci_41252561.mp3,Ɔ ni i janvuɛʼm be to video nun ngowa.,Baoulé,Mozilla Common Voice
common_voice_bci_41252562.mp3,"Ɔ fata kɛ a di junman titi ɔ ti kekle sanngɛ i sinʼn, a kunndɛ kɛ a ɲan ɔ aɲrunɲan.",Baoulé,Mozilla Common Voice
common_voice_bci_41252563.mp3,"Ɔ diman aliɛ kpa, dɔrtrɔ bianʼn seli sɔ.",Baoulé,Mozilla Common Voice
common_voice_bci_41252744.mp3,A wá wún kɛ ɔkulɛʼn ti kannin.,Baoulé,Mozilla Common Voice
common_voice_bci_41252745.mp3,Ba yasuaʼm be fa nannin mun be wlu nnɛn kpanngɔʼm be nun nnɔsua kwlaa.,Baoulé,Mozilla Common Voice
common_voice_bci_41252746.mp3,"Uwka mma nga be ti uflɛuflɛʼn, be ti kpa man sran kwlaa.",Baoulé,Mozilla Common Voice
common_voice_bci_41252748.mp3,Otekun ti yɛ yɔbuɛ ɔ fiʼn talɛ.,Baoulé,Mozilla Common Voice
common_voice_bci_41252749.mp3,Be ɔli fie lɔ be ko niannin nnɛn mun.,Baoulé,Mozilla Common Voice
common_voice_bci_41251826.mp3,Like ngʼɔ fataman kɛ be kanʼn yɛle kɛ be yɛ be kan ndɛ sɔʼn niɔn.,Baoulé,Mozilla Common Voice
common_voice_bci_41253388.mp3,Klɔ bakannganʼm be nin be siʼm be kɔ di ko njɛn.,Baoulé,Mozilla Common Voice
common_voice_bci_41253391.mp3,Kɛ baʼm be di aliɛ kpa mɔ be te o nguan nunʼn.,Baoulé,Mozilla Common Voice
common_voice_bci_41253392.mp3,Be di junman klɔ nin sran akpasuaakpasuaʼm be nun naan bʼa ɲan ukalɛ.,Baoulé,Mozilla Common Voice
common_voice_bci_41253394.mp3,"N kunndɛ kɛ ń nɔ́n nzue kan siɛnʼn, yaki.",Baoulé,Mozilla Common Voice
common_voice_bci_41253433.mp3,"Sa kwlaa nga be tɔ e suʼn, be ti kpa.",Baoulé,Mozilla Common Voice
common_voice_bci_41253389.mp3,Baba fali min ɔli dɔɔtrɔ lɔ naan ɔ nian min juejue yolɛ nun.,Baoulé,Mozilla Common Voice
common_voice_bci_41413927.mp3,"Kɛ baʼn wun i ninʼn, ɔ sri.",Baoulé,Mozilla Common Voice
common_voice_bci_41413925.mp3,Klɔʼn su bakannganʼm be wanndi.,Baoulé,Mozilla Common Voice
common_voice_bci_41671262.mp3,Wan yɛ ɔ flɛ alua mun ɔn.,Baoulé,Mozilla Common Voice
common_voice_bci_41670808.mp3,Be bo balɔn Wunmiɛn-lolɛ-cɛn kwlaa nglɛmun.,Baoulé,Mozilla Common Voice
common_voice_bci_41670458.mp3,"Lupu se kɛ meow, ɔ ti srilɛ like, nán sɔ ɔ?",Baoulé,Mozilla Common Voice
common_voice_bci_41670456.mp3,Ɔ flunman kɛ be kpɛ i suʼn tra kɛ ɔ wuʼn.,Baoulé,Mozilla Common Voice
common_voice_bci_41670430.mp3,Sran bleʼn wunnin i ɲrunʼn.,Baoulé,Mozilla Common Voice
common_voice_bci_41670429.mp3,Mʼsiman wlele nan fami waya ehe.,Baoulé,Mozilla Common Voice
common_voice_bci_41670428.mp3,"Ɔka sɔʼn ti nglo lɔ, yɛ ɔ ti klanman kpa.",Baoulé,Mozilla Common Voice
common_voice_bci_41670427.mp3,Be di be wun kpinngbinlɛʼm be nun naan bʼa wla be lɔ ekipuʼm be fanngan.,Baoulé,Mozilla Common Voice
common_voice_bci_41670426.mp3,"Kɛ a ukaʼn, like kwlaa yo pɔpɔ.",Baoulé,Mozilla Common Voice
common_voice_bci_41670419.mp3,Klɔʼn sufuɛʼm be yiali be kokoli yalɛ.,Baoulé,Mozilla Common Voice
common_voice_bci_41670418.mp3,"Taluaʼm be wla lã tralɛ, kpɛkun be nanti aeliɛ nga klɔ kpɛnngbɛnʼm be sieliʼn su.",Baoulé,Mozilla Common Voice
common_voice_bci_41670416.mp3,Klɔʼn su guaʼm be sonnin.,Baoulé,Mozilla Common Voice
common_voice_bci_41670395.mp3,Bakannganʼm be fa nzue kunmanʼn nun ba.,Baoulé,Mozilla Common Voice
common_voice_bci_41670392.mp3,Aunmuanʼn fita kekle kpa jenvieʼn i nuan lɔ.,Baoulé,Mozilla Common Voice
common_voice_bci_41670389.mp3,Nʼyo wɔ kula mi wa bla.,Baoulé,Mozilla Common Voice
common_voice_bci_41670388.mp3,N su kɔman Bouaké wie.,Baoulé,Mozilla Common Voice
common_voice_bci_41670352.mp3,N nin baba e kɔ junman.,Baoulé,Mozilla Common Voice
common_voice_bci_41670350.mp3,"Sɛ amun leman aniaan blaʼn, nn amun kunndɛman amun niaan bla.",Baoulé,Mozilla Common Voice
common_voice_bci_41670348.mp3,Taluaʼm be nin be ninʼm be suan aliɛ tonlɛ nnɔsua kwlaa.,Baoulé,Mozilla Common Voice
common_voice_bci_41670343.mp3,Aunmuanʼn sin nɲaʼm be nun blɛblɛblɛ.,Baoulé,Mozilla Common Voice
common_voice_bci_41670332.mp3,Min si di junman kekle e awlobofuɛʼm be lika cɛn kwlakwla.,Baoulé,Mozilla Common Voice
common_voice_bci_41670331.mp3,"Uwka mma nga be ti uflɛuflɛʼn, be ti kpa man sran kwlaa.",Baoulé,Mozilla Common Voice
common_voice_bci_41670330.mp3,Viaʼn fiteli andɛ klɔʼn su lɔ.,Baoulé,Mozilla Common Voice
common_voice_bci_41670329.mp3,E leman like fi naan yʼa siesie be wun naan bʼa sa be sin suklu lɔ.,Baoulé,Mozilla Common Voice
common_voice_bci_41670328.mp3,"Klɔ nga fɔundi o nunʼn, ɔ ti kpa kɛ be wun i.",Baoulé,Mozilla Common Voice
common_voice_bci_41670297.mp3,"Glaciʼn tɔli, n kwlá dimɛn i kun.",Baoulé,Mozilla Common Voice
common_voice_bci_41670296.mp3,"Able ngʼɔ yo awlo lɔʼn, nán amun wanndi si able.",Baoulé,Mozilla Common Voice
common_voice_bci_41670295.mp3,Klɔfuɛʼm be su siesie cɛn dilɛ dan kun ainman.,Baoulé,Mozilla Common Voice
common_voice_bci_41670294.mp3,Eh mi niaan bla be wan ngue yɛ a su yo kpa?,Baoulé,Mozilla Common Voice
common_voice_bci_41670278.mp3,"Trɔ ngʼɔ nunman ɔ ti suʼn, a su simɛn i le kɛ ɔ ti nɔnnin.",Baoulé,Mozilla Common Voice
common_voice_bci_41670277.mp3,"Blɛ sunman nunʼn, klɔ bakannganʼm be di ngowa awie fieʼm be wun lɛ.",Baoulé,Mozilla Common Voice
common_voice_bci_41670276.mp3,"Sɛ a yo sa tɛ Ɲanmiɛn ɲrunʼn, a fa ɲrɛnnɛn wla ɔ wun.",Baoulé,Mozilla Common Voice
common_voice_bci_41670252.mp3,"N su fite, Nʼma sa min sin ndɛndɛ.",Baoulé,Mozilla Common Voice
common_voice_bci_41670251.mp3,"Suklu baʼm be suan like naan kɛ afuɛʼn wíeʼn, bʼa kwla yan be ekzaminʼn.",Baoulé,Mozilla Common Voice
common_voice_bci_41670250.mp3,E kunndɛ kɛ wɔ ni ɔ yiʼn be ni e bla.,Baoulé,Mozilla Common Voice
common_voice_bci_41670248.mp3,Kɛ baʼm be di aliɛ kpa mɔ be te o nguan nunʼn.,Baoulé,Mozilla Common Voice
common_voice_bci_41670246.mp3,Wan yɛ ɔ buli min akunndan nglɛmun nga ɔ?,Baoulé,Mozilla Common Voice
common_voice_bci_41669825.mp3,E kwlakwla e bo yo kun e to aklunjuɛ jue kun.,Baoulé,Mozilla Common Voice
common_voice_bci_41669823.mp3,N leman sika.,Baoulé,Mozilla Common Voice
common_voice_bci_41669787.mp3,N suan fluwa klɛlɛ nin plɛti.,Baoulé,Mozilla Common Voice
common_voice_bci_41669786.mp3,Mi si wʼa dun mmua wʼa ɔ fieʼn nun N kunndɛli kɛ e nin i é kɔ́.,Baoulé,Mozilla Common Voice
common_voice_bci_41669784.mp3,I kwlaa sɔʼn timan like fi man wɔ.,Baoulé,Mozilla Common Voice
common_voice_bci_41669781.mp3,"Min balɔnʼn wʼa jran, uka min ndɛndɛ!",Baoulé,Mozilla Common Voice
common_voice_bci_41669780.mp3,"Andɛʼn, like klefuɛʼn mannin awlo lɔ junman kpanngban.",Baoulé,Mozilla Common Voice
common_voice_bci_41669779.mp3,Mi niaan bian eni i janʼvuɛʼm be su to banon gua su lɔ.,Baoulé,Mozilla Common Voice
common_voice_bci_41669777.mp3,Aluaʼn su i minʼn su titi klɔʼn i lika kwlaa nun.,Baoulé,Mozilla Common Voice
common_voice_bci_41669776.mp3,Ɔ minndɛ i janvuɛʼn kafeʼn i ɲrun lɛ.,Baoulé,Mozilla Common Voice
common_voice_bci_41669767.mp3,Nglɛmun kwlaa e di junman kekle e nian e awlobo fieʼm be lika.,Baoulé,Mozilla Common Voice
common_voice_bci_41669766.mp3,Like kloi nʼga fia fai su.,Baoulé,Mozilla Common Voice
common_voice_bci_41669765.mp3,"Kɛ á dí nnɛn kpanngɔʼn i saʼn, nian ɔ liɛʼn.",Baoulé,Mozilla Common Voice
common_voice_bci_41669764.mp3,Klɔ bakannganʼm be uka naan bʼa kpɛ waka mma nga be ti mlanwaʼn be nun blɛ kwlaa nun.,Baoulé,Mozilla Common Voice
common_voice_bci_41669762.mp3,Taluaʼm be fa waka mma nga be ɲinʼn be gua fie nga be mantan lɛʼn be nun.,Baoulé,Mozilla Common Voice
common_voice_bci_41669760.mp3,Ɔ mannin mi afɔtuɛ naan mi waʼn wʼa yo juejue.,Baoulé,Mozilla Common Voice
common_voice_bci_41669759.mp3,N kwla nian min awlobofuɛʼm be lika.,Baoulé,Mozilla Common Voice
common_voice_bci_41669752.mp3,"Kɛ á kán ndɛʼn, yo sran ngʼɔ sie ɔ suʼn i annvɔ.",Baoulé,Mozilla Common Voice
common_voice_bci_41669751.mp3,Be nin be si nin be nin be suan nnɛnʼm be lika nianlɛ.,Baoulé,Mozilla Common Voice
common_voice_bci_41669750.mp3,Be ti kpa tra kɛ be lafi be ngunminʼn.,Baoulé,Mozilla Common Voice
common_voice_bci_41669749.mp3,"Baba man yo tɛ, i so tiɛ mi srɛ wɔ.",Baoulé,Mozilla Common Voice
common_voice_bci_41669748.mp3,N kunndɛ kɛ n ɲan kpanwun mɔ be fa kpanwun kpanngban be gua nunʼn.,Baoulé,Mozilla Common Voice
common_voice_bci_41669747.mp3,Gbanflɛn kannganʼm be sasa klɔʼn.,Baoulé,Mozilla Common Voice
common_voice_bci_41669743.mp3,Suklu klefuɛʼn ti aklunyefuɛ yɛ ɔ trɛ i awlɛn e wun.,Baoulé,Mozilla Common Voice
common_voice_bci_41669742.mp3,I jaʼn ti ufue?,Baoulé,Mozilla Common Voice
common_voice_bci_41669741.mp3,"Kɛ like kwlaa ti dĩnʼn, angloʼn kpadja.",Baoulé,Mozilla Common Voice
common_voice_bci_41669740.mp3,Ba yalɛfuɛʼn siman kɛ i ninʼn klo i.,Baoulé,Mozilla Common Voice
common_voice_bci_41669737.mp3,Bakannganʼm be wanndi fie mʼɔ ti mlanmlanmlanʼn nun.,Baoulé,Mozilla Common Voice
common_voice_bci_41669735.mp3,E faman kolaʼn i bue e yiman tɛ.,Baoulé,Mozilla Common Voice
common_voice_bci_41669734.mp3,Bakannganʼm be klo kɛ bé fá be ngowa kanlɛ ninngeʼm bé dí ngowa kɛ be ko wie suklu diʼn.,Baoulé,Mozilla Common Voice
common_voice_bci_41669733.mp3,Amun su saci e blɛ.,Baoulé,Mozilla Common Voice
common_voice_bci_41669731.mp3,Bakannganʼm be su wanndi fieʼn nun lɔ.,Baoulé,Mozilla Common Voice
common_voice_bci_41669727.mp3,Manmi i aliɛʼn ti kpa titi.,Baoulé,Mozilla Common Voice
common_voice_bci_41669725.mp3,"Kɛ i tiʼn wo lɛʼn, i jaʼn wlaman trɔʼn.",Baoulé,Mozilla Common Voice
common_voice_bci_41669724.mp3,"Kɛ e leman like uflɛ e yomanʼn, e faman e wun wlaman.",Baoulé,Mozilla Common Voice
common_voice_bci_41667997.mp3,Loto nin motoʼm be sɔnnin akpɔʼm be su.,Baoulé,Mozilla Common Voice
common_voice_bci_41667996.mp3,"Cɛn nga ń ɲínʼn, ń yó kɛ i sa.",Baoulé,Mozilla Common Voice
common_voice_bci_41667995.mp3,"N kplin ɔ su, ɔ fata kɛ e nin sran uflɛ e koko su yalɛ.",Baoulé,Mozilla Common Voice
common_voice_bci_41667994.mp3,"Mi niaan bian, ɔ fata kɛ a uka min.",Baoulé,Mozilla Common Voice
common_voice_bci_41667991.mp3,Awlo lɔ junmanʼn uka amun naan amun a wun like suanlɛʼn i wlɛ.,Baoulé,Mozilla Common Voice
common_voice_bci_41667990.mp3,Ɔ yo waka mma atɛ guaʼn su lɔ.,Baoulé,Mozilla Common Voice
common_voice_bci_41667989.mp3,Be bo aya naan bʼa tra blo nnɛn.,Baoulé,Mozilla Common Voice
common_voice_bci_41667988.mp3,Mi nian bianʼn bali e osu nianlɛ.,Baoulé,Mozilla Common Voice
common_voice_bci_41667987.mp3,Blaʼm be tɔn aliɛ be man fie difuɛ mun.,Baoulé,Mozilla Common Voice
common_voice_bci_41667872.mp3,Klɔ taluaʼm be sie nzue okaʼm be su.,Baoulé,Mozilla Common Voice
common_voice_bci_41667871.mp3,Ɔ klo kɛ ɔ́ fá loto kɔ́ lika dɔ nga su.,Baoulé,Mozilla Common Voice
common_voice_bci_41667870.mp3,"Sran nga be fin klɔʼn su lɔʼn, be yia fluwa siewlɛʼm be nun be kanngan fluwa nun, kpɛkun be suan like.",Baoulé,Mozilla Common Voice
common_voice_bci_41667869.mp3,Blo nnɛnʼm be tran waka dandanʼm be nun be ɲanman be ti.,Baoulé,Mozilla Common Voice
common_voice_bci_41667854.mp3,"Klɔ kun mɔ fɔundi o nunʼn, kɛ be wun iʼn, ɔ ti abonuan like.",Baoulé,Mozilla Common Voice
common_voice_bci_41667853.mp3,"Ninnge nga be fa to beʼn be o lika kwlaa, ɔ ti srilɛ like!",Baoulé,Mozilla Common Voice
common_voice_bci_41667846.mp3,Gbanflɛn nin taluaʼm be uka klɔʼn su suaʼm be siesielɛʼn su.,Baoulé,Mozilla Common Voice
common_voice_bci_41667845.mp3,E kunndɛman kɛ sran ngʼɔ ti ɲannzuɛnfuɛʼn i ninʼn yo juejue ndɛndɛ.,Baoulé,Mozilla Common Voice
common_voice_bci_41667844.mp3,Clocheʼn bo naan bʼa bo like suanlɛʼn i bo.,Baoulé,Mozilla Common Voice
common_voice_bci_41670484.mp3,Aklunye yolɛʼn yo maan cɛn kwlaa yo kpa.,Baoulé,Mozilla Common Voice
common_voice_bci_41670460.mp3,"Min teddy bearʼn, ɔ fata kɛ be tra min awlɛn blɛblɛblɛ.",Baoulé,Mozilla Common Voice
common_voice_bci_41670470.mp3,Nzue tɔ kpa okaoka lika nga nun.,Baoulé,Mozilla Common Voice
common_voice_bci_41670480.mp3,Klɔʼn su lɔ awlobo kwlaa le fie kun mʼɔ di fie ngʼɔ fata kɛ ɔ diʼn niɔn.,Baoulé,Mozilla Common Voice
common_voice_bci_41667843.mp3,E bali kɛ é kán ndɛ.,Baoulé,Mozilla Common Voice
common_voice_bci_41667837.mp3,Angloʼn kpaja sua kannganʼm be su blɛblɛblɛ.,Baoulé,Mozilla Common Voice
common_voice_bci_41667835.mp3,"Kɛ a ka lɛ naan wʼa nɔn ɔ nɔnnɔnʼn, ɔ kunnuʼn yɛ ɔ kle ɔ yalɛʼn niɔn.",Baoulé,Mozilla Common Voice
common_voice_bci_41667834.mp3,Gbanflɛn nin taluaʼm be uka be si nin be nin fieʼm be nun.,Baoulé,Mozilla Common Voice
common_voice_bci_41667827.mp3,"Like kwlaa nga a kunndɛʼn, ɔ o mi lika.",Baoulé,Mozilla Common Voice
common_voice_bci_41667826.mp3,Klɔ taluaʼm be kwla ɲan nzue.,Baoulé,Mozilla Common Voice
common_voice_bci_41667824.mp3,Ɔ nnɛn kpanngɔʼn wo suaʼn i ɲrun lɛ.,Baoulé,Mozilla Common Voice
common_voice_bci_41667823.mp3,E wun kɛ be nin be janvuɛʼn be su uka klɔʼn.,Baoulé,Mozilla Common Voice
common_voice_bci_41667817.mp3,"N fɛ, mi fieʼn bɔbɔʼn, mʼan wiemɛn i sɔʼn i lika nianlɛ.",Baoulé,Mozilla Common Voice
common_voice_bci_41667816.mp3,Flɛriʼm be bon fan ni kpa.,Baoulé,Mozilla Common Voice
common_voice_bci_41667815.mp3,Janvuɛʼm be kwlaa be bo ti kun kɛ awlobo sa.,Baoulé,Mozilla Common Voice
common_voice_bci_41667814.mp3,Ɔ bɔbɔ kwla ba wie.,Baoulé,Mozilla Common Voice
common_voice_bci_41667812.mp3,Yalé foué wan divin ya fê.,Baoulé,Mozilla Common Voice
common_voice_bci_41667811.mp3,"Sɛ a kunndɛman kɛ ɔ raʼn, ɔ su tɔnman.",Baoulé,Mozilla Common Voice
common_voice_bci_41667809.mp3,Taluaʼm be nin be janvuɛʼm be si able lã cɛn dilɛʼm be bo.,Baoulé,Mozilla Common Voice
common_voice_bci_41667808.mp3,Ɔ wla tralɛ ble klanman kpa titi.,Baoulé,Mozilla Common Voice
common_voice_bci_41667806.mp3,Manmi seli kɛ nnɛn ontin ontinʼm be ti tɛ.,Baoulé,Mozilla Common Voice
common_voice_bci_41667805.mp3,"Sran ngʼɔ faman like fi siemɛn i ɲrunʼn, ɔ ɲanman like fi.",Baoulé,Mozilla Common Voice
common_voice_bci_41667803.mp3,Kaluaʼn lafi sofa ufueʼn su.,Baoulé,Mozilla Common Voice
common_voice_bci_41667802.mp3,Bianʼn wunmɛn i nuanʼn i awieliɛʼn.,Baoulé,Mozilla Common Voice
common_voice_bci_41667801.mp3,Sran kpaʼm be cɛman asiɛʼn su.,Baoulé,Mozilla Common Voice
common_voice_bci_41667800.mp3,Be fa nɲa nga be wun be guaʼn su lɔʼn be yo jɛtɛ ufue.,Baoulé,Mozilla Common Voice
common_voice_bci_41667799.mp3,"Sran nga be si i able silɛ wafaʼn, kɛ be bo tom-tomʼn, ɔ timan kekle mɛn i.",Baoulé,Mozilla Common Voice
common_voice_bci_41667795.mp3,Klɔ taluaʼm be klo able silɛ.,Baoulé,Mozilla Common Voice
common_voice_bci_41667794.mp3,A wun vie kanvie a woun vie yaki vie.,Baoulé,Mozilla Common Voice
common_voice_bci_41667792.mp3,N tɔli yɛ min jaʼn su tu moja dan.,Baoulé,Mozilla Common Voice
common_voice_bci_41667791.mp3,Srɛ kun min suaʼn nun lɔ aosinʼn.,Baoulé,Mozilla Common Voice
common_voice_bci_41667789.mp3,Blaʼm be tia wakaʼm be nun naan bʼa di lã aliɛ.,Baoulé,Mozilla Common Voice
common_voice_bci_41667783.mp3,Klɔʼn su awlobo kwlaa le fie kaan kun mɔ be di fieʼn niɔn.,Baoulé,Mozilla Common Voice
common_voice_bci_41667782.mp3,N le balɔn klanman kun.,Baoulé,Mozilla Common Voice
common_voice_bci_41667780.mp3,N ni mi si e kɔ fie nun junman dilɛ nglɛmun kwlaa.,Baoulé,Mozilla Common Voice
common_voice_bci_41667778.mp3,Nanninʼn su siesie avie aliɛ tɔnwlɛ lɔ.,Baoulé,Mozilla Common Voice
common_voice_bci_41667777.mp3,N kwlá boman ngowa kun.,Baoulé,Mozilla Common Voice
common_voice_bci_41667776.mp3,"Kɔnguɛʼn, nnɛn kpanngɔʼm be to jue fieʼn nun lɔ.",Baoulé,Mozilla Common Voice
common_voice_bci_41667775.mp3,Mi desɛnʼn timan klanman kɛ sran uflɛʼm be liɛʼn sa.,Baoulé,Mozilla Common Voice
common_voice_bci_41667774.mp3,Ta lɛ kpaki nin wɔtrɛwa gnan wlu wlɛ ɔ.,Baoulé,Mozilla Common Voice
common_voice_bci_41667773.mp3,Be ɲinma nɲɔnʼm be kwlaa be le be tralɛ bo.,Baoulé,Mozilla Common Voice
common_voice_bci_41667772.mp3,Be tɔn aliɛ be man aofuɛ mun.,Baoulé,Mozilla Common Voice
common_voice_bci_41667771.mp3,E kunndɛ kɛ é trɛ́ e fieʼn nun.,Baoulé,Mozilla Common Voice
common_voice_bci_41667769.mp3,Yasuaʼm be kɔ akpasuaakpasua be ko kunndɛ nnɛn.,Baoulé,Mozilla Common Voice
common_voice_bci_41667768.mp3,Ɔ bɔbɔ ɔ ni yɛ a su kɔ.,Baoulé,Mozilla Common Voice
common_voice_bci_41667767.mp3,Kata fenɛtriʼm be kwlaa be su siɛnʼn.,Baoulé,Mozilla Common Voice
common_voice_bci_41667766.mp3,"I modja mɔ guali ɔ, tumi tɛ mu klwa.",Baoulé,Mozilla Common Voice
common_voice_bci_41667765.mp3,"Blɛ sunman nunʼn, be kɔ be wun kpinngbinlɛ likaʼn nun lɔ be ko yo be wun kpinngbinlɛ nin ninnge fanunfanun.",Baoulé,Mozilla Common Voice
common_voice_bci_41667764.mp3,Klɔ blaʼm be bo balo guabo su lɔ.,Baoulé,Mozilla Common Voice
common_voice_bci_41667763.mp3,Yasuaʼm be yo fie dilɛ ninnge mun naan bʼa di fieʼn i junman.,Baoulé,Mozilla Common Voice
common_voice_bci_41667762.mp3,Janvuɛʼm be wla gua ase.,Baoulé,Mozilla Common Voice
common_voice_bci_41667761.mp3,Spɔriʼn ti aklunjuɛ like nin janvuɛ mun.,Baoulé,Mozilla Common Voice
common_voice_bci_41667759.mp3,Viaʼn kpadja ɲanmiɛn su lɔ kpa.,Baoulé,Mozilla Common Voice
common_voice_bci_41667758.mp3,Uka mi n leman like fi n yomɛn i ayre.,Baoulé,Mozilla Common Voice
common_voice_bci_41667756.mp3,Ye bo yo kun e nanti kɔ suklu nglɛmun kwlaa.,Baoulé,Mozilla Common Voice
common_voice_bci_41667755.mp3,"Taluaʼm be fa nzue kunmanʼn nun be man awlobofuɛ mun, be fa sɛʼm be su kpa, kpɛkun be di junmanʼn cɛn kwlaa.",Baoulé,Mozilla Common Voice
common_voice_bci_41667754.mp3,"N klo bonbon, be ti fɛ kpa.",Baoulé,Mozilla Common Voice
common_voice_bci_41667753.mp3,Ɔ fata kɛ mi niaan bian ni mi niaan blaʼm be ukali e niaan blaʼn.,Baoulé,Mozilla Common Voice
common_voice_bci_41667751.mp3,"Kannzɛ bɔbɔ min bianʼn ti akɔʼn, n kwlá faman able nɲa n taman min tralɛʼn.",Baoulé,Mozilla Common Voice
common_voice_bci_41667750.mp3,Suaʼn ti klanman yɛ ɔ ti sanwun kpa.,Baoulé,Mozilla Common Voice
common_voice_bci_41667742.mp3,Ɔ fataman kɛ a kan kle sran mun.,Baoulé,Mozilla Common Voice
common_voice_bci_41667740.mp3,Ye kwla kɔ jenvie nuan ainman?,Baoulé,Mozilla Common Voice
common_voice_bci_41667735.mp3,"Sɛ a kwla tra minʼn, ń trán ɔ wun lɛ lele.",Baoulé,Mozilla Common Voice
common_voice_bci_41667733.mp3,"Ɔ fataman kɛ aika baʼn nɔn nɔnnɔn nin i jeʼn, sanngɛ ɔ fata kɛ ɔ fɛ i taflanmanʼn.",Baoulé,Mozilla Common Voice
common_voice_bci_41667732.mp3,Be kwlali yakpa su andɛ.,Baoulé,Mozilla Common Voice
common_voice_bci_41667731.mp3,Be suan djue tralɛ nzue ba ngʼɔ mantan lɛʼn nun.,Baoulé,Mozilla Common Voice
common_voice_bci_41667724.mp3,"Ninnge nga e ba amun sa nunʼn, be guaʼn wʼa yo dan.",Baoulé,Mozilla Common Voice
common_voice_bci_41667722.mp3,"Kɛ likaʼn kwlaa yo diinʼn, baʼm be kpan.",Baoulé,Mozilla Common Voice
common_voice_bci_41667721.mp3,Klɔfuɛʼm be bo yo kun be gua avie fieʼm be su nzue.,Baoulé,Mozilla Common Voice
common_voice_bci_41667719.mp3,Wan yɛ amun bu i kɛ amun ti ɔ?,Baoulé,Mozilla Common Voice
common_voice_bci_41667718.mp3,Fiti fiti cogloman ɔ ni kanga be sri man blɛ kuʼngba nu.,Baoulé,Mozilla Common Voice
common_voice_bci_41667712.mp3,Flɛriʼm be ɲin ndɛndɛ sɛ nzueʼn sɔnninʼn.,Baoulé,Mozilla Common Voice
common_voice_bci_41667706.mp3,Baba fali min ɔli dɔɔtrɔ lɔ naan ɔ nian min juejue yolɛ nun.,Baoulé,Mozilla Common Voice
common_voice_bci_41667705.mp3,"Ɔ fata kɛ ɔ wun like ngʼɔ kunndɛliʼn, kɛ ɔ fɛ i annunmanʼn.",Baoulé,Mozilla Common Voice
common_voice_bci_41667704.mp3,E timan kpanngban sɛ e timan kun e kwlá kɔman e ɲrun.,Baoulé,Mozilla Common Voice
common_voice_bci_41667703.mp3,Gbanflɛn nin talua mun yɛ be wunnzin be tralɛ mun ɔn.,Baoulé,Mozilla Common Voice
common_voice_bci_41667702.mp3,"Min ndɛ kanlɛ naan mʼan saci min blɛʼn, n nunman nun kun.",Baoulé,Mozilla Common Voice
common_voice_bci_41667697.mp3,"Like kwlaa ngʼɔ o e suʼn, ɔ ti kpa.",Baoulé,Mozilla Common Voice
common_voice_bci_41667696.mp3,Viaʼn ga fiteli kpa andɛ.,Baoulé,Mozilla Common Voice
common_voice_bci_41667693.mp3,"Kɛ bé súnman wɔʼn, ɔ fata kɛ a si wafa nga a kwla sunman ɔ wunʼn.",Baoulé,Mozilla Common Voice
common_voice_bci_41667682.mp3,Ɔ ti kokowefuɛ ngʼɔ fɛ i wun mantan be nga be di a gba.,Baoulé,Mozilla Common Voice
common_voice_bci_41667681.mp3,Nzueʼn tɔ wakaʼm be su blɛblɛblɛ.,Baoulé,Mozilla Common Voice
common_voice_bci_41667679.mp3,Klɔ kpɛnngbɛnʼm be kle e wafa ngʼɔ fata kɛ e di fieʼn i kpa naan yʼa kwla di fieʼn i kpaʼn.,Baoulé,Mozilla Common Voice
common_voice_bci_41667673.mp3,Jueʼm be wlan nzue ba mʼɔ ti weiinʼn nun.,Baoulé,Mozilla Common Voice
common_voice_bci_41667669.mp3,E nin like klefuɛʼn e yo matematiki.,Baoulé,Mozilla Common Voice
common_voice_bci_41667668.mp3,Lɔfuɛʼm be fa be lɔ cɛn dilɛʼm be di junman naan bʼa wun djue ni desɛn uflɛuflɛ mun.,Baoulé,Mozilla Common Voice
common_voice_bci_41667647.mp3,"Abla Pokou waan: sɛ ɔ ndɛʼn truʼn, ɔ awlo lɔ sranʼm be ndɛ yɛ ɔ o lɛ ɔ.",Baoulé,Mozilla Common Voice
common_voice_bci_41667646.mp3,E klo kɛ é kɔ́ lika été nun.,Baoulé,Mozilla Common Voice
common_voice_bci_41667645.mp3,"Kɛ be wun sranʼn, i sɔʼn kleman kɛ be si sran sɔʼn.",Baoulé,Mozilla Common Voice
common_voice_bci_41667644.mp3,Nannanʼm be kan ndɛ fɛfɛ wie mun be kle be anunman mun.,Baoulé,Mozilla Common Voice
common_voice_bci_41667642.mp3,Flimuʼn bo i bo blɛ trele kun nun.,Baoulé,Mozilla Common Voice
common_voice_bci_41667641.mp3,Mi si wʼa dun mmua wʼa ɔ fieʼn nun N kunndɛli kɛ e ni i é kɔ́.,Baoulé,Mozilla Common Voice
common_voice_bci_41667640.mp3,Sanngɛ e kunndɛ kɛ amun uka e.,Baoulé,Mozilla Common Voice
common_voice_bci_41667634.mp3,N wla fi su kɛ n yoli min awlo lɔ junmanʼn annunman.,Baoulé,Mozilla Common Voice
common_voice_bci_41667633.mp3,Ɔ to jue fɛfɛ kpa man ba kanngan mun.,Baoulé,Mozilla Common Voice
common_voice_bci_41667631.mp3,"Nzue blɛ nunʼn, yasuaʼm be nian nnɛniʼm be lika.",Baoulé,Mozilla Common Voice
common_voice_bci_41667628.mp3,"Snack nga be di i wunmiɛn lolɛ blɛ nunʼn, ɔ yo fɛ titi.",Baoulé,Mozilla Common Voice
common_voice_bci_41667627.mp3,Aluaʼn wanndi ndɛndɛ fieʼn nun lɔ.,Baoulé,Mozilla Common Voice
common_voice_bci_41667626.mp3,"Ɔ fata kɛ a fa annzɛ a yaki i lɛ, n su kpɛman i guaʼn su.",Baoulé,Mozilla Common Voice
common_voice_bci_41667625.mp3,Gbanflɛn nin talua mun be di junman sɔʼn.,Baoulé,Mozilla Common Voice
common_voice_bci_41667619.mp3,E kwla yo ninnge mun likawlɛ naan sran kwlaa wʼa yo kpa.,Baoulé,Mozilla Common Voice
common_voice_bci_41667618.mp3,"Kannzɛ bɔbɔ e se kɛ fiafuɛʼn wʼa yo juejueʼn, sanngɛ ɔ te bo sranʼm be srɛ.",Baoulé,Mozilla Common Voice
common_voice_bci_41667616.mp3,E yi nnɛnʼm be desɛn art blɛ nun.,Baoulé,Mozilla Common Voice
common_voice_bci_41667615.mp3,"Bewuka mi, nan man kpata mi si.",Baoulé,Mozilla Common Voice
common_voice_bci_41667614.mp3,E fata kɛ e fa i e kɔ dɔɔtrɔ lɔ ndɛndɛ klɔʼn su lɔ.,Baoulé,Mozilla Common Voice
common_voice_bci_41667613.mp3,Like klefuɛʼn yiyi like suanlɛʼm be nun kpa.,Baoulé,Mozilla Common Voice
common_voice_bci_41667612.mp3,N kwlá boman min tralɛʼn i buto.,Baoulé,Mozilla Common Voice
common_voice_bci_41667611.mp3,Be su kplan sua uflɛuflɛ kun wa.,Baoulé,Mozilla Common Voice
common_voice_bci_41667610.mp3,Klasiʼn i tabloʼn ti dan yɛ ɔ ti ble.,Baoulé,Mozilla Common Voice
common_voice_bci_41670760.mp3,Ɔ to jue titi nglɛmun nun nzueʼn nun.,Baoulé,Mozilla Common Voice
common_voice_bci_41670485.mp3,"Nian, ń klé wɔ wafa nga be fa yoʼn.",Baoulé,Mozilla Common Voice
common_voice_bci_41670496.mp3,Sɛ nan ti lɛ nan viɛ man be sa toto lɛ or vie man.,Baoulé,Mozilla Common Voice
common_voice_bci_41670498.mp3,Ɔ nin i janvuɛʼm be tɛtɛ tralɛ nglanmannglanman mun.,Baoulé,Mozilla Common Voice
common_voice_bci_41670500.mp3,Ɔ fata kɛ be uka min naan mʼan wie junmanʼn i di ndɛndɛ.,Baoulé,Mozilla Common Voice
common_voice_bci_41670505.mp3,"E kwla man amun afɔtuɛ bɔbɔ kɛ sɛ fieʼn wʼa yoman yeʼn, amun yo like uflɛ.",Baoulé,Mozilla Common Voice
common_voice_bci_41670553.mp3,"Kɛ bé dí wunmiɛnʼn, janvuɛʼm be bo yo kun be di ngowa.",Baoulé,Mozilla Common Voice
common_voice_bci_41670554.mp3,Ye le kɛ wa fa iwa wa man yé.,Baoulé,Mozilla Common Voice
common_voice_bci_41670555.mp3,Ye yoli i anniversɛri fɛtri.,Baoulé,Mozilla Common Voice
common_voice_bci_41670557.mp3,N fali min ninnge mun n wlali min suklu bajɛʼn nun klanman.,Baoulé,Mozilla Common Voice
common_voice_bci_41670573.mp3,Be nianman sran ngʼɔ su bobo nʼgatɛ nuanʼn nun.,Baoulé,Mozilla Common Voice
common_voice_bci_41670585.mp3,Bakannganʼm be su di ngowa viaʼn i bo.,Baoulé,Mozilla Common Voice
common_voice_bci_41670598.mp3,Klɔfuɛʼm be yia be bo yo kun be di fie.,Baoulé,Mozilla Common Voice
common_voice_bci_41670627.mp3,"Palaver mʼɔ o aniaan nɲɔn sɔʼm be afiɛnʼn, ɔ ti kɛ nzue ngʼɔ loʼn sa, ɔ kwlá saciman sua kun.",Baoulé,Mozilla Common Voice
common_voice_bci_41670628.mp3,"Min suklu saciʼn nunʼn, crayon klanman kpaʼm be sɔnnin.",Baoulé,Mozilla Common Voice
common_voice_bci_41670629.mp3,"Kɛ be ko di aliɛʼn, ɔ fata kɛ be wunnzin be saʼm be nun.",Baoulé,Mozilla Common Voice
common_voice_bci_41670630.mp3,N klo kɛ ń fá min crayon ngʼɔ ti ufueʼn ń yí desɛn.,Baoulé,Mozilla Common Voice
common_voice_bci_41670631.mp3,Sranʼm be fa be wun wlɛ i klɔʼn su ninngeʼm be nun naan be afiɛnʼn wʼa mantan kpa.,Baoulé,Mozilla Common Voice
common_voice_bci_41670652.mp3,Anunmanʼm be to jue nglɛmun nun.,Baoulé,Mozilla Common Voice
common_voice_bci_41670656.mp3,"Anianbla, nanwlè Gniamien ɔ wunyi.",Baoulé,Mozilla Common Voice
common_voice_bci_41670660.mp3,Gbanflɛn nin talua nga be nin be si be su koko yalɛʼn.,Baoulé,Mozilla Common Voice
common_voice_bci_41670677.mp3,Mi si ti like klefuɛ.,Baoulé,Mozilla Common Voice
common_voice_bci_41670678.mp3,"Mi duman yɛlɛ Vanessa hɛ, mi ni mi niaan bla mun yɛ e baliɔ.",Baoulé,Mozilla Common Voice
common_voice_bci_41670682.mp3,Min janvuɛʼn le alua kun mʼɔ klo ngowa kanlɛʼn niɔn.,Baoulé,Mozilla Common Voice
common_voice_bci_41670701.mp3,Baba waan aliɛʼn man sran wunmiɛn.,Baoulé,Mozilla Common Voice
common_voice_bci_41670702.mp3,E su siesie aliɛ ngunmin kun man aofuɛ mun kɔnguɛ nga.,Baoulé,Mozilla Common Voice
common_voice_bci_41670703.mp3,Aunjuɛʼn ti kɛ laliɛ fɛfɛ sa.,Baoulé,Mozilla Common Voice
common_voice_bci_41670704.mp3,"Kɛ á súan sranʼn, ɔ fata kɛ a si wafa nga á fá ɔ wun mánʼn.",Baoulé,Mozilla Common Voice
common_voice_bci_41670720.mp3,Desɛn klanhan kpaʼm be sɔnnin min fluwaʼn nun.,Baoulé,Mozilla Common Voice
common_voice_bci_41670721.mp3,Ɔ fata kɛ a wunnzin naan wʼa tɔman tukpachtɛ.,Baoulé,Mozilla Common Voice
common_voice_bci_41670722.mp3,Be si able nzraamaʼm be bo lɔ kɔnguɛ kwlaa.,Baoulé,Mozilla Common Voice
common_voice_bci_41670723.mp3,Sɛ n wieʼn ń bá ɔ awlo lɔ ń kán e junmanʼn i ndɛ.,Baoulé,Mozilla Common Voice
common_voice_bci_41670724.mp3,Be di junman wie mun naan bʼa uka be nga be sa mianʼn.,Baoulé,Mozilla Common Voice
common_voice_bci_41670746.mp3,Nestor n se kɛ yo yɛ sɛ e yo fieʼn i danʼn.,Baoulé,Mozilla Common Voice
common_voice_bci_41670751.mp3,"Atrɛkpaʼn, sɛ e sɔnnin naan e su kɔ toʼn.",Baoulé,Mozilla Common Voice
common_voice_bci_41670753.mp3,"Nannin ngʼɔ́ wá kɔ́ʼn, ɔ bo i sin kɔlɛ bo.",Baoulé,Mozilla Common Voice
common_voice_bci_41670759.mp3,Be di junman klɔ nin sran akpasuaakpasuaʼm be nun naan bʼa ɲan ukalɛ.,Baoulé,Mozilla Common Voice
common_voice_bci_41671025.mp3,"Nzue su tɔ dan andɛ, nán ɔ wla fi ɔ tralɛʼm be su.",Baoulé,Mozilla Common Voice
common_voice_bci_41670761.mp3,"Bla ngʼɔ wunnzɛʼn, ɔ kwlá nianmɛn i kuanʼn i bo lɔ.",Baoulé,Mozilla Common Voice
common_voice_bci_41670763.mp3,Be bo aya naan bʼa tra blo nnɛn kanngan mun.,Baoulé,Mozilla Common Voice
common_voice_bci_41670785.mp3,"Mi mmaʼm be kwla kɔ suklu, yɛ fɔundi o mi awlo lɔ.",Baoulé,Mozilla Common Voice
common_voice_bci_41670787.mp3,Kɔkun Sery nga n kunndɛman kɛ ń wún wɔ kun.,Baoulé,Mozilla Common Voice
common_voice_bci_41670788.mp3,Ok yo like nʼga a klo.,Baoulé,Mozilla Common Voice
common_voice_bci_41670793.mp3,"Nglɛmun nun aklunjuɛʼn timan like fi, nnɔsua nun aklunjuɛʼn yɛ ɔ ti aklunjuɛ kpafuɛʼn niɔn.",Baoulé,Mozilla Common Voice
common_voice_bci_41670805.mp3,"Aniaan bla, n wun ndɛ nga a su kanʼn.",Baoulé,Mozilla Common Voice
common_voice_bci_41670806.mp3,"Yɛ kɛ ngalɛ saʼn, e si nin e nin mun e di alaje.",Baoulé,Mozilla Common Voice
common_voice_bci_41670459.mp3,N klo i aata dilɛʼn kpa.,Baoulé,Mozilla Common Voice
common_voice_bci_41670809.mp3,N kwlá yoman puzzle kekle sɔʼn.,Baoulé,Mozilla Common Voice
common_voice_bci_41670825.mp3,Amun nian sran tɛʼm be lika.,Baoulé,Mozilla Common Voice
common_voice_bci_41670826.mp3,Sanngɛ ngue yɛ e waan é sé kɛ e leman like fi bɔbɔ ɔ?,Baoulé,Mozilla Common Voice
common_voice_bci_41670950.mp3,Klɔ sɔʼn le aliɛ diwlɛ kpanngban.,Baoulé,Mozilla Common Voice
common_voice_bci_41670953.mp3,Like kwlaa le i blɛ.,Baoulé,Mozilla Common Voice
common_voice_bci_41670957.mp3,Nzueʼn tɔ ijre suaʼn i ti su.,Baoulé,Mozilla Common Voice
common_voice_bci_41670969.mp3,Sukluʼn kle amun kɛ amun yo sran kpa.,Baoulé,Mozilla Common Voice
common_voice_bci_41670973.mp3,"Nzueʼn i blɛ nunʼn, aunmuanʼn fita kekle kpa.",Baoulé,Mozilla Common Voice
common_voice_bci_41670975.mp3,"Mi janvuɛ kpaʼn ɔli lika uflɛ, ɔ yo min ya.",Baoulé,Mozilla Common Voice
common_voice_bci_41670976.mp3,Be suan jue tralɛ nzue ba ngʼɔ mantan lɛʼn nun.,Baoulé,Mozilla Common Voice
common_voice_bci_41670977.mp3,"N kwlá lafiman, likaʼn wʼa lo kpa Bouaké lɔ.",Baoulé,Mozilla Common Voice
common_voice_bci_41670978.mp3,Nzue nɔnlɛ chtɛn kwlakwla ti kpa.,Baoulé,Mozilla Common Voice
common_voice_bci_41670979.mp3,Alua ble nian fenɛtri tikewa nu.,Baoulé,Mozilla Common Voice
common_voice_bci_41670996.mp3,Be su nian awlobo flimu kun kɔnguɛ nga.,Baoulé,Mozilla Common Voice
common_voice_bci_41671000.mp3,Ɔ siesie kpanwun kun awloboʼn i cɛn dilɛʼn i ti.,Baoulé,Mozilla Common Voice
common_voice_bci_41671003.mp3,"Andɛ Mɔnnɛn cɛnʼn, likaʼn ti dolɛ kpa.",Baoulé,Mozilla Common Voice
common_voice_bci_41671004.mp3,"Ngue ti yɛ ɲanmiɛn su lɔʼn ti ble ɔ, manmi?",Baoulé,Mozilla Common Voice
common_voice_bci_41671011.mp3,Wakaʼm be man sran kwlaa i wawɛ.,Baoulé,Mozilla Common Voice
common_voice_bci_41671012.mp3,Ɔ klo jueʼm be tielɛ.,Baoulé,Mozilla Common Voice
common_voice_bci_41671013.mp3,"Manmi, Nʼkunnu kɛ eni wɔ ngowa siɛnʼn.",Baoulé,Mozilla Common Voice
common_voice_bci_41671014.mp3,"Wawa blɛ nunʼn, gbanflɛn ni talua mun be ta bua mun.",Baoulé,Mozilla Common Voice
common_voice_bci_41671015.mp3,"Be nga be tran lɔʼn, be fa lika sɔʼm be di junman be awloʼm be gua su lɔ.",Baoulé,Mozilla Common Voice
common_voice_bci_41671024.mp3,Nzraamaʼm be kpaja ɲanmiɛn su lɔ kɔnguɛ nga.,Baoulé,Mozilla Common Voice
common_voice_bci_41671486.mp3,Efata kɛ n wɔ suklu ainman nglɛmun.,Baoulé,Mozilla Common Voice
common_voice_bci_41671026.mp3,Be siesie ngowa kanlɛ ninnge mun be man klɔʼn su ba kanngan mun.,Baoulé,Mozilla Common Voice
common_voice_bci_41671027.mp3,"Kpanwun mɔ be tɔnnin uflɛuflɛʼn, i nvanʼn ti kpa.",Baoulé,Mozilla Common Voice
common_voice_bci_41671042.mp3,Manmi klo kɛ n wunnzin min dje.,Baoulé,Mozilla Common Voice
common_voice_bci_41671044.mp3,"Madamu, nʼyo wɔ kula aliɛ dilɛ ti.",Baoulé,Mozilla Common Voice
common_voice_bci_41671047.mp3,"Sɛ amun nɔn nzue kpanngbanʼn, ɔ ti kpa man amun.",Baoulé,Mozilla Common Voice
common_voice_bci_41671048.mp3,"Ɔ yoli kekle mannin min kpa, sanngɛ ɔ ti laa liɛ.",Baoulé,Mozilla Common Voice
common_voice_bci_41671054.mp3,Lotoʼn su kɔ blɛblɛblɛ akpɔʼn su.,Baoulé,Mozilla Common Voice
common_voice_bci_41671055.mp3,"Sran kwlaa ngʼɔ nantiʼn, ɔ wun ɲrɛnnɛn; wieʼn su sranʼn i su kɛ i silhouette sa.",Baoulé,Mozilla Common Voice
common_voice_bci_41671056.mp3,"Kpɛkun, aata dilɛʼn yoman kɛ laaʼn sa kun.",Baoulé,Mozilla Common Voice
common_voice_bci_41671057.mp3,Ba yasuaʼm be uka be si nin be nin naan be bo yo kun be di fie.,Baoulé,Mozilla Common Voice
common_voice_bci_41671058.mp3,Bakannganʼm be su di fiawlɛʼn i ngowa awloʼn nun lɔ.,Baoulé,Mozilla Common Voice
common_voice_bci_41671076.mp3,"Nanwlɛ, mi niaan mun, n yo amun mo dan.",Baoulé,Mozilla Common Voice
common_voice_bci_41671077.mp3,Klɔʼn su awloboʼm be kwlaa be cɛcɛ avieʼn i nun ninngeʼm be nun.,Baoulé,Mozilla Common Voice
common_voice_bci_41671078.mp3,"Sa kwlaa nga be tɔ e suʼn, be ti kpa.",Baoulé,Mozilla Common Voice
common_voice_bci_41671079.mp3,"Nzueʼn ti mlanmlanmlan, ɔ kunndɛ kɛ nzue tɔ.",Baoulé,Mozilla Common Voice
common_voice_bci_41671080.mp3,Otekun ti yɛ yɔbuɛ ɔ fiʼn talɛ.,Baoulé,Mozilla Common Voice
common_voice_bci_41671081.mp3,Mi si kleli mi wafa nga be di ablé fieʼn nun lɔʼn.,Baoulé,Mozilla Common Voice
common_voice_bci_41671083.mp3,"Sɛ a nian ɔ wun likaʼn, i sɔʼn kleman kɛ srɛ kun wɔ.",Baoulé,Mozilla Common Voice
common_voice_bci_41671097.mp3,N kwlá wunman fluwa kekle sɔʼn i wlɛ.,Baoulé,Mozilla Common Voice
common_voice_bci_41671099.mp3,"Kɛ aunmuanʼn fitaʼn, wakaʼn i boʼn kejeman.",Baoulé,Mozilla Common Voice
common_voice_bci_41671102.mp3,Manmi seli kɛ baba ti kpa.,Baoulé,Mozilla Common Voice
common_voice_bci_41671103.mp3,Djavuɛ kun i srilɛʼn yo maan e klun jɔ.,Baoulé,Mozilla Common Voice
common_voice_bci_41671115.mp3,"Sɛ nzue wa tɔmanʼn, é kɔ́ gua bo ainman nglɛmun.",Baoulé,Mozilla Common Voice
common_voice_bci_41671118.mp3,Nán sran kunngba yɛ ɔ kan nguanʼn i sin ndɛʼn niɔn.,Baoulé,Mozilla Common Voice
common_voice_bci_41671132.mp3,Sranʼm be fa kpanngɔʼm be fa sin likaʼm be nun.,Baoulé,Mozilla Common Voice
common_voice_bci_41671133.mp3,"Sɛ amun kunndɛman kɛ viaʼn kpaja amun sinʼn, ɔ su kpajaman amun kuanʼn su wie.",Baoulé,Mozilla Common Voice
common_voice_bci_41671135.mp3,"Andɛʼn, fie dilɛ ninnge uflɛuflɛʼm be sɔnnin klɔʼn i guaʼn su.",Baoulé,Mozilla Common Voice
common_voice_bci_41671138.mp3,A bu i kɛ min ti yɛ a yo ɔ.,Baoulé,Mozilla Common Voice
common_voice_bci_41671149.mp3,"Kɛ ɔ ko yo naan wʼa wun sɛ ɔ niaan bianʼn su diman aliɛ kpaʼn, ɔ fata kɛ a nian wafa ngʼɔ wunnzin i saʼn.",Baoulé,Mozilla Common Voice
common_voice_bci_41671150.mp3,"Kɛ amun nin sran kun be nin a tranmanʼn, nán amun se kɛ amun si i.",Baoulé,Mozilla Common Voice
common_voice_bci_41671151.mp3,"Be waan kɛ a nin a wumanʼn, ɔ fata kɛ a di aliɛ kpa.",Baoulé,Mozilla Common Voice
common_voice_bci_41671155.mp3,Ya kɔ Bouaké ainman nglɛmun.,Baoulé,Mozilla Common Voice
common_voice_bci_41671159.mp3,E su kan ɔ ndɛ yɛ a su index sran uflɛ.,Baoulé,Mozilla Common Voice
common_voice_bci_41671160.mp3,"Klɔʼn i akpɔʼm be suʼn, sranʼm be sin su kpa.",Baoulé,Mozilla Common Voice
common_voice_bci_41671161.mp3,Ndɛ wɛtɛɛʼn yo sran kwlaa ye.,Baoulé,Mozilla Common Voice
common_voice_bci_41671166.mp3,"Nian, n wunnin yɔbuɛ klanman kpa kun!",Baoulé,Mozilla Common Voice
common_voice_bci_41671174.mp3,"Be seman sɔ, ɔ ti ɔ tonton.",Baoulé,Mozilla Common Voice
common_voice_bci_41671175.mp3,Ayinʼman nʼma kɔ fie nu juman ni mi si.,Baoulé,Mozilla Common Voice
common_voice_bci_41671181.mp3,Be klo aliɛ diwlɛʼm be nun kɔlɛ naan bʼa di mɛn wunmuanʼn nun aliɛʼm be nun.,Baoulé,Mozilla Common Voice
common_voice_bci_41671194.mp3,Klɔfuɛʼm be kplan waka su kpanwun.,Baoulé,Mozilla Common Voice
common_voice_bci_41671195.mp3,Be fa waka mma ngble mun be kɔ klɔʼn i guaʼn su lɔ.,Baoulé,Mozilla Common Voice
common_voice_bci_41671196.mp3,"Manmi, nʼto kɔkun nʼyo atɛ ekun.",Baoulé,Mozilla Common Voice
common_voice_bci_41671197.mp3,Bakannganʼm be su di ngowa klɔʼn su lɔ.,Baoulé,Mozilla Common Voice
common_voice_bci_41671209.mp3,"Taluaʼm be suan lã tralɛʼm be tɛtɛlɛ nin be nin mun, be fa tralɛ fanunfanun nin lɔ ninngeʼm be yolɛ.",Baoulé,Mozilla Common Voice
common_voice_bci_41671210.mp3,"Ô Wiégoun Mʼdôman Torh Siʼn nouh, yo y yako...Nan sékê, wa tranman pka tiorh.",Baoulé,Mozilla Common Voice
common_voice_bci_41671211.mp3,"Stéphane, kɔ kunndɛ bia man ɔ tontonʼn; ɔ́ trán ase.",Baoulé,Mozilla Common Voice
common_voice_bci_41671219.mp3,Ɔ ti klanman kɛ ngalɛ sa.,Baoulé,Mozilla Common Voice
common_voice_bci_41671220.mp3,I afuɛ nɲɔn su yɛ be yra mi fieʼn niɔn.,Baoulé,Mozilla Common Voice
common_voice_bci_41671221.mp3,Boliʼm be di ijre ngʼɔ o nzue baʼn i wun lɛʼn su.,Baoulé,Mozilla Common Voice
common_voice_bci_41671222.mp3,Kpɛkun n ɲannin kasiɛnfuɛ kpanngban.,Baoulé,Mozilla Common Voice
common_voice_bci_41671235.mp3,N seli ɔ niaan bianʼn kɛ ɔ ni e nin fie difuɛ ongaʼm be kwlaa be bla ainman.,Baoulé,Mozilla Common Voice
common_voice_bci_41671237.mp3,"Nglɛmunʼn, akɔɲinmanʼn kpan kekle kpa.",Baoulé,Mozilla Common Voice
common_voice_bci_41671249.mp3,Ontin ontin be nɔn mmoja naan bʼa tran nguan nun.,Baoulé,Mozilla Common Voice
common_voice_bci_41671253.mp3,Mi niaan bianʼn ɲannin akatua kun desɛn ngʼɔ yiliʼn i su akplowa silɛʼn nun.,Baoulé,Mozilla Common Voice
common_voice_bci_41671258.mp3,Ɔ mannin min sika kan min junmanʼn i ti sanngɛ n leman sika yɛ ɔ fata kɛ.,Baoulé,Mozilla Common Voice
common_voice_bci_41671259.mp3,A le aniaan bian kaan kun mʼɔ ti klanman kpaʼn.,Baoulé,Mozilla Common Voice
common_voice_bci_41671260.mp3,Manmi su tɔn aliɛ dan kun man awlobofuɛ mun.,Baoulé,Mozilla Common Voice
common_voice_bci_41671278.mp3,A kannin ndɛ sɔʼn i kpa.,Baoulé,Mozilla Common Voice
common_voice_bci_41671279.mp3,Angbeti blaʼn i ngunmin cɛ yɛ i wunʼn la kɔnguɛ kwlaa ɔ.,Baoulé,Mozilla Common Voice
common_voice_bci_41671280.mp3,Aofuɛʼm be bali andɛ ndɔsua nun.,Baoulé,Mozilla Common Voice
common_voice_bci_41671281.mp3,Nzueʼn su tɔ blɛblɛblɛ kɔnguɛ nga nun.,Baoulé,Mozilla Common Voice
common_voice_bci_41671299.mp3,Ɔ fata kɛ a wun ɔ wienguʼm be saʼm be wlɛ.,Baoulé,Mozilla Common Voice
common_voice_bci_41671304.mp3,"Sɛ amun waan amún ɲán kokowefuɛʼn i ajaʼn, ɔ fata kɛ amun fɛ i ngbabuaʼn wie.",Baoulé,Mozilla Common Voice
common_voice_bci_41671305.mp3,"N fɛ, sanngɛ n lafiman.",Baoulé,Mozilla Common Voice
common_voice_bci_41671306.mp3,"Ɔ fata kɛ a di junman titi ɔ ti kekle sanngɛ i sinʼn, a kunndɛ kɛ a ɲan ɔ aɲrunɲan.",Baoulé,Mozilla Common Voice
common_voice_bci_41671315.mp3,"Bakannganʼm be to jue, kpɛkun be si able nzueʼn nun.",Baoulé,Mozilla Common Voice
common_voice_bci_41671316.mp3,"Kɛ bé dí fɛtriʼn, gbanflɛn nin taluaʼm be to jue.",Baoulé,Mozilla Common Voice
common_voice_bci_41671317.mp3,Suanlɛ sɔʼn yɛ ɔ yoli maan mi ni mi mma mun e sinnin sa kekle sɔʼn nun ɔn.,Baoulé,Mozilla Common Voice
common_voice_bci_41671344.mp3,Maan e wɔ.,Baoulé,Mozilla Common Voice
common_voice_bci_41671349.mp3,"Nglɛmun kwlaaʼn, klɔ taluaʼm be yia gboʼn i wun lɛ.",Baoulé,Mozilla Common Voice
common_voice_bci_41671350.mp3,Ye yili ye jaʼnvuɛʼm kɔnguɛ.,Baoulé,Mozilla Common Voice
common_voice_bci_41671351.mp3,"Be nga be tran lɔʼn, be kɔ be mantanfuɛʼm be aɲiaʼm be bo be koko lɔ junmanʼm be su yalɛ.",Baoulé,Mozilla Common Voice
common_voice_bci_41671363.mp3,Bakannganʼm be tiɛ waka mma nga bʼa ɲinʼn fieʼn nun lɔ.,Baoulé,Mozilla Common Voice
common_voice_bci_41671364.mp3,Aika baʼn nɔnman nɔnnɔn ni i je.,Baoulé,Mozilla Common Voice
common_voice_bci_41671366.mp3,Taluaʼm be uka be awlobofuɛʼm be tralɛʼm be tɛtɛlɛʼn su.,Baoulé,Mozilla Common Voice
common_voice_bci_41671385.mp3,"Kanʼni ti, alua kunnin mi.",Baoulé,Mozilla Common Voice
common_voice_bci_41671386.mp3,Ɔ wun sasalɛʼn timan asiɛʼn i vɛrri.,Baoulé,Mozilla Common Voice
common_voice_bci_41671394.mp3,Be rali min ninngeʼm be kwlaa.,Baoulé,Mozilla Common Voice
common_voice_bci_41671395.mp3,N klo kɛ e ni mi janvuɛ mun e kan ngowa suklu lɔ.,Baoulé,Mozilla Common Voice
common_voice_bci_41671396.mp3,Baba fin gua bo lɔ bali nin waka mma.,Baoulé,Mozilla Common Voice
common_voice_bci_41671397.mp3,"Kɛ baʼn wun i ninʼn, ɔ sri.",Baoulé,Mozilla Common Voice
common_voice_bci_41671400.mp3,Amun leman awlobo nun sa kunngbaʼn.,Baoulé,Mozilla Common Voice
common_voice_bci_41671409.mp3,Be kɔ suklu likawlɛ nglɛmun kwlaa.,Baoulé,Mozilla Common Voice
common_voice_bci_41671410.mp3,"Sɛ amun siman kɛ avie mmaʼn ti kekleʼn, amun minndɛ lele naan wʼa kplɔ.",Baoulé,Mozilla Common Voice
common_voice_bci_41671411.mp3,"Dɔɔtrɔʼm be nian tukpacifuɛʼm be lika kpa, kpɛkun be si be aunnvuɛ dan.",Baoulé,Mozilla Common Voice
common_voice_bci_41671412.mp3,Baba su siesie moto ngʼɔ saciliʼn andɛ.,Baoulé,Mozilla Common Voice
common_voice_bci_41671416.mp3,"Ɔ timan tɛ, n dun mmua dili aliɛ cɛn uflɛ.",Baoulé,Mozilla Common Voice
common_voice_bci_41671444.mp3,Baba di sua kplanlɛ junman.,Baoulé,Mozilla Common Voice
common_voice_bci_41671445.mp3,Ɔ sa mian tiɛ be fa cucu nʼkɔ nʼgnara nu.,Baoulé,Mozilla Common Voice
common_voice_bci_41671447.mp3,E bali ɔ wun wunlɛ kɛ é kán ndɛ.,Baoulé,Mozilla Common Voice
common_voice_bci_41671463.mp3,"Yɛ sɛ ɔ ti min kodɛʼn, be seli kɛ nán n fa kle sran fi.",Baoulé,Mozilla Common Voice
common_voice_bci_41671465.mp3,"Kɛ á nían ngowa kanlɛʼn, ɔ diman ngowa.",Baoulé,Mozilla Common Voice
common_voice_bci_41671470.mp3,Wiaʼn kpaja kpa blɛ mɔ likaʼn ti mlanwaʼn nun.,Baoulé,Mozilla Common Voice
common_voice_bci_41671475.mp3,Mi wa yassua kun tɔ tupkatʃɛ tɛ kpa.,Baoulé,Mozilla Common Voice
common_voice_bci_41686229.mp3,Baba waan fɔundiʼn ti kinnjin kpa.,Baoulé,Mozilla Common Voice
common_voice_bci_41671490.mp3,Be tɛtɛ trɔ mun naan bʼa yo be lɔ guaʼn su lɔ atɛ.,Baoulé,Mozilla Common Voice
common_voice_bci_41671491.mp3,Be tran ndje nu nan ba tu ndje.,Baoulé,Mozilla Common Voice
common_voice_bci_41671492.mp3,Amun wunnzin amun saʼm be nun titi ka naan amun a di like.,Baoulé,Mozilla Common Voice
common_voice_bci_41673126.mp3,"Bian mʼɔ le ti bleʼn, ɔ wunnin i ɲrunʼn.",Baoulé,Mozilla Common Voice
common_voice_bci_41673128.mp3,Guaʼn tike nglɛmun ndɛ kpa.,Baoulé,Mozilla Common Voice
common_voice_bci_41673129.mp3,Lawlɛʼn ti kpa naan bʼa lafi kpa.,Baoulé,Mozilla Common Voice
common_voice_bci_41673131.mp3,Maan e bo yo kun e di ngowa naan yʼa siman akplowa.,Baoulé,Mozilla Common Voice
common_voice_bci_41673132.mp3,N klo kɛ ń súan ninnge uflɛ mun cɛn kwlaa.,Baoulé,Mozilla Common Voice
common_voice_bci_41673133.mp3,Be bo klolɛ naan bʼa wlu suklu lɔ.,Baoulé,Mozilla Common Voice
common_voice_bci_41673136.mp3,E nin min janvuɛ mun e bo balɔn.,Baoulé,Mozilla Common Voice
common_voice_bci_41673138.mp3,Be wunnin ndɛ sɔʼn i trawlɛ.,Baoulé,Mozilla Common Voice
common_voice_bci_41673140.mp3,"Be wla be wiengu fanngan kɛ cɛn kwlakwla sa kekleekleʼm be tɔ be suʼn, be bu akunndan kpa.",Baoulé,Mozilla Common Voice
common_voice_bci_41673141.mp3,"Sɛ a kwla man like wieʼn, ɔ fata kɛ a fɛ i ɔ dɔɔtrɔ lɔ.",Baoulé,Mozilla Common Voice
common_voice_bci_41673142.mp3,Alua lafi kpa kɛtɛ su.,Baoulé,Mozilla Common Voice
common_voice_bci_41673143.mp3,N ɲannin min diplɔmuʼn andɛ.,Baoulé,Mozilla Common Voice
common_voice_bci_41673145.mp3,Siɛ ni niɛnʼm be klo kɛ be ni be mmaʼm be di blɛ Mɔnnɛn chtɛnʼn.,Baoulé,Mozilla Common Voice
common_voice_bci_41673147.mp3,Bakanʼn timan kɛ able sa naan wʼa nian sɛ be kleli i like kpa ka naan wʼa yo sa tɛ.,Baoulé,Mozilla Common Voice
common_voice_bci_41673148.mp3,"Sran nga be fin klɔʼn su lɔʼn, be kɔ guabo lɔ be ko to ninnge nga be yili be uflɛuflɛʼn.",Baoulé,Mozilla Common Voice
common_voice_bci_41673149.mp3,Nzraamaʼm be kpaja ɲanmiɛn su lɔ kɔnguɛ.,Baoulé,Mozilla Common Voice
common_voice_bci_41673151.mp3,Waka tɛnndɛn kpaʼm be bo sin yia klɔʼn.,Baoulé,Mozilla Common Voice
common_voice_bci_41673152.mp3,Gonuan like sɔʼn wʼa saci.,Baoulé,Mozilla Common Voice
common_voice_bci_41673153.mp3,Bakannganʼm be to balɔn klɔʼn i fieʼn su lɔ.,Baoulé,Mozilla Common Voice
common_voice_bci_41673154.mp3,Klɔʼn su fie difuɛʼm be di junman kekle nglɛmun lele nnɔsua.,Baoulé,Mozilla Common Voice
common_voice_bci_41673155.mp3,"Kɛ ɔ ko yo naan bʼa ba mi usa wafa nga n kwla ɲannin sika sɔʼn, be klo kɛ nán be yo sɔ naan be ka klɔʼn su lɔ.",Baoulé,Mozilla Common Voice
common_voice_bci_41682064.mp3,Mi si kleli min wafa nga be di agba fieʼn nun lɔʼn.,Baoulé,Mozilla Common Voice
common_voice_bci_41682065.mp3,Sranʼm be kɔ junman nglɛmun kwlaa.,Baoulé,Mozilla Common Voice
common_voice_bci_41682066.mp3,Be kɔ nzra nun fieʼm be nun naan bʼa di ijreʼm be afiɛn lɔ.,Baoulé,Mozilla Common Voice
common_voice_bci_41682067.mp3,"Janvuɛʼm be uka be wiengu, like kwlaa yo fɛ.",Baoulé,Mozilla Common Voice
common_voice_bci_41686223.mp3,Amun a wun kɛ n fa be sikaʼn wie le?,Baoulé,Mozilla Common Voice
common_voice_bci_41686224.mp3,Be lafiman be tchin laliɛ sɛ.,Baoulé,Mozilla Common Voice
common_voice_bci_41686225.mp3,Blaʼm be yo nzue baʼm be nun sanwun naan nzueʼn wʼa yo sanwun.,Baoulé,Mozilla Common Voice
common_voice_bci_41686380.mp3,Ye fali ajalɛ kɛ é kɔ́ kpɔlɛ ainman.,Baoulé,Mozilla Common Voice
common_voice_bci_41686231.mp3,A leman ɔ bɔbɔ ɔ fie a kwlá diman like nga ɔ awlɛnʼn kloʼn.,Baoulé,Mozilla Common Voice
common_voice_bci_41686232.mp3,Baba di junman kɔnguɛ kwlaa ka naan wʼa la.,Baoulé,Mozilla Common Voice
common_voice_bci_41686233.mp3,Manmi waan nzue sanwunʼn ti kpa.,Baoulé,Mozilla Common Voice
common_voice_bci_41686234.mp3,"Atinʼn kwla kata ɔ ɲrun lɛ, nán ɔ sin lɔ.",Baoulé,Mozilla Common Voice
common_voice_bci_41686235.mp3,Lika do Nʼma lafi ndɛndɛ.,Baoulé,Mozilla Common Voice
common_voice_bci_41686236.mp3,"Kɛ woʼn ɲin wɔʼn, kɛ a wun asiɛʼn i vitriʼn, a nian ɔ wun su.",Baoulé,Mozilla Common Voice
common_voice_bci_41686242.mp3,"Taluaʼm be yia lɛ be di lã ngowa, be fa ninnge nga be fa yo be awlo lɔʼn, kpɛkun be di janvuɛ tralɛʼm be nun ngowa.",Baoulé,Mozilla Common Voice
common_voice_bci_41686243.mp3,Nzraamaʼm be kpaja ɲanmiɛn bleʼn nun.,Baoulé,Mozilla Common Voice
common_voice_bci_41686245.mp3,E ko trannin andɛ mi wla fi mi djanvuɛʼm be su.,Baoulé,Mozilla Common Voice
common_voice_bci_41686246.mp3,"Wie liɛʼn, awlo lɔ junmanʼm be dilɛʼn ti kekle.",Baoulé,Mozilla Common Voice
common_voice_bci_41686247.mp3,"N kunndɛ sɔkɔti, ɔ ti min liɛ!",Baoulé,Mozilla Common Voice
common_voice_bci_41686248.mp3,"Kɛ be nin a wieman nantilɛʼn, nn be saʼm be jranlɛʼn nin a wieman.",Baoulé,Mozilla Common Voice
common_voice_bci_41686250.mp3,Min tontonʼn yo nnɛn kpanngɔ atɛ klɔʼn i guaʼn su lɔ.,Baoulé,Mozilla Common Voice
common_voice_bci_41686251.mp3,Nʼzue su tɔ kɔkun Nʼkunnu dɛ kan ngowa gua su lɔ.,Baoulé,Mozilla Common Voice
common_voice_bci_41686252.mp3,Ami aɲiho ye kwla tafi ye nuan kan.,Baoulé,Mozilla Common Voice
common_voice_bci_41686253.mp3,Be kɔ djue tralɛ nzueʼn nun nglɛmun kwlaa.,Baoulé,Mozilla Common Voice
common_voice_bci_41686254.mp3,N le janvuɛ kpanngban min suklu lɔ.,Baoulé,Mozilla Common Voice
common_voice_bci_41686259.mp3,N lua like kan kun asiɛʼn nun.,Baoulé,Mozilla Common Voice
common_voice_bci_41686260.mp3,Gbanflɛn nin talua mun be lua nʼgatɛ.,Baoulé,Mozilla Common Voice
common_voice_bci_41686261.mp3,Aluaʼn lafi fɔundi nun kpa.,Baoulé,Mozilla Common Voice
common_voice_bci_41686268.mp3,Jeʼnzueʼn ti dĩn kɔkun e wla gua ase andɛ.,Baoulé,Mozilla Common Voice
common_voice_bci_41686270.mp3,"Bianʼn wu, ɔ su sɛmɛn i sin kun; sikaʼn wu, kpɛkun ɔ sa sin.",Baoulé,Mozilla Common Voice
common_voice_bci_41686272.mp3,"N djuli suklu lɔ cɛ, mi tiʼn yo mi ya.",Baoulé,Mozilla Common Voice
common_voice_bci_41686273.mp3,"Ɔ fata kɛ amun kata fenɛtriʼm be su, onti ontinʼm be ti.",Baoulé,Mozilla Common Voice
common_voice_bci_41686275.mp3,N kɔ suklu lɔ loto nun.,Baoulé,Mozilla Common Voice
common_voice_bci_41686276.mp3,"Kɛ ɔ ko yo naan wʼa di aliɛ nga bla kun mɔ i wawɛʼn wʼa tɔʼn, ɔ tɔnʼn, ɔ ti kpa, kɛ n lafi awe nunʼn.",Baoulé,Mozilla Common Voice
common_voice_bci_41686278.mp3,Ɔ ti kɛ be le awlɛn be minndɛ like sɔʼn ti kekle saan like nga be wunnin iʼn annzɛ i boʼn guaman blɛʼn.,Baoulé,Mozilla Common Voice
common_voice_bci_41686279.mp3,"Ah, ngue ti yɛ amun leman sika ɔ? Ɔ fata kɛ a ɲan sika.",Baoulé,Mozilla Common Voice
common_voice_bci_41686280.mp3,Ɔ janvuɛ Sery tuaman kalɛ.,Baoulé,Mozilla Common Voice
common_voice_bci_41686281.mp3,"Be nga be tran lɔʼn, be cɛcɛ be ninnge nga be kpɛ beʼn be afiɛn.",Baoulé,Mozilla Common Voice
common_voice_bci_41686282.mp3,Klɔ sranʼm be klo klɔ guaʼm be su aklunjuɛ.,Baoulé,Mozilla Common Voice
common_voice_bci_41686283.mp3,N mlinnin min balɔnʼn i wun koko lɛ fieʼn nun lɔ.,Baoulé,Mozilla Common Voice
common_voice_bci_41686284.mp3,"Kɛ a koto naan á nían kpanwunʼn i kunmanʼn nunʼn, nán maan ɔ wla fi su kɛ ɔ kunman kasiɛnʼn ti tikewa.",Baoulé,Mozilla Common Voice
common_voice_bci_41686285.mp3,"Sran wieʼm be ɲrunʼn, sran wieʼm be ɲrun yɛ e ɲin yi sranʼn ti ɔ, nán srɛ mʼɔ kun eʼn ti ɔ.",Baoulé,Mozilla Common Voice
common_voice_bci_41686286.mp3,"Se ayo tɛ akoman lɔ, Gnanmien lika lɔ, oh.",Baoulé,Mozilla Common Voice
common_voice_bci_41686287.mp3,Ɔ fata kɛ a nin sran kwlaa be tran kpa afin e siman like ngʼɔ́ wá jú ainmanʼn.,Baoulé,Mozilla Common Voice
common_voice_bci_41686290.mp3,"Wakaʼn wʼa jran, sanngɛ ɔ nin a tɔman.",Baoulé,Mozilla Common Voice
common_voice_bci_41686297.mp3,E bali kɛ é kán ndɛ naan amun a kpɛ i guaʼn su kan.,Baoulé,Mozilla Common Voice
common_voice_bci_41686298.mp3,Klɔ kpɛnngbɛnʼn tɔ tukpacɛ kɛ nga sranʼm be fa kanʼn sa.,Baoulé,Mozilla Common Voice
common_voice_bci_41686299.mp3,E ko trannin andɛ min wla fi min janvuɛʼm be su.,Baoulé,Mozilla Common Voice
common_voice_bci_41686300.mp3,Viaʼn uka ɔ naan wʼa yo ɔ fɛ.,Baoulé,Mozilla Common Voice
common_voice_bci_41686301.mp3,Flɛriʼn tike viaʼn i dolɛʼn su.,Baoulé,Mozilla Common Voice
common_voice_bci_41686302.mp3,A ssassa be tia srɛ.,Baoulé,Mozilla Common Voice
common_voice_bci_41686303.mp3,Nzue baʼm be sin okaʼm be su blɛblɛblɛ.,Baoulé,Mozilla Common Voice
common_voice_bci_41686305.mp3,"Baba nian ɔ nʼdɛ sɛkɛ, ɔwa nʼga su flɛ wɔ, a tɛ isu.",Baoulé,Mozilla Common Voice
common_voice_bci_41686306.mp3,Ayrɛʼn tɔ kɔnguɛʼm be nun.,Baoulé,Mozilla Common Voice
common_voice_bci_41686307.mp3,Sran kpanngban be tran klɔ dan sɔʼn su.,Baoulé,Mozilla Common Voice
common_voice_bci_41686309.mp3,Blaʼm be fa ayre waka mun be siesie ayre.,Baoulé,Mozilla Common Voice
common_voice_bci_41686310.mp3,"Cɛn kwlaaʼn, lɔfuɛʼm be fa sranʼm be lotoʼm be kɔ lika ndɛndɛ.",Baoulé,Mozilla Common Voice
common_voice_bci_41686311.mp3,"Kɛ mɔ amun ijɔʼn tiʼn, e yoli aɲanbeunfuɛ.",Baoulé,Mozilla Common Voice
common_voice_bci_41686313.mp3,Gbanflɛn nin talua me di klɔ juman.,Baoulé,Mozilla Common Voice
common_voice_bci_41686314.mp3,Ɔ su kanngan fluwa kun nun waka kun bo.,Baoulé,Mozilla Common Voice
common_voice_bci_41686315.mp3,A o nin nian wafa nga a tiʼn.,Baoulé,Mozilla Common Voice
common_voice_bci_41686316.mp3,Manmin ton aliɛ man awlobofuɛ mun.,Baoulé,Mozilla Common Voice
common_voice_bci_41686317.mp3,Klɔʼn su gbanflɛn nin talua mun be bo balɔn nnɔsua kwlaa.,Baoulé,Mozilla Common Voice
common_voice_bci_41686318.mp3,Mi aata dilɛʼn sakili.,Baoulé,Mozilla Common Voice
common_voice_bci_41686319.mp3,"Blaʼm be ton aliɛ be man be awlobofuɛ mun nin aofuɛ mun, be fa ninnge uflɛuflɛ mun, kpɛkun be nian lã aliɛʼm be su.",Baoulé,Mozilla Common Voice
common_voice_bci_41686320.mp3,Kloʼn wo tabliʼn i bo lɔ.,Baoulé,Mozilla Common Voice
common_voice_bci_41686321.mp3,Klɔʼn su lɔ gbanflɛn nin talua mun be bo yo kun be suan lã able silɛʼn.,Baoulé,Mozilla Common Voice
common_voice_bci_41686322.mp3,"Mi ba nɔnman ti klanman, ɔ ti bla.",Baoulé,Mozilla Common Voice
common_voice_bci_41686323.mp3,Mi le akloundjouê oh Gnanmien nou.,Baoulé,Mozilla Common Voice
common_voice_bci_41686324.mp3,Ye tonnin aliɛ fɛfɛ kpa likawlɛ.,Baoulé,Mozilla Common Voice
common_voice_bci_41686326.mp3,Aunmuanʼn fita nɲaʼm be su blɛblɛblɛ.,Baoulé,Mozilla Common Voice
common_voice_bci_41686327.mp3,Bakannganʼm be fa nzue kunmanʼn nun ba nglɛmun kwlaa.,Baoulé,Mozilla Common Voice
common_voice_bci_41686329.mp3,N seli ɔ niaan bianʼn kɛ ɔ nin min bla.,Baoulé,Mozilla Common Voice
common_voice_bci_41686331.mp3,Blaʼm be kle talua kannganʼm be klɔ lɔ lã ninngeʼm be yolɛ.,Baoulé,Mozilla Common Voice
common_voice_bci_41686332.mp3,Sranʼm be kplan waka kpanwun naan bʼa kpɛ nzue ba mun.,Baoulé,Mozilla Common Voice
common_voice_bci_41686333.mp3,Lɔfuɛʼm be klo kɛ bé nánti klɔʼn su.,Baoulé,Mozilla Common Voice
common_voice_bci_41686335.mp3,Nɔnnɔn ti kpa man ɔ juejue yolɛ.,Baoulé,Mozilla Common Voice
common_voice_bci_41686336.mp3,"N kunndɛ kɛ ń nɔ́n nzue kan siɛnʼn, yaki.",Baoulé,Mozilla Common Voice
common_voice_bci_41686337.mp3,Baba condu loto kɔ guabo.,Baoulé,Mozilla Common Voice
common_voice_bci_41686338.mp3,Ɔ fata kɛ ɔ wla wʼa fi su kɛ ayinʼn ti Fue cɛn.,Baoulé,Mozilla Common Voice
common_voice_bci_41686339.mp3,Bakannganʼm be su wanndi manmi fieʼn nun lɔ.,Baoulé,Mozilla Common Voice
common_voice_bci_41686340.mp3,Mi sran kpa n leman like fi.,Baoulé,Mozilla Common Voice
common_voice_bci_41686341.mp3,Srɛ kunnin min mantanfuɛʼn i alua.,Baoulé,Mozilla Common Voice
common_voice_bci_41686342.mp3,E yaciman nɲaʼm be lɛ ijreʼm be nun naan yʼa nianman sranʼm be wieʼn.,Baoulé,Mozilla Common Voice
common_voice_bci_41686343.mp3,Mi niaan blaʼn le tralɛ klanman kpa.,Baoulé,Mozilla Common Voice
common_voice_bci_41686344.mp3,"A fuan akɔ tɛʼn, kpɛkun kpɛkun akɔ kpaʼn kusu ɔ kɔ.",Baoulé,Mozilla Common Voice
common_voice_bci_41686345.mp3,Bian bleʼn wunnin i ɲrunʼn.,Baoulé,Mozilla Common Voice
common_voice_bci_41686356.mp3,Ye su kɔ gua bo ainman nglɛmun.,Baoulé,Mozilla Common Voice
common_voice_bci_41686358.mp3,Ye wa kɔ lika mmuammua ainman.,Baoulé,Mozilla Common Voice
common_voice_bci_41686359.mp3,"Sɛ e la ndɛndɛʼn, nglɛmunʼn yo fɛ.",Baoulé,Mozilla Common Voice
common_voice_bci_41686360.mp3,Ɔ tie ndɛ nga i nannan blaʼn kanʼn.,Baoulé,Mozilla Common Voice
common_voice_bci_41686366.mp3,"Sran ngʼɔ lafiʼn, ɔ usaman atin.",Baoulé,Mozilla Common Voice
common_voice_bci_41686367.mp3,Yalɛfuɛʼn klo i waʼn sanngɛ baʼn simɛn i sôr.,Baoulé,Mozilla Common Voice
common_voice_bci_41686368.mp3,"Sɛ kɔnguɛʼn ɔ ninʼn i wawɛʼn sasa wɔʼn, ɔ ti ɔ liɛ kɛ a sasa ɔ wun nglɛmun nunʼn.",Baoulé,Mozilla Common Voice
common_voice_bci_41686369.mp3,"A kunndɛ kɛ á fá kokowefuɛʼn i ajaʼn, kpɛkun a kplinman su kɛ á wlá i ngbabuaʼn.",Baoulé,Mozilla Common Voice
common_voice_bci_41686370.mp3,A faman ɔ sa bɛʼn kleman ɔ klɔʼn le.,Baoulé,Mozilla Common Voice
common_voice_bci_41686372.mp3,"Sran ngʼɔ di like kanʼn, ɔ yoman tɛtɛ.",Baoulé,Mozilla Common Voice
common_voice_bci_41686374.mp3,N dili aliɛ kpa.,Baoulé,Mozilla Common Voice
common_voice_bci_41686375.mp3,Ba yasuaʼm be uka fieʼm be dilɛ likaʼn nun.,Baoulé,Mozilla Common Voice
common_voice_bci_41686376.mp3,"I kpa bɔbɔʼn, e kanman ndɛ ngba.",Baoulé,Mozilla Common Voice
common_voice_bci_41686377.mp3,Sɛ e ni i e kokoli su yalɛʼn ni?,Baoulé,Mozilla Common Voice
common_voice_bci_41686378.mp3,N kunndɛ kɛ n di glaci mɔ waka mma kpanngban be o nunʼn.,Baoulé,Mozilla Common Voice
common_voice_bci_41686379.mp3,Ndreʼm be o okaʼm be su.,Baoulé,Mozilla Common Voice
common_voice_bci_41266567.mp3,Klɔ kpɛnngbɛnʼn tɔ tukpacɛ kɛ nga sranʼm be fa kanʼn sa.,Baoulé,Mozilla Common Voice
common_voice_bci_41250388.mp3,"Kɛ n sɔ min aradioʼn, djueʼn bo blɛblɛblɛ.",Baoulé,Mozilla Common Voice
common_voice_bci_41459062.mp3,"Ɔ fata kɛ amun kata fenɛtriʼm be su, onti ontinʼm be ti.",Baoulé,Mozilla Common Voice
common_voice_bci_41459061.mp3,Tchɛn kwlaa ɔ se mi kɛ n yaki.,Baoulé,Mozilla Common Voice
common_voice_bci_41459059.mp3,Ɔ yoli kpa kɛ titi sa.,Baoulé,Mozilla Common Voice
common_voice_bci_41459058.mp3,Mi wunʼn ni mi mmaʼm be kleli min sanngɛ mi wla fi su titi.,Baoulé,Mozilla Common Voice
common_voice_bci_41459057.mp3,"Ɔka sɔʼn ti nglo lɔ, yɛ ɔ ti klanman kpa.",Baoulé,Mozilla Common Voice
common_voice_bci_41459008.mp3,"Nglɛmunʼn, akɔɲinmanʼn kpan kekle kpa.",Baoulé,Mozilla Common Voice
common_voice_bci_41459005.mp3,Guaʼn tike nglɛmun ndɛ kpa.,Baoulé,Mozilla Common Voice
common_voice_bci_41459004.mp3,Janvuɛʼm be wla gua ase.,Baoulé,Mozilla Common Voice
common_voice_bci_41459003.mp3,Ɔ mannin mi afɔtuɛ naan mi waʼn wʼa yo juejue.,Baoulé,Mozilla Common Voice
common_voice_bci_41458985.mp3,Be sie fie dilɛ ninnge mun klɔʼn i sua danʼn nun.,Baoulé,Mozilla Common Voice
common_voice_bci_41458984.mp3,"Sɛ amun nɔn nzue kpanngbanʼn, ɔ ti kpa man amun.",Baoulé,Mozilla Common Voice
common_voice_bci_41458983.mp3,N di min awlo lɔ junmanʼn ka naan mʼan fite lɔ mʼan ko di ngowa.,Baoulé,Mozilla Common Voice
common_voice_bci_41458962.mp3,Waka mmaʼm be ti mlanmlanmlan yɛ be ti fɛ siɛnʼn.,Baoulé,Mozilla Common Voice
common_voice_bci_41458961.mp3,E faman kolaʼn i bue e yiman tɛ.,Baoulé,Mozilla Common Voice
common_voice_bci_41427431.mp3,Klɔʼn su guaʼm be sonnin.,Baoulé,Mozilla Common Voice
common_voice_bci_41458959.mp3,Bakannganʼm be wanndi fie mʼɔ ti mlanmlanmlanʼn nun.,Baoulé,Mozilla Common Voice
common_voice_bci_41458958.mp3,"Gnanmien kloli ye, ye le kɛ wa fa iwa wa man ye.",Baoulé,Mozilla Common Voice
common_voice_bci_41458926.mp3,Ɲanmiɛn su lɔʼn ti ble kɛ nzueʼn tɔ danʼn.,Baoulé,Mozilla Common Voice
common_voice_bci_41458925.mp3,"Ɔ fata kɛ a fa annzɛ a yaki i lɛ, n su kpɛman i guaʼn su.",Baoulé,Mozilla Common Voice
common_voice_bci_41458923.mp3,Sinnglinfuɛʼn siman kɛ ngwlɛlɛfuɛʼn fɛ.,Baoulé,Mozilla Common Voice
common_voice_bci_41458922.mp3,"Sɛ a kunndɛman kɛ ɔ raʼn, ɔ su beman.",Baoulé,Mozilla Common Voice
common_voice_bci_41458921.mp3,Taluaʼm be fa nnɛnʼm be nɔnnɔn uflɛuflɛʼn be ba nglɛmun kwlaa.,Baoulé,Mozilla Common Voice
common_voice_bci_41458903.mp3,N kwlá wunman fluwa kekle sɔʼn i wlɛ.,Baoulé,Mozilla Common Voice
common_voice_bci_41458902.mp3,Be kɔ suklu likawlɛ nglɛmun kwlaa.,Baoulé,Mozilla Common Voice
common_voice_bci_41458900.mp3,"Baba, yo wɔ kula.",Baoulé,Mozilla Common Voice
common_voice_bci_41458898.mp3,"Manmi, nʼto kɔkun nʼyo atɛ ekun.",Baoulé,Mozilla Common Voice
common_voice_bci_41458896.mp3,Mi sran kpa n leman like fi.,Baoulé,Mozilla Common Voice
common_voice_bci_41431196.mp3,"Kɛ be ko wie suklu diʼn, be bo yo kun be suan like wakaʼn i bo lɔ.",Baoulé,Mozilla Common Voice
common_voice_bci_41431195.mp3,"Kannzɛ bɔbɔ e se kɛ fiafuɛʼn wʼa yo juejueʼn, sanngɛ ɔ te bo sranʼm be srɛ.",Baoulé,Mozilla Common Voice
common_voice_bci_41431194.mp3,N kwlá yoman puzzle kekle sɔʼn.,Baoulé,Mozilla Common Voice
common_voice_bci_41431193.mp3,"Kɛ e klo e wun kpaʼn, sran fi sunman.",Baoulé,Mozilla Common Voice
common_voice_bci_41431192.mp3,"Bian mʼɔ le ti bleʼn, ɔ wunnin i ɲrunʼn.",Baoulé,Mozilla Common Voice
common_voice_bci_41431124.mp3,Ɔ janvuɛ Sery tuaman kalɛ.,Baoulé,Mozilla Common Voice
common_voice_bci_41431123.mp3,N kɔ suklu nin min saci.,Baoulé,Mozilla Common Voice
common_voice_bci_41431122.mp3,Klɔ bakannganʼm be nin be siʼm be kɔ di ko njɛn.,Baoulé,Mozilla Common Voice
common_voice_bci_41431120.mp3,Ɔ fata kɛ a wun ɔ wienguʼm be saʼm be wlɛ.,Baoulé,Mozilla Common Voice
common_voice_bci_41427520.mp3,"Sɛ a kwla tra minʼn, ń trán ɔ wun lɛ lele.",Baoulé,Mozilla Common Voice
common_voice_bci_41427519.mp3,Aluaʼn ti kaan kpa yɛ ɔ ti klanman.,Baoulé,Mozilla Common Voice
common_voice_bci_41427518.mp3,Ye bo yo kun e nanti kɔ suklu nglɛmun kwlaa.,Baoulé,Mozilla Common Voice
common_voice_bci_41427517.mp3,N fa min suklu saciʼn.,Baoulé,Mozilla Common Voice
common_voice_bci_41427516.mp3,"Kanʼni ti, alua kunnin mi.",Baoulé,Mozilla Common Voice
common_voice_bci_41427480.mp3,E nin min janvuɛ mun e bo balɔn.,Baoulé,Mozilla Common Voice
common_voice_bci_41427479.mp3,Min si kleli min wafa nga be di agba fieʼn nun lɔʼn.,Baoulé,Mozilla Common Voice
common_voice_bci_41427478.mp3,Ɔ klo fluwa kannganlɛ.,Baoulé,Mozilla Common Voice
common_voice_bci_41427477.mp3,Anumanʼm be to djue nglɛmun ndɛ kpa wakaʼm be su.,Baoulé,Mozilla Common Voice
common_voice_bci_41427459.mp3,"Janvuɛʼm be uka be wiengu, like kwlaa yo fɛ.",Baoulé,Mozilla Common Voice
common_voice_bci_41427458.mp3,Anumanʼm be to jue waka mmaʼm be nun.,Baoulé,Mozilla Common Voice
common_voice_bci_41427457.mp3,"Sran ngʼɔ faman like fi siemɛn i ɲrunʼn, ɔ ɲanman like fi.",Baoulé,Mozilla Common Voice
common_voice_bci_41427456.mp3,"Janvuɛʼm be sri be wiengu, kpɛkun be kan aklunjuɛ like kwlaa.",Baoulé,Mozilla Common Voice
common_voice_bci_41427455.mp3,Nzueʼn su tɔ blɛblɛblɛ kɔnguɛ nga nun.,Baoulé,Mozilla Common Voice
common_voice_bci_41427435.mp3,N klo i aata dilɛʼn kpa.,Baoulé,Mozilla Common Voice
common_voice_bci_41427434.mp3,Ɔ fataman kɛ a kan kle sran mun.,Baoulé,Mozilla Common Voice
common_voice_bci_41427433.mp3,N kunndɛman kɛ ń kɔ́ suklu ainman.,Baoulé,Mozilla Common Voice
common_voice_bci_41427432.mp3,"I modja mɔ guali ɔ, tumi tɛ mu klwa.",Baoulé,Mozilla Common Voice
common_voice_bci_41253411.mp3,"E tra e sa nun, e klo i titi.",Baoulé,Mozilla Common Voice
common_voice_bci_41398800.mp3,E ko trannin andɛ mi wla fi mi djanvuɛʼm be su.,Baoulé,Mozilla Common Voice
common_voice_bci_41398799.mp3,N tɔli yɛ min jaʼn su tu moja dan.,Baoulé,Mozilla Common Voice
common_voice_bci_41398798.mp3,Amun a wun kɛ n fa be sikaʼn wie le?,Baoulé,Mozilla Common Voice
common_voice_bci_41398797.mp3,Baba waan fɔundiʼn ti kinnjin kpa.,Baoulé,Mozilla Common Voice
common_voice_bci_41398796.mp3,Klɔʼn ti dan yɛ sranʼm be bo sin yia chtin kwlaa.,Baoulé,Mozilla Common Voice
common_voice_bci_41398776.mp3,Ɔ klo jueʼm be tielɛ.,Baoulé,Mozilla Common Voice
common_voice_bci_41398774.mp3,Ɔ klɛli fluwa ko mannin i baba.,Baoulé,Mozilla Common Voice
common_voice_bci_41398773.mp3,"Akɔʼn bo nglɛmun ndɛ kpa, titi.",Baoulé,Mozilla Common Voice
common_voice_bci_41398771.mp3,Math ti aklunjuɛ like nin nimero mun.,Baoulé,Mozilla Common Voice
common_voice_bci_41398770.mp3,"Cɛn nga ń ɲínʼn, ń yó kɛ i sa.",Baoulé,Mozilla Common Voice
common_voice_bci_41398649.mp3,Gbanflɛn nin talua me di klɔ juman.,Baoulé,Mozilla Common Voice
common_voice_bci_41398648.mp3,"Mi niaan bian, mʼan wunman wɔ lɔ.",Baoulé,Mozilla Common Voice
common_voice_bci_41398647.mp3,"Kɛ be ko di aliɛʼn, bakannganʼm be di bonbon.",Baoulé,Mozilla Common Voice
common_voice_bci_41398645.mp3,Suaʼn ti klanman yɛ ɔ ti sanwun kpa.,Baoulé,Mozilla Common Voice
common_voice_bci_41398643.mp3,Sran kpanngban be o asɔnun lɔ andɛ tra annunman.,Baoulé,Mozilla Common Voice
common_voice_bci_41398535.mp3,"Anianbla, nanwlè Gniamien ɔ wunyi.",Baoulé,Mozilla Common Voice
common_voice_bci_41398534.mp3,"Kɛ sran kwlaa di aklunjuɛʼn, klɔʼn kpaja.",Baoulé,Mozilla Common Voice
common_voice_bci_41398533.mp3,N ɲannin min diplɔmuʼn andɛ.,Baoulé,Mozilla Common Voice
common_voice_bci_41398532.mp3,N leman sika.,Baoulé,Mozilla Common Voice
common_voice_bci_41398531.mp3,E kwlakwla e di like likawlɛ kantinʼn nun lɔ.,Baoulé,Mozilla Common Voice
common_voice_bci_41316865.mp3,Ye su kɔ gua bo ainman nglɛmun.,Baoulé,Mozilla Common Voice
common_voice_bci_41316864.mp3,"Se ayo tɛ akoman lɔ, Gnanmien lika lɔ, oh.",Baoulé,Mozilla Common Voice
common_voice_bci_41316863.mp3,Manmi su tɔn aliɛ dan kun man awlobofuɛ mun.,Baoulé,Mozilla Common Voice
common_voice_bci_41316862.mp3,Yasuaʼm be yo fie dilɛ ninnge mun naan bʼa di fieʼn i junman.,Baoulé,Mozilla Common Voice
common_voice_bci_41316860.mp3,Ya kɔ Bouaké ainman nglɛmun.,Baoulé,Mozilla Common Voice
common_voice_bci_41266569.mp3,Be tɔn aliɛ be man aofuɛ mun.,Baoulé,Mozilla Common Voice
common_voice_bci_41266566.mp3,"Bakannganʼm bʼa diman like kɔnguɛ nga, ɔ cɛman be wa kɔ suklu.",Baoulé,Mozilla Common Voice
common_voice_bci_41266564.mp3,E timan kpanngban sɛ e timan kun e kwlá kɔman e ɲrun.,Baoulé,Mozilla Common Voice
common_voice_bci_41266563.mp3,"Aɲiho fatou, n su kɔ nanti mi fie nun.",Baoulé,Mozilla Common Voice
common_voice_bci_41266455.mp3,"Fie nga n diʼn, yɛ ɔ man mi atin kɛ n di min junman kanʼn niɔn.",Baoulé,Mozilla Common Voice
common_voice_bci_41266454.mp3,N su kɔman Bouaké wie.,Baoulé,Mozilla Common Voice
common_voice_bci_41266453.mp3,Wan yɛ ɔ buli min akunndan nglɛmun nga ɔ?,Baoulé,Mozilla Common Voice
common_voice_bci_41266452.mp3,"Lafi mien su, ɔwa dewɔ, ɔwa dewɔ!",Baoulé,Mozilla Common Voice
common_voice_bci_41266451.mp3,Ɔ to jue titi nglɛmun nun nzueʼn nun.,Baoulé,Mozilla Common Voice
common_voice_bci_41266414.mp3,Siglifoué siâkê nʼglwêlêfoué fɛ.,Baoulé,Mozilla Common Voice
common_voice_bci_41266408.mp3,"Be nga be tran lɔʼn, be cɛcɛ be ninnge nga be kpɛ beʼn be afiɛn.",Baoulé,Mozilla Common Voice
common_voice_bci_41266407.mp3,Ɔ yo waka mma atɛ guaʼn su lɔ.,Baoulé,Mozilla Common Voice
common_voice_bci_41266406.mp3,Mi niaan bianʼn kunndɛman le kɛ ɔ nin min bé dí ngowa.,Baoulé,Mozilla Common Voice
common_voice_bci_41266405.mp3,Gbanflɛn nin taluaʼm be uka be si nin be nin fieʼm be nun.,Baoulé,Mozilla Common Voice
common_voice_bci_41266404.mp3,Klɔfuɛʼm be su siesie cɛn dilɛ dan kun ainman.,Baoulé,Mozilla Common Voice
common_voice_bci_41266359.mp3,Guaʼn wʼa yi andɛ Fue chtɛn.,Baoulé,Mozilla Common Voice
common_voice_bci_41266358.mp3,A seman le kɛ Yako ti srongble.,Baoulé,Mozilla Common Voice
common_voice_bci_41266357.mp3,Manmin siesie aliɛ man awlobofuɛ mun.,Baoulé,Mozilla Common Voice
common_voice_bci_41266356.mp3,Klɔ blaʼm be bo balo guabo su lɔ.,Baoulé,Mozilla Common Voice
common_voice_bci_41266355.mp3,Amun leman awlobo nun sa kunngbaʼn.,Baoulé,Mozilla Common Voice
common_voice_bci_41266334.mp3,"Abla Pokou waan: sɛ ɔ ndɛʼn truʼn, ɔ awlo lɔ sranʼm be ndɛ yɛ ɔ o lɛ ɔ.",Baoulé,Mozilla Common Voice
common_voice_bci_41266333.mp3,Association sɔʼn i nunfuɛʼm be yo akpɔʼm be su sanwun Jɔlɛ cɛn kwlaa.,Baoulé,Mozilla Common Voice
common_voice_bci_41266332.mp3,Wafa sɛ yɛ ɔ yoli annunman ni sranʼm be junman difuɛ mun?,Baoulé,Mozilla Common Voice
common_voice_bci_41266331.mp3,"Sɛ a wun akɔ blaʼn guaʼn su lɔʼn, i nzuɛnʼn ti yɛ ɔ yoli sɔ ɔ.",Baoulé,Mozilla Common Voice
common_voice_bci_41266330.mp3,Be uka klɔʼn su lɔ nnɛnʼm be lika nianlɛ nun.,Baoulé,Mozilla Common Voice
common_voice_bci_41266283.mp3,Nán sran kunngba yɛ ɔ kan nguanʼn i sin ndɛʼn niɔn.,Baoulé,Mozilla Common Voice
common_voice_bci_41266282.mp3,Ɔ sa mian tiɛ be fa cucu nʼkɔ nʼgnara nu.,Baoulé,Mozilla Common Voice
common_voice_bci_41266280.mp3,Viaʼn kpadja ɲanmiɛn su lɔ kpa.,Baoulé,Mozilla Common Voice
common_voice_bci_41266279.mp3,E kunndɛman kɛ sran ngʼɔ ti ɲannzuɛnfuɛʼn i ninʼn yo juejue ndɛndɛ.,Baoulé,Mozilla Common Voice
common_voice_bci_41266277.mp3,"Ninnge nga e ba amun sa nunʼn, be guaʼn wʼa yo dan.",Baoulé,Mozilla Common Voice
common_voice_bci_41262977.mp3,"Baba man yo tɛ, yatchi mi tɛ tchɛ mi he.",Baoulé,Mozilla Common Voice
common_voice_bci_41262976.mp3,"Min ndɛ kanlɛ naan mʼan saci min blɛʼn, n nunman nun kun.",Baoulé,Mozilla Common Voice
common_voice_bci_41262974.mp3,Anumanʼm be to djue wakaʼm be su lɔ.,Baoulé,Mozilla Common Voice
common_voice_bci_41262971.mp3,Aunmuanʼn sin nɲaʼm be nun blɛblɛblɛ.,Baoulé,Mozilla Common Voice
common_voice_bci_41262969.mp3,Suklu ti lika nʼga be suan like kɔkun be yo sran dan.,Baoulé,Mozilla Common Voice
common_voice_bci_41253597.mp3,"Be kɔ gua bo lɔ be ko to ninnge mun, kpɛkun be yiyi be ɲin su.",Baoulé,Mozilla Common Voice
common_voice_bci_41253595.mp3,E ni mi yi e fali akunndan kun.,Baoulé,Mozilla Common Voice
common_voice_bci_41253593.mp3,E su lo wunmiɛn kan siɛnʼn.,Baoulé,Mozilla Common Voice
common_voice_bci_41253591.mp3,"Atrɛkpaʼn, sɛ e sɔnnin naan e su kɔ toʼn.",Baoulé,Mozilla Common Voice
common_voice_bci_41253589.mp3,Viaʼn ga fiteli kpa andɛ.,Baoulé,Mozilla Common Voice
common_voice_bci_41253557.mp3,N si kɛ ɔ ti fiɛn.,Baoulé,Mozilla Common Voice
common_voice_bci_41253555.mp3,"Kɛ a koto naan á nían kpanwunʼn i kunmanʼn nunʼn, nán maan ɔ wla fi su kɛ ɔ kunman kasiɛnʼn ti tikewa.",Baoulé,Mozilla Common Voice
common_voice_bci_41253554.mp3,Be uka klɔʼn su nnɛnʼm be likaʼm be kplanlɛʼn su.,Baoulé,Mozilla Common Voice
common_voice_bci_41253552.mp3,"A kunndɛ kɛ á fá kokowefuɛʼn i ajaʼn, kpɛkun a kplinman su kɛ á wlá i ngbabuaʼn.",Baoulé,Mozilla Common Voice
common_voice_bci_41253551.mp3,Be tran ndje nu nan ba tu ndje.,Baoulé,Mozilla Common Voice
common_voice_bci_41253412.mp3,Kɛ baʼm be di aliɛ kpa mɔ be te o nguan nunʼn.,Baoulé,Mozilla Common Voice
common_voice_bci_41240247.mp3,"Nzueʼn ti dĩn, yɛ ɔ ti ble kpa.",Baoulé,Mozilla Common Voice
common_voice_bci_41240248.mp3,Like klefuɛʼn yiyi like suanlɛʼn nun weinwein kpa.,Baoulé,Mozilla Common Voice
common_voice_bci_41240249.mp3,"Able ngʼɔ yo awlo lɔʼn, nán amun wanndi si able.",Baoulé,Mozilla Common Voice
common_voice_bci_41240846.mp3,Blaʼm be siesie sua baʼm be klanman klɔʼn su lɔ cɛn dilɛʼm be ti.,Baoulé,Mozilla Common Voice
common_voice_bci_41240847.mp3,"A kunndɛ kɛ á kún alɛ nin albinoʼn, sanngɛ a nin a kwlamɛn i, yɛ á kɔ́.",Baoulé,Mozilla Common Voice
common_voice_bci_41240848.mp3,N su yi lika klanman kun i desɛn suklu lɔ andɛ.,Baoulé,Mozilla Common Voice
common_voice_bci_41240849.mp3,"Bakannganʼm be to jue, kpɛkun be si able nzueʼn nun.",Baoulé,Mozilla Common Voice
common_voice_bci_41240850.mp3,Alɛ min suan ɔ bo.,Baoulé,Mozilla Common Voice
common_voice_bci_41241064.mp3,"Baba man yo tɛ, i so tiɛ mi srɛ wɔ.",Baoulé,Mozilla Common Voice
common_voice_bci_41241065.mp3,"Cɛn kwlaaʼn, lɔfuɛʼm be fa sranʼm be lotoʼm be kɔ lika ndɛndɛ.",Baoulé,Mozilla Common Voice
common_voice_bci_41241066.mp3,Ɔ sakili mi aata dilɛʼn.,Baoulé,Mozilla Common Voice
common_voice_bci_41241070.mp3,"Like kwlaa nga a kunndɛʼn, ɔ o mi lika.",Baoulé,Mozilla Common Voice
common_voice_bci_41241072.mp3,Ye le kɛ wa fa iwa wa man yé.,Baoulé,Mozilla Common Voice
common_voice_bci_41241208.mp3,"Kɛ i tiʼn wo lɛʼn, i jaʼn wlaman trɔʼn.",Baoulé,Mozilla Common Voice
common_voice_bci_41241209.mp3,"Sran ngʼɔ lafiʼn, ɔ usaman atin.",Baoulé,Mozilla Common Voice
common_voice_bci_41241210.mp3,"Yɛ sɛ ɔ ti min kodɛʼn, be seli kɛ nán n fa kle sran fi.",Baoulé,Mozilla Common Voice
common_voice_bci_41241211.mp3,"Taluaʼm be fa nzue kunmanʼn nun be man awlobofuɛ mun, be fa sɛʼm be su kpa, kpɛkun be di junmanʼn cɛn kwlaa.",Baoulé,Mozilla Common Voice
common_voice_bci_41241212.mp3,N klo kɛ e ni mi janvuɛ mun e kan ngowa suklu lɔ.,Baoulé,Mozilla Common Voice
common_voice_bci_41241388.mp3,Nzue baʼm be sin okaʼm be su blɛblɛblɛ.,Baoulé,Mozilla Common Voice
common_voice_bci_41241389.mp3,Klɔʼn su bakannganʼm be wanndi.,Baoulé,Mozilla Common Voice
common_voice_bci_41241390.mp3,Ngue ti yɛ nzraamaʼm be kpaja kpa kɔnguɛ ɔ?,Baoulé,Mozilla Common Voice
common_voice_bci_41241391.mp3,N nin mi janvuɛ mun e to djue.,Baoulé,Mozilla Common Voice
common_voice_bci_41241392.mp3,N siman like nga n yoliʼn bɔbɔ.,Baoulé,Mozilla Common Voice
common_voice_bci_41241448.mp3,Amun nian sran tɛʼm be lika.,Baoulé,Mozilla Common Voice
common_voice_bci_41241449.mp3,Klɔʼn su fie difuɛʼm be yiali be kokoli ninngeʼm be kpɛlɛʼn i su yalɛ.,Baoulé,Mozilla Common Voice
common_voice_bci_41241450.mp3,"Klɔ nga fɔundi o nunʼn, ɔ ti kpa kɛ be wun i.",Baoulé,Mozilla Common Voice
common_voice_bci_41241451.mp3,E di ablé ni avie fie dan sɔʼn nun.,Baoulé,Mozilla Common Voice
common_voice_bci_41241452.mp3,Ye fali ajalɛ kɛ é kɔ́ kpɔlɛ ainman.,Baoulé,Mozilla Common Voice
common_voice_bci_41241666.mp3,Sanngɛ e kunndɛ kɛ amun uka e.,Baoulé,Mozilla Common Voice
common_voice_bci_41241667.mp3,E kunndɛ kɛ é trɛ́ e fieʼn nun.,Baoulé,Mozilla Common Voice
common_voice_bci_41241668.mp3,Be tɛtɛ trɔ mun naan bʼa yo be lɔ guaʼn su lɔ atɛ.,Baoulé,Mozilla Common Voice
common_voice_bci_41241669.mp3,Like klefuɛʼn kan ndɛ fɛfɛ wie mun.,Baoulé,Mozilla Common Voice
common_voice_bci_41241670.mp3,"Bla ngʼɔ wunnzɛʼn, ɔ kwlá nianmɛn i kuanʼn i bo lɔ.",Baoulé,Mozilla Common Voice
common_voice_bci_41241866.mp3,Baba di junman kɔnguɛ kwlaa ka naan wʼa la.,Baoulé,Mozilla Common Voice
common_voice_bci_41241868.mp3,Klɔʼn su awlobo kwlaa le fie kaan kun mɔ be di fieʼn niɔn.,Baoulé,Mozilla Common Voice
common_voice_bci_41241870.mp3,Viaʼn kpaja kpa klɔʼn i ti su lɔ.,Baoulé,Mozilla Common Voice
common_voice_bci_41241871.mp3,"Sɛ e jran tukpacɛʼn i ɲrun kekleʼn, ɔ ti kpa tra tukpacɛʼn i ayre yolɛʼn.",Baoulé,Mozilla Common Voice
common_voice_bci_41241873.mp3,Be bo klolɛ naan bʼa wlu suklu lɔ.,Baoulé,Mozilla Common Voice
common_voice_bci_41241942.mp3,Angloʼn kpaja sua kannganʼm be su blɛblɛblɛ.,Baoulé,Mozilla Common Voice
common_voice_bci_41252987.mp3,"Ôti akunndan kpa, Nʼbu kɛ ye kula yo.",Baoulé,Mozilla Common Voice
common_voice_bci_41253410.mp3,"N kwlá lafiman, likaʼn wʼa lo kpa Bouaké lɔ.",Baoulé,Mozilla Common Voice
common_voice_bci_41253408.mp3,"Klɔʼn su lɔʼn, guaʼm be chtin kpa.",Baoulé,Mozilla Common Voice
common_voice_bci_41253407.mp3,Blaʼm be kle talua kannganʼm be klɔ lɔ lã ninngeʼm be yolɛ.,Baoulé,Mozilla Common Voice
common_voice_bci_41241944.mp3,"Sran fi kwlá kpɛman be wakaʼn, kpɛkun ngalɛʼn ɔ́ trá be.",Baoulé,Mozilla Common Voice
common_voice_bci_41241945.mp3,A bu i kɛ min ti yɛ a yo ɔ.,Baoulé,Mozilla Common Voice
common_voice_bci_41241946.mp3,Sɛ gban mlô gnin y tôlɛ ô fa manhan nʼgna suhi.,Baoulé,Mozilla Common Voice
common_voice_bci_41241947.mp3,E nanti wakaʼm be nun.,Baoulé,Mozilla Common Voice
common_voice_bci_41242007.mp3,Be ti yɛ be ɲannin sikaʼn niɔn.,Baoulé,Mozilla Common Voice
common_voice_bci_41242008.mp3,Suklu kɔlɛʼn yo min fɛ kpa cɛn kwlaa.,Baoulé,Mozilla Common Voice
common_voice_bci_41242010.mp3,"I kpa bɔbɔʼn, e kanman ndɛ ngba.",Baoulé,Mozilla Common Voice
common_voice_bci_41242011.mp3,Bakannganʼm be fa nzue kunmanʼn nun ba.,Baoulé,Mozilla Common Voice
common_voice_bci_41253363.mp3,Sukula leman dunman kpanwun nun kun.,Baoulé,Mozilla Common Voice
common_voice_bci_41242012.mp3,Janvuɛʼm be kwlaa be bo ti kun kɛ awlobo sa.,Baoulé,Mozilla Common Voice
common_voice_bci_41242240.mp3,"Nglɛmunʼn, e to cɛnʼn i jueʼn.",Baoulé,Mozilla Common Voice
common_voice_bci_41253361.mp3,Mi si kleli min wafa nga be di agba fieʼn nun lɔʼn.,Baoulé,Mozilla Common Voice
common_voice_bci_41253360.mp3,Ɔ yo waka manda atɛ guaʼn su lɔ.,Baoulé,Mozilla Common Voice
common_voice_bci_41242243.mp3,"Blɛ sunman nunʼn, be kɔ be wun kpinngbinlɛ likaʼn nun lɔ be ko yo be wun kpinngbinlɛ nin ninnge fanunfanun.",Baoulé,Mozilla Common Voice
common_voice_bci_41242247.mp3,"Andɛʼn, like klefuɛʼn mannin awlo lɔ junman kpanngban.",Baoulé,Mozilla Common Voice
common_voice_bci_41242251.mp3,E toli waka mma lɔ guaʼn su lɔ.,Baoulé,Mozilla Common Voice
common_voice_bci_41242252.mp3,Magasinʼm be o klɔʼn i lika kwlaa nun.,Baoulé,Mozilla Common Voice
common_voice_bci_41242339.mp3,E wun kɛ be nin be janvuɛʼn be su uka klɔʼn.,Baoulé,Mozilla Common Voice
common_voice_bci_41242342.mp3,Be bo aya naan bʼa tra blo nnɛn kanngan mun.,Baoulé,Mozilla Common Voice
common_voice_bci_41242345.mp3,"Nnɛn nga a si kɛ ɔ kwla min wɔʼn, ɔ yaciman ɔ lɛ naan ɔ ɲin ɔ.",Baoulé,Mozilla Common Voice
common_voice_bci_41242347.mp3,Be lafiman be tchin laliɛ sɛ.,Baoulé,Mozilla Common Voice
common_voice_bci_41242349.mp3,"Wakaʼn wʼa jran, sanngɛ ɔ nin a tɔman.",Baoulé,Mozilla Common Voice
common_voice_bci_41253358.mp3,"Dɔɔtrɔʼm be nian tukpacifuɛʼm be lika kpa, kpɛkun be si be aunnvuɛ dan.",Baoulé,Mozilla Common Voice
common_voice_bci_41253355.mp3,"Klɔʼn i su ninngeʼm be ti kpa afuɛ nga nun, e la Ɲanmiɛn ase.",Baoulé,Mozilla Common Voice
common_voice_bci_41253306.mp3,Like klefuɛʼn yiyi like suanlɛʼm be nun kpa.,Baoulé,Mozilla Common Voice
common_voice_bci_41253304.mp3,"N kplin ɔ su, ɔ fata kɛ e nin sran uflɛ e koko su yalɛ.",Baoulé,Mozilla Common Voice
common_voice_bci_41253303.mp3,E bali ɔ wun wunlɛ kɛ é kán ndɛ.,Baoulé,Mozilla Common Voice
common_voice_bci_41253302.mp3,"Baba, a kwla kanngan ndɛʼn nun kɔnguɛ nga.",Baoulé,Mozilla Common Voice
common_voice_bci_41253301.mp3,"Sanngɛ nian ɔ wun su, nán kan ɔ kodɛʼn kle sran fi.",Baoulé,Mozilla Common Voice
common_voice_bci_41253257.mp3,"Mi nnɛn kpanngɔʼn wʼa saci, n kwlá fuman su kun.",Baoulé,Mozilla Common Voice
common_voice_bci_41253256.mp3,"Odile, ɔ yo ɔ like! A djuli wa ndɛndɛ.",Baoulé,Mozilla Common Voice
common_voice_bci_41253255.mp3,Nzue tɔ kpa okaoka lika nga nun.,Baoulé,Mozilla Common Voice
common_voice_bci_41253254.mp3,N se kɛ yo a su kɔ fa ɔ sikaʼn?,Baoulé,Mozilla Common Voice
common_voice_bci_41253253.mp3,"Kpanwun mɔ be tɔnnin uflɛuflɛʼn, i nvanʼn ti kpa.",Baoulé,Mozilla Common Voice
common_voice_bci_41253221.mp3,Be ɔli fie lɔ be ko niannin nnɛn mun.,Baoulé,Mozilla Common Voice
common_voice_bci_41253219.mp3,Fiti fiti cogloman ɔ ni kanga be sri man blɛ kuʼngba nu.,Baoulé,Mozilla Common Voice
common_voice_bci_41253218.mp3,Sran kpaʼm be cɛman asiɛʼn su.,Baoulé,Mozilla Common Voice
common_voice_bci_41253217.mp3,Kɛ aliɛʼn ti dowa ɔ yo fɛ kpa.,Baoulé,Mozilla Common Voice
common_voice_bci_41253216.mp3,"Cɛn nga be se kɛ bé úka sikaʼn suʼn, cɛn sɔʼn nun yɛ ń kɔ́ ɔ.",Baoulé,Mozilla Common Voice
common_voice_bci_41253175.mp3,A faman ɔ sa bɛʼn kleman ɔ klɔʼn le.,Baoulé,Mozilla Common Voice
common_voice_bci_41253173.mp3,Klɔ taluaʼm be klo able silɛ.,Baoulé,Mozilla Common Voice
common_voice_bci_41253172.mp3,"Mi duman yɛlɛ Vanessa hɛ, mi ni mi niaan bla mun yɛ e baliɔ.",Baoulé,Mozilla Common Voice
common_voice_bci_41253171.mp3,Ɔ se kɛ klɔʼn wo mmua.,Baoulé,Mozilla Common Voice
common_voice_bci_41253170.mp3,E lɛman like fi kun mɔ é fá kɔ́ dɔɔtrɔ lɔ ɔ.,Baoulé,Mozilla Common Voice
common_voice_bci_41253124.mp3,"Sɛ nzueʼn wʼa yiman sɛʼn, nán nzue ngʼɔ tɔʼn yɛ ɔ́ kwlá yí ɔ.",Baoulé,Mozilla Common Voice
common_voice_bci_41253123.mp3,Djavuɛ kun i srilɛʼn yo maan e klun jɔ.,Baoulé,Mozilla Common Voice
common_voice_bci_41253122.mp3,"Suklu lɔʼn, n wun ninnge uflɛuflɛ mun.",Baoulé,Mozilla Common Voice
common_voice_bci_41253121.mp3,N seman kɛ n ti kpa tra wɔ.,Baoulé,Mozilla Common Voice
common_voice_bci_41253120.mp3,Ɔ ti klanman annzɛ ɔ ti sɔ?,Baoulé,Mozilla Common Voice
common_voice_bci_41252988.mp3,Ndɛ fɛfɛʼm be sɔnnin suklu fluwaʼm be nun.,Baoulé,Mozilla Common Voice
common_voice_bci_41242560.mp3,Gbanflɛn kannganʼm be sasa klɔʼn.,Baoulé,Mozilla Common Voice
common_voice_bci_41242561.mp3,Otekun ti yɛ yɔbuɛ ɔ fiʼn talɛ.,Baoulé,Mozilla Common Voice
common_voice_bci_41242562.mp3,Djueʼn yo maan sranʼn i awlɛnʼn nin i wawɛʼn be wla gua ase.,Baoulé,Mozilla Common Voice
common_voice_bci_41242563.mp3,Bakannganʼm be fa nzue kunmanʼn nun ba nglɛmun kwlaa.,Baoulé,Mozilla Common Voice
common_voice_bci_41242564.mp3,"Kɛ likaʼn yo ayrɛʼn, n wla min tralɛʼn.",Baoulé,Mozilla Common Voice
common_voice_bci_41240246.mp3,Ɔ ti kokowefuɛ ngʼɔ fɛ i wun mantan be nga be di a gba.,Baoulé,Mozilla Common Voice
common_voice_bci_41243108.mp3,N suan fluwa klɛlɛ nin plɛti.,Baoulé,Mozilla Common Voice
common_voice_bci_41243109.mp3,"Kɛ e yo ninnge munʼn, n klo i.",Baoulé,Mozilla Common Voice
common_voice_bci_41243110.mp3,"Andɛʼn, like klefuɛʼn kanngan ndɛ fɛfɛ kun nun kle e.",Baoulé,Mozilla Common Voice
common_voice_bci_41243111.mp3,E ko trannin andɛ min wla fi min janvuɛʼm be su.,Baoulé,Mozilla Common Voice
common_voice_bci_41243253.mp3,Be di junman wie mun naan bʼa uka be nga be sa mianʼn.,Baoulé,Mozilla Common Voice
common_voice_bci_41243255.mp3,Mi le akloundjouê oh Gnanmien nou.,Baoulé,Mozilla Common Voice
common_voice_bci_41243256.mp3,Bakannganʼm be klo kɛ bé dí ngowa glaci danʼn nun.,Baoulé,Mozilla Common Voice
common_voice_bci_41243258.mp3,"Kɛ lika kwlaa ti fɔuunʼn, aunmuanʼn to djue.",Baoulé,Mozilla Common Voice
common_voice_bci_41243259.mp3,"Trɛ nu pka trɛ nu pka nʼzue nʼtôlô yôhô, gnamien o kahé.",Baoulé,Mozilla Common Voice
common_voice_bci_41243588.mp3,Gbanflɛn nin taluaʼm be uka klɔʼn su suaʼm be siesielɛʼn su.,Baoulé,Mozilla Common Voice
common_voice_bci_41243589.mp3,"Nannin ngʼɔ́ wá kɔ́ʼn, ɔ bo i sin kɔlɛ bo.",Baoulé,Mozilla Common Voice
common_voice_bci_41243590.mp3,Kloʼn lafi fɔuun viaʼn i bo lɔ.,Baoulé,Mozilla Common Voice
common_voice_bci_41243591.mp3,"Nian, n wunnin yɔbuɛ klanman kpa kun!",Baoulé,Mozilla Common Voice
common_voice_bci_41243592.mp3,Ba yasuaʼm be kɔ wakaʼm be nun be kunndɛ nnɛn kanngan mun.,Baoulé,Mozilla Common Voice
common_voice_bci_41243673.mp3,Klɔ sɔʼn le aliɛ diwlɛ kpanngban.,Baoulé,Mozilla Common Voice
common_voice_bci_41243674.mp3,E faman kolaʼn i bue kun sa naan yʼa yi tɛ.,Baoulé,Mozilla Common Voice
common_voice_bci_41243675.mp3,Ɔ ti cinnjin ekun kɛ amun kunndɛ wafa nga amun kwla yo amun ninngeʼm be atɛ ndɛndɛʼn.,Baoulé,Mozilla Common Voice
common_voice_bci_41243676.mp3,"Kɛ á kán ndɛʼn, yo sran ngʼɔ sie ɔ suʼn i annvɔ.",Baoulé,Mozilla Common Voice
common_voice_bci_41243677.mp3,La ndɛndɛ naan nglɛmunʼn wʼa djaso ndɛndɛ.,Baoulé,Mozilla Common Voice
common_voice_bci_41243717.mp3,Be tɔn aliɛ fɛfɛ kun be man e.,Baoulé,Mozilla Common Voice
common_voice_bci_41243718.mp3,Klɔʼn sufuɛʼm be yiali be kokoli yalɛ.,Baoulé,Mozilla Common Voice
common_voice_bci_41243720.mp3,Like ngʼɔ fataman kɛ be kanʼn yɛle kɛ be yɛ be kan ndɛ sɔʼn niɔn.,Baoulé,Mozilla Common Voice
common_voice_bci_41243721.mp3,Ɔ fata kɛ a wunnzin naan wʼa tɔman tukpachtɛ.,Baoulé,Mozilla Common Voice
common_voice_bci_41243722.mp3,A ssassa be tia srɛ.,Baoulé,Mozilla Common Voice
common_voice_bci_41243772.mp3,"Nian, ń klé wɔ wafa nga be fa yoʼn.",Baoulé,Mozilla Common Voice
common_voice_bci_41243773.mp3,Aika baʼn nɔnman nɔnnɔn ni i je.,Baoulé,Mozilla Common Voice
common_voice_bci_41243775.mp3,"Lupu se kɛ meow, ɔ ti srilɛ like, nán sɔ ɔ?",Baoulé,Mozilla Common Voice
common_voice_bci_41243776.mp3,"Kɛ bé dí fɛtriʼn, gbanflɛn nin taluaʼm be to jue.",Baoulé,Mozilla Common Voice
common_voice_bci_41243777.mp3,E bo yo kun e kɔ klɔ lɔ e ko di ngowa.,Baoulé,Mozilla Common Voice
common_voice_bci_41243819.mp3,"Um, a kwlá seman mi kɛ a yo mi like kan? N si kɛ a ɔli sika kunndɛlɛ.",Baoulé,Mozilla Common Voice
common_voice_bci_41243820.mp3,"Nglɛmun ngaʼn, amun ukali min kpa.",Baoulé,Mozilla Common Voice
common_voice_bci_41243821.mp3,Anunmanʼm be to jue nglɛmun nun.,Baoulé,Mozilla Common Voice
common_voice_bci_41243822.mp3,N seli ɔ niaan bianʼn kɛ ɔ nin min bla.,Baoulé,Mozilla Common Voice
common_voice_bci_41243823.mp3,"Fie nga e yoliʼn, ɔ su man.",Baoulé,Mozilla Common Voice
common_voice_bci_41244342.mp3,"Kɛ be se kɛ chiliʼn wʼa wie i kanninʼn nunʼn, á fá ɔ tiʼn kɔ́.",Baoulé,Mozilla Common Voice
common_voice_bci_41244344.mp3,Ɔ nin i janvuɛʼm be tɛtɛ tralɛ nglanmannglanman mun.,Baoulé,Mozilla Common Voice
common_voice_bci_41244346.mp3,Nʼyo wɔ kula mi wa bla.,Baoulé,Mozilla Common Voice
common_voice_bci_41244349.mp3,Be su nian awlobo flimu kun kɔnguɛ nga.,Baoulé,Mozilla Common Voice
common_voice_bci_41244352.mp3,A le aniaan bian kaan kun mʼɔ ti klanman kpaʼn.,Baoulé,Mozilla Common Voice
common_voice_bci_41244481.mp3,Bakannganʼm be si able fɛtriʼn i blɛ nun.,Baoulé,Mozilla Common Voice
common_voice_bci_41244483.mp3,"Kɛ likaʼn kwlaa yo diinʼn, baʼm be kpan.",Baoulé,Mozilla Common Voice
common_voice_bci_41244485.mp3,"Klɔ kun mɔ fɔundi o nunʼn, kɛ be wun iʼn, ɔ ti abonuan like.",Baoulé,Mozilla Common Voice
common_voice_bci_41244486.mp3,Bakannganʼm be to balɔn klɔʼn i fieʼn su lɔ.,Baoulé,Mozilla Common Voice
common_voice_bci_41244487.mp3,Aunmuanʼn fita kekle kpa jenvieʼn i nuan lɔ.,Baoulé,Mozilla Common Voice
common_voice_bci_41244680.mp3,Blaʼm be yo nzue baʼm be nun sanwun naan nzueʼn wʼa yo sanwun.,Baoulé,Mozilla Common Voice
common_voice_bci_41244681.mp3,Blaʼm be kpɛ nɲa fieʼm be nun.,Baoulé,Mozilla Common Voice
common_voice_bci_41244683.mp3,E kunndɛ kɛ wɔ ni ɔ yiʼn be ni e bla.,Baoulé,Mozilla Common Voice
common_voice_bci_41244684.mp3,"Sɛ a kunndɛ aklunjuɛ naan a wunmɛn iʼn, a kpɛ aklunjuɛ dilɛʼn i bo.",Baoulé,Mozilla Common Voice
common_voice_bci_41244685.mp3,Junior yɛ ɔ tɔli tukpacɛ kɛ ɔ fɛ i nglɛmun andɛʼn.,Baoulé,Mozilla Common Voice
common_voice_bci_41244882.mp3,Mi si ti like klefuɛ.,Baoulé,Mozilla Common Voice
common_voice_bci_41244883.mp3,Be sɔ aofuɛʼm be nun srilɛ nun.,Baoulé,Mozilla Common Voice
common_voice_bci_41244885.mp3,Be si able nzraamaʼm be bo lɔ kɔnguɛ kwlaa.,Baoulé,Mozilla Common Voice
common_voice_bci_41244886.mp3,Like kwlaa le i blɛ.,Baoulé,Mozilla Common Voice
common_voice_bci_41244887.mp3,Siɛ ni niɛnʼm be klo kɛ be ni be mmaʼm be di blɛ Mɔnnɛn chtɛnʼn.,Baoulé,Mozilla Common Voice
common_voice_bci_41245013.mp3,Sranʼm be kplan waka kpanwun naan bʼa kpɛ nzue ba mun.,Baoulé,Mozilla Common Voice
common_voice_bci_41245016.mp3,Mi niaan bian kaanʼn su suan nantilɛ blɛblɛblɛ.,Baoulé,Mozilla Common Voice
common_voice_bci_41245018.mp3,Lika do Nʼma lafi ndɛndɛ.,Baoulé,Mozilla Common Voice
common_voice_bci_41245021.mp3,"Dɔɔtrɔ bianʼn ti e djanvuɛ, ɔ uka e.",Baoulé,Mozilla Common Voice
common_voice_bci_41245023.mp3,Taluaʼm be kpɛ nzue gboʼn nun be man awlobofuɛ mun.,Baoulé,Mozilla Common Voice
common_voice_bci_41246790.mp3,Lɔfuɛʼm be klo kɛ bé nánti klɔʼn su.,Baoulé,Mozilla Common Voice
common_voice_bci_41246791.mp3,Be blɛ mi fluwa ma.,Baoulé,Mozilla Common Voice
common_voice_bci_41246793.mp3,"Min balɔnʼn wʼa jran, uka min ndɛndɛ!",Baoulé,Mozilla Common Voice
common_voice_bci_41246794.mp3,"Kɛ nzueʼn ko tɔʼn, yasua sɔʼm be siesie sua baʼm be ti su.",Baoulé,Mozilla Common Voice
common_voice_bci_41243106.mp3,"Kɛ ɔ ko yo naan wʼa di aliɛ nga bla kun mɔ i wawɛʼn wʼa tɔʼn, ɔ tɔnʼn, ɔ ti kpa, kɛ n lafi awe nunʼn.",Baoulé,Mozilla Common Voice
common_voice_bci_41246861.mp3,"Sukluʼn wo mmua kpa, min jaʼm be fɛ.",Baoulé,Mozilla Common Voice
common_voice_bci_41458960.mp3,Klɔ sranʼm be klo klɔ guaʼm be su aklunjuɛ.,Baoulé,Mozilla Common Voice
common_voice_bci_41246862.mp3,"Kɛ be klo sranʼn, ɔ yo be fɛ.",Baoulé,Mozilla Common Voice
common_voice_bci_41240245.mp3,Ɔ wla tralɛ ble klanman kpa titi.,Baoulé,Mozilla Common Voice
common_voice_bci_41246864.mp3,"Kɛ likaʼn doʼn, kakaaʼm be fite.",Baoulé,Mozilla Common Voice
common_voice_bci_41246865.mp3,Nɔnnɔn ti kpa man ɔ juejue yolɛ.,Baoulé,Mozilla Common Voice
common_voice_bci_41246866.mp3,"Lotoʼn juli dɔ su, kpɛkun ɔ ɔli Bouaké.",Baoulé,Mozilla Common Voice
common_voice_bci_41246943.mp3,Be siesie ngowa kanlɛ ninnge mun be man klɔʼn su ba kanngan mun.,Baoulé,Mozilla Common Voice
common_voice_bci_41246944.mp3,Ɔ fata kɛ mi niaan bian ni mi niaan blaʼm be ukali e niaan blaʼn.,Baoulé,Mozilla Common Voice
common_voice_bci_41246946.mp3,"Andɛʼn, sranʼm be sɔnnin guaʼn su.",Baoulé,Mozilla Common Voice
common_voice_bci_41246947.mp3,Aunjuɛʼn ti kɛ laliɛ fɛfɛ sa.,Baoulé,Mozilla Common Voice
common_voice_bci_41246949.mp3,"Nian ɔ mlu selikɛ, o wa nga wa yotɛ.",Baoulé,Mozilla Common Voice
common_voice_bci_41246968.mp3,Baba toli balɔn klanhan kun man mi.,Baoulé,Mozilla Common Voice
common_voice_bci_41246969.mp3,N klo kɛ ń súan ninnge uflɛ mun cɛn kwlaa.,Baoulé,Mozilla Common Voice
common_voice_bci_41246970.mp3,N yia min janvuɛ mun suklu lɔ nglɛmun kwlaa.,Baoulé,Mozilla Common Voice
common_voice_bci_41247028.mp3,Be ti kpa tra kɛ be lafi be ngunminʼn.,Baoulé,Mozilla Common Voice
common_voice_bci_41247029.mp3,N kwlá boman ngowa kun.,Baoulé,Mozilla Common Voice
common_voice_bci_41247030.mp3,Manmi klo kɛ n wunnzin min dje.,Baoulé,Mozilla Common Voice
common_voice_bci_41247031.mp3,Kɔkɔti nnɛn Koffi dan yɛ ɔ dili kwlaa ɔ.,Baoulé,Mozilla Common Voice
common_voice_bci_41247032.mp3,Lawlɛʼn ti kpa naan bʼa lafi kpa.,Baoulé,Mozilla Common Voice
common_voice_bci_41247192.mp3,"A wun mi kɛ nga sa, n siman blɔfuɛ kpa, sanngɛ ndɛ nga sranʼm be kanʼn, ɔ timan mi ndɛ.",Baoulé,Mozilla Common Voice
common_voice_bci_41247193.mp3,"Sa kwlaa nga be tɔ e suʼn, be ti kpa.",Baoulé,Mozilla Common Voice
common_voice_bci_41247194.mp3,Nzraamaʼm be kpaja ɲanmiɛn su lɔ kɔnguɛ.,Baoulé,Mozilla Common Voice
common_voice_bci_41247195.mp3,"Sran ngʼɔ wlaman tralɛʼn, ɔ kpêman ala nzra nun.",Baoulé,Mozilla Common Voice
common_voice_bci_41247196.mp3,"Be seman sɔ, ɔ ti ɔ tonton.",Baoulé,Mozilla Common Voice
common_voice_bci_41247325.mp3,Mi wa yassua kun tɔ tupkatʃɛ tɛ kpa.,Baoulé,Mozilla Common Voice
common_voice_bci_41247326.mp3,"Be nga be tran klɔ sɔʼn suʼn, be bo yo kun be yo akpɔʼm be su cɛn dilɛ.",Baoulé,Mozilla Common Voice
common_voice_bci_41247327.mp3,Be kɔ be lɔ teatriʼm be nun flimunʼm be nianlɛ nnɔsua nun titi.,Baoulé,Mozilla Common Voice
common_voice_bci_41247328.mp3,Mi si wʼa dun mmua wʼa ɔ fieʼn nun N kunndɛli kɛ e ni i é kɔ́.,Baoulé,Mozilla Common Voice
common_voice_bci_41247331.mp3,N nin baba e kɔ junman.,Baoulé,Mozilla Common Voice
common_voice_bci_41247458.mp3,Ɔ fata kɛ a nin sran kwlaa be tran kpa afin e siman like ngʼɔ́ wá jú ainmanʼn.,Baoulé,Mozilla Common Voice
common_voice_bci_41247460.mp3,Klɔfuɛʼm be siesie sika kunndɛlɛ naan bʼa uka be nga be sa mianʼn.,Baoulé,Mozilla Common Voice
common_voice_bci_41247462.mp3,Bianʼn wunmɛn i nuanʼn i awieliɛʼn.,Baoulé,Mozilla Common Voice
common_voice_bci_41247464.mp3,Be uka kpɛnngbɛn mun naan bʼa kan klɔʼn i su ndɛ.,Baoulé,Mozilla Common Voice
common_voice_bci_41247467.mp3,"Andɛʼn, fie dilɛ ninnge uflɛuflɛʼm be sɔnnin klɔʼn i guaʼn su.",Baoulé,Mozilla Common Voice
common_voice_bci_41247561.mp3,"Stéphane, kɔ kunndɛ bia man ɔ tontonʼn; ɔ́ trán ase.",Baoulé,Mozilla Common Voice
common_voice_bci_41247562.mp3,Mi niaan bianʼn ɲannin akatua kun desɛn ngʼɔ yiliʼn i su akplowa silɛʼn nun.,Baoulé,Mozilla Common Voice
common_voice_bci_41247564.mp3,Di like kan ya koklo.,Baoulé,Mozilla Common Voice
common_voice_bci_41247567.mp3,Gbanflɛn nin talua mun be lua nʼgatɛ.,Baoulé,Mozilla Common Voice
common_voice_bci_41247569.mp3,Kɔkun Sery nga n kunndɛman kɛ ń wún wɔ kun.,Baoulé,Mozilla Common Voice
common_voice_bci_41247681.mp3,"Kannzɛ bɔbɔ min bianʼn ti akɔʼn, n kwlá faman able nɲa n taman min tralɛʼn.",Baoulé,Mozilla Common Voice
common_voice_bci_41247684.mp3,N fali min ninnge mun n wlali min suklu bajɛʼn nun klanman.,Baoulé,Mozilla Common Voice
common_voice_bci_41247686.mp3,"Sran ngʼɔ klo kɛ be yo i likeʼn, yɛ ɔ di i fieʼn atinʼn i nuan lɛ ɔ.",Baoulé,Mozilla Common Voice
common_voice_bci_41247688.mp3,Mi si wʼa dun mmua wʼa ɔ fieʼn nun N kunndɛli kɛ e nin i é kɔ́.,Baoulé,Mozilla Common Voice
common_voice_bci_41247690.mp3,Yɛ a seman kɛ a klo sran nga be fɛʼn.,Baoulé,Mozilla Common Voice
common_voice_bci_41247757.mp3,Ɔ to jue fɛfɛ kpa man ba kanngan mun.,Baoulé,Mozilla Common Voice
common_voice_bci_41247759.mp3,Ba yasuaʼm be uka fieʼm be dilɛ likaʼn nun.,Baoulé,Mozilla Common Voice
common_voice_bci_41247760.mp3,Baba di sua kplanlɛ junman.,Baoulé,Mozilla Common Voice
common_voice_bci_41247764.mp3,Manmi wunnzin tralɛ fien nglɛmun.,Baoulé,Mozilla Common Voice
common_voice_bci_41247766.mp3,Be siesie fluwa siewlɛ lɔ fluwa mun kpa tabliʼm be su.,Baoulé,Mozilla Common Voice
common_voice_bci_41247894.mp3,Be su kɔ wunmiɛn lolɛ le mɔcuɛ nɲɔn sin.,Baoulé,Mozilla Common Voice
common_voice_bci_41247895.mp3,Kata fenɛtriʼm be kwlaa be su siɛnʼn.,Baoulé,Mozilla Common Voice
common_voice_bci_41247896.mp3,"Baʼm be bo yo kun be sri, like kwlaa ti kpa.",Baoulé,Mozilla Common Voice
common_voice_bci_41247897.mp3,Nnɛnʼn siman kɛ ngwlɛlɛfuɛʼn wun ɲrɛnnɛn.,Baoulé,Mozilla Common Voice
common_voice_bci_41247898.mp3,"Maan e bo yo kun e di ngowa, nán e kpan, e sri.",Baoulé,Mozilla Common Voice
common_voice_bci_41247976.mp3,Nestor n se kɛ yo yɛ sɛ e yo fieʼn i danʼn.,Baoulé,Mozilla Common Voice
common_voice_bci_41247977.mp3,N dili aliɛ kpa.,Baoulé,Mozilla Common Voice
common_voice_bci_41247978.mp3,Ye kwla kɔ jenvie nuan ainman?,Baoulé,Mozilla Common Voice
common_voice_bci_41247979.mp3,Ɔ siesie kpanwun kun awloboʼn i cɛn dilɛʼn i ti.,Baoulé,Mozilla Common Voice
common_voice_bci_41247980.mp3,"Kɛ be se kɛ be wun bianʼn, i boʼn yɛle kɛ be simɛn i.",Baoulé,Mozilla Common Voice
common_voice_bci_41248055.mp3,A o nin nian wafa nga a tiʼn.,Baoulé,Mozilla Common Voice
common_voice_bci_41248056.mp3,"Sɛ a yo sa tɛ Ɲanmiɛn ɲrunʼn, a fa ɲrɛnnɛn wla ɔ wun.",Baoulé,Mozilla Common Voice
common_voice_bci_41248057.mp3,"Atin ngʼɔ kpɛʼn, ɔ saciman nzue baʼn.",Baoulé,Mozilla Common Voice
common_voice_bci_41248058.mp3,E klo kɛ é kɔ́ lika été nun.,Baoulé,Mozilla Common Voice
common_voice_bci_41248059.mp3,"Anangaman mi srɛ wɔ o, siɛ he man yo tɛ.",Baoulé,Mozilla Common Voice
common_voice_bci_41248143.mp3,Nzue nɔnlɛ chtɛn kwlakwla ti kpa.,Baoulé,Mozilla Common Voice
common_voice_bci_41248145.mp3,"Like kwlaa ngʼɔ o e suʼn, ɔ ti kpa.",Baoulé,Mozilla Common Voice
common_voice_bci_41248146.mp3,"A fuan akɔ tɛʼn, kpɛkun kpɛkun akɔ kpaʼn kusu ɔ kɔ.",Baoulé,Mozilla Common Voice
common_voice_bci_41248148.mp3,"Atinʼn kwla kata ɔ ɲrun lɛ, nán ɔ sin lɔ.",Baoulé,Mozilla Common Voice
common_voice_bci_41248149.mp3,"Nzue su tɔ dan andɛ, nán ɔ wla fi ɔ tralɛʼm be su.",Baoulé,Mozilla Common Voice
common_voice_bci_41248251.mp3,Gonuan like sɔʼn wʼa saci.,Baoulé,Mozilla Common Voice
common_voice_bci_41248254.mp3,Ndɛ wɛtɛɛʼn yo sran kwlaa ye.,Baoulé,Mozilla Common Voice
common_voice_bci_41248256.mp3,E nin like klefuɛʼn e yo matematiki.,Baoulé,Mozilla Common Voice
common_voice_bci_41248258.mp3,N kwlá boman min tralɛʼn i buto.,Baoulé,Mozilla Common Voice
common_voice_bci_41248259.mp3,"Kɛ like kwlaa ti dĩnʼn, angloʼn kpadja.",Baoulé,Mozilla Common Voice
common_voice_bci_41248669.mp3,Gbanflɛn nin talua mun be di junman sɔʼn.,Baoulé,Mozilla Common Voice
common_voice_bci_41248670.mp3,Kouassi ɔ fata kɛ a si.,Baoulé,Mozilla Common Voice
common_voice_bci_41248671.mp3,Aluaʼn wanndi balɔnʼn i sin ndɛndɛ.,Baoulé,Mozilla Common Voice
common_voice_bci_41248672.mp3,"Fieʼn nunʼn, flɛri fanunfanunʼm be sɔnnin.",Baoulé,Mozilla Common Voice
common_voice_bci_41248673.mp3,N kunndɛ kɛ n ɲan kpanwun mɔ be fa kpanwun kpanngban be gua nunʼn.,Baoulé,Mozilla Common Voice
common_voice_bci_41248733.mp3,Klɔ kpɛnngbɛnʼn wla gbanflɛn nin taluaʼm be fanngan kɛ be di fie.,Baoulé,Mozilla Common Voice
common_voice_bci_41248736.mp3,Manmi seli kɛ baba ti kpa.,Baoulé,Mozilla Common Voice
common_voice_bci_41248737.mp3,Like ngʼɔ ti kinndjin kpaʼn yɛle baʼm be lika nianlɛʼn.,Baoulé,Mozilla Common Voice
common_voice_bci_41248739.mp3,"Wawa blɛ nunʼn, e ɲanman nʼzue.",Baoulé,Mozilla Common Voice
common_voice_bci_41248740.mp3,Be tali waka mun suaʼn i wun lɛ.,Baoulé,Mozilla Common Voice
common_voice_bci_41248813.mp3,N siman nzue nun wlɛwlɛ kɛ be ngaʼm be sa.,Baoulé,Mozilla Common Voice
common_voice_bci_41248815.mp3,Be kɔ djue tralɛ nzueʼn nun nglɛmun kwlaa.,Baoulé,Mozilla Common Voice
common_voice_bci_41248817.mp3,Manmin ton aliɛ man awlobofuɛ mun.,Baoulé,Mozilla Common Voice
common_voice_bci_41248820.mp3,Aofuɛʼm be bali andɛ ndɔsua nun.,Baoulé,Mozilla Common Voice
common_voice_bci_41248822.mp3,"Sran ngʼɔ di like kanʼn, ɔ yoman tɛtɛ le.",Baoulé,Mozilla Common Voice
common_voice_bci_41252918.mp3,"Nzue blɛ nunʼn, yasuaʼm be nian nnɛniʼm be lika.",Baoulé,Mozilla Common Voice
common_voice_bci_41252986.mp3,"Kɛ á nían ngowa kanlɛʼn, ɔ diman ngowa.",Baoulé,Mozilla Common Voice
common_voice_bci_41252985.mp3,Ba yasuaʼm be su tra jue nzue baʼn nun kɛ wiaʼn fíteʼn.,Baoulé,Mozilla Common Voice
common_voice_bci_41252984.mp3,E leman like fi naan yʼa siesie be wun naan bʼa sa be sin suklu lɔ.,Baoulé,Mozilla Common Voice
common_voice_bci_41252921.mp3,Sran bleʼn wunnin i ɲrunʼn.,Baoulé,Mozilla Common Voice
common_voice_bci_41252920.mp3,Wan yɛ amun bu i kɛ amun ti ɔ?,Baoulé,Mozilla Common Voice
common_voice_bci_41252919.mp3,"Mi houn Ano, Mi houn Ano, bla ɔ.",Baoulé,Mozilla Common Voice
common_voice_bci_41250685.mp3,Ngue ekun yɛ sran sɔʼm be kunndɛ ɔ?,Baoulé,Mozilla Common Voice
common_voice_bci_41252917.mp3,N kunndɛ kɛ e nin wɔ é kɔ́ parki lɔ.,Baoulé,Mozilla Common Voice
common_voice_bci_41252875.mp3,Bakannganʼm be kpɛ be tralɛʼm be nun.,Baoulé,Mozilla Common Voice
common_voice_bci_41252874.mp3,Awlo lɔ junmanʼn uka amun naan amun a wun like suanlɛʼn i wlɛ.,Baoulé,Mozilla Common Voice
common_voice_bci_41252873.mp3,Mi yi ɔli ko srɛli ukalɛ.,Baoulé,Mozilla Common Voice
common_voice_bci_41252872.mp3,Gbanflɛn nin taluaʼm be di fie dilɛ junmanʼn wie.,Baoulé,Mozilla Common Voice
common_voice_bci_41252871.mp3,Like kloi nʼga fia fai su.,Baoulé,Mozilla Common Voice
common_voice_bci_41250951.mp3,Sukluʼn kle amun kɛ amun yo sran kpa.,Baoulé,Mozilla Common Voice
common_voice_bci_41250949.mp3,Baba su siesie moto ngʼɔ saciliʼn andɛ.,Baoulé,Mozilla Common Voice
common_voice_bci_41250945.mp3,"Janvuɛʼm be fa be ngowa kanlɛ ninngeʼm be man sran mun, ɔ ti kpa.",Baoulé,Mozilla Common Voice
common_voice_bci_41250937.mp3,Sranʼm be fa kpanngɔʼm be fa sin likaʼm be nun.,Baoulé,Mozilla Common Voice
common_voice_bci_41250936.mp3,Bakannganʼm be klo kɛ bé fá be ngowa kanlɛ ninngeʼm bé dí ngowa kɛ be ko wie suklu diʼn.,Baoulé,Mozilla Common Voice
common_voice_bci_41250473.mp3,Nzraamaʼm be kpadja kɔnguɛ bleʼn nun.,Baoulé,Mozilla Common Voice
common_voice_bci_41250676.mp3,Ɔ fata kɛ n tu mi klunngbɔ.,Baoulé,Mozilla Common Voice
common_voice_bci_41250675.mp3,Gbanflɛn ɔ ni talua mun be ta bua mun.,Baoulé,Mozilla Common Voice
common_voice_bci_41250641.mp3,"Mi niaan bian, ɔ fata kɛ a uka min.",Baoulé,Mozilla Common Voice
common_voice_bci_41250638.mp3,"Ɔ timan tɛ, n dun mmua dili aliɛ cɛn uflɛ.",Baoulé,Mozilla Common Voice
common_voice_bci_41250637.mp3,Mi niaan blaʼn le tralɛ klanman kpa.,Baoulé,Mozilla Common Voice
common_voice_bci_41250636.mp3,Be rali min ninngeʼm be kwlaa.,Baoulé,Mozilla Common Voice
common_voice_bci_41250635.mp3,E bali kɛ é kán ndɛ.,Baoulé,Mozilla Common Voice
common_voice_bci_41250567.mp3,"Telefɔnunʼn bo, sran kun su flɛ ɔ dunmanʼn.",Baoulé,Mozilla Common Voice
common_voice_bci_41250566.mp3,E bali kɛ é kán ndɛ naan amun a kpɛ i guaʼn su kan.,Baoulé,Mozilla Common Voice
common_voice_bci_41250565.mp3,"A lɛman fie, a kwlá diman waka nga a kloʼn.",Baoulé,Mozilla Common Voice
common_voice_bci_41250563.mp3,N su ba nnɔsua nun ń kó nían wafa nga baʼn tiʼn.,Baoulé,Mozilla Common Voice
common_voice_bci_41250559.mp3,Ɔ le like kwlaa nga ɔ sa miɛn i wunʼn.,Baoulé,Mozilla Common Voice
common_voice_bci_41250478.mp3,Mi aata dilɛʼn sakili.,Baoulé,Mozilla Common Voice
common_voice_bci_41250476.mp3,Suklu klefuɛʼn kle e fluwa nun kannganlɛ kpa.,Baoulé,Mozilla Common Voice
common_voice_bci_41250475.mp3,Bakannganʼm be su wanndi fieʼn nun lɔ.,Baoulé,Mozilla Common Voice
common_voice_bci_41250474.mp3,"A wan, a klɛ mi yalɛ, a si man kɛ, a sou klɛ mi nʼglouɛlɛ.",Baoulé,Mozilla Common Voice
common_voice_bci_41248870.mp3,"Nzueʼn i blɛ nunʼn, aunmuanʼn fita kekle kpa.",Baoulé,Mozilla Common Voice
common_voice_bci_41248874.mp3,Ɔ fata kɛ e wɔ ninnge tolɛ ka naan yʼa wɔ awlo.,Baoulé,Mozilla Common Voice
common_voice_bci_41248875.mp3,"Ngue ti yɛ ɲanmiɛn su lɔʼn ti ble ɔ, manmi?",Baoulé,Mozilla Common Voice
common_voice_bci_41246795.mp3,Yasuaʼm be kɔ akpasuaakpasua be ko kunndɛ nnɛn.,Baoulé,Mozilla Common Voice
common_voice_bci_41248924.mp3,"Sran kwlaa ngʼɔ te o nguan nunʼn, ɔ́ wún.",Baoulé,Mozilla Common Voice
common_voice_bci_41248925.mp3,Nán lika uflɛ nun yɛ ijreʼn ti mlanmlanmlan ɔn.,Baoulé,Mozilla Common Voice
common_voice_bci_41248926.mp3,"Be waan kɛ a nin a wumanʼn, ɔ fata kɛ a di aliɛ kpa.",Baoulé,Mozilla Common Voice
common_voice_bci_41248928.mp3,Alua ble nian fenɛtri tikewa nu.,Baoulé,Mozilla Common Voice
common_voice_bci_41248990.mp3,Manmi kan ndɛ mango wakaʼn i bo lɔ.,Baoulé,Mozilla Common Voice
common_voice_bci_41248992.mp3,Ɔ bɔbɔ kwla ba wie.,Baoulé,Mozilla Common Voice
common_voice_bci_41248993.mp3,Ɔ fata kɛ be uka min naan mʼan wie junmanʼn i di ndɛndɛ.,Baoulé,Mozilla Common Voice
common_voice_bci_41248995.mp3,Ye kɔ sinema lɔ kɔ nian flimu kun.,Baoulé,Mozilla Common Voice
common_voice_bci_41248996.mp3,"Kɛ mɔ n bu min junmanʼn i cinnjinʼn tiʼn, min liɛʼn wʼa yo ye.",Baoulé,Mozilla Common Voice
common_voice_bci_41249071.mp3,N suan lɛtri klɛlɛ suklu lɔ.,Baoulé,Mozilla Common Voice
common_voice_bci_41249073.mp3,Bakannganʼm be suan desɛn yilɛ.,Baoulé,Mozilla Common Voice
common_voice_bci_41249076.mp3,Ɔ nnɛn kpanngɔʼn wo suaʼn i ɲrun lɛ.,Baoulé,Mozilla Common Voice
common_voice_bci_41249078.mp3,"E leman sika kun, kan nga e ka lɛʼn, a fa nga kɔ nɔn nzan.",Baoulé,Mozilla Common Voice
common_voice_bci_41249079.mp3,"Sɛ amun ju lɔʼn, ń yó sran kwlaa like, awlobofuɛʼm be wla kpɛn min su kpa.",Baoulé,Mozilla Common Voice
common_voice_bci_41249099.mp3,"Andɛ Mɔnnɛn cɛnʼn, likaʼn ti dolɛ kpa.",Baoulé,Mozilla Common Voice
common_voice_bci_41249130.mp3,"Ah, ngue ti yɛ amun leman sika ɔ? Ɔ fata kɛ a ɲan sika.",Baoulé,Mozilla Common Voice
common_voice_bci_41249131.mp3,"Aliɛʼn wʼa lo kpa, n rali min wun.",Baoulé,Mozilla Common Voice
common_voice_bci_41249132.mp3,Gbanflɛn nin talua mun be yia wakaʼn i bo lɔ be koko yalɛ.,Baoulé,Mozilla Common Voice
common_voice_bci_41249133.mp3,Ba yalɛfuɛʼn siman kɛ i ninʼn klo i.,Baoulé,Mozilla Common Voice
common_voice_bci_41249134.mp3,Ɔ wla fi i lakleʼm be su awlo lɔ.,Baoulé,Mozilla Common Voice
common_voice_bci_41249160.mp3,Manmi seli kɛ nnɛn ontin ontinʼm be ti tɛ.,Baoulé,Mozilla Common Voice
common_voice_bci_41249161.mp3,Bakannganʼm be su di ngowa viaʼn i bo.,Baoulé,Mozilla Common Voice
common_voice_bci_41249162.mp3,Nzueʼn tɔ wakaʼm be su blɛblɛblɛ.,Baoulé,Mozilla Common Voice
common_voice_bci_41249163.mp3,Nestor n kanman ndɛ fi n kleman wɔ.,Baoulé,Mozilla Common Voice
common_voice_bci_41249165.mp3,Ɔ ta agba i fieʼn nun afuɛ kwlaa nun.,Baoulé,Mozilla Common Voice
common_voice_bci_41249313.mp3,"Mi ba nɔnman ti klanman, ɔ ti bla.",Baoulé,Mozilla Common Voice
common_voice_bci_41249314.mp3,Efata kɛ n wɔ suklu ainman nglɛmun.,Baoulé,Mozilla Common Voice
common_voice_bci_41249315.mp3,Anuannzɛ sɔʼn mannin mi akunndan kun.,Baoulé,Mozilla Common Voice
common_voice_bci_41249316.mp3,Maan e wɔ.,Baoulé,Mozilla Common Voice
common_voice_bci_41249317.mp3,"Kɛ be wun sranʼn, i sɔʼn kleman kɛ be si sran sɔʼn.",Baoulé,Mozilla Common Voice
common_voice_bci_41249378.mp3,Blaʼm be tɔn aliɛ be man fie difuɛ mun.,Baoulé,Mozilla Common Voice
common_voice_bci_41249380.mp3,Ɔ klo kɛ ɔ́ fá loto kɔ́ lika dɔ nga su.,Baoulé,Mozilla Common Voice
common_voice_bci_41249383.mp3,Lotoʼn su kɔ blɛblɛblɛ akpɔʼn su.,Baoulé,Mozilla Common Voice
common_voice_bci_41249384.mp3,E kɔ guaʼn su lɔ e ko to waka mma.,Baoulé,Mozilla Common Voice
common_voice_bci_41248923.mp3,Ayinʼman nʼma kɔ fie nu juman ni mi si.,Baoulé,Mozilla Common Voice
common_voice_bci_41249441.mp3,Klasiʼn i tabloʼn ti dan yɛ ɔ ti ble.,Baoulé,Mozilla Common Voice
common_voice_bci_41249442.mp3,Bakannganʼm be di ngowa wakaʼn i bo lɔ nglɛmun kwlaa.,Baoulé,Mozilla Common Voice
common_voice_bci_41249444.mp3,Min si di junman kekle e awlobofuɛʼm be lika cɛn kwlakwla.,Baoulé,Mozilla Common Voice
common_voice_bci_41249445.mp3,Kɔnguɛ kwlaa wʼa yomɛn i wun fɛ.,Baoulé,Mozilla Common Voice
common_voice_bci_41249446.mp3,N kwla nian min awlobofuɛʼm be lika.,Baoulé,Mozilla Common Voice
common_voice_bci_41249744.mp3,Baba kanngan fluwa kun nun ka naan wʼa lafi.,Baoulé,Mozilla Common Voice
common_voice_bci_41249745.mp3,Amun su saci e blɛ.,Baoulé,Mozilla Common Voice
common_voice_bci_41249747.mp3,Bakanʼm be kpɛ waka be tɔn si fie su lɔ.,Baoulé,Mozilla Common Voice
common_voice_bci_41249749.mp3,Klɔʼn su lɔ gbanflɛn nin talua mun be bo yo kun be suan lã able silɛʼn.,Baoulé,Mozilla Common Voice
common_voice_bci_41249752.mp3,Nzueʼn yo naan nigema be yo kpa.,Baoulé,Mozilla Common Voice
common_voice_bci_41249788.mp3,Min janvuɛʼn le alua kun mʼɔ klo ngowa kanlɛʼn niɔn.,Baoulé,Mozilla Common Voice
common_voice_bci_41249789.mp3,Gbanflɛn nin talua mun be yia wakaʼn i bo lɔ nnɔsua kwlaa.,Baoulé,Mozilla Common Voice
common_voice_bci_41249790.mp3,Bakannganʼm be su di fiawlɛʼn i ngowa awloʼn nun lɔ.,Baoulé,Mozilla Common Voice
common_voice_bci_41249791.mp3,"Ɔ yoli kekle mannin min kpa, sanngɛ ɔ ti laa liɛ.",Baoulé,Mozilla Common Voice
common_voice_bci_41249792.mp3,Ye tonnin aliɛ fɛfɛ kpa likawlɛ.,Baoulé,Mozilla Common Voice
common_voice_bci_41249897.mp3,"Kɛ amun nin sran kun be nin a tranmanʼn, nán amun se kɛ amun si i.",Baoulé,Mozilla Common Voice
common_voice_bci_41249898.mp3,Ayrɛʼn tɔ kɔnguɛʼm be nun.,Baoulé,Mozilla Common Voice
common_voice_bci_41249899.mp3,Ba yasuaʼm be kplan sua nɲa mun nin waka mma mun.,Baoulé,Mozilla Common Voice
common_voice_bci_41249900.mp3,"Sran ngʼɔ di like kanʼn, ɔ yoman tɛtɛ.",Baoulé,Mozilla Common Voice
common_voice_bci_41249901.mp3,Be yia cafe me nu be koko yalɛ kɔkun be yijɔ likawlɛ.,Baoulé,Mozilla Common Voice
common_voice_bci_41249912.mp3,Aluaʼn lafi fɔundi nun kpa.,Baoulé,Mozilla Common Voice
common_voice_bci_41249913.mp3,Wakaʼm be man sran kwlaa i wawɛ.,Baoulé,Mozilla Common Voice
common_voice_bci_41249914.mp3,Mi si kleli min wafa nga be di ablé fieʼn nun lɔʼn.,Baoulé,Mozilla Common Voice
common_voice_bci_41249915.mp3,Ontin ontin be nɔn mmoja naan bʼa tran nguan nun.,Baoulé,Mozilla Common Voice
common_voice_bci_41249916.mp3,Yalé foué wan divin ya fê.,Baoulé,Mozilla Common Voice
common_voice_bci_41249965.mp3,"Ô Wiégoun Mʼdôman Torh Siʼn nouh, yo y yako...Nan sékê, wa tranman pka tiorh.",Baoulé,Mozilla Common Voice
common_voice_bci_41249966.mp3,Be ni akɔ dah be kpli man nʼdre.,Baoulé,Mozilla Common Voice
common_voice_bci_41249967.mp3,Viaʼn fiteli andɛ klɔʼn su lɔ.,Baoulé,Mozilla Common Voice
common_voice_bci_41249970.mp3,N klo kɛ ń fá min crayon ngʼɔ ti ufueʼn ń yí desɛn.,Baoulé,Mozilla Common Voice
common_voice_bci_41249972.mp3,Boliʼm be di ijre ngʼɔ o nzue baʼn i wun lɛʼn su.,Baoulé,Mozilla Common Voice
common_voice_bci_41249987.mp3,"N klo bonbon, be ti fɛ kpa.",Baoulé,Mozilla Common Voice
common_voice_bci_41249988.mp3,Srɛ kunnin min mantanfuɛʼn i alua.,Baoulé,Mozilla Common Voice
common_voice_bci_41249989.mp3,Ɔ wun sasalɛʼn timan asiɛʼn i vɛrri.,Baoulé,Mozilla Common Voice
common_voice_bci_41249991.mp3,Ɔ leman kunman naan ɔ ti wɔ.,Baoulé,Mozilla Common Voice
common_voice_bci_41249993.mp3,Manmi wunnzin tralɛ eni waka mma.,Baoulé,Mozilla Common Voice
common_voice_bci_41250005.mp3,Ba yasuaʼm be uka be si nin be nin naan be bo yo kun be di fie.,Baoulé,Mozilla Common Voice
common_voice_bci_41250042.mp3,"Sɛ amun nin a diman fie fɔkɔ lɔ deʼn, amun su siman kɛ kanga di awieʼn.",Baoulé,Mozilla Common Voice
common_voice_bci_41250044.mp3,Be fa nɲa nga be wun be guaʼn su lɔʼn be yo jɛtɛ ufue.,Baoulé,Mozilla Common Voice
common_voice_bci_41250045.mp3,"Sɛ nzue wa tɔmanʼn, é kɔ́ gua bo ainman nglɛmun.",Baoulé,Mozilla Common Voice
common_voice_bci_41250046.mp3,Aliɛ difuɛ kpaman tro nu.,Baoulé,Mozilla Common Voice
common_voice_bci_41250047.mp3,Bakannganʼm be su di ngowa klɔʼn su lɔ.,Baoulé,Mozilla Common Voice
common_voice_bci_41250083.mp3,N le janvuɛ kpanngban min suklu lɔ.,Baoulé,Mozilla Common Voice
common_voice_bci_41250084.mp3,E kwla fa kɔ ni mi lotoʼn.,Baoulé,Mozilla Common Voice
common_voice_bci_41250087.mp3,Alua lafi kpa kɛtɛ su.,Baoulé,Mozilla Common Voice
common_voice_bci_41250090.mp3,"Kɛ á kɔ́ fa ɔ sikaʼn, fa ɔ nimeroʼn man bian ngʼɔ yi sikaʼn.",Baoulé,Mozilla Common Voice
common_voice_bci_41250092.mp3,N su usa wɔ ndɛ kun.,Baoulé,Mozilla Common Voice
common_voice_bci_41250113.mp3,Ba yasuaʼm be suan kolɛ be nannanʼm be sa nun.,Baoulé,Mozilla Common Voice
common_voice_bci_41250114.mp3,"E bo yo kun e di ngowa, e faman ya lɛ.",Baoulé,Mozilla Common Voice
common_voice_bci_41250115.mp3,E wunnin tralɛ klanman kun guabo lɔ.,Baoulé,Mozilla Common Voice
common_voice_bci_41250116.mp3,Be su kplan sua uflɛuflɛ kun wa.,Baoulé,Mozilla Common Voice
common_voice_bci_41250122.mp3,"N su fite, Nʼma sa min sin ndɛndɛ.",Baoulé,Mozilla Common Voice
common_voice_bci_41250380.mp3,Ɔ timan kpa ti yɛ ɔ yo sɔ ɔ.,Baoulé,Mozilla Common Voice
common_voice_bci_41250381.mp3,Be nianman sran ngʼɔ su bobo nʼgatɛ nuanʼn nun.,Baoulé,Mozilla Common Voice
common_voice_bci_41249388.mp3,Baba condu loto kɔ guabo.,Baoulé,Mozilla Common Voice
common_voice_bci_41250386.mp3,Ɔ tie djue blɛblɛblɛ kpa.,Baoulé,Mozilla Common Voice
common_voice_bci_41250382.mp3,Tchɛtchɛ wa timan nʼdɛ nʼgamon ɔ o mɛn nun.,Baoulé,Mozilla Common Voice
common_voice_bci_41250432.mp3,"Wawa blɛ nunʼn, gbanflɛn ni talua mun be ta bua mun.",Baoulé,Mozilla Common Voice
common_voice_bci_41250433.mp3,"Nanwlɛ, mi niaan mun, n yo amun mo dan.",Baoulé,Mozilla Common Voice
common_voice_bci_41250447.mp3,Bakannganʼm be su di ngowa fieʼn nun lɔ nnɔsua nga nun.,Baoulé,Mozilla Common Voice
common_voice_bci_41250436.mp3,N wla fi su kɛ n yoli min awlo lɔ junmanʼn annunman.,Baoulé,Mozilla Common Voice
common_voice_bci_41250435.mp3,Desɛn yilɛʼn yɛ ɔ ti min junman nga n klo i kpa suklu lɔʼn niɔn.,Baoulé,Mozilla Common Voice
common_voice_bci_41250434.mp3,Ɔ tie ndɛ nga i nannan blaʼn kanʼn.,Baoulé,Mozilla Common Voice
common_voice_bci_41646435.mp3,"Be mantanfuɛʼm be ti kpa, e tran klanman.",Baoulé,Mozilla Common Voice
common_voice_bci_41623432.mp3,"Cɛn nga be se kɛ bé úka sikaʼn suʼn, cɛn sɔʼn nun yɛ ń kɔ́ ɔ.",Baoulé,Mozilla Common Voice
common_voice_bci_41640341.mp3,N kunndɛ kɛ e nin wɔ é kɔ́ parki lɔ.,Baoulé,Mozilla Common Voice
common_voice_bci_41640328.mp3,"Odile, ɔ yo ɔ like! A djuli wa ndɛndɛ.",Baoulé,Mozilla Common Voice
common_voice_bci_41640327.mp3,"Sran ngʼɔ di like kanʼn, ɔ yoman tɛtɛ le.",Baoulé,Mozilla Common Voice
common_voice_bci_41640324.mp3,"Nglɛmunʼn, akɔɲinmanʼn kpan kekle kpa.",Baoulé,Mozilla Common Voice
common_voice_bci_41640316.mp3,Nʼzue su tɔ kɔkun Nʼkunnu dɛ kan ngowa gua su lɔ.,Baoulé,Mozilla Common Voice
common_voice_bci_41640315.mp3,"Mi niaan bian, ɔ fata kɛ a uka min.",Baoulé,Mozilla Common Voice
common_voice_bci_41640314.mp3,A bu i kɛ min ti yɛ a yo ɔ.,Baoulé,Mozilla Common Voice
common_voice_bci_41640305.mp3,"Andɛʼn, ɔ ti cɛn dan.",Baoulé,Mozilla Common Voice
common_voice_bci_41640304.mp3,"Kɛ amun nin sran kun be nin a tranmanʼn, nán amun se kɛ amun si i.",Baoulé,Mozilla Common Voice
common_voice_bci_41640303.mp3,Like klefuɛʼn yiyi like suanlɛʼn nun weinwein kpa.,Baoulé,Mozilla Common Voice
common_voice_bci_41640302.mp3,Like klefuɛʼn yiyi like suanlɛʼm be nun kpa.,Baoulé,Mozilla Common Voice
common_voice_bci_41640290.mp3,Be uka klɔʼn su nnɛnʼm be likaʼm be kplanlɛʼn su.,Baoulé,Mozilla Common Voice
common_voice_bci_41640289.mp3,Yasuaʼm be kɔ akpasuaakpasua be ko kunndɛ nnɛn.,Baoulé,Mozilla Common Voice
common_voice_bci_41640288.mp3,Ye kwla kɔ jenvie nuan ainman?,Baoulé,Mozilla Common Voice
common_voice_bci_41640287.mp3,"Andɛʼn, like klefuɛʼn mannin awlo lɔ junman kpanngban.",Baoulé,Mozilla Common Voice
common_voice_bci_41640286.mp3,"Nzue blɛ nunʼn, yasuaʼm be nian nnɛniʼm be lika.",Baoulé,Mozilla Common Voice
common_voice_bci_41640285.mp3,Be kɔ djue tralɛ nzueʼn nun nglɛmun kwlaa.,Baoulé,Mozilla Common Voice
common_voice_bci_41640284.mp3,Bakannganʼm be wanndi fie mʼɔ ti mlanmlanmlanʼn nun.,Baoulé,Mozilla Common Voice
common_voice_bci_41640283.mp3,Aunjuɛʼn ti kɛ laliɛ fɛfɛ sa.,Baoulé,Mozilla Common Voice
common_voice_bci_41640275.mp3,Klɔʼn le nzue ba klanman kpa kun mʼɔ ti weiinʼn.,Baoulé,Mozilla Common Voice
common_voice_bci_41640274.mp3,"Nzueʼn ti dĩn, yɛ ɔ ti ble kpa.",Baoulé,Mozilla Common Voice
common_voice_bci_41640273.mp3,"Be seman sɔ, ɔ ti ɔ tonton.",Baoulé,Mozilla Common Voice
common_voice_bci_41640268.mp3,Be kɔ be lɔ teatriʼm be nun flimunʼm be nianlɛ nnɔsua nun titi.,Baoulé,Mozilla Common Voice
common_voice_bci_41640266.mp3,Lafilɛʼn uka mi wunnɛnʼn naan wʼa yo kpa.,Baoulé,Mozilla Common Voice
common_voice_bci_41640263.mp3,Ijɔ lɔ Ijɔ kɛ e ijɔ lɔ e tuaman sika.,Baoulé,Mozilla Common Voice
common_voice_bci_41640262.mp3,"Se ayo tɛ akoman lɔ, Gnanmien lika lɔ, oh.",Baoulé,Mozilla Common Voice
common_voice_bci_41640260.mp3,Kloʼn wo tabliʼn i bo lɔ.,Baoulé,Mozilla Common Voice
common_voice_bci_41640259.mp3,Kɔkɔti nnɛn Koffi dan yɛ ɔ dili kwlaa ɔ.,Baoulé,Mozilla Common Voice
common_voice_bci_41640258.mp3,Blo nnɛnʼm be tran waka dandanʼm be nun be ɲanman be ti.,Baoulé,Mozilla Common Voice
common_voice_bci_41640257.mp3,Clocheʼn bo naan bʼa bo like suanlɛʼn i bo.,Baoulé,Mozilla Common Voice
common_voice_bci_41640256.mp3,Manmi kan ndɛ mango wakaʼn i bo lɔ.,Baoulé,Mozilla Common Voice
common_voice_bci_41640250.mp3,Manmi klo kɛ n wunnzin min dje.,Baoulé,Mozilla Common Voice
common_voice_bci_41640249.mp3,Klɔʼn su suaʼm be ti tɛnndɛn.,Baoulé,Mozilla Common Voice
common_voice_bci_41640246.mp3,Mi yi ɔli ko srɛli ukalɛ.,Baoulé,Mozilla Common Voice
common_voice_bci_41640242.mp3,"Manmi, Nʼyuman like nʼga mon nʼklo i.",Baoulé,Mozilla Common Voice
common_voice_bci_41640241.mp3,"Janvuɛʼm be sri be wiengu, kpɛkun be kan aklunjuɛ like kwlaa.",Baoulé,Mozilla Common Voice
common_voice_bci_41640239.mp3,Nannanʼm be kan ndɛ fɛfɛ wie mun be kle be anunman mun.,Baoulé,Mozilla Common Voice
common_voice_bci_41640238.mp3,Be yia cafe me nu be koko yalɛ kɔkun be yijɔ likawlɛ.,Baoulé,Mozilla Common Voice
common_voice_bci_41640237.mp3,Bakannganʼm be su di ngowa viaʼn i bo.,Baoulé,Mozilla Common Voice
common_voice_bci_41640236.mp3,"Cɛn nga ń ɲínʼn, ń yó kɛ i sa.",Baoulé,Mozilla Common Voice
common_voice_bci_41640235.mp3,Sranʼn i wunmiɛnʼn wo i wienguʼn i wun.,Baoulé,Mozilla Common Voice
common_voice_bci_41640233.mp3,N kwlá wunman fluwa kekle sɔʼn i wlɛ.,Baoulé,Mozilla Common Voice
common_voice_bci_41640232.mp3,Ndɛ fɛfɛʼm be sɔnnin suklu fluwaʼm be nun.,Baoulé,Mozilla Common Voice
common_voice_bci_41640231.mp3,"Sɛ e la ndɛndɛʼn, nglɛmunʼn yo fɛ.",Baoulé,Mozilla Common Voice
common_voice_bci_41640230.mp3,Nzueʼn su tɔ blɛblɛblɛ kɔnguɛ nga nun.,Baoulé,Mozilla Common Voice
common_voice_bci_41640229.mp3,Klɔʼn i kanninʼm be kpaja kɔnguɛ.,Baoulé,Mozilla Common Voice
common_voice_bci_41640223.mp3,Jeʼnzueʼn ti dĩn kɔkun e wla gua ase andɛ.,Baoulé,Mozilla Common Voice
common_voice_bci_41640220.mp3,"Madamu, nʼyo wɔ kula aliɛ dilɛ ti.",Baoulé,Mozilla Common Voice
common_voice_bci_41640219.mp3,"Aɲiho, Kouassi, a su kɔ nin?",Baoulé,Mozilla Common Voice
common_voice_bci_41640218.mp3,Sranʼm be fa kpanngɔʼm be fa sin likaʼm be nun.,Baoulé,Mozilla Common Voice
common_voice_bci_41640216.mp3,Nzraamaʼm be kpaja ɲanmiɛn su lɔ kɔnguɛ nga.,Baoulé,Mozilla Common Voice
common_voice_bci_41640214.mp3,"Wawa blɛ nunʼn, gbanflɛn ni talua mun be ta bua mun.",Baoulé,Mozilla Common Voice
common_voice_bci_41640212.mp3,N le janvuɛ kpanngban min suklu lɔ.,Baoulé,Mozilla Common Voice
common_voice_bci_41640210.mp3,Ɔ mannin mi afɔtuɛ naan mi waʼn wʼa yo juejue.,Baoulé,Mozilla Common Voice
common_voice_bci_41640208.mp3,Kouassi ɔ fata kɛ a si.,Baoulé,Mozilla Common Voice
common_voice_bci_41640207.mp3,Kloʼn lafi fɔuun viaʼn i bo lɔ.,Baoulé,Mozilla Common Voice
common_voice_bci_41640206.mp3,Association sɔʼn i nunfuɛʼm be yo akpɔʼm be su sanwun Jɔlɛ cɛn kwlaa.,Baoulé,Mozilla Common Voice
common_voice_bci_41640205.mp3,Ɔ to jue titi nglɛmun nun nzueʼn nun.,Baoulé,Mozilla Common Voice
common_voice_bci_41640204.mp3,Manmi su tɔn aliɛ dan kun man awlobofuɛ mun.,Baoulé,Mozilla Common Voice
common_voice_bci_41640199.mp3,E kunndɛman kɛ sran ngʼɔ ti ɲannzuɛnfuɛʼn i ninʼn yo juejue ndɛndɛ.,Baoulé,Mozilla Common Voice
common_voice_bci_41640197.mp3,"Ôti akunndan kpa, Nʼbu kɛ ye kula yo.",Baoulé,Mozilla Common Voice
common_voice_bci_41640195.mp3,"Blɛ sunman nunʼn, be kɔ be wun kpinngbinlɛ likaʼn nun lɔ be ko yo be wun kpinngbinlɛ nin ninnge fanunfanun.",Baoulé,Mozilla Common Voice
common_voice_bci_41640194.mp3,A seman le kɛ Yako ti srongble.,Baoulé,Mozilla Common Voice
common_voice_bci_41640191.mp3,"Ɔ yoli kekle mannin min kpa, sanngɛ ɔ ti laa liɛ.",Baoulé,Mozilla Common Voice
common_voice_bci_41640190.mp3,Ye wa kɔ lika mmuammua ainman.,Baoulé,Mozilla Common Voice
common_voice_bci_41640189.mp3,"Ɔ timan tɛ, n dun mmua dili aliɛ cɛn uflɛ.",Baoulé,Mozilla Common Voice
common_voice_bci_41640188.mp3,Ɔ sakili mi aata dilɛʼn.,Baoulé,Mozilla Common Voice
common_voice_bci_41640185.mp3,A ssassa be tia srɛ.,Baoulé,Mozilla Common Voice
common_voice_bci_41640179.mp3,Spɔriʼn ti aklunjuɛ like nin janvuɛ mun.,Baoulé,Mozilla Common Voice
common_voice_bci_41640178.mp3,Suklu ti lika nʼga be suan like kɔkun be yo sran dan.,Baoulé,Mozilla Common Voice
common_voice_bci_41640175.mp3,"Taluaʼm be yia lɛ be suan lã jue tolɛ, be kan ndɛʼm be ndɛ ekun, kpɛkun be nin klɔfuɛ uflɛʼm be suan like.",Baoulé,Mozilla Common Voice
common_voice_bci_41640174.mp3,"Sran kwlaa ngʼɔ te o nguan nunʼn, ɔ́ wún.",Baoulé,Mozilla Common Voice
common_voice_bci_41640164.mp3,E fata kɛ e fa i e kɔ dɔɔtrɔ lɔ ndɛndɛ klɔʼn su lɔ.,Baoulé,Mozilla Common Voice
common_voice_bci_41640163.mp3,Klɔ sranʼm be klo klɔ guaʼm be su aklunjuɛ.,Baoulé,Mozilla Common Voice
common_voice_bci_41640162.mp3,Suklu klefuɛʼn ti aklunyefuɛ yɛ ɔ trɛ i awlɛn e wun.,Baoulé,Mozilla Common Voice
common_voice_bci_41640160.mp3,Flɛriʼm be ɲin asɔnun sua laaʼn i wun lɛ.,Baoulé,Mozilla Common Voice
common_voice_bci_41640159.mp3,N seli ɔ niaan bianʼn kɛ ɔ ni e nin fie difuɛ ongaʼm be kwlaa be bla ainman.,Baoulé,Mozilla Common Voice
common_voice_bci_41640158.mp3,"Baba, a kwla kanngan ndɛʼn nun kɔnguɛ nga.",Baoulé,Mozilla Common Voice
common_voice_bci_41640156.mp3,"Sɛ amun tannin batɛmun yofuɛʼn kɛ ɔ fa kaolinʼn, wafa sɛ yɛ ɔ́ trán ɔn?",Baoulé,Mozilla Common Voice
common_voice_bci_41640155.mp3,"Klɔʼn su lɔʼn, guaʼm be chtin kpa.",Baoulé,Mozilla Common Voice
common_voice_bci_41640151.mp3,Efata kɛ n wɔ suklu ainman nglɛmun.,Baoulé,Mozilla Common Voice
common_voice_bci_41640149.mp3,"Sɛ ɔ ti kɛ sika nunman lɛʼn tiʼn, ɔ waʼn kwla wuli sɔ.",Baoulé,Mozilla Common Voice
common_voice_bci_41640148.mp3,Ɔ klo kɛ ɔ́ fá loto kɔ́ lika dɔ nga su.,Baoulé,Mozilla Common Voice
common_voice_bci_41640147.mp3,"Sɛ nzue wa tɔmanʼn, é kɔ́ gua bo ainman nglɛmun.",Baoulé,Mozilla Common Voice
common_voice_bci_41640141.mp3,E bali ɔ wun wunlɛ kɛ é kán ndɛ.,Baoulé,Mozilla Common Voice
common_voice_bci_41640140.mp3,"Sran ngʼɔ lafiʼn, ɔ usaman atin.",Baoulé,Mozilla Common Voice
common_voice_bci_41640136.mp3,"Trɛ nu pka trɛ nu pka nʼzue nʼtôlô yôhô, gnamien o kahé.",Baoulé,Mozilla Common Voice
common_voice_bci_41640135.mp3,Flɛriʼm be bon fan ni kpa.,Baoulé,Mozilla Common Voice
common_voice_bci_41640133.mp3,Ɔ fata kɛ a nin sran kwlaa be tran kpa afin e siman like ngʼɔ́ wá jú ainmanʼn.,Baoulé,Mozilla Common Voice
common_voice_bci_41640132.mp3,Be toli tralɛ uflɛ be fa dili chtɛn dilɛʼn.,Baoulé,Mozilla Common Voice
common_voice_bci_41640115.mp3,"Jenvieʼn ti diin, yɛ ɔ ti ble kpa.",Baoulé,Mozilla Common Voice
common_voice_bci_41640114.mp3,I afuɛ nɲɔn su yɛ be yra mi fieʼn niɔn.,Baoulé,Mozilla Common Voice
common_voice_bci_41640113.mp3,"Sɛ amun nin a diman fie fɔkɔ lɔ deʼn, amun su siman kɛ kanga di awieʼn.",Baoulé,Mozilla Common Voice
common_voice_bci_41640112.mp3,Anumanʼm be to djue wakaʼm be su lɔ.,Baoulé,Mozilla Common Voice
common_voice_bci_41640104.mp3,Alɛ min suan ɔ bo.,Baoulé,Mozilla Common Voice
common_voice_bci_41640103.mp3,Be di junman klɔ nin sran akpasuaakpasuaʼm be nun naan bʼa ɲan ukalɛ.,Baoulé,Mozilla Common Voice
common_voice_bci_41640096.mp3,"Manmi, Nʼkunnu kɛ eni wɔ ngowa siɛnʼn.",Baoulé,Mozilla Common Voice
common_voice_bci_41640094.mp3,N ɲannin min diplɔmuʼn andɛ.,Baoulé,Mozilla Common Voice
common_voice_bci_41640093.mp3,Anumanʼn kleman wakaʼm be yalɛ kɛ nga min nannanʼn fa kanʼn sa.,Baoulé,Mozilla Common Voice
common_voice_bci_41640092.mp3,"Nzueʼn i blɛ nunʼn, aunmuanʼn fita kekle kpa.",Baoulé,Mozilla Common Voice
common_voice_bci_41640016.mp3,Aluaʼn bo akpɔʼn su annunman kɔnguɛ.,Baoulé,Mozilla Common Voice
common_voice_bci_41640015.mp3,Be ɔli fie lɔ be ko niannin nnɛn mun.,Baoulé,Mozilla Common Voice
common_voice_bci_41640014.mp3,E wun kɛ be nin be janvuɛʼn be su uka klɔʼn.,Baoulé,Mozilla Common Voice
common_voice_bci_41640013.mp3,Baba fin gua bo lɔ bali nin waka mma.,Baoulé,Mozilla Common Voice
common_voice_bci_41640012.mp3,Ye kɔ sinema lɔ kɔ nian flimu kun.,Baoulé,Mozilla Common Voice
common_voice_bci_41640011.mp3,"Ɔ ti sran kun mɔ e simɛn iʼn, yɛ e flɛ i kɛ hey.",Baoulé,Mozilla Common Voice
common_voice_bci_41640010.mp3,"A kwla wua min suɛn, ɔ nin blɛ nga bé kún wɔʼn.",Baoulé,Mozilla Common Voice
common_voice_bci_41640008.mp3,"Mi houn Ano, Mi houn Ano, bla ɔ.",Baoulé,Mozilla Common Voice
common_voice_bci_41639990.mp3,"Telefɔnunʼn bo, sran kun su flɛ ɔ dunmanʼn.",Baoulé,Mozilla Common Voice
common_voice_bci_41639989.mp3,Angloʼn kpaja sua kannganʼm be su blɛblɛblɛ.,Baoulé,Mozilla Common Voice
common_voice_bci_41639988.mp3,Ɔ sa mian tiɛ be fa cucu nʼkɔ nʼgnara nu.,Baoulé,Mozilla Common Voice
common_voice_bci_41639987.mp3,Sanngɛ ngue yɛ e waan é sé kɛ e leman like fi bɔbɔ ɔ?,Baoulé,Mozilla Common Voice
common_voice_bci_41639981.mp3,"Kɛ á kán ndɛʼn, yo sran ngʼɔ sie ɔ suʼn i annvɔ.",Baoulé,Mozilla Common Voice
common_voice_bci_41639980.mp3,"Nzue su tɔ dan andɛ, nán ɔ wla fi ɔ tralɛʼm be su.",Baoulé,Mozilla Common Voice
common_voice_bci_41639979.mp3,"Sɛ amun siman kɛ avie mmaʼn ti kekleʼn, amun minndɛ lele naan wʼa kplɔ.",Baoulé,Mozilla Common Voice
common_voice_bci_41639978.mp3,"Sɛ amun waan amún ɲán kokowefuɛʼn i ajaʼn, ɔ fata kɛ amun fɛ i ngbabuaʼn wie.",Baoulé,Mozilla Common Voice
common_voice_bci_41639975.mp3,"Akɔʼn bo nglɛmun ndɛ kpa, titi.",Baoulé,Mozilla Common Voice
common_voice_bci_41639965.mp3,Blaʼm be kle talua kannganʼm be klɔ lɔ lã ninngeʼm be yolɛ.,Baoulé,Mozilla Common Voice
common_voice_bci_41639949.mp3,Be tɔn aliɛ fɛfɛ kun be man e.,Baoulé,Mozilla Common Voice
common_voice_bci_41639947.mp3,"Wie liɛʼn, awlo lɔ junmanʼm be dilɛʼn ti kekle.",Baoulé,Mozilla Common Voice
common_voice_bci_41639946.mp3,"Mi ba nɔnman ti klanman, ɔ ti bla.",Baoulé,Mozilla Common Voice
common_voice_bci_41639945.mp3,N kɔ suklu nin min saci.,Baoulé,Mozilla Common Voice
common_voice_bci_41639942.mp3,"A fuan akɔ tɛʼn, kpɛkun kpɛkun akɔ kpaʼn kusu ɔ kɔ.",Baoulé,Mozilla Common Voice
common_voice_bci_41639941.mp3,"Mi janvuɛ kpaʼn ɔli lika uflɛ, ɔ yo min ya.",Baoulé,Mozilla Common Voice
common_voice_bci_41639939.mp3,Alua ble nian fenɛtri tikewa nu.,Baoulé,Mozilla Common Voice
common_voice_bci_41639938.mp3,Sanngɛ e kunndɛ kɛ amun uka e.,Baoulé,Mozilla Common Voice
common_voice_bci_41640344.mp3,Ye bo yo kun e nanti kɔ suklu nglɛmun kwlaa.,Baoulé,Mozilla Common Voice
common_voice_bci_41640343.mp3,Klɔʼn ti dan yɛ sranʼm be bo sin yia chtin kwlaa.,Baoulé,Mozilla Common Voice
common_voice_bci_41639936.mp3,E kwla jrannin like tɛ kpafuɛʼn i ɲrun kekle kpa ɔ ti.,Baoulé,Mozilla Common Voice
common_voice_bci_41639935.mp3,Be bo aya naan bʼa tra blo nnɛn kanngan mun.,Baoulé,Mozilla Common Voice
common_voice_bci_41639933.mp3,Ye yoli i anniversɛri fɛtri.,Baoulé,Mozilla Common Voice
common_voice_bci_41639931.mp3,Be fa nɲa nga be wun be guaʼn su lɔʼn be yo jɛtɛ ufue.,Baoulé,Mozilla Common Voice
common_voice_bci_41639930.mp3,"N su fite, Nʼma sa min sin ndɛndɛ.",Baoulé,Mozilla Common Voice
common_voice_bci_41639929.mp3,"Kɛ lika kwlaa ti fɔuunʼn, anunmanʼm be to jue.",Baoulé,Mozilla Common Voice
common_voice_bci_41639928.mp3,"Sɛ a kunndɛ aklunjuɛ naan a wunmɛn iʼn, a kpɛ aklunjuɛ dilɛʼn i bo.",Baoulé,Mozilla Common Voice
common_voice_bci_41639925.mp3,Magasinʼm be o klɔʼn i lika kwlaa nun.,Baoulé,Mozilla Common Voice
common_voice_bci_41639924.mp3,Bakannganʼm be su di ngowa klɔʼn su lɔ.,Baoulé,Mozilla Common Voice
common_voice_bci_41639922.mp3,"Klɔ kun mɔ fɔundi o nunʼn, kɛ be wun iʼn, ɔ ti abonuan like.",Baoulé,Mozilla Common Voice
common_voice_bci_41639921.mp3,Be bisât kɛ tu ɔ ho blɔfuɛ.,Baoulé,Mozilla Common Voice
common_voice_bci_41639920.mp3,Bakannganʼm be to balɔn klɔʼn i fieʼn su lɔ.,Baoulé,Mozilla Common Voice
common_voice_bci_41639919.mp3,"Anangaman mi srɛ wɔ o, siɛ he man yo tɛ.",Baoulé,Mozilla Common Voice
common_voice_bci_41639918.mp3,Viaʼn kpaja kpa klɔʼn i ti su lɔ.,Baoulé,Mozilla Common Voice
common_voice_bci_41639917.mp3,Bakannganʼm be tiɛ waka mma nga bʼa ɲinʼn fieʼn nun lɔ.,Baoulé,Mozilla Common Voice
common_voice_bci_41639911.mp3,Kɔnguɛ kwlaa wʼa yomɛn i wun fɛ.,Baoulé,Mozilla Common Voice
common_voice_bci_41639910.mp3,Klɔʼn sufuɛʼm be yiali be kokoli yalɛ.,Baoulé,Mozilla Common Voice
common_voice_bci_41639908.mp3,Sɛ e ni i e kokoli su yalɛʼn ni?,Baoulé,Mozilla Common Voice
common_voice_bci_41639907.mp3,Ngue ekun yɛ sran sɔʼm be kunndɛ ɔ?,Baoulé,Mozilla Common Voice
common_voice_bci_41639906.mp3,Be su kɔ wunmiɛn lolɛ le mɔcuɛ nɲɔn sin.,Baoulé,Mozilla Common Voice
common_voice_bci_41639905.mp3,"Abla Pokou waan: sɛ ɔ ndɛʼn truʼn, ɔ awlo lɔ sranʼm be ndɛ yɛ ɔ o lɛ ɔ.",Baoulé,Mozilla Common Voice
common_voice_bci_41639904.mp3,"Kɛ a koto naan á nían kpanwunʼn i kunmanʼn nunʼn, nán maan ɔ wla fi su kɛ ɔ kunman kasiɛnʼn ti tikewa.",Baoulé,Mozilla Common Voice
common_voice_bci_41639903.mp3,"Baba nian ɔ nʼdɛ sɛkɛ, ɔwa nʼga su flɛ wɔ, a tɛ isu.",Baoulé,Mozilla Common Voice
common_voice_bci_41639900.mp3,Kɛ okaʼn i nun lɔʼn djɔ yɛ nʼdre fi ɔ.,Baoulé,Mozilla Common Voice
common_voice_bci_41639899.mp3,N kunndɛman kɛ ń kɔ́ suklu ainman.,Baoulé,Mozilla Common Voice
common_voice_bci_41639896.mp3,"Sran nga be fin klɔʼn su lɔʼn, be yia fluwa siewlɛʼm be nun be kanngan fluwa nun, kpɛkun be suan like.",Baoulé,Mozilla Common Voice
common_voice_bci_41639895.mp3,Blaʼm be siesie aɲia mun naan bʼa kan klɔʼn i su ninngeʼm be ndɛ.,Baoulé,Mozilla Common Voice
common_voice_bci_41639894.mp3,E ni mi yi e fali akunndan kun.,Baoulé,Mozilla Common Voice
common_voice_bci_41639892.mp3,"Bakannganʼm bʼa diman like kɔnguɛ nga, ɔ cɛman be wa kɔ suklu.",Baoulé,Mozilla Common Voice
common_voice_bci_41639891.mp3,"Taluaʼm be wla lã tralɛ, kpɛkun be nanti aeliɛ nga klɔ kpɛnngbɛnʼm be sieliʼn su.",Baoulé,Mozilla Common Voice
common_voice_bci_41639889.mp3,Ɔ su kanngan fluwa kun nun waka kun bo.,Baoulé,Mozilla Common Voice
common_voice_bci_41639887.mp3,Be su kplan sua uflɛuflɛ kun wa.,Baoulé,Mozilla Common Voice
common_voice_bci_41639886.mp3,Nɔnnɔn ti kpa man ɔ juejue yolɛ.,Baoulé,Mozilla Common Voice
common_voice_bci_41639884.mp3,"Taluaʼm be suan lã tralɛʼm be tɛtɛlɛ nin be nin mun, be fa tralɛ fanunfanun nin lɔ ninngeʼm be yolɛ.",Baoulé,Mozilla Common Voice
common_voice_bci_41639883.mp3,Ɔ fata kɛ be uka min naan mʼan wie junmanʼn i di ndɛndɛ.,Baoulé,Mozilla Common Voice
common_voice_bci_41639882.mp3,"Kɛ woʼn ɲin wɔʼn, kɛ a wun asiɛʼn i vitriʼn, a nian ɔ wun su.",Baoulé,Mozilla Common Voice
common_voice_bci_41639881.mp3,Be fa nzue ba fieʼm be nun naan be fa uka be si nin be ni mun.,Baoulé,Mozilla Common Voice
common_voice_bci_41639880.mp3,Ɔ sie i su mi nuan bo bɔbɔ?,Baoulé,Mozilla Common Voice
common_voice_bci_41639878.mp3,"Kɛ ɔ ko yo naan bʼa ba mi usa wafa nga n kwla ɲannin sika sɔʼn, be klo kɛ nán be yo sɔ naan be ka klɔʼn su lɔ.",Baoulé,Mozilla Common Voice
common_voice_bci_41639877.mp3,Gbanflɛn nin taluaʼm be uka klɔʼn su suaʼm be siesielɛʼn su.,Baoulé,Mozilla Common Voice
common_voice_bci_41639876.mp3,"Kɛ aunmuanʼn fitaʼn, wakaʼn i boʼn kejeman.",Baoulé,Mozilla Common Voice
common_voice_bci_41639874.mp3,Ɔ siesie kpanwun kun awloboʼn i cɛn dilɛʼn i ti.,Baoulé,Mozilla Common Voice
common_voice_bci_41639873.mp3,E kunndɛ kɛ wɔ ni ɔ yiʼn be ni e bla.,Baoulé,Mozilla Common Voice
common_voice_bci_41639871.mp3,"Sran nga be fin klɔʼn su lɔʼn, be kɔ guabo lɔ be ko to ninnge nga be yili be uflɛuflɛʼn.",Baoulé,Mozilla Common Voice
common_voice_bci_41639870.mp3,Be uka kpɛnngbɛn mun naan bʼa kan klɔʼn i su ndɛ.,Baoulé,Mozilla Common Voice
common_voice_bci_41639869.mp3,Aluaʼn wanndi balɔnʼn i sin ndɛndɛ.,Baoulé,Mozilla Common Voice
common_voice_bci_41639868.mp3,"Atinʼn kwla kata ɔ ɲrun lɛ, nán ɔ sin lɔ.",Baoulé,Mozilla Common Voice
common_voice_bci_41639867.mp3,Ɔ bɔbɔ kwla ba wie.,Baoulé,Mozilla Common Voice
common_voice_bci_41639866.mp3,E kwlakwla e di like likawlɛ kantinʼn nun lɔ.,Baoulé,Mozilla Common Voice
common_voice_bci_41639865.mp3,E faman kolaʼn i bue kun sa naan yʼa yi tɛ.,Baoulé,Mozilla Common Voice
common_voice_bci_41639864.mp3,Uka mi n leman like fi n yomɛn i ayre.,Baoulé,Mozilla Common Voice
common_voice_bci_41639859.mp3,"Kɛ lika kwlaa ti diinʼn, yɛ bakannganʼm be to djue ɔ.",Baoulé,Mozilla Common Voice
common_voice_bci_41639858.mp3,Be sɔ aofuɛʼm be nun srilɛ nun.,Baoulé,Mozilla Common Voice
common_voice_bci_41639857.mp3,Manmin siesie aliɛ man awlobofuɛ mun.,Baoulé,Mozilla Common Voice
common_voice_bci_41639856.mp3,"Kannzɛ bɔbɔ be se kɛ siklɛtiʼn wʼa wieʼn, sanngɛ a kwla ti i nvanʼn.",Baoulé,Mozilla Common Voice
common_voice_bci_41639855.mp3,"Fie nga e yoliʼn, ɔ su man.",Baoulé,Mozilla Common Voice
common_voice_bci_41639854.mp3,"Snack nga be di i wunmiɛn lolɛ blɛ nunʼn, ɔ yo fɛ titi.",Baoulé,Mozilla Common Voice
common_voice_bci_41639853.mp3,"A kunndɛ kɛ á fá kokowefuɛʼn i ajaʼn, kpɛkun a kplinman su kɛ á wlá i ngbabuaʼn.",Baoulé,Mozilla Common Voice
common_voice_bci_41639852.mp3,"Klɔ nga fɔundi o nunʼn, ɔ ti kpa kɛ be wun i.",Baoulé,Mozilla Common Voice
common_voice_bci_41639851.mp3,Be di cɛn dilɛ wie mun naan bʼa yra ninnge nga be kpɛli be uflɛuflɛʼn be su.,Baoulé,Mozilla Common Voice
common_voice_bci_41639850.mp3,Klɔʼn su lɔ awlobo kwlaa le fie kun mʼɔ di fie ngʼɔ fata kɛ ɔ diʼn niɔn.,Baoulé,Mozilla Common Voice
common_voice_bci_41639809.mp3,Ya kɔ Bouaké ainman nglɛmun.,Baoulé,Mozilla Common Voice
common_voice_bci_41639808.mp3,"Yaki, di like kan; á wún kɛ min yiʼn i aliɛʼn ti fɛ.",Baoulé,Mozilla Common Voice
common_voice_bci_41639807.mp3,Ba yalɛfuɛʼn siman kɛ i ninʼn klo i.,Baoulé,Mozilla Common Voice
common_voice_bci_41630457.mp3,Klɔʼn su gbanflɛn nin talua mun be bo balɔn nnɔsua kwlaa.,Baoulé,Mozilla Common Voice
common_voice_bci_41630456.mp3,Baʼm be kɔ suklu chtɛn kwlaa.,Baoulé,Mozilla Common Voice
common_voice_bci_41630454.mp3,"Kɛ bé súnman wɔʼn, ɔ fata kɛ a si wafa nga a kwla sunman ɔ wunʼn.",Baoulé,Mozilla Common Voice
common_voice_bci_41630451.mp3,Ɔ timan kpa ti yɛ ɔ yo sɔ ɔ.,Baoulé,Mozilla Common Voice
common_voice_bci_41630441.mp3,Bakannganʼm be su di ngowa lika danʼn nun.,Baoulé,Mozilla Common Voice
common_voice_bci_41630439.mp3,N su yi lika klanman kun i desɛn suklu lɔ andɛ.,Baoulé,Mozilla Common Voice
common_voice_bci_41630427.mp3,Mi niaan bianʼn ɲannin akatua kun desɛn ngʼɔ yiliʼn i su akplowa silɛʼn nun.,Baoulé,Mozilla Common Voice
common_voice_bci_41630425.mp3,N leman sika.,Baoulé,Mozilla Common Voice
common_voice_bci_41630419.mp3,"Nanwlɛ, mi niaan mun, n yo amun mo dan.",Baoulé,Mozilla Common Voice
common_voice_bci_41630396.mp3,Ɔ leman kunman naan ɔ ti wɔ.,Baoulé,Mozilla Common Voice
common_voice_bci_41630395.mp3,"Mi mmaʼm be kwla kɔ suklu, yɛ fɔundi o min awlo lɔ.",Baoulé,Mozilla Common Voice
common_voice_bci_41630394.mp3,"Aɲiho fatou, n su kɔ nanti mi fie nun.",Baoulé,Mozilla Common Voice
common_voice_bci_41630393.mp3,Mi si kleli min wafa nga be di ablé fieʼn nun lɔʼn.,Baoulé,Mozilla Common Voice
common_voice_bci_41630392.mp3,"Sɛ Ɲanmiɛn suan amun boʼn, like fi kwlá kwláman amun.",Baoulé,Mozilla Common Voice
common_voice_bci_41630306.mp3,Janvuɛʼm be wla gua ase.,Baoulé,Mozilla Common Voice
common_voice_bci_41630305.mp3,Be bo aya naan bʼa tra blo nnɛn.,Baoulé,Mozilla Common Voice
common_voice_bci_41630299.mp3,Ɔ janvuɛ Sery tuaman kalɛ.,Baoulé,Mozilla Common Voice
common_voice_bci_41630290.mp3,Anunmanʼm be tu be bo be kɔ ngua lɔ afuɛ kwlaa nun.,Baoulé,Mozilla Common Voice
common_voice_bci_41630264.mp3,"I sɔʼn i ngunmin tiʼn, amun kwla lafi mi su.",Baoulé,Mozilla Common Voice
common_voice_bci_41630262.mp3,Ɔ minndɛ i janvuɛʼn kafeʼn i ɲrun lɛ.,Baoulé,Mozilla Common Voice
common_voice_bci_41630261.mp3,Gbanflɛn nin talua nga be nin be si be su koko yalɛʼn.,Baoulé,Mozilla Common Voice
common_voice_bci_41630248.mp3,"Nannin ngʼɔ́ wá kɔ́ʼn, ɔ bo i sin kɔlɛ bo.",Baoulé,Mozilla Common Voice
common_voice_bci_41630245.mp3,Kɛ baʼm be di aliɛ kpa mɔ be te o nguan nunʼn.,Baoulé,Mozilla Common Voice
common_voice_bci_41630229.mp3,Djavuɛ kun i srilɛʼn yo maan e klun jɔ.,Baoulé,Mozilla Common Voice
common_voice_bci_41630228.mp3,A le aniaan bian kaan kun mʼɔ ti klanman kpaʼn.,Baoulé,Mozilla Common Voice
common_voice_bci_41630227.mp3,Flɛriʼm be ɲin ndɛndɛ sɛ nzueʼn sɔnninʼn.,Baoulé,Mozilla Common Voice
common_voice_bci_41630225.mp3,Be di junman wie mun naan bʼa uka be nga be sa mianʼn.,Baoulé,Mozilla Common Voice
common_voice_bci_41630179.mp3,Ɔ fataman kɛ a kan kle sran mun.,Baoulé,Mozilla Common Voice
common_voice_bci_41630178.mp3,Ɔ yoli kpa kɛ titi sa.,Baoulé,Mozilla Common Voice
common_voice_bci_41630177.mp3,Lika do Nʼma lafi ndɛndɛ.,Baoulé,Mozilla Common Voice
common_voice_bci_41630176.mp3,"N fɛ, sanngɛ n lafiman.",Baoulé,Mozilla Common Voice
common_voice_bci_41630175.mp3,Klɔ taluaʼm be kwla ɲan nzue.,Baoulé,Mozilla Common Voice
common_voice_bci_41630157.mp3,Nzue mʼɔ la nglo lɔ plaiiʼn ti kɛ kplo ufue sa.,Baoulé,Mozilla Common Voice
common_voice_bci_41630155.mp3,Nzueʼn tɔ ijre suaʼn i ti su.,Baoulé,Mozilla Common Voice
common_voice_bci_41630152.mp3,Ok yo like nʼga a klo.,Baoulé,Mozilla Common Voice
common_voice_bci_41630134.mp3,Aluaʼn lafi fɔundi nun kpa.,Baoulé,Mozilla Common Voice
common_voice_bci_41630133.mp3,"Kɛ ɔ ko yo naan wʼa di aliɛ nga bla kun mɔ i wawɛʼn wʼa tɔʼn, ɔ tɔnʼn, ɔ ti kpa, kɛ n lafi awe nunʼn.",Baoulé,Mozilla Common Voice
common_voice_bci_41630130.mp3,Bakannganʼm be su di fiawlɛʼn i ngowa awloʼn nun lɔ.,Baoulé,Mozilla Common Voice
common_voice_bci_41630013.mp3,N suan lɛtri klɛlɛ suklu lɔ.,Baoulé,Mozilla Common Voice
common_voice_bci_41630010.mp3,N su ba nnɔsua nun ń kó nían wafa nga baʼn tiʼn.,Baoulé,Mozilla Common Voice
common_voice_bci_41630009.mp3,"Kɛ á súan sranʼn, ɔ fata kɛ a si wafa nga á fá ɔ wun mánʼn.",Baoulé,Mozilla Common Voice
common_voice_bci_41629998.mp3,Ɔ nin i janvuɛʼm be tɛtɛ tralɛ nglanmannglanman mun.,Baoulé,Mozilla Common Voice
common_voice_bci_41629997.mp3,Waka tɛnndɛn kpaʼm be bo sin yia klɔʼn.,Baoulé,Mozilla Common Voice
common_voice_bci_41629967.mp3,Minndɛ nán jaso sɔ yɛ anuannzɛʼn i boʼn wo ɔ.,Baoulé,Mozilla Common Voice
common_voice_bci_41629945.mp3,Klɔʼn su lɔ gbanflɛn nin talua mun be bo yo kun be suan lã able silɛʼn.,Baoulé,Mozilla Common Voice
common_voice_bci_41629944.mp3,"Sa ngʼɔ ju e wienguʼm be suʼn, ɔ kwla tɔ e su wie.",Baoulé,Mozilla Common Voice
common_voice_bci_41629943.mp3,Bakannganʼm be sri kɔkun be di ngowa be jranman.,Baoulé,Mozilla Common Voice
common_voice_bci_41629941.mp3,Anunmanʼm be to jue nglɛmun nun.,Baoulé,Mozilla Common Voice
common_voice_bci_41629915.mp3,"Dɔɔtrɔ bianʼn ti e djanvuɛ, ɔ uka e.",Baoulé,Mozilla Common Voice
common_voice_bci_41629912.mp3,Srɛ kun min suaʼn nun lɔ aosinʼn.,Baoulé,Mozilla Common Voice
common_voice_bci_41629908.mp3,"Kannzɛ bɔbɔ e se kɛ fiafuɛʼn wʼa yo juejueʼn, sanngɛ ɔ te bo sranʼm be srɛ.",Baoulé,Mozilla Common Voice
common_voice_bci_41629906.mp3,Desɛn yilɛʼn yɛ ɔ ti min junman nga n klo i kpa suklu lɔʼn niɔn.,Baoulé,Mozilla Common Voice
common_voice_bci_41629881.mp3,"Manmi, nʼto kɔkun nʼyo atɛ ekun.",Baoulé,Mozilla Common Voice
common_voice_bci_41629879.mp3,Gbanflɛn nin talua mun be lua nʼgatɛ.,Baoulé,Mozilla Common Voice
common_voice_bci_41629873.mp3,Ɔ ti kokowefuɛ ngʼɔ fɛ i wun mantan be nga be di a gba.,Baoulé,Mozilla Common Voice
common_voice_bci_41629872.mp3,"Aniaan bla, n wun ndɛ nga a su kanʼn.",Baoulé,Mozilla Common Voice
common_voice_bci_41629840.mp3,"Ɔ fataman kɛ aika baʼn nɔn nɔnnɔn nin i jeʼn, sanngɛ ɔ fata kɛ ɔ fɛ i taflanmanʼn.",Baoulé,Mozilla Common Voice
common_voice_bci_41629839.mp3,Ɔ ti kɛ be le awlɛn be minndɛ like sɔʼn ti kekle saan like nga be wunnin iʼn annzɛ i boʼn guaman blɛʼn.,Baoulé,Mozilla Common Voice
common_voice_bci_41629837.mp3,N lua like kan kun asiɛʼn nun.,Baoulé,Mozilla Common Voice
common_voice_bci_41629799.mp3,Yasuaʼm be ta waka klɔʼn su lɔ.,Baoulé,Mozilla Common Voice
common_voice_bci_41629797.mp3,"Bianʼn wu, ɔ su sɛmɛn i sin kun; sikaʼn wu, kpɛkun ɔ sa sin.",Baoulé,Mozilla Common Voice
common_voice_bci_41629766.mp3,Ɔ wun sasalɛʼn timan asiɛʼn i vɛrri.,Baoulé,Mozilla Common Voice
common_voice_bci_41629764.mp3,"Dɔɔtrɔʼm be nian tukpacifuɛʼm be lika kpa, kpɛkun be si be aunnvuɛ dan.",Baoulé,Mozilla Common Voice
common_voice_bci_41629763.mp3,"Baʼm be bo yo kun be sri, like kwlaa ti kpa.",Baoulé,Mozilla Common Voice
common_voice_bci_41629741.mp3,Eh mi niaan bla be wan ngue yɛ a su yo kpa?,Baoulé,Mozilla Common Voice
common_voice_bci_41629740.mp3,"Andɛ Mɔnnɛn cɛnʼn, likaʼn ti dolɛ kpa.",Baoulé,Mozilla Common Voice
common_voice_bci_41629739.mp3,N dili aliɛ kpa.,Baoulé,Mozilla Common Voice
common_voice_bci_41629734.mp3,"Klɔʼn i su ninngeʼm be ti kpa afuɛ nga nun, e la Ɲanmiɛn ase.",Baoulé,Mozilla Common Voice
common_voice_bci_41629680.mp3,Viaʼn fiteli andɛ klɔʼn su lɔ.,Baoulé,Mozilla Common Voice
common_voice_bci_41629678.mp3,"Baba man yo tɛ, i so tiɛ mi srɛ wɔ.",Baoulé,Mozilla Common Voice
common_voice_bci_41629673.mp3,"Nglɛmun kwlaaʼn, klɔ taluaʼm be yia gboʼn i wun lɛ.",Baoulé,Mozilla Common Voice
common_voice_bci_41625776.mp3,E kwla fa kɔ ni mi lotoʼn.,Baoulé,Mozilla Common Voice
common_voice_bci_41625773.mp3,N suan fluwa klɛlɛ nin plɛti.,Baoulé,Mozilla Common Voice
common_voice_bci_41625771.mp3,Fiti fiti cogloman ɔ ni kanga be sri man blɛ kuʼngba nu.,Baoulé,Mozilla Common Voice
common_voice_bci_41625770.mp3,Baba waan aliɛʼn man sran wunmiɛn.,Baoulé,Mozilla Common Voice
common_voice_bci_41625769.mp3,Bakannganʼm be si able fɛtriʼn i blɛ nun.,Baoulé,Mozilla Common Voice
common_voice_bci_41625717.mp3,Anumanʼn kwlá faman ya waka kun wun le.,Baoulé,Mozilla Common Voice
common_voice_bci_41625716.mp3,E su siesie aliɛ ngunmin kun man aofuɛ mun kɔnguɛ nga.,Baoulé,Mozilla Common Voice
common_voice_bci_41625713.mp3,"Sɛ amun leman aniaan blaʼn, nn amun kunndɛman amun niaan bla.",Baoulé,Mozilla Common Voice
common_voice_bci_41623963.mp3,Amun nian sran tɛʼm be lika.,Baoulé,Mozilla Common Voice
common_voice_bci_41623961.mp3,"Nian ɔ mlu selikɛ, o wa nga wa yotɛ.",Baoulé,Mozilla Common Voice
common_voice_bci_41623958.mp3,E toli waka mma lɔ guaʼn su lɔ.,Baoulé,Mozilla Common Voice
common_voice_bci_41623954.mp3,N klo kɛ ń fá min crayon ngʼɔ ti ufueʼn ń yí desɛn.,Baoulé,Mozilla Common Voice
common_voice_bci_41623929.mp3,Manmi i aliɛʼn ti kpa titi.,Baoulé,Mozilla Common Voice
common_voice_bci_41623927.mp3,"Kɛ e yo ninnge munʼn, n klo i.",Baoulé,Mozilla Common Voice
common_voice_bci_41623922.mp3,Mi niaan blaʼn le tralɛ klanman kpa.,Baoulé,Mozilla Common Voice
common_voice_bci_41623907.mp3,"Kɛ á nían ngowa kanlɛʼn, ɔ diman ngowa.",Baoulé,Mozilla Common Voice
common_voice_bci_41623906.mp3,"Sika nga n ɲɛnnin iʼn, n fa yoli min junmanʼn.",Baoulé,Mozilla Common Voice
common_voice_bci_41623904.mp3,Kpɛkun n ɲannin kasiɛnfuɛ kpanngban.,Baoulé,Mozilla Common Voice
common_voice_bci_41623868.mp3,"Suklu baʼm be suan like naan kɛ afuɛʼn wíeʼn, bʼa kwla yan be ekzaminʼn.",Baoulé,Mozilla Common Voice
common_voice_bci_41623867.mp3,Tchɛtchɛ ɔ timan sɔ ndɛ.,Baoulé,Mozilla Common Voice
common_voice_bci_41623865.mp3,"Kɛ be ko wie suklu diʼn, be bo yo kun be suan like wakaʼn i bo lɔ.",Baoulé,Mozilla Common Voice
common_voice_bci_41623832.mp3,"Kɛ fin nglɛmun andɛ, nʼkunnu kɛ nʼwɔ gua bo.",Baoulé,Mozilla Common Voice
common_voice_bci_41623784.mp3,N tɔli yɛ min jaʼn su tu moja dan.,Baoulé,Mozilla Common Voice
common_voice_bci_41623783.mp3,Mi niaan bian Yako n su kɔ.,Baoulé,Mozilla Common Voice
common_voice_bci_41623781.mp3,Jueʼm be wlan nzue ba mʼɔ ti weiinʼn nun.,Baoulé,Mozilla Common Voice
common_voice_bci_41623760.mp3,Sran fi siman wafa ngʼɔ́ wá wíeʼn.,Baoulé,Mozilla Common Voice
common_voice_bci_41623759.mp3,"Kɛ be ko di aliɛʼn, ɔ fata kɛ be wunnzin be saʼm be nun.",Baoulé,Mozilla Common Voice
common_voice_bci_41623757.mp3,Suklu kɔlɛʼn yo min fɛ kpa cɛn kwlaa.,Baoulé,Mozilla Common Voice
common_voice_bci_41623727.mp3,Nanninʼn su siesie avie aliɛ tɔnwlɛ lɔ.,Baoulé,Mozilla Common Voice
common_voice_bci_41623725.mp3,Klɔ taluaʼm be sri kɛ bé bó ngowa nzue baʼn i wun lɛʼn.,Baoulé,Mozilla Common Voice
common_voice_bci_41623723.mp3,Aunmuan jɔwa sin waka bleʼm be afiɛn.,Baoulé,Mozilla Common Voice
common_voice_bci_41623722.mp3,"N klo bonbon, be ti fɛ kpa.",Baoulé,Mozilla Common Voice
common_voice_bci_41623701.mp3,Sukula leman dunman kpanwun nun kun.,Baoulé,Mozilla Common Voice
common_voice_bci_41623700.mp3,E nin min janvuɛ mun e bo balɔn.,Baoulé,Mozilla Common Voice
common_voice_bci_41623699.mp3,Balɔnʼn ya ka suaʼn ti su lɔ.,Baoulé,Mozilla Common Voice
common_voice_bci_41623695.mp3,N kwlá yoman puzzle kekle sɔʼn.,Baoulé,Mozilla Common Voice
common_voice_bci_41623692.mp3,I jaʼn ti ufue?,Baoulé,Mozilla Common Voice
common_voice_bci_41623680.mp3,Be ti kpa tra kɛ be lafi be ngunminʼn.,Baoulé,Mozilla Common Voice
common_voice_bci_41623676.mp3,Like ngʼɔ ti kinndjin kpaʼn yɛle baʼm be lika nianlɛʼn.,Baoulé,Mozilla Common Voice
common_voice_bci_41623673.mp3,"Trɔ ngʼɔ nunman ɔ ti suʼn, a su simɛn i le kɛ ɔ ti nɔnnin.",Baoulé,Mozilla Common Voice
common_voice_bci_41623641.mp3,"Mi suklu saci ya mlinnin, a wunman?",Baoulé,Mozilla Common Voice
common_voice_bci_41623640.mp3,"Klɔʼn i akpɔʼm be suʼn, sranʼm be sin su kpa.",Baoulé,Mozilla Common Voice
common_voice_bci_41623639.mp3,Kaluaʼn lafi sofa ufueʼn su.,Baoulé,Mozilla Common Voice
common_voice_bci_41623638.mp3,Lɔfuɛʼm be fa be lɔ cɛn dilɛʼm be di junman naan bʼa wun djue ni desɛn uflɛuflɛ mun.,Baoulé,Mozilla Common Voice
common_voice_bci_41623637.mp3,Gbanflɛn nin talua me di klɔ juman.,Baoulé,Mozilla Common Voice
common_voice_bci_41623611.mp3,N mlinnin min balɔnʼn i wun koko lɛ fieʼn nun lɔ.,Baoulé,Mozilla Common Voice
common_voice_bci_41623610.mp3,"Be wla be wiengu fanngan kɛ cɛn kwlakwla sa kekleekleʼm be tɔ be suʼn, be bu akunndan kpa.",Baoulé,Mozilla Common Voice
common_voice_bci_41623604.mp3,"Andɛʼn, like klefuɛʼn kanngan ndɛ fɛfɛ kun nun kle e.",Baoulé,Mozilla Common Voice
common_voice_bci_41623603.mp3,Nzraamaʼm be kpaja ɲanmiɛn su lɔ kɔnguɛ.,Baoulé,Mozilla Common Voice
common_voice_bci_41623602.mp3,"Ɔ diman aliɛ kpa, dɔrtrɔ bianʼn seli sɔ.",Baoulé,Mozilla Common Voice
common_voice_bci_41623562.mp3,E su kan ɔ ndɛ yɛ a su index sran uflɛ.,Baoulé,Mozilla Common Voice
common_voice_bci_41623560.mp3,Aofuɛʼm be bali andɛ ndɔsua nun.,Baoulé,Mozilla Common Voice
common_voice_bci_41623555.mp3,Fluwa kpaʼm be sɔnnin fluwa siewlɛʼn nun.,Baoulé,Mozilla Common Voice
common_voice_bci_41623521.mp3,Klɔ blaʼm be bo balo guabo su lɔ.,Baoulé,Mozilla Common Voice
common_voice_bci_41623515.mp3,"Bewuka mi, nan man kpata mi si.",Baoulé,Mozilla Common Voice
common_voice_bci_41623513.mp3,E wunnin tralɛ klanman kun guabo lɔ.,Baoulé,Mozilla Common Voice
common_voice_bci_41623506.mp3,"Be kɔ lika nga be flɛ i kɛ parkiʼm be nun kpɛ sunman naan bʼa lo wunmiɛn, naan bʼa yo be wun kpinngbinlɛ cɛn kwlaa.",Baoulé,Mozilla Common Voice
common_voice_bci_41623472.mp3,"Be waan kɛ a nin a wumanʼn, ɔ fata kɛ a di aliɛ kpa.",Baoulé,Mozilla Common Voice
common_voice_bci_41623470.mp3,Be fa fluwaʼn be sie i tabliʼn su.,Baoulé,Mozilla Common Voice
common_voice_bci_41623465.mp3,"Kɛ a ka lɛ naan wʼa nɔn ɔ nɔnnɔnʼn, ɔ kunnuʼn yɛ ɔ kle ɔ yalɛʼn niɔn.",Baoulé,Mozilla Common Voice
common_voice_bci_41640342.mp3,Ye su kɔ gua bo ainman nglɛmun.,Baoulé,Mozilla Common Voice
common_voice_bci_41623430.mp3,"Kɛ á kɔ́ fa ɔ sikaʼn, fa ɔ nimeroʼn man bian ngʼɔ yi sikaʼn.",Baoulé,Mozilla Common Voice
common_voice_bci_41623426.mp3,Be sie fie dilɛ ninnge mun klɔʼn i sua danʼn nun.,Baoulé,Mozilla Common Voice
common_voice_bci_41623424.mp3,Aluaʼn ti kaan kpa yɛ ɔ ti klanman.,Baoulé,Mozilla Common Voice
common_voice_bci_41623397.mp3,Ba yasuaʼm be suan nzueʼn i nun wɛnlɛ klɔʼn i wun koko lɛ.,Baoulé,Mozilla Common Voice
common_voice_bci_41623396.mp3,Taluaʼm be uka be awlobofuɛʼm be tralɛʼm be tɛtɛlɛʼn su.,Baoulé,Mozilla Common Voice
common_voice_bci_41623390.mp3,E su siesie aliɛ ngunmin kun man aofuɛ nʼdɔssua.,Baoulé,Mozilla Common Voice
common_voice_bci_41623387.mp3,Ɔ fata kɛ a wun ɔ wienguʼm be saʼm be wlɛ.,Baoulé,Mozilla Common Voice
common_voice_bci_41623383.mp3,"N ni a ɲanmɛn i de, ɔ maan ɔ timan mi ndɛ.",Baoulé,Mozilla Common Voice
common_voice_bci_41623347.mp3,"Kɛ é nánti titiʼn, e saʼm be keje.",Baoulé,Mozilla Common Voice
common_voice_bci_41623342.mp3,N ni mi si e kɔ fie nun junman dilɛ nglɛmun kwlaa.,Baoulé,Mozilla Common Voice
common_voice_bci_41623337.mp3,Nzraamaʼm be kpadja kɔnguɛ bleʼn nun.,Baoulé,Mozilla Common Voice
common_voice_bci_41623334.mp3,Wan yɛ ɔ flɛ alua mun ɔn.,Baoulé,Mozilla Common Voice
common_voice_bci_41640478.mp3,Wiaʼn kaman yalɛ nun naan wʼa wu.,Baoulé,Mozilla Common Voice
common_voice_bci_41640346.mp3,Nestor n se kɛ yo yɛ sɛ e yo fieʼn i danʼn.,Baoulé,Mozilla Common Voice
common_voice_bci_41640347.mp3,Be siesie ngowa kanlɛ ninnge mun be man klɔʼn su ba kanngan mun.,Baoulé,Mozilla Common Voice
common_voice_bci_41640349.mp3,E kwla yo ninnge mun likawlɛ naan sran kwlaa wʼa yo kpa.,Baoulé,Mozilla Common Voice
common_voice_bci_41640350.mp3,"Yɛ kɛ ngalɛ saʼn, e si nin e nin mun e di alaje.",Baoulé,Mozilla Common Voice
common_voice_bci_41640356.mp3,"Kɛ n sɔ min aradioʼn, djueʼn bo blɛblɛblɛ.",Baoulé,Mozilla Common Voice
common_voice_bci_41640357.mp3,Ɔ flunman kɛ be kpɛ i suʼn tra kɛ ɔ wuʼn.,Baoulé,Mozilla Common Voice
common_voice_bci_41640360.mp3,Mi like klefuɛʼn kle e fluwa djɛn kwlakwla.,Baoulé,Mozilla Common Voice
common_voice_bci_41640361.mp3,"Dɔrtrɔ bianʼn i ndɛʼn tiʼn, mi waʼn ti kpa.",Baoulé,Mozilla Common Voice
common_voice_bci_41640364.mp3,Mi si kleli mi wafa nga be di ablé fieʼn nun lɔʼn.,Baoulé,Mozilla Common Voice
common_voice_bci_41640365.mp3,Sran bleʼn wunnin i ɲrunʼn.,Baoulé,Mozilla Common Voice
common_voice_bci_41640376.mp3,Klɔ kpɛnngbɛnʼn ɔli e fieʼm be nun le mɔcuɛ ngʼɔ sinnin lɛʼn nun.,Baoulé,Mozilla Common Voice
common_voice_bci_41640378.mp3,"Kɛ be ko wie nantiʼn, be saʼn i jranlɛʼn jranman.",Baoulé,Mozilla Common Voice
common_voice_bci_41640379.mp3,Klɔfuɛʼm be yia be bo yo kun be di fie.,Baoulé,Mozilla Common Voice
common_voice_bci_41640380.mp3,"Filmi nga be yi i televiziɔn nunʼn, ɔ yo sro dan.",Baoulé,Mozilla Common Voice
common_voice_bci_41640381.mp3,E ɔli laa saʼm be su nianlɛ sua kun nun Samblɛ ngʼɔ sinnin lɛʼn nun.,Baoulé,Mozilla Common Voice
common_voice_bci_41640382.mp3,N kunndɛ kɛ n ɲan kpanwun mɔ be fa kpanwun kpanngban be gua nunʼn.,Baoulé,Mozilla Common Voice
common_voice_bci_41640384.mp3,Taluaʼm be nin be janvuɛʼm be si able lã cɛn dilɛʼm be bo.,Baoulé,Mozilla Common Voice
common_voice_bci_41640387.mp3,Bakannganʼm be fa nzue kunmanʼn nun ba.,Baoulé,Mozilla Common Voice
common_voice_bci_41640388.mp3,N nin mi janvuɛ mun e to djue.,Baoulé,Mozilla Common Voice
common_voice_bci_41640390.mp3,Nʼyo wɔ kula mi wa bla.,Baoulé,Mozilla Common Voice
common_voice_bci_41640391.mp3,"Be nga be tran lɔʼn, be kɔ be mantanfuɛʼm be aɲiaʼm be bo be koko lɔ junmanʼm be su yalɛ.",Baoulé,Mozilla Common Voice
common_voice_bci_41640392.mp3,"Sran kwlaa ngʼɔ nantiʼn, ɔ wun ɲrɛnnɛn; wieʼn su sranʼn i su kɛ i silhouette sa.",Baoulé,Mozilla Common Voice
common_voice_bci_41640394.mp3,Ɔ tie ndɛ nga i nannan blaʼn kanʼn.,Baoulé,Mozilla Common Voice
common_voice_bci_41640395.mp3,Sɛ a su wa yi baʼm be sikaʼn kan kle mi.,Baoulé,Mozilla Common Voice
common_voice_bci_41640401.mp3,"Bakannganʼm be to jue, kpɛkun be si able nzueʼn nun.",Baoulé,Mozilla Common Voice
common_voice_bci_41640402.mp3,Bakannganʼm be suan desɛn yilɛ.,Baoulé,Mozilla Common Voice
common_voice_bci_41640404.mp3,Anumanʼm be to djue nglɛmun ndɛ kpa wakaʼm be su.,Baoulé,Mozilla Common Voice
common_voice_bci_41640405.mp3,"Kɛ lika kwlaa ti fɔuunʼn, aunmuanʼn to djue.",Baoulé,Mozilla Common Voice
common_voice_bci_41640407.mp3,"Kpɛkun, aata dilɛʼn yoman kɛ laaʼn sa kun.",Baoulé,Mozilla Common Voice
common_voice_bci_41640409.mp3,"Sɛ a kunndɛman kɛ ɔ raʼn, ɔ su beman.",Baoulé,Mozilla Common Voice
common_voice_bci_41640410.mp3,Be tran ndje nu nan ba tu ndje.,Baoulé,Mozilla Common Voice
common_voice_bci_41640422.mp3,"Nzueʼn kunndɛ kɛ ɔ́ tɔ́ naan sɛ wʼa tɔmanʼn, ɲannzuɛn su kunman asiɛʼn.",Baoulé,Mozilla Common Voice
common_voice_bci_41640423.mp3,"Atin ngʼɔ kpɛʼn, ɔ saciman nzue baʼn.",Baoulé,Mozilla Common Voice
common_voice_bci_41640424.mp3,"Bian mʼɔ le ti bleʼn, ɔ wunnin i ɲrunʼn.",Baoulé,Mozilla Common Voice
common_voice_bci_41640425.mp3,Be fa man n dotié woman n dowa.,Baoulé,Mozilla Common Voice
common_voice_bci_41640427.mp3,N seli ɔ niaan bianʼn kɛ ɔ nin min bla.,Baoulé,Mozilla Common Voice
common_voice_bci_41640429.mp3,E kunndɛ kɛ é trɛ́ e fieʼn nun.,Baoulé,Mozilla Common Voice
common_voice_bci_41640430.mp3,Mi nian bianʼn bali e osu nianlɛ.,Baoulé,Mozilla Common Voice
common_voice_bci_41640442.mp3,Mʼsiman wlele nan fami waya ehe.,Baoulé,Mozilla Common Voice
common_voice_bci_41640443.mp3,Awlo lɔ junmanʼn uka amun naan amun a wun like suanlɛʼn i wlɛ.,Baoulé,Mozilla Common Voice
common_voice_bci_41640445.mp3,Lɔfuɛʼm be klo kɛ bé nánti klɔʼn su.,Baoulé,Mozilla Common Voice
common_voice_bci_41640455.mp3,Blaʼm be tɔn aliɛ be man fie difuɛ mun.,Baoulé,Mozilla Common Voice
common_voice_bci_41640456.mp3,Klɔfuɛʼm be su siesie cɛn dilɛ dan kun ainman.,Baoulé,Mozilla Common Voice
common_voice_bci_41640457.mp3,"Lupu se kɛ meow, ɔ ti srilɛ like, nán sɔ ɔ?",Baoulé,Mozilla Common Voice
common_voice_bci_41640459.mp3,Klɔfuɛʼm be bo yo kun be gua avie fieʼm be su nzue.,Baoulé,Mozilla Common Voice
common_voice_bci_41640461.mp3,Like kwlaa le i blɛ.,Baoulé,Mozilla Common Voice
common_voice_bci_41640463.mp3,Bakannganʼm be su di ngowa fieʼn nun lɔ nnɔsua nga nun.,Baoulé,Mozilla Common Voice
common_voice_bci_41640464.mp3,Gbanflɛn nin talua mun be di junman sɔʼn.,Baoulé,Mozilla Common Voice
common_voice_bci_41640466.mp3,Sran kpanngban be tran klɔ dan sɔʼn su.,Baoulé,Mozilla Common Voice
common_voice_bci_41640471.mp3,Baba kanngan fluwa kun nun ka naan wʼa lafi.,Baoulé,Mozilla Common Voice
common_voice_bci_41640473.mp3,Ba yasuaʼm be uka fieʼm be dilɛ likaʼn nun.,Baoulé,Mozilla Common Voice
common_voice_bci_41640474.mp3,"Mi nnɛn kpanngɔʼn wʼa saci, n kwlá fuman su kun.",Baoulé,Mozilla Common Voice
common_voice_bci_41640475.mp3,Be di be wun kpinngbinlɛʼm be nun naan bʼa wla be lɔ ekipuʼm be fanngan.,Baoulé,Mozilla Common Voice
common_voice_bci_41640476.mp3,E yi nnɛnʼm be desɛn art blɛ nun.,Baoulé,Mozilla Common Voice
common_voice_bci_41640477.mp3,Koffiʼn kpadja kɔnguɛ mʼɔ ti ble kpaʼn nun.,Baoulé,Mozilla Common Voice
common_voice_bci_41640540.mp3,Aluaʼn su i minʼn su titi klɔʼn i lika kwlaa nun.,Baoulé,Mozilla Common Voice
common_voice_bci_41640479.mp3,Ɔ ti klanman kɛ ngalɛ sa.,Baoulé,Mozilla Common Voice
common_voice_bci_41640480.mp3,Ayinʼman nʼma kɔ fie nu juman ni mi si.,Baoulé,Mozilla Common Voice
common_voice_bci_41640481.mp3,Nán lika uflɛ nun yɛ ijreʼn ti mlanmlanmlan ɔn.,Baoulé,Mozilla Common Voice
common_voice_bci_41640482.mp3,"Mi dilɛ nun e se kɛ kɛ a nin a wumanʼn, ɔ fata kɛ a di aliɛ kpa.",Baoulé,Mozilla Common Voice
common_voice_bci_41640483.mp3,Yasuaʼm be yo aɲia be koko klɔʼn su junmanʼm be su yalɛ.,Baoulé,Mozilla Common Voice
common_voice_bci_41640484.mp3,Be tɔn aliɛ be man aofuɛ mun.,Baoulé,Mozilla Common Voice
common_voice_bci_41640485.mp3,"I modja mɔ guali ɔ, tumi tɛ mu klwa.",Baoulé,Mozilla Common Voice
common_voice_bci_41640486.mp3,"I kpa bɔbɔʼn, e kanman ndɛ ngba.",Baoulé,Mozilla Common Voice
common_voice_bci_41640487.mp3,Nzueʼn tɔ wakaʼm be su blɛblɛblɛ.,Baoulé,Mozilla Common Voice
common_voice_bci_41640489.mp3,"N kwlá lafiman, likaʼn wʼa lo kpa Bouaké lɔ.",Baoulé,Mozilla Common Voice
common_voice_bci_41640490.mp3,Otekun ti yɛ yɔbuɛ ɔ fiʼn talɛ.,Baoulé,Mozilla Common Voice
common_voice_bci_41640491.mp3,E su lo wunmiɛn kan siɛnʼn.,Baoulé,Mozilla Common Voice
common_voice_bci_41640492.mp3,"Nglɛmun nun aklunjuɛʼn timan like fi, nnɔsua nun aklunjuɛʼn yɛ ɔ ti aklunjuɛ kpafuɛʼn niɔn.",Baoulé,Mozilla Common Voice
common_voice_bci_41640493.mp3,"Sran ngʼɔ wlaman tralɛʼn, ɔ kpêman ala nzra nun.",Baoulé,Mozilla Common Voice
common_voice_bci_41640494.mp3,Maan e wɔ.,Baoulé,Mozilla Common Voice
common_voice_bci_41640495.mp3,N wla fi su kɛ n yoli min awlo lɔ junmanʼn annunman.,Baoulé,Mozilla Common Voice
common_voice_bci_41640496.mp3,Mi si kleli min wafa nga be di agba fieʼn nun lɔʼn.,Baoulé,Mozilla Common Voice
common_voice_bci_41640497.mp3,Ba yasuaʼm be kplan sua nɲa mun nin waka mma mun.,Baoulé,Mozilla Common Voice
common_voice_bci_41640498.mp3,Ɔ ti klanman annzɛ ɔ ti sɔ?,Baoulé,Mozilla Common Voice
common_voice_bci_41640499.mp3,Lotoʼm be kɔ ndɛndɛ kpa akpɔ tɛʼm be su.,Baoulé,Mozilla Common Voice
common_voice_bci_41640500.mp3,N seman kɛ n ti kpa tra wɔ.,Baoulé,Mozilla Common Voice
common_voice_bci_41640501.mp3,A o nin nian wafa nga a tiʼn.,Baoulé,Mozilla Common Voice
common_voice_bci_41640502.mp3,N nin baba e kɔ junman.,Baoulé,Mozilla Common Voice
common_voice_bci_41640503.mp3,Sɛ n si kɛ ɔ leman duʼn.,Baoulé,Mozilla Common Voice
common_voice_bci_41640505.mp3,"Like kwlaa nga a kunndɛʼn, ɔ o mi lika.",Baoulé,Mozilla Common Voice
common_voice_bci_41640506.mp3,Be kwlali yakpa su andɛ.,Baoulé,Mozilla Common Voice
common_voice_bci_41640507.mp3,"Gnanmien kloli ye, ye le kɛ wa fa iwa wa man ye.",Baoulé,Mozilla Common Voice
common_voice_bci_41640508.mp3,Klɔʼn su fie difuɛʼm be di junman kekle nglɛmun lele nnɔsua.,Baoulé,Mozilla Common Voice
common_voice_bci_41640509.mp3,Klɔ kpɛnngbɛnʼn tɔ tukpacɛ kɛ nga sranʼm be fa kanʼn sa.,Baoulé,Mozilla Common Voice
common_voice_bci_41640510.mp3,Like ngʼɔ fataman kɛ be kanʼn yɛle kɛ be yɛ be kan ndɛ sɔʼn niɔn.,Baoulé,Mozilla Common Voice
common_voice_bci_41640512.mp3,"Blaʼm be nian fieʼn nun nnɛnʼm be lika, be man be aliɛ, be nian be lika, be yo maan be yo juejue, yɛ be yo juejue.",Baoulé,Mozilla Common Voice
common_voice_bci_41640514.mp3,Gbanflɛn nin talua mun be yia wakaʼn i bo lɔ nnɔsua kwlaa.,Baoulé,Mozilla Common Voice
common_voice_bci_41640515.mp3,A faman ɔ sa bɛʼn kleman ɔ klɔʼn le.,Baoulé,Mozilla Common Voice
common_voice_bci_41640522.mp3,E leman like fi naan yʼa siesie be wun naan bʼa sa be sin suklu lɔ.,Baoulé,Mozilla Common Voice
common_voice_bci_41640525.mp3,Be suan like likawlɛ be ekzamin cinnjin kpaʼn i ti.,Baoulé,Mozilla Common Voice
common_voice_bci_41640536.mp3,Sɛ gban mlô gnin y tôlɛ ô fa manhan nʼgna suhi.,Baoulé,Mozilla Common Voice
common_voice_bci_41640537.mp3,"Taluaʼm be bo yo kun be si able klɔʼn i cɛn dilɛʼm be bo, be wla lã tralɛ, kpɛkun be nanti lɔ kpanwunʼm be bolɛʼn su.",Baoulé,Mozilla Common Voice
common_voice_bci_41640539.mp3,Anuannzɛ sɔʼn mannin mi akunndan kun.,Baoulé,Mozilla Common Voice
common_voice_bci_41646436.mp3,Ɔ tie djue blɛblɛblɛ kpa.,Baoulé,Mozilla Common Voice
common_voice_bci_41646240.mp3,Ontin ontin be nɔn mmoja naan bʼa tran nguan nun.,Baoulé,Mozilla Common Voice
common_voice_bci_41646241.mp3,"Kannzɛ bɔbɔ min bianʼn ti akɔʼn, n kwlá faman able nɲa n taman min tralɛʼn.",Baoulé,Mozilla Common Voice
common_voice_bci_41646242.mp3,Aika baʼn nɔnman nɔnnɔn ni i je.,Baoulé,Mozilla Common Voice
common_voice_bci_41646243.mp3,Taluaʼm be nin be ninʼm be suan aliɛ tonlɛ nnɔsua kwlaa.,Baoulé,Mozilla Common Voice
common_voice_bci_41646246.mp3,Gbanflɛn ɔ ni talua mun be ta bua mun.,Baoulé,Mozilla Common Voice
common_voice_bci_41646248.mp3,Di like kan ya koklo.,Baoulé,Mozilla Common Voice
common_voice_bci_41646250.mp3,"Wawa blɛ nunʼn, e ɲanman nʼzue.",Baoulé,Mozilla Common Voice
common_voice_bci_41646252.mp3,Bakanʼn timan kɛ able sa naan wʼa nian sɛ be kleli i like kpa ka naan wʼa yo sa tɛ.,Baoulé,Mozilla Common Voice
common_voice_bci_41646267.mp3,N klo i aata dilɛʼn kpa.,Baoulé,Mozilla Common Voice
common_voice_bci_41646268.mp3,Awlobofuɛʼm be yia Wunmiɛn-lolɛ-chtɛn kwlaa be di like likawlɛ.,Baoulé,Mozilla Common Voice
common_voice_bci_41646269.mp3,Manmi di junman kekle kpa naan wʼa to bonbon.,Baoulé,Mozilla Common Voice
common_voice_bci_41646270.mp3,Manmi wunnzin tralɛ eni waka mma.,Baoulé,Mozilla Common Voice
common_voice_bci_41646271.mp3,"Blɛ sunman nunʼn, klɔ bakannganʼm be di ngowa awie fieʼm be wun lɛ.",Baoulé,Mozilla Common Voice
common_voice_bci_41646272.mp3,"Kɛ ɔ nin nunman lɛʼn, yɛ a nin ɔ si be la ɔ.",Baoulé,Mozilla Common Voice
common_voice_bci_41646273.mp3,Ɔ wla fi i lakleʼm be su awlo lɔ.,Baoulé,Mozilla Common Voice
common_voice_bci_41646274.mp3,Be si able nzraamaʼm be bo lɔ kɔnguɛ kwlaa.,Baoulé,Mozilla Common Voice
common_voice_bci_41646276.mp3,Guaʼn wʼa yi andɛ Fue chtɛn.,Baoulé,Mozilla Common Voice
common_voice_bci_41646277.mp3,Anumanʼm be to jue waka mmaʼm be nun.,Baoulé,Mozilla Common Voice
common_voice_bci_41646278.mp3,"Sran ngʼɔ faman like fi siemɛn i ɲrunʼn, ɔ ɲanman like fi.",Baoulé,Mozilla Common Voice
common_voice_bci_41646279.mp3,Ɔ klo fluwa kannganlɛ.,Baoulé,Mozilla Common Voice
common_voice_bci_41646285.mp3,N klo aliɛ dilɛ naan ɔ mʼan mi ɲan wunmiɛn.,Baoulé,Mozilla Common Voice
common_voice_bci_41646286.mp3,"Sa kwlaa nga be tɔ e suʼn, be ti kpa.",Baoulé,Mozilla Common Voice
common_voice_bci_41646287.mp3,Nán wɔ yɛ a sro mi kɛ bʼa sɔman mi nunʼn niɔn.,Baoulé,Mozilla Common Voice
common_voice_bci_41646288.mp3,Be lafiman be tchin laliɛ sɛ.,Baoulé,Mozilla Common Voice
common_voice_bci_41646289.mp3,"Ô Wiégoun Mʼdôman Torh Siʼn nouh, yo y yako...Nan sékê, wa tranman pka tiorh.",Baoulé,Mozilla Common Voice
common_voice_bci_41646290.mp3,Klɔʼn ti dĩn kɛ like kwlaa kɔ kpaʼn.,Baoulé,Mozilla Common Voice
common_voice_bci_41646291.mp3,Amun a wun kɛ n fa be sikaʼn wie le?,Baoulé,Mozilla Common Voice
common_voice_bci_41646292.mp3,"Kɛ sran kwlaa di aklunjuɛʼn, klɔʼn kpaja.",Baoulé,Mozilla Common Voice
common_voice_bci_41646294.mp3,"Aliɛʼn wʼa lo kpa, n rali min wun.",Baoulé,Mozilla Common Voice
common_voice_bci_41646296.mp3,Bakannganʼm be fa nzue kunmanʼn nun ba nglɛmun kwlaa.,Baoulé,Mozilla Common Voice
common_voice_bci_41646297.mp3,Manmi waan nzue sanwunʼn ti kpa.,Baoulé,Mozilla Common Voice
common_voice_bci_41646298.mp3,Sranʼm be kɔ junman nglɛmun kwlaa.,Baoulé,Mozilla Common Voice
common_voice_bci_41646301.mp3,Séka kwla man e i gua kpa.,Baoulé,Mozilla Common Voice
common_voice_bci_41646302.mp3,Be ni akɔ dah be kpli man nʼdre.,Baoulé,Mozilla Common Voice
common_voice_bci_41646303.mp3,Blaʼm be yo nzue baʼm be nun sanwun naan nzueʼn wʼa yo sanwun.,Baoulé,Mozilla Common Voice
common_voice_bci_41646304.mp3,N di min awlo lɔ junmanʼn ka naan mʼan fite lɔ mʼan ko di ngowa.,Baoulé,Mozilla Common Voice
common_voice_bci_41646310.mp3,"Nian Kalɛbe ɔ bu mi nnɛn ba nu, n seli yaki.",Baoulé,Mozilla Common Voice
common_voice_bci_41646312.mp3,Nzue baʼm be sin okaʼm be su blɛblɛblɛ.,Baoulé,Mozilla Common Voice
common_voice_bci_41646313.mp3,N kwla nian min awlobofuɛʼm be lika.,Baoulé,Mozilla Common Voice
common_voice_bci_41646314.mp3,Gbanflɛn kannganʼm be sasa klɔʼn.,Baoulé,Mozilla Common Voice
common_voice_bci_41646315.mp3,Ba yasuaʼm be tiɛ yɛbuɛ mun naan bʼa kplan talɛ.,Baoulé,Mozilla Common Voice
common_voice_bci_41646321.mp3,Mi si wʼa dun mmua wʼa ɔ fieʼn nun N kunndɛli kɛ e ni i é kɔ́.,Baoulé,Mozilla Common Voice
common_voice_bci_41646322.mp3,Blaʼm be fa ayre waka mun be siesie ayre.,Baoulé,Mozilla Common Voice
common_voice_bci_41646324.mp3,"A wan, a klɛ mi yalɛ, a si man kɛ, a sou klɛ mi nʼglouɛlɛ.",Baoulé,Mozilla Common Voice
common_voice_bci_41646325.mp3,"Kɛ be se kɛ be wun bianʼn, i boʼn yɛle kɛ be simɛn i.",Baoulé,Mozilla Common Voice
common_voice_bci_41646331.mp3,"Sɛ amun lafi amun wiengu yiʼn i aliɛʼn suʼn, awe kun amun kɛ amun lafi.",Baoulé,Mozilla Common Voice
common_voice_bci_41646332.mp3,"Sran wieʼm be ɲrunʼn, sran wieʼm be ɲrun yɛ e ɲin yi sranʼn ti ɔ, nán srɛ mʼɔ kun eʼn ti ɔ.",Baoulé,Mozilla Common Voice
common_voice_bci_41646333.mp3,E faman kolaʼn i bue e yiman tɛ.,Baoulé,Mozilla Common Voice
common_voice_bci_41646335.mp3,Baba su siesie moto ngʼɔ saciliʼn andɛ.,Baoulé,Mozilla Common Voice
common_voice_bci_41646337.mp3,"Nian, n wunnin yɔbuɛ klanman kpa kun!",Baoulé,Mozilla Common Voice
common_voice_bci_41646378.mp3,"Kɛ like kwlaa ti dĩnʼn, angloʼn kpadja.",Baoulé,Mozilla Common Voice
common_voice_bci_41646379.mp3,"Kɛ bé dí fɛtriʼn, gbanflɛn nin taluaʼm be to jue.",Baoulé,Mozilla Common Voice
common_voice_bci_41646380.mp3,"Sɛ amun nɔn nzue kpanngbanʼn, ɔ ti kpa man amun.",Baoulé,Mozilla Common Voice
common_voice_bci_41646382.mp3,"E tra e sa nun, e klo i titi.",Baoulé,Mozilla Common Voice
common_voice_bci_41646385.mp3,Mi sran kpa n leman like fi.,Baoulé,Mozilla Common Voice
common_voice_bci_41646387.mp3,"Uwka mma nga be ti uflɛuflɛʼn, be ti kpa man sran kwlaa.",Baoulé,Mozilla Common Voice
common_voice_bci_41646389.mp3,"Yɛ sɛ ɔ ti min kodɛʼn, be seli kɛ nán n fa kle sran fi.",Baoulé,Mozilla Common Voice
common_voice_bci_41646390.mp3,"Sɛ nzueʼn wʼa yiman sɛʼn, nán nzue ngʼɔ tɔʼn yɛ ɔ́ kwlá yí ɔ.",Baoulé,Mozilla Common Voice
common_voice_bci_41646391.mp3,A wá wún kɛ ɔkulɛʼn ti kannin.,Baoulé,Mozilla Common Voice
common_voice_bci_41646392.mp3,E bali kɛ é kán ndɛ naan amun a kpɛ i guaʼn su kan.,Baoulé,Mozilla Common Voice
common_voice_bci_41646393.mp3,A wun vie kanvie a woun vie yaki vie.,Baoulé,Mozilla Common Voice
common_voice_bci_41646394.mp3,N siman like nga n yoliʼn bɔbɔ.,Baoulé,Mozilla Common Voice
common_voice_bci_41646396.mp3,"Sukluʼn wo mmua kpa, min jaʼm be fɛ.",Baoulé,Mozilla Common Voice
common_voice_bci_41646404.mp3,Ayrɛʼn tɔ kɔnguɛʼm be nun.,Baoulé,Mozilla Common Voice
common_voice_bci_41646405.mp3,"Kɛ nzueʼn ko tɔʼn, yasua sɔʼm be siesie sua baʼm be ti su.",Baoulé,Mozilla Common Voice
common_voice_bci_41646406.mp3,Ɔ mannin min sika kan min junmanʼn i ti sanngɛ n leman sika yɛ ɔ fata kɛ.,Baoulé,Mozilla Common Voice
common_voice_bci_41646407.mp3,Ɔ fata kɛ n tu mi klunngbɔ.,Baoulé,Mozilla Common Voice
common_voice_bci_41646408.mp3,Gbanflɛn nin talua mun yɛ be wunnzin be tralɛ mun ɔn.,Baoulé,Mozilla Common Voice
common_voice_bci_41646409.mp3,Sɛ n wieʼn ń bá ɔ awlo lɔ ń kán e junmanʼn i ndɛ.,Baoulé,Mozilla Common Voice
common_voice_bci_41646410.mp3,E lɛman like fi kun mɔ é fá kɔ́ dɔɔtrɔ lɔ ɔ.,Baoulé,Mozilla Common Voice
common_voice_bci_41646411.mp3,"Sanngɛ nian ɔ wun su, nán kan ɔ kodɛʼn kle sran fi.",Baoulé,Mozilla Common Voice
common_voice_bci_41646412.mp3,Aluaʼn nian sua ngʼɔ o anuanʼn i wun lɛʼn su.,Baoulé,Mozilla Common Voice
common_voice_bci_41646413.mp3,"Kɛ á dí nnɛn kpanngɔʼn i saʼn, nian ɔ liɛʼn.",Baoulé,Mozilla Common Voice
common_voice_bci_41646414.mp3,Boliʼm be di ijre ngʼɔ o nzue baʼn i wun lɛʼn su.,Baoulé,Mozilla Common Voice
common_voice_bci_41646415.mp3,"Min desɛnʼn ti klanman, a klo i?",Baoulé,Mozilla Common Voice
common_voice_bci_41646417.mp3,N kwlá boman ngowa kun.,Baoulé,Mozilla Common Voice
common_voice_bci_41646419.mp3,"Cɛn kwlaaʼn, lɔfuɛʼm be fa sranʼm be lotoʼm be kɔ lika ndɛndɛ.",Baoulé,Mozilla Common Voice
common_voice_bci_41646420.mp3,Klɔʼn su awloboʼm be kwlaa be cɛcɛ avieʼn i nun ninngeʼm be nun.,Baoulé,Mozilla Common Voice
common_voice_bci_41646422.mp3,"Sɛ a nian ɔ wun likaʼn, i sɔʼn kleman kɛ srɛ kun wɔ.",Baoulé,Mozilla Common Voice
common_voice_bci_41646423.mp3,Tchɛtchɛ wa timan nʼdɛ nʼgamon ɔ o mɛn nun.,Baoulé,Mozilla Common Voice
common_voice_bci_41646424.mp3,Junior yɛ ɔ tɔli tukpacɛ kɛ ɔ fɛ i nglɛmun andɛʼn.,Baoulé,Mozilla Common Voice
common_voice_bci_41646425.mp3,"Kɛ be nin a wieman nantilɛʼn, nn be saʼm be jranlɛʼn nin a wieman.",Baoulé,Mozilla Common Voice
common_voice_bci_41646427.mp3,"Kpanwun mɔ be tɔnnin uflɛuflɛʼn, i nvanʼn ti kpa.",Baoulé,Mozilla Common Voice
common_voice_bci_41646428.mp3,"Sa ngʼɔ nin wɔ be kɔʼn, nán ɔ ndɛndɛ kɔ nian.",Baoulé,Mozilla Common Voice
common_voice_bci_41646430.mp3,Blaʼm be siesie sua baʼm be klanman klɔʼn su lɔ cɛn dilɛʼm be ti.,Baoulé,Mozilla Common Voice
common_voice_bci_41646431.mp3,Klɔ taluaʼm be sie nzue okaʼm be su.,Baoulé,Mozilla Common Voice
common_voice_bci_41646432.mp3,Be tɛtɛ trɔ mun naan bʼa yo be lɔ guaʼn su lɔ atɛ.,Baoulé,Mozilla Common Voice
common_voice_bci_41646433.mp3,Sranʼm be kplan waka kpanwun naan bʼa kpɛ nzue ba mun.,Baoulé,Mozilla Common Voice
common_voice_bci_41646487.mp3,Be nian woʼn i tinninʼn su naan yʼa wun sinʼnu.,Baoulé,Mozilla Common Voice
common_voice_bci_41646439.mp3,Bakannganʼm be kpɛ be tralɛʼm be nun.,Baoulé,Mozilla Common Voice
common_voice_bci_41646440.mp3,Ɔ ti nanwlɛ.,Baoulé,Mozilla Common Voice
common_voice_bci_41646441.mp3,"Nnɛn nga a si kɛ ɔ kwla min wɔʼn, ɔ yaciman ɔ lɛ naan ɔ ɲin ɔ.",Baoulé,Mozilla Common Voice
common_voice_bci_41646443.mp3,Amun wunnzin amun saʼm be nun titi ka naan amun a di like.,Baoulé,Mozilla Common Voice
common_voice_bci_41646444.mp3,Manmi seli kɛ nnɛn ontin ontinʼm be ti tɛ.,Baoulé,Mozilla Common Voice
common_voice_bci_41646445.mp3,Guaʼn tike nglɛmun ndɛ kpa.,Baoulé,Mozilla Common Voice
common_voice_bci_41646446.mp3,Ye le kɛ wa fa iwa wa man yé.,Baoulé,Mozilla Common Voice
common_voice_bci_41646447.mp3,Mi niaan bianʼn kunndɛman le kɛ ɔ nin min bé dí ngowa.,Baoulé,Mozilla Common Voice
common_voice_bci_41646448.mp3,"Fieʼn nunʼn, flɛri fanunfanunʼm be sɔnnin.",Baoulé,Mozilla Common Voice
common_voice_bci_41646449.mp3,"Ninnge nga e ba amun sa nunʼn, be guaʼn wʼa yo dan.",Baoulé,Mozilla Common Voice
common_voice_bci_41646450.mp3,Viaʼn ga fiteli kpa andɛ.,Baoulé,Mozilla Common Voice
common_voice_bci_41646453.mp3,Klasiʼn i tabloʼn ti dan yɛ ɔ ti ble.,Baoulé,Mozilla Common Voice
common_voice_bci_41646454.mp3,Yasuaʼm be yo fie dilɛ ninnge mun naan bʼa di fieʼn i junman.,Baoulé,Mozilla Common Voice
common_voice_bci_41646456.mp3,Be fa nzue ba fieʼm be nun naan be fa uka be si ni be ni mun.,Baoulé,Mozilla Common Voice
common_voice_bci_41646462.mp3,"N fɛ, mi fieʼn bɔbɔʼn, mʼan wiemɛn i sɔʼn i lika nianlɛ.",Baoulé,Mozilla Common Voice
common_voice_bci_41646463.mp3,"Kɛ likaʼn doʼn, kakaaʼm be fite.",Baoulé,Mozilla Common Voice
common_voice_bci_41646464.mp3,Aunmuanʼn fita nɲaʼm be su blɛblɛblɛ.,Baoulé,Mozilla Common Voice
common_voice_bci_41646465.mp3,E klo kɛ é kɔ́ lika été nun.,Baoulé,Mozilla Common Voice
common_voice_bci_41646468.mp3,Tchɛn kwlaa ɔ se mi kɛ n yaki.,Baoulé,Mozilla Common Voice
common_voice_bci_41646470.mp3,"E leman sika kun, kan nga e ka lɛʼn, a fa nga kɔ nɔn nzan.",Baoulé,Mozilla Common Voice
common_voice_bci_41646471.mp3,"Kɛ ɔ man kanʼn, sranʼm be toman naan wʼa kplɔ.",Baoulé,Mozilla Common Voice
common_voice_bci_41646472.mp3,Nzue tɔ kpa okaoka lika nga nun.,Baoulé,Mozilla Common Voice
common_voice_bci_41646473.mp3,"Kɛ e klo e wun kpaʼn, sran fi sunman.",Baoulé,Mozilla Common Voice
common_voice_bci_41646474.mp3,E ko trannin andɛ min wla fi min janvuɛʼm be su.,Baoulé,Mozilla Common Voice
common_voice_bci_41646475.mp3,Gbanflɛn nin talua mun be yia wakaʼn i bo lɔ be koko yalɛ.,Baoulé,Mozilla Common Voice
common_voice_bci_41646477.mp3,"N djuli suklu lɔ cɛ, mi tiʼn yo mi ya.",Baoulé,Mozilla Common Voice
common_voice_bci_41646478.mp3,E ko trannin andɛ mi wla fi mi djanvuɛʼm be su.,Baoulé,Mozilla Common Voice
common_voice_bci_41646479.mp3,"Min desɛnʼn wʼa yoman ye, ɔ ti kanyi tɛ.",Baoulé,Mozilla Common Voice
common_voice_bci_41646480.mp3,"Kɛ be ko di aliɛʼn, bakannganʼm be di bonbon.",Baoulé,Mozilla Common Voice
common_voice_bci_41646481.mp3,N man min sa su kɛ ń úsa kosan kun.,Baoulé,Mozilla Common Voice
common_voice_bci_41646482.mp3,"Kpanwun mʼɔ ti nvanʼn, ɔ yo fɛ titi.",Baoulé,Mozilla Common Voice
common_voice_bci_41646483.mp3,"Lafi mien su, ɔwa dewɔ, ɔwa dewɔ!",Baoulé,Mozilla Common Voice
common_voice_bci_41646485.mp3,"Kɛ a ukaʼn, like kwlaa yo pɔpɔ.",Baoulé,Mozilla Common Voice
common_voice_bci_41646486.mp3,Suaʼn ti klanman yɛ ɔ ti sanwun kpa.,Baoulé,Mozilla Common Voice
common_voice_bci_41652327.mp3,E bali kɛ é kán ndɛ.,Baoulé,Mozilla Common Voice
common_voice_bci_41646488.mp3,"Sran ngʼɔ yo aunmuanʼn, yɛ ɔ dun mmua wun i wlɛ-ɔ.",Baoulé,Mozilla Common Voice
common_voice_bci_41646490.mp3,Wakaʼm be man sran kwlaa i wawɛ.,Baoulé,Mozilla Common Voice
common_voice_bci_41646491.mp3,Ɔ fata kɛ e wɔ ninnge tolɛ ka naan yʼa wɔ awlo.,Baoulé,Mozilla Common Voice
common_voice_bci_41646492.mp3,Mi si ti like klefuɛ.,Baoulé,Mozilla Common Voice
common_voice_bci_41646493.mp3,"Like kwlaa ngʼɔ o e suʼn, ɔ ti kpa.",Baoulé,Mozilla Common Voice
common_voice_bci_41646494.mp3,Ɔ yo waka mma atɛ guaʼn su lɔ.,Baoulé,Mozilla Common Voice
common_voice_bci_41646495.mp3,Klɔ kpɛnngbɛnʼn wla gbanflɛn nin taluaʼm be fanngan kɛ be di fie.,Baoulé,Mozilla Common Voice
common_voice_bci_41646496.mp3,"Sɛ a wun akɔ blaʼn guaʼn su lɔʼn, i nzuɛnʼn ti yɛ ɔ yoli sɔ ɔ.",Baoulé,Mozilla Common Voice
common_voice_bci_41646497.mp3,Nzraamaʼm be kpaja ɲanmiɛn bleʼn nun.,Baoulé,Mozilla Common Voice
common_voice_bci_41646499.mp3,Sran sɔʼm be siesie kpanwun suaʼm be ti su.,Baoulé,Mozilla Common Voice
common_voice_bci_41646500.mp3,Ɔ ta agba i fieʼn nun afuɛ kwlaa nun.,Baoulé,Mozilla Common Voice
common_voice_bci_41646501.mp3,"Sɛ a yo sa tɛ Ɲanmiɛn ɲrunʼn, a fa ɲrɛnnɛn wla ɔ wun.",Baoulé,Mozilla Common Voice
common_voice_bci_41646502.mp3,Aunmuanʼn fita kekle kpa jenvieʼn i nuan lɔ.,Baoulé,Mozilla Common Voice
common_voice_bci_41646503.mp3,Ɔ wla tralɛ ble klanman kpa titi.,Baoulé,Mozilla Common Voice
common_voice_bci_41646504.mp3,Klɔfuɛʼm be yia sinʼn i wun lɛ.,Baoulé,Mozilla Common Voice
common_voice_bci_41646505.mp3,"Sran uflɛ wieʼm be o lɛʼn, be se kɛ sika nga n le iʼn, ɔ ti nnɛn ngble, sanngɛ n lemɛn i nnɛn ngble.",Baoulé,Mozilla Common Voice
common_voice_bci_41646506.mp3,Blaʼm be kpɛ nɲa fieʼm be nun.,Baoulé,Mozilla Common Voice
common_voice_bci_41646507.mp3,E bali kɛ é úkɛ i naan wʼa wie i junmanʼn i di.,Baoulé,Mozilla Common Voice
common_voice_bci_41646508.mp3,Viaʼn kpadja ɲanmiɛn su lɔ kpa.,Baoulé,Mozilla Common Voice
common_voice_bci_41646509.mp3,I kwlaa sɔʼn timan like fi man wɔ.,Baoulé,Mozilla Common Voice
common_voice_bci_41646510.mp3,Yalɛfuɛʼn klo i waʼn sanngɛ baʼn simɛn i sôr.,Baoulé,Mozilla Common Voice
common_voice_bci_41646511.mp3,Baba fali min ɔli dɔɔtrɔ lɔ naan ɔ nian min juejue yolɛ nun.,Baoulé,Mozilla Common Voice
common_voice_bci_41646512.mp3,"Baba man yo tɛ, yatchi mi tɛ tchɛ mi he.",Baoulé,Mozilla Common Voice
common_voice_bci_41646514.mp3,"Sran ngʼɔ di like kanʼn, ɔ yoman tɛtɛ.",Baoulé,Mozilla Common Voice
common_voice_bci_41646515.mp3,Ɔ fata kɛ mi niaan bian ni mi niaan blaʼm be ukali e niaan blaʼn.,Baoulé,Mozilla Common Voice
common_voice_bci_41646516.mp3,E nin like klefuɛʼn e yo matematiki.,Baoulé,Mozilla Common Voice
common_voice_bci_41646517.mp3,"Anianbla, nanwlè Gniamien ɔ wunyi.",Baoulé,Mozilla Common Voice
common_voice_bci_41646518.mp3,La ndɛndɛ naan nglɛmunʼn wʼa djaso ndɛndɛ.,Baoulé,Mozilla Common Voice
common_voice_bci_41646519.mp3,E nanti wakaʼm be nun.,Baoulé,Mozilla Common Voice
common_voice_bci_41646521.mp3,Blaʼm be tia wakaʼm be nun naan bʼa di lã aliɛ.,Baoulé,Mozilla Common Voice
common_voice_bci_41646529.mp3,Ndreʼm be o okaʼm be su.,Baoulé,Mozilla Common Voice
common_voice_bci_41646555.mp3,Blaʼm be nian sran okeʼm be lika klɔʼn su lɔ.,Baoulé,Mozilla Common Voice
common_voice_bci_41650507.mp3,N siman nzue nun wlɛwlɛ kɛ be ngaʼm be sa.,Baoulé,Mozilla Common Voice
common_voice_bci_41650508.mp3,Ɔ klɛli fluwa ko mannin i baba.,Baoulé,Mozilla Common Voice
common_voice_bci_41650509.mp3,Sranʼm be fa be wun wlɛ i klɔʼn su ninngeʼm be nun naan be afiɛnʼn wʼa mantan kpa.,Baoulé,Mozilla Common Voice
common_voice_bci_41652118.mp3,"N kunndɛ kɛ ń nɔ́n nzue kan siɛnʼn, yaki.",Baoulé,Mozilla Common Voice
common_voice_bci_41652119.mp3,Ngue ti yɛ nzraamaʼm be kpaja kpa kɔnguɛ ɔ?,Baoulé,Mozilla Common Voice
common_voice_bci_41652120.mp3,"Akɔʼn si kɛ nglɛmun nunʼn, sanngɛ ɔ yaci akɔbaʼn i lɛ naan ɔ kpan.",Baoulé,Mozilla Common Voice
common_voice_bci_41652121.mp3,"Kɛ bé dí wunmiɛnʼn, janvuɛʼm be bo yo kun be di ngowa.",Baoulé,Mozilla Common Voice
common_voice_bci_41652122.mp3,Ɔ suman nnɛn kpanngɔ nɲɔn be su kpɛ kunngba.,Baoulé,Mozilla Common Voice
common_voice_bci_41652123.mp3,Min janvuɛʼn le alua kun mʼɔ klo ngowa kanlɛʼn niɔn.,Baoulé,Mozilla Common Voice
common_voice_bci_41652125.mp3,N su usa wɔ ndɛ kun.,Baoulé,Mozilla Common Voice
common_voice_bci_41652126.mp3,Srɛ kunnin min mantanfuɛʼn i alua.,Baoulé,Mozilla Common Voice
common_voice_bci_41652127.mp3,Ɔ wlali tralɛ ufue klanman kpa andɛ.,Baoulé,Mozilla Common Voice
common_voice_bci_41652130.mp3,"Sran ngʼɔ klo kɛ be yo i likeʼn, yɛ ɔ di i fieʼn atinʼn i nuan lɛ ɔ.",Baoulé,Mozilla Common Voice
common_voice_bci_41652134.mp3,"Kɛ mɔ n bu min junmanʼn i cinnjinʼn tiʼn, min liɛʼn wʼa yo ye.",Baoulé,Mozilla Common Voice
common_voice_bci_41652137.mp3,"Kɛ mɔ amun ijɔʼn tiʼn, e yoli aɲanbeunfuɛ.",Baoulé,Mozilla Common Voice
common_voice_bci_41652138.mp3,Mi wunʼn ni mi mmaʼm be kleli min sanngɛ mi wla fi su titi.,Baoulé,Mozilla Common Voice
common_voice_bci_41652140.mp3,"Sɛ kɔnguɛʼn ɔ ninʼn i wawɛʼn sasa wɔʼn, ɔ ti ɔ liɛ kɛ a sasa ɔ wun nglɛmun nunʼn.",Baoulé,Mozilla Common Voice
common_voice_bci_41652142.mp3,Waka mmaʼm be ti mlanmlanmlan yɛ be ti fɛ siɛnʼn.,Baoulé,Mozilla Common Voice
common_voice_bci_41652143.mp3,Be suan jue tralɛ nzue ba ngʼɔ mantan lɛʼn nun.,Baoulé,Mozilla Common Voice
common_voice_bci_41652144.mp3,"Ɔ fata kɛ a di junman titi ɔ ti kekle sanngɛ i sinʼn, a kunndɛ kɛ a ɲan ɔ aɲrunɲan.",Baoulé,Mozilla Common Voice
common_voice_bci_41652145.mp3,Ɲanmiɛn su lɔʼn ti ble kɛ nzueʼn tɔ danʼn.,Baoulé,Mozilla Common Voice
common_voice_bci_41652146.mp3,"Janvuɛʼm be uka be wiengu, like kwlaa yo fɛ.",Baoulé,Mozilla Common Voice
common_voice_bci_41652200.mp3,Be kplannin waka sua kun wakaʼn i wun lɛ.,Baoulé,Mozilla Common Voice
common_voice_bci_41652201.mp3,"Kɛ likaʼn yo ayrɛʼn, n wla min tralɛʼn.",Baoulé,Mozilla Common Voice
common_voice_bci_41652202.mp3,Be wunnin ndɛ sɔʼn i trawlɛ.,Baoulé,Mozilla Common Voice
common_voice_bci_41652203.mp3,N si kɛ ɔ ti fiɛn.,Baoulé,Mozilla Common Voice
common_voice_bci_41652219.mp3,Nestor n kanman ndɛ fi n kleman wɔ.,Baoulé,Mozilla Common Voice
common_voice_bci_41652220.mp3,E bo yo kun e kɔ klɔ lɔ e ko di ngowa.,Baoulé,Mozilla Common Voice
common_voice_bci_41652221.mp3,Ndɛ wɛtɛɛʼn yo sran kwlaa ye.,Baoulé,Mozilla Common Voice
common_voice_bci_41652222.mp3,Mi desɛnʼn timan klanman kɛ sran uflɛʼm be liɛʼn sa.,Baoulé,Mozilla Common Voice
common_voice_bci_41652223.mp3,Be klo aliɛ diwlɛʼm be nun kɔlɛ naan bʼa di mɛn wunmuanʼn nun aliɛʼm be nun.,Baoulé,Mozilla Common Voice
common_voice_bci_41652224.mp3,N klo kɛ ń súan ninnge uflɛ mun cɛn kwlaa.,Baoulé,Mozilla Common Voice
common_voice_bci_41652225.mp3,Ɔ klo jueʼm be tielɛ.,Baoulé,Mozilla Common Voice
common_voice_bci_41652226.mp3,Amun leman awlobo nun sa kunngbaʼn.,Baoulé,Mozilla Common Voice
common_voice_bci_41652227.mp3,Be bo balɔn Wunmiɛn-lolɛ-cɛn kwlaa nglɛmun.,Baoulé,Mozilla Common Voice
common_voice_bci_41652228.mp3,Like klefuɛʼn kan ndɛ fɛfɛ wie mun.,Baoulé,Mozilla Common Voice
common_voice_bci_41652229.mp3,Be nianman sran ngʼɔ su bobo nʼgatɛ nuanʼn nun.,Baoulé,Mozilla Common Voice
common_voice_bci_41652230.mp3,N se kɛ yo a su kɔ fa ɔ sikaʼn?,Baoulé,Mozilla Common Voice
common_voice_bci_41652231.mp3,Kɔkun Sery nga n kunndɛman kɛ ń wún wɔ kun.,Baoulé,Mozilla Common Voice
common_voice_bci_41652232.mp3,Sran kpaʼm be cɛman asiɛʼn su.,Baoulé,Mozilla Common Voice
common_voice_bci_41652233.mp3,"Min suklu saciʼn nunʼn, crayon klanman kpaʼm be sɔnnin.",Baoulé,Mozilla Common Voice
common_voice_bci_41652234.mp3,Math ti aklunjuɛ like nin nimero mun.,Baoulé,Mozilla Common Voice
common_voice_bci_41652235.mp3,"Kannzɛ bɔbɔ e se kɛ nnɛn kpanngɔʼn wʼa ɲinmanʼn, sanngɛ ɔ timan kpa kɛ ɔ wla tralɛ ngʼɔ o i boʼn.",Baoulé,Mozilla Common Voice
common_voice_bci_41652236.mp3,"Min teddy bearʼn, ɔ fata kɛ be tra min awlɛn blɛblɛblɛ.",Baoulé,Mozilla Common Voice
common_voice_bci_41652237.mp3,Lotoʼn su kɔ blɛblɛblɛ akpɔʼn su.,Baoulé,Mozilla Common Voice
common_voice_bci_41652238.mp3,"Atrɛkpaʼn, sɛ e sɔnnin naan e su kɔ toʼn.",Baoulé,Mozilla Common Voice
common_voice_bci_41652239.mp3,Maan e bo yo kun e di ngowa naan yʼa siman akplowa.,Baoulé,Mozilla Common Voice
common_voice_bci_41652240.mp3,"Aloua Wan, Ô niann Tchrrr Ti, Ô Tranman Gboh.",Baoulé,Mozilla Common Voice
common_voice_bci_41652247.mp3,Ba yasuaʼm be uka be si nin be nin naan be bo yo kun be di fie.,Baoulé,Mozilla Common Voice
common_voice_bci_41652249.mp3,Ye yili ye jaʼnvuɛʼm kɔnguɛ.,Baoulé,Mozilla Common Voice
common_voice_bci_41652250.mp3,Bakannganʼm be klo kɛ bé dí ngowa glaci danʼn nun.,Baoulé,Mozilla Common Voice
common_voice_bci_41652301.mp3,Mi niaan bian eni i janʼvuɛʼm be su to banon gua su lɔ.,Baoulé,Mozilla Common Voice
common_voice_bci_41652302.mp3,"Min ndɛ kanlɛ naan mʼan saci min blɛʼn, n nunman nun kun.",Baoulé,Mozilla Common Voice
common_voice_bci_41652304.mp3,"Taluaʼm be yia lɛ be di lã ngowa, be fa ninnge nga be fa yo be awlo lɔʼn, kpɛkun be di janvuɛ tralɛʼm be nun ngowa.",Baoulé,Mozilla Common Voice
common_voice_bci_41652305.mp3,Klɔ taluaʼm be klo able silɛ.,Baoulé,Mozilla Common Voice
common_voice_bci_41652306.mp3,Klɔʼn su bakannganʼm be wanndi.,Baoulé,Mozilla Common Voice
common_voice_bci_41652317.mp3,Baba di sua kplanlɛ junman.,Baoulé,Mozilla Common Voice
common_voice_bci_41652323.mp3,"Mi niaan bian, mʼan wunman wɔ lɔ.",Baoulé,Mozilla Common Voice
common_voice_bci_41652324.mp3,A kannin ndɛ sɔʼn i kpa.,Baoulé,Mozilla Common Voice
common_voice_bci_41652325.mp3,Suanlɛ sɔʼn yɛ ɔ yoli maan mi ni mi mma mun e sinnin sa kekle sɔʼn nun ɔn.,Baoulé,Mozilla Common Voice
common_voice_bci_41526944.mp3,Ɔ janvuɛ Sery tuaman kalɛ.,Baoulé,Mozilla Common Voice
common_voice_bci_41519754.mp3,Be nian woʼn i tinninʼn su naan yʼa wun sinʼnu.,Baoulé,Mozilla Common Voice
common_voice_bci_41532637.mp3,E ko trannin andɛ min wla fi min janvuɛʼm be su.,Baoulé,Mozilla Common Voice
common_voice_bci_41532638.mp3,Ɔ fata kɛ a wunnzin naan wʼa tɔman tukpachtɛ.,Baoulé,Mozilla Common Voice
common_voice_bci_41532640.mp3,N ni mi si e kɔ fie nun junman dilɛ nglɛmun kwlaa.,Baoulé,Mozilla Common Voice
common_voice_bci_41532647.mp3,Mi niaan bianʼn ɲannin akatua kun desɛn ngʼɔ yiliʼn i su akplowa silɛʼn nun.,Baoulé,Mozilla Common Voice
common_voice_bci_41532648.mp3,Bakannganʼm be fa nzue kunmanʼn nun ba nglɛmun kwlaa.,Baoulé,Mozilla Common Voice
common_voice_bci_41532649.mp3,Blo nnɛnʼm be tran waka dandanʼm be nun be ɲanman be ti.,Baoulé,Mozilla Common Voice
common_voice_bci_41532650.mp3,Flimuʼn bo i bo blɛ trele kun nun.,Baoulé,Mozilla Common Voice
common_voice_bci_41532657.mp3,Klɔ blaʼm be bo balo guabo su lɔ.,Baoulé,Mozilla Common Voice
common_voice_bci_41532658.mp3,N kwlá boman ngowa kun.,Baoulé,Mozilla Common Voice
common_voice_bci_41532659.mp3,E ko trannin andɛ mi wla fi mi djanvuɛʼm be su.,Baoulé,Mozilla Common Voice
common_voice_bci_41532660.mp3,"Nnɛn nga a si kɛ ɔ kwla min wɔʼn, ɔ yaciman ɔ lɛ naan ɔ ɲin ɔ.",Baoulé,Mozilla Common Voice
common_voice_bci_41532661.mp3,Baba fin gua bo lɔ bali nin waka mma.,Baoulé,Mozilla Common Voice
common_voice_bci_41532667.mp3,Suaʼn ti klanman yɛ ɔ ti sanwun kpa.,Baoulé,Mozilla Common Voice
common_voice_bci_41532668.mp3,Anunmanʼm be tu be bo be kɔ ngua lɔ afuɛ kwlaa nun.,Baoulé,Mozilla Common Voice
common_voice_bci_41532669.mp3,N dili aliɛ kpa.,Baoulé,Mozilla Common Voice
common_voice_bci_41532670.mp3,Kɔkɔti nnɛn Koffi dan yɛ ɔ dili kwlaa ɔ.,Baoulé,Mozilla Common Voice
common_voice_bci_41532671.mp3,Ɔ tie ndɛ nga i nannan blaʼn kanʼn.,Baoulé,Mozilla Common Voice
common_voice_bci_41532694.mp3,Mi wunʼn ni mi mmaʼm be kleli min sanngɛ mi wla fi su titi.,Baoulé,Mozilla Common Voice
common_voice_bci_41532695.mp3,Bakannganʼm be srilɛʼn yo maan klɔʼn i nunfuɛʼm be di aklunjuɛ.,Baoulé,Mozilla Common Voice
common_voice_bci_41532696.mp3,"Blɛ sunman nunʼn, be kɔ be wun kpinngbinlɛ likaʼn nun lɔ be ko yo be wun kpinngbinlɛ nin ninnge fanunfanun.",Baoulé,Mozilla Common Voice
common_voice_bci_41532697.mp3,Be fa nzue ba fieʼm be nun naan be fa uka be si nin be ni mun.,Baoulé,Mozilla Common Voice
common_voice_bci_41532700.mp3,Ɲanmiɛn su lɔʼn ti ble kɛ nzueʼn tɔ danʼn.,Baoulé,Mozilla Common Voice
common_voice_bci_41532701.mp3,E kwla yo ninnge mun likawlɛ naan sran kwlaa wʼa yo kpa.,Baoulé,Mozilla Common Voice
common_voice_bci_41532702.mp3,N nin mi janvuɛ mun e to djue.,Baoulé,Mozilla Common Voice
common_voice_bci_41532703.mp3,A le aniaan bian kaan kun mʼɔ ti klanman kpaʼn.,Baoulé,Mozilla Common Voice
common_voice_bci_41532704.mp3,Klɔ kpɛnngbɛnʼm be kle e wafa ngʼɔ fata kɛ e di fieʼn i kpa naan yʼa kwla di fieʼn i kpaʼn.,Baoulé,Mozilla Common Voice
common_voice_bci_41532705.mp3,"E leman sika kun, kan nga e ka lɛʼn, a fa nga kɔ nɔn nzan.",Baoulé,Mozilla Common Voice
common_voice_bci_41532706.mp3,E nin like klefuɛʼn e yo matematiki.,Baoulé,Mozilla Common Voice
common_voice_bci_41532707.mp3,Uka mi n leman like fi n yomɛn i ayre.,Baoulé,Mozilla Common Voice
common_voice_bci_41532708.mp3,"Kɛ lika kwlaa ti fɔuunʼn, anunmanʼm be to jue.",Baoulé,Mozilla Common Voice
common_voice_bci_41532709.mp3,Amun leman awlobo nun sa kunngbaʼn.,Baoulé,Mozilla Common Voice
common_voice_bci_41532711.mp3,Kɔnguɛ kwlaa wʼa yomɛn i wun fɛ.,Baoulé,Mozilla Common Voice
common_voice_bci_41532712.mp3,"N ni a ɲanmɛn i de, ɔ maan ɔ timan mi ndɛ.",Baoulé,Mozilla Common Voice
common_voice_bci_41532713.mp3,Manmi wunnzin tralɛ fien nglɛmun.,Baoulé,Mozilla Common Voice
common_voice_bci_41532720.mp3,Ye kɔ sinema lɔ kɔ nian flimu kun.,Baoulé,Mozilla Common Voice
common_voice_bci_41532721.mp3,Lotoʼn su kɔ blɛblɛblɛ akpɔʼn su.,Baoulé,Mozilla Common Voice
common_voice_bci_41532722.mp3,Taluaʼm be tia ijreʼm be nun naan bʼa fa yo ayre.,Baoulé,Mozilla Common Voice
common_voice_bci_41532727.mp3,Mi si wʼa dun mmua wʼa ɔ fieʼn nun N kunndɛli kɛ e nin i é kɔ́.,Baoulé,Mozilla Common Voice
common_voice_bci_41536981.mp3,Kɔkun Sery nga n kunndɛman kɛ ń wún wɔ kun.,Baoulé,Mozilla Common Voice
common_voice_bci_41536982.mp3,"Nian Kalɛbe ɔ bu mi nnɛn ba nu, n seli yaki.",Baoulé,Mozilla Common Voice
common_voice_bci_41536984.mp3,"Cɛn nga be se kɛ bé úka sikaʼn suʼn, cɛn sɔʼn nun yɛ ń kɔ́ ɔ.",Baoulé,Mozilla Common Voice
common_voice_bci_41536985.mp3,"I modja mɔ guali ɔ, tumi tɛ mu klwa.",Baoulé,Mozilla Common Voice
common_voice_bci_41537001.mp3,"Min desɛnʼn wʼa yoman ye, ɔ ti kanyi tɛ.",Baoulé,Mozilla Common Voice
common_voice_bci_41537002.mp3,Klɔ taluaʼm be sie nzue okaʼm be su.,Baoulé,Mozilla Common Voice
common_voice_bci_41537005.mp3,N su ba nnɔsua nun ń kó nían wafa nga baʼn tiʼn.,Baoulé,Mozilla Common Voice
common_voice_bci_41537017.mp3,N nin baba e kɔ junman.,Baoulé,Mozilla Common Voice
common_voice_bci_41537018.mp3,Be tɔn aliɛ be man aofuɛ mun.,Baoulé,Mozilla Common Voice
common_voice_bci_41537035.mp3,Be sɔ aofuɛʼm be nun srilɛ nun.,Baoulé,Mozilla Common Voice
common_voice_bci_41537036.mp3,"Kɛ likaʼn yo ayrɛʼn, n wla min tralɛʼn.",Baoulé,Mozilla Common Voice
common_voice_bci_41537037.mp3,Ɔ yo waka manda atɛ guaʼn su lɔ.,Baoulé,Mozilla Common Voice
common_voice_bci_41537038.mp3,"Klɔ nga fɔundi o nunʼn, ɔ ti kpa kɛ be wun i.",Baoulé,Mozilla Common Voice
common_voice_bci_41538458.mp3,Ɔ siesie kpanwun kun awloboʼn i cɛn dilɛʼn i ti.,Baoulé,Mozilla Common Voice
common_voice_bci_41538459.mp3,Ɔ se kɛ klɔʼn wo mmua.,Baoulé,Mozilla Common Voice
common_voice_bci_41538460.mp3,E nin min janvuɛ mun e bo balɔn.,Baoulé,Mozilla Common Voice
common_voice_bci_41538461.mp3,"Ɔ fata kɛ a fa annzɛ a yaki i lɛ, n su kpɛman i guaʼn su.",Baoulé,Mozilla Common Voice
common_voice_bci_41538462.mp3,Nzraamaʼm be kpaja ɲanmiɛn su lɔ kɔnguɛ nga.,Baoulé,Mozilla Common Voice
common_voice_bci_41538468.mp3,"Suklu baʼm be suan like naan kɛ afuɛʼn wíeʼn, bʼa kwla yan be ekzaminʼn.",Baoulé,Mozilla Common Voice
common_voice_bci_41538469.mp3,"I sɔʼn i ngunmin tiʼn, amun kwla lafi mi su.",Baoulé,Mozilla Common Voice
common_voice_bci_41538470.mp3,"Sɛ amun waan amún ɲán kokowefuɛʼn i ajaʼn, ɔ fata kɛ amun fɛ i ngbabuaʼn wie.",Baoulé,Mozilla Common Voice
common_voice_bci_41538471.mp3,"Baba, a kwla kanngan ndɛʼn nun kɔnguɛ nga.",Baoulé,Mozilla Common Voice
common_voice_bci_41538472.mp3,E wun kɛ be nin be janvuɛʼn be su uka klɔʼn.,Baoulé,Mozilla Common Voice
common_voice_bci_41538473.mp3,"Sɛ a kunndɛ aklunjuɛ naan a wunmɛn iʼn, a kpɛ aklunjuɛ dilɛʼn i bo.",Baoulé,Mozilla Common Voice
common_voice_bci_41538474.mp3,"Manmi, Nʼyuman like nʼga mon nʼklo i.",Baoulé,Mozilla Common Voice
common_voice_bci_41538475.mp3,Janvuɛʼm be wla gua ase.,Baoulé,Mozilla Common Voice
common_voice_bci_41538476.mp3,"Nglɛmunʼn, akɔɲinmanʼn kpan kekle kpa.",Baoulé,Mozilla Common Voice
common_voice_bci_41538507.mp3,Be ni be siʼm be suan fieʼn i dilɛ.,Baoulé,Mozilla Common Voice
common_voice_bci_41538510.mp3,Sran kpaʼm be cɛman asiɛʼn su.,Baoulé,Mozilla Common Voice
common_voice_bci_41538511.mp3,Mi aata dilɛʼn sakili.,Baoulé,Mozilla Common Voice
common_voice_bci_41538512.mp3,"Nian, n wunnin yɔbuɛ klanman kpa kun!",Baoulé,Mozilla Common Voice
common_voice_bci_41538513.mp3,Be nin be si nin be nin be suan nnɛnʼm be lika nianlɛ.,Baoulé,Mozilla Common Voice
common_voice_bci_41538514.mp3,"A kunndɛ kɛ á fá kokowefuɛʼn i ajaʼn, kpɛkun a kplinman su kɛ á wlá i ngbabuaʼn.",Baoulé,Mozilla Common Voice
common_voice_bci_41538515.mp3,Manmi di junman kekle kpa naan wʼa to bonbon.,Baoulé,Mozilla Common Voice
common_voice_bci_41538594.mp3,Aluaʼn su i minʼn su titi klɔʼn i lika kwlaa nun.,Baoulé,Mozilla Common Voice
common_voice_bci_41538794.mp3,Taluaʼm be nin be ninʼm be suan aliɛ tonlɛ nnɔsua kwlaa.,Baoulé,Mozilla Common Voice
common_voice_bci_41538796.mp3,Klɔʼn su suaʼm be ti tɛnndɛn.,Baoulé,Mozilla Common Voice
common_voice_bci_41538798.mp3,"Sran fi kwlá kpɛman be wakaʼn, kpɛkun ngalɛʼn ɔ́ trá be.",Baoulé,Mozilla Common Voice
common_voice_bci_41538799.mp3,"Sɛ amun nin a diman fie fɔkɔ lɔ deʼn, amun su siman kɛ kanga di awieʼn.",Baoulé,Mozilla Common Voice
common_voice_bci_41538800.mp3,Gbanflɛn kannganʼm be sasa klɔʼn.,Baoulé,Mozilla Common Voice
common_voice_bci_41538801.mp3,"N kunndɛ sɔkɔti, ɔ ti min liɛ!",Baoulé,Mozilla Common Voice
common_voice_bci_41538803.mp3,N kɔ suklu nin min saci.,Baoulé,Mozilla Common Voice
common_voice_bci_41538804.mp3,Ye tonnin aliɛ fɛfɛ kpa likawlɛ.,Baoulé,Mozilla Common Voice
common_voice_bci_41538805.mp3,"Klɔʼn i su ninngeʼm be sɔnnin kpa afuɛ nga nun, e la Ɲanmiɛn ase.",Baoulé,Mozilla Common Voice
common_voice_bci_41538806.mp3,Aliɛ difuɛ kpaman tro nu.,Baoulé,Mozilla Common Voice
common_voice_bci_41538807.mp3,Klɔfuɛʼm be yia sinʼn i wun lɛ.,Baoulé,Mozilla Common Voice
common_voice_bci_41538808.mp3,"Um, a kwlá seman mi kɛ a yo mi like kan? N si kɛ a ɔli sika kunndɛlɛ.",Baoulé,Mozilla Common Voice
common_voice_bci_41538813.mp3,Be yia cafe me nu be koko yalɛ kɔkun be yijɔ likawlɛ.,Baoulé,Mozilla Common Voice
common_voice_bci_41538817.mp3,Aunjuɛʼn ti kɛ laliɛ fɛfɛ sa.,Baoulé,Mozilla Common Voice
common_voice_bci_41538819.mp3,Suklu kɔlɛʼn yo min fɛ kpa cɛn kwlaa.,Baoulé,Mozilla Common Voice
common_voice_bci_41538821.mp3,Be klo aliɛ diwlɛʼm be nun kɔlɛ naan bʼa di mɛn wunmuanʼn nun aliɛʼm be nun.,Baoulé,Mozilla Common Voice
common_voice_bci_41538822.mp3,Be suan like likawlɛ be ekzamin cinnjin kpaʼn i ti.,Baoulé,Mozilla Common Voice
common_voice_bci_41538824.mp3,"A fuan akɔ tɛʼn, kpɛkun kpɛkun akɔ kpaʼn kusu ɔ kɔ.",Baoulé,Mozilla Common Voice
common_voice_bci_41538830.mp3,Ya kɔ Bouaké ainman nglɛmun.,Baoulé,Mozilla Common Voice
common_voice_bci_41538831.mp3,Ɔ wla tralɛ ble klanman kpa titi.,Baoulé,Mozilla Common Voice
common_voice_bci_41538833.mp3,Sranʼm be kɔ junman nglɛmun kwlaa.,Baoulé,Mozilla Common Voice
common_voice_bci_41538834.mp3,Efata kɛ n wɔ suklu ainman nglɛmun.,Baoulé,Mozilla Common Voice
common_voice_bci_41538835.mp3,Sran fi siman wafa ngʼɔ́ wá wíeʼn.,Baoulé,Mozilla Common Voice
common_voice_bci_41538836.mp3,"Kɛ á kɔ́ fa ɔ sikaʼn, fa ɔ nimeroʼn man bian ngʼɔ yi sikaʼn.",Baoulé,Mozilla Common Voice
common_voice_bci_41538837.mp3,Séka kwla man e i gua kpa.,Baoulé,Mozilla Common Voice
common_voice_bci_41538839.mp3,"Ninnge nga be fa to beʼn be o lika kwlaa, ɔ ti srilɛ like!",Baoulé,Mozilla Common Voice
common_voice_bci_41538840.mp3,Nestor n kanman ndɛ fi n kleman wɔ.,Baoulé,Mozilla Common Voice
common_voice_bci_41538841.mp3,"Andɛʼn, like klefuɛʼn mannin awlo lɔ junman kpanngban.",Baoulé,Mozilla Common Voice
common_voice_bci_41538842.mp3,"Nglɛmun nun aklunjuɛʼn timan like fi, nnɔsua nun aklunjuɛʼn yɛ ɔ ti aklunjuɛ kpafuɛʼn niɔn.",Baoulé,Mozilla Common Voice
common_voice_bci_41539123.mp3,Ye bo yo kun e nanti kɔ suklu nglɛmun kwlaa.,Baoulé,Mozilla Common Voice
common_voice_bci_41539124.mp3,Ontin ontin be nɔn mmoja naan bʼa tran nguan nun.,Baoulé,Mozilla Common Voice
common_voice_bci_41539126.mp3,Ɔ fata kɛ be uka min naan mʼan wie junmanʼn i di ndɛndɛ.,Baoulé,Mozilla Common Voice
common_voice_bci_41539133.mp3,Gbanflɛn nin taluaʼm be uka klɔʼn su suaʼm be siesielɛʼn su.,Baoulé,Mozilla Common Voice
common_voice_bci_41539135.mp3,"Cɛn kwlaaʼn, lɔfuɛʼm be fa sranʼm be lotoʼm be kɔ lika ndɛndɛ.",Baoulé,Mozilla Common Voice
common_voice_bci_41539136.mp3,"N fɛ, sanngɛ n lafiman.",Baoulé,Mozilla Common Voice
common_voice_bci_41539148.mp3,Ɔ fata kɛ e wɔ ninnge tolɛ ka naan yʼa wɔ awlo.,Baoulé,Mozilla Common Voice
common_voice_bci_41539149.mp3,Anumanʼm be to djue nglɛmun ndɛ kpa wakaʼm be su.,Baoulé,Mozilla Common Voice
common_voice_bci_41539150.mp3,N kunndɛ kɛ n di glaci mɔ waka mma kpanngban be o nunʼn.,Baoulé,Mozilla Common Voice
common_voice_bci_41539151.mp3,Ba yasuaʼm be uka fieʼm be dilɛ likaʼn nun.,Baoulé,Mozilla Common Voice
common_voice_bci_41539153.mp3,Be su kplan sua uflɛuflɛ kun wa.,Baoulé,Mozilla Common Voice
common_voice_bci_41539154.mp3,N klo kɛ ń fá min crayon ngʼɔ ti ufueʼn ń yí desɛn.,Baoulé,Mozilla Common Voice
common_voice_bci_41539155.mp3,Min si kleli min wafa nga be di agba fieʼn nun lɔʼn.,Baoulé,Mozilla Common Voice
common_voice_bci_41539156.mp3,"Se ayo tɛ akoman lɔ, Gnanmien lika lɔ, oh.",Baoulé,Mozilla Common Voice
common_voice_bci_41539163.mp3,Gbanflɛn nin taluaʼm be di fie dilɛ junmanʼn wie.,Baoulé,Mozilla Common Voice
common_voice_bci_41539165.mp3,Di like kan ya koklo.,Baoulé,Mozilla Common Voice
common_voice_bci_41539167.mp3,Be bo aya naan bʼa tra blo nnɛn.,Baoulé,Mozilla Common Voice
common_voice_bci_41539211.mp3,Sinʼn kpadja fieʼn nun blɛblɛblɛ.,Baoulé,Mozilla Common Voice
common_voice_bci_41539212.mp3,"A lɛman fie, a kwlá diman waka nga a kloʼn.",Baoulé,Mozilla Common Voice
common_voice_bci_41539214.mp3,Ɔ ta agba i fieʼn nun afuɛ kwlaa nun.,Baoulé,Mozilla Common Voice
common_voice_bci_41539288.mp3,Ye yili ye jaʼnvuɛʼm kɔnguɛ.,Baoulé,Mozilla Common Voice
common_voice_bci_41539289.mp3,"Kɛ á kán ndɛʼn, yo sran ngʼɔ sie ɔ suʼn i annvɔ.",Baoulé,Mozilla Common Voice
common_voice_bci_41539290.mp3,N klo i aata dilɛʼn kpa.,Baoulé,Mozilla Common Voice
common_voice_bci_41539291.mp3,Tchɛtchɛ ɔ timan sɔ ndɛ.,Baoulé,Mozilla Common Voice
common_voice_bci_41539652.mp3,"Min balɔnʼn wʼa jran, uka min ndɛndɛ!",Baoulé,Mozilla Common Voice
common_voice_bci_41527476.mp3,A faman ɔ sa bɛʼn kleman ɔ klɔʼn le.,Baoulé,Mozilla Common Voice
common_voice_bci_41532633.mp3,Ɔ timan kpa ti yɛ ɔ yo sɔ ɔ.,Baoulé,Mozilla Common Voice
common_voice_bci_41530800.mp3,"Sran ngʼɔ faman like fi siemɛn i ɲrunʼn, ɔ ɲanman like fi.",Baoulé,Mozilla Common Voice
common_voice_bci_41530799.mp3,I kwlaa sɔʼn timan like fi man wɔ.,Baoulé,Mozilla Common Voice
common_voice_bci_41530798.mp3,"Be nga be tran lɔʼn, be cɛcɛ be ninnge nga be kpɛ beʼn be afiɛn.",Baoulé,Mozilla Common Voice
common_voice_bci_41530797.mp3,Be blɛ mi fluwa ma.,Baoulé,Mozilla Common Voice
common_voice_bci_41527725.mp3,"Kannzɛ bɔbɔ e se kɛ fiafuɛʼn wʼa yo juejueʼn, sanngɛ ɔ te bo sranʼm be srɛ.",Baoulé,Mozilla Common Voice
common_voice_bci_41527724.mp3,"Be kɔ gua bo lɔ be ko to ninnge mun, kpɛkun be yiyi be ɲin su.",Baoulé,Mozilla Common Voice
common_voice_bci_41527723.mp3,Like klefuɛʼn yiyi like suanlɛʼm be nun kpa.,Baoulé,Mozilla Common Voice
common_voice_bci_41527720.mp3,Suklu klefuɛʼn kle e fluwa nun kannganlɛ kpa.,Baoulé,Mozilla Common Voice
common_voice_bci_41527719.mp3,Blaʼm be yo nzue baʼm be nun sanwun naan nzueʼn wʼa yo sanwun.,Baoulé,Mozilla Common Voice
common_voice_bci_41527718.mp3,"Min suklu saciʼn nunʼn, crayon klanman kpaʼm be sɔnnin.",Baoulé,Mozilla Common Voice
common_voice_bci_41527717.mp3,E ni mi yi e fali akunndan kun.,Baoulé,Mozilla Common Voice
common_voice_bci_41527709.mp3,"Andɛʼn, fie dilɛ ninnge uflɛuflɛʼm be sɔnnin klɔʼn i guaʼn su.",Baoulé,Mozilla Common Voice
common_voice_bci_41527706.mp3,Otekun ti yɛ yɔbuɛ ɔ fiʼn talɛ.,Baoulé,Mozilla Common Voice
common_voice_bci_41527704.mp3,Klɔʼn su guaʼm be sonnin.,Baoulé,Mozilla Common Voice
common_voice_bci_41527702.mp3,"Sran kwlaa ngʼɔ te o nguan nunʼn, ɔ́ wún.",Baoulé,Mozilla Common Voice
common_voice_bci_41527695.mp3,"Wie liɛʼn, awlo lɔ junmanʼm be dilɛʼn ti kekle.",Baoulé,Mozilla Common Voice
common_voice_bci_41527694.mp3,N su usa wɔ ndɛ kun.,Baoulé,Mozilla Common Voice
common_voice_bci_41527693.mp3,Gbanflɛn nin talua mun be yia wakaʼn i bo lɔ be koko yalɛ.,Baoulé,Mozilla Common Voice
common_voice_bci_41527692.mp3,Flɛriʼm be ɲin ndɛndɛ sɛ nzueʼn sɔnninʼn.,Baoulé,Mozilla Common Voice
common_voice_bci_41527691.mp3,"Anangaman mi srɛ wɔ o, siɛ he man yo tɛ.",Baoulé,Mozilla Common Voice
common_voice_bci_41527685.mp3,"Sɛ nzue wa tɔmanʼn, é kɔ́ gua bo ainman nglɛmun.",Baoulé,Mozilla Common Voice
common_voice_bci_41527684.mp3,Klɔ bakannganʼm be uka naan bʼa kpɛ waka mma nga be ti mlanwaʼn be nun blɛ kwlaa nun.,Baoulé,Mozilla Common Voice
common_voice_bci_41527683.mp3,"Nian ɔ mlu selikɛ, o wa nga wa yotɛ.",Baoulé,Mozilla Common Voice
common_voice_bci_41527682.mp3,N fali min ninnge mun n wlali min suklu bajɛʼn nun klanman.,Baoulé,Mozilla Common Voice
common_voice_bci_41527681.mp3,Magasinʼm be o klɔʼn i lika kwlaa nun.,Baoulé,Mozilla Common Voice
common_voice_bci_41527665.mp3,Alɛ min suan ɔ bo.,Baoulé,Mozilla Common Voice
common_voice_bci_41527664.mp3,Nʼyo wɔ kula mi wa bla.,Baoulé,Mozilla Common Voice
common_voice_bci_41527659.mp3,Baba di sua kplanlɛ junman.,Baoulé,Mozilla Common Voice
common_voice_bci_41527653.mp3,Nʼzue su tɔ kɔkun Nʼkunnu dɛ kan ngowa gua su lɔ.,Baoulé,Mozilla Common Voice
common_voice_bci_41527652.mp3,Ɔ nin i janvuɛʼm be tɛtɛ tralɛ nglanmannglanman mun.,Baoulé,Mozilla Common Voice
common_voice_bci_41527651.mp3,"Sran ngʼɔ bo alɛʼn i jɔʼn, ɔ diman alɛ sɔʼn wie.",Baoulé,Mozilla Common Voice
common_voice_bci_41527645.mp3,Ɔ to jue fɛfɛ kpa man ba kanngan mun.,Baoulé,Mozilla Common Voice
common_voice_bci_41527644.mp3,"Kannzɛ bɔbɔ min bianʼn ti akɔʼn, n kwlá faman able nɲa n taman min tralɛʼn.",Baoulé,Mozilla Common Voice
common_voice_bci_41527643.mp3,Sukluʼn kle amun kɛ amun yo sran kpa.,Baoulé,Mozilla Common Voice
common_voice_bci_41527642.mp3,Klɔʼn su bakannganʼm be wanndi.,Baoulé,Mozilla Common Voice
common_voice_bci_41527641.mp3,E su kan ɔ ndɛ yɛ a su index sran uflɛ.,Baoulé,Mozilla Common Voice
common_voice_bci_41527640.mp3,Be bisât kɛ tu ɔ ho blɔfuɛ.,Baoulé,Mozilla Common Voice
common_voice_bci_41527639.mp3,Amun nian sran tɛʼm be lika.,Baoulé,Mozilla Common Voice
common_voice_bci_41527636.mp3,Bakannganʼm be si able fɛtriʼn i blɛ nun.,Baoulé,Mozilla Common Voice
common_voice_bci_41527632.mp3,Nzue nɔnlɛ chtɛn kwlakwla ti kpa.,Baoulé,Mozilla Common Voice
common_voice_bci_41527630.mp3,Kloʼn wo tabliʼn i bo lɔ.,Baoulé,Mozilla Common Voice
common_voice_bci_41527629.mp3,Ɔ yoli kpa kɛ titi sa.,Baoulé,Mozilla Common Voice
common_voice_bci_41527625.mp3,"Kɛ baʼn wun i ninʼn, ɔ sri.",Baoulé,Mozilla Common Voice
common_voice_bci_41527623.mp3,N fa min suklu saciʼn.,Baoulé,Mozilla Common Voice
common_voice_bci_41527621.mp3,Aofuɛʼm be bali andɛ ndɔsua nun.,Baoulé,Mozilla Common Voice
common_voice_bci_41527615.mp3,"Mi duman yɛlɛ Vanessa hɛ, mi ni mi niaan bla mun yɛ e baliɔ.",Baoulé,Mozilla Common Voice
common_voice_bci_41527613.mp3,Wan yɛ amun bu i kɛ amun ti ɔ?,Baoulé,Mozilla Common Voice
common_voice_bci_41527612.mp3,"Like kwlaa nga a kunndɛʼn, ɔ o mi lika.",Baoulé,Mozilla Common Voice
common_voice_bci_41527611.mp3,Aunmuanʼn fita nɲaʼm be su blɛblɛblɛ.,Baoulé,Mozilla Common Voice
common_voice_bci_41527605.mp3,Klɔʼn su gbanflɛn nin talua mun be bo balɔn nnɔsua kwlaa.,Baoulé,Mozilla Common Voice
common_voice_bci_41527604.mp3,Like ngʼɔ ti kinndjin kpaʼn yɛle baʼm be lika nianlɛʼn.,Baoulé,Mozilla Common Voice
common_voice_bci_41527603.mp3,Mi si wʼa dun mmua wʼa ɔ fieʼn nun N kunndɛli kɛ e ni i é kɔ́.,Baoulé,Mozilla Common Voice
common_voice_bci_41527602.mp3,Be siesie ngowa kanlɛ ninnge mun be man klɔʼn su ba kanngan mun.,Baoulé,Mozilla Common Voice
common_voice_bci_41527601.mp3,N se kɛ yo a su kɔ fa ɔ sikaʼn?,Baoulé,Mozilla Common Voice
common_voice_bci_41527600.mp3,E bali ɔ wun wunlɛ kɛ é kán ndɛ.,Baoulé,Mozilla Common Voice
common_voice_bci_41527596.mp3,Yasuaʼm be yo aɲia be koko klɔʼn su junmanʼm be su yalɛ.,Baoulé,Mozilla Common Voice
common_voice_bci_41527590.mp3,Mi niaan bianʼn kunndɛman le kɛ ɔ nin min bé dí ngowa.,Baoulé,Mozilla Common Voice
common_voice_bci_41527589.mp3,Bakannganʼm be sri kɔkun be di ngowa be jranman.,Baoulé,Mozilla Common Voice
common_voice_bci_41527588.mp3,"Sɛ amun kunndɛman kɛ viaʼn kpaja amun sinʼn, ɔ su kpajaman amun kuanʼn su wie.",Baoulé,Mozilla Common Voice
common_voice_bci_41527587.mp3,E bali kɛ é kán ndɛ naan amun a kpɛ i guaʼn su kan.,Baoulé,Mozilla Common Voice
common_voice_bci_41527575.mp3,Be uka klɔʼn su lɔ nnɛnʼm be lika nianlɛ nun.,Baoulé,Mozilla Common Voice
common_voice_bci_41527574.mp3,Sanngɛ e kunndɛ kɛ amun uka e.,Baoulé,Mozilla Common Voice
common_voice_bci_41527573.mp3,Ye fali ajalɛ kɛ é kɔ́ kpɔlɛ ainman.,Baoulé,Mozilla Common Voice
common_voice_bci_41527572.mp3,Klɔ kpɛnngbɛnʼn tɔ tukpacɛ kɛ nga sranʼm be fa kanʼn sa.,Baoulé,Mozilla Common Voice
common_voice_bci_41527571.mp3,Aunmuanʼn fita kekle kpa jenvieʼn i nuan lɔ.,Baoulé,Mozilla Common Voice
common_voice_bci_41527564.mp3,"Aɲiho, Kouassi, a su kɔ nin?",Baoulé,Mozilla Common Voice
common_voice_bci_41527562.mp3,Ɔ sie i su mi nuan bo bɔbɔ?,Baoulé,Mozilla Common Voice
common_voice_bci_41527561.mp3,Bakannganʼm be di ngowa wakaʼn i bo lɔ nglɛmun kwlaa.,Baoulé,Mozilla Common Voice
common_voice_bci_41527550.mp3,A wun vie kanvie a woun vie yaki vie.,Baoulé,Mozilla Common Voice
common_voice_bci_41527549.mp3,Be ɔli fie lɔ be ko niannin nnɛn mun.,Baoulé,Mozilla Common Voice
common_voice_bci_41527548.mp3,Mi niaan blaʼn le tralɛ klanman kpa.,Baoulé,Mozilla Common Voice
common_voice_bci_41527547.mp3,Blaʼm be fa ayre waka mun be siesie ayre.,Baoulé,Mozilla Common Voice
common_voice_bci_41527546.mp3,E ɔli laa saʼm be su nianlɛ sua kun nun Samblɛ ngʼɔ sinnin lɛʼn nun.,Baoulé,Mozilla Common Voice
common_voice_bci_41527540.mp3,Baba fali min ɔli dɔɔtrɔ lɔ naan ɔ nian min juejue yolɛ nun.,Baoulé,Mozilla Common Voice
common_voice_bci_41527538.mp3,"Ɔ fata kɛ a di junman titi ɔ ti kekle sanngɛ i sinʼn, a kunndɛ kɛ a ɲan ɔ aɲrunɲan.",Baoulé,Mozilla Common Voice
common_voice_bci_41527536.mp3,"Bla ngʼɔ wunnzɛʼn, ɔ kwlá nianmɛn i kuanʼn i bo lɔ.",Baoulé,Mozilla Common Voice
common_voice_bci_41527529.mp3,N mlinnin min balɔnʼn i wun koko lɛ fieʼn nun lɔ.,Baoulé,Mozilla Common Voice
common_voice_bci_41527528.mp3,"Gnanmien kloli ye, ye le kɛ wa fa iwa wa man ye.",Baoulé,Mozilla Common Voice
common_voice_bci_41527527.mp3,"Sɛ a yo sa tɛ Ɲanmiɛn ɲrunʼn, a fa ɲrɛnnɛn wla ɔ wun.",Baoulé,Mozilla Common Voice
common_voice_bci_41527526.mp3,Bakannganʼm be suan desɛn yilɛ.,Baoulé,Mozilla Common Voice
common_voice_bci_41527515.mp3,"Sɛ a kwla man like wieʼn, ɔ fata kɛ a fɛ i ɔ dɔɔtrɔ lɔ.",Baoulé,Mozilla Common Voice
common_voice_bci_41527513.mp3,"Kɛ bé dí wunmiɛnʼn, janvuɛʼm be bo yo kun be di ngowa.",Baoulé,Mozilla Common Voice
common_voice_bci_41527512.mp3,"Akɔʼn bo nglɛmun ndɛ kpa, titi.",Baoulé,Mozilla Common Voice
common_voice_bci_41527505.mp3,"Sran ngʼɔ wlaman tralɛʼn, ɔ kpêman ala nzra nun.",Baoulé,Mozilla Common Voice
common_voice_bci_41527502.mp3,"Kɛ bé súnman wɔʼn, ɔ fata kɛ a si wafa nga a kwla sunman ɔ wunʼn.",Baoulé,Mozilla Common Voice
common_voice_bci_41527501.mp3,Viaʼn fiteli andɛ klɔʼn su lɔ.,Baoulé,Mozilla Common Voice
common_voice_bci_41527495.mp3,Sran kpanngban be o asɔnun lɔ andɛ tra annunman.,Baoulé,Mozilla Common Voice
common_voice_bci_41527494.mp3,Sɛ nan ti lɛ nan viɛ man be sa toto lɛ or vie man.,Baoulé,Mozilla Common Voice
common_voice_bci_41527493.mp3,Be tɔn aliɛ fɛfɛ kun be man e.,Baoulé,Mozilla Common Voice
common_voice_bci_41527492.mp3,"Snack nga be di i wunmiɛn lolɛ blɛ nunʼn, ɔ yo fɛ titi.",Baoulé,Mozilla Common Voice
common_voice_bci_41527486.mp3,Ɔ tie djue blɛblɛblɛ kpa.,Baoulé,Mozilla Common Voice
common_voice_bci_41527485.mp3,N kɔ suklu lɔ loto nun.,Baoulé,Mozilla Common Voice
common_voice_bci_41527484.mp3,Be fa waka mma ngble mun be kɔ klɔʼn i guaʼn su lɔ.,Baoulé,Mozilla Common Voice
common_voice_bci_41527483.mp3,Like kwlaa le i blɛ.,Baoulé,Mozilla Common Voice
common_voice_bci_41527482.mp3,"Sɛ ɔ ti kɛ sika nunman lɛʼn tiʼn, ɔ waʼn kwla wuli sɔ.",Baoulé,Mozilla Common Voice
common_voice_bci_41527407.mp3,Boliʼm be di ijre ngʼɔ o nzue baʼn i wun lɛʼn su.,Baoulé,Mozilla Common Voice
common_voice_bci_41527475.mp3,Be ti yɛ be ɲannin sikaʼn niɔn.,Baoulé,Mozilla Common Voice
common_voice_bci_41527474.mp3,"Nzueʼn i blɛ nunʼn, aunmuanʼn fita kekle kpa.",Baoulé,Mozilla Common Voice
common_voice_bci_41527472.mp3,Spɔriʼn ti aklunjuɛ like nin janvuɛ mun.,Baoulé,Mozilla Common Voice
common_voice_bci_41527468.mp3,I afuɛ nɲɔn su yɛ be yra mi fieʼn niɔn.,Baoulé,Mozilla Common Voice
common_voice_bci_41527467.mp3,E leman like fi naan yʼa siesie be wun naan bʼa sa be sin suklu lɔ.,Baoulé,Mozilla Common Voice
common_voice_bci_41527458.mp3,Kata fenɛtriʼm be kwlaa be su siɛnʼn.,Baoulé,Mozilla Common Voice
common_voice_bci_41527456.mp3,Anumanʼn kleman wakaʼm be yalɛ kɛ nga min nannanʼn fa kanʼn sa.,Baoulé,Mozilla Common Voice
common_voice_bci_41527455.mp3,"Be nga be tran lɔʼn, be fa lika sɔʼm be di junman be awloʼm be gua su lɔ.",Baoulé,Mozilla Common Voice
common_voice_bci_41527447.mp3,Manmi klo kɛ n wunnzin min dje.,Baoulé,Mozilla Common Voice
common_voice_bci_41527446.mp3,Mi yi ɔli ko srɛli ukalɛ.,Baoulé,Mozilla Common Voice
common_voice_bci_41527445.mp3,"Taluaʼm be fa nzue kunmanʼn nun be man awlobofuɛ mun, be fa sɛʼm be su kpa, kpɛkun be di junmanʼn cɛn kwlaa.",Baoulé,Mozilla Common Voice
common_voice_bci_41527444.mp3,"Andɛʼn, ɔ ti cɛn dan.",Baoulé,Mozilla Common Voice
common_voice_bci_41527442.mp3,"Lotoʼn juli dɔ su, kpɛkun ɔ ɔli Bouaké.",Baoulé,Mozilla Common Voice
common_voice_bci_41527436.mp3,Mi si ti like klefuɛ.,Baoulé,Mozilla Common Voice
common_voice_bci_41527435.mp3,"Nzue blɛ nunʼn, yasuaʼm be nian nnɛniʼm be lika.",Baoulé,Mozilla Common Voice
common_voice_bci_41527434.mp3,N yia min janvuɛ mun suklu lɔ nglɛmun kwlaa.,Baoulé,Mozilla Common Voice
common_voice_bci_41527424.mp3,Lɔfuɛʼm be klo kɛ bé nánti klɔʼn su.,Baoulé,Mozilla Common Voice
common_voice_bci_41527423.mp3,"Ɔ timan tɛ, n dun mmua dili aliɛ cɛn uflɛ.",Baoulé,Mozilla Common Voice
common_voice_bci_41527420.mp3,"Atrɛkpaʼn, sɛ e sɔnnin naan e su kɔ toʼn.",Baoulé,Mozilla Common Voice
common_voice_bci_41527419.mp3,Be uka klɔʼn su nnɛnʼm be likaʼm be kplanlɛʼn su.,Baoulé,Mozilla Common Voice
common_voice_bci_41527413.mp3,E wunnin tralɛ klanman kun guabo lɔ.,Baoulé,Mozilla Common Voice
common_voice_bci_41527410.mp3,Baba waan aliɛʼn man sran wunmiɛn.,Baoulé,Mozilla Common Voice
common_voice_bci_41527408.mp3,Baba di junman kɔnguɛ kwlaa ka naan wʼa la.,Baoulé,Mozilla Common Voice
common_voice_bci_41526455.mp3,Ye wa kɔ lika mmuammua ainman.,Baoulé,Mozilla Common Voice
common_voice_bci_41527406.mp3,Ngue ekun yɛ sran sɔʼm be kunndɛ ɔ?,Baoulé,Mozilla Common Voice
common_voice_bci_41527395.mp3,Tchɛtchɛ wa timan nʼdɛ nʼgamon ɔ o mɛn nun.,Baoulé,Mozilla Common Voice
common_voice_bci_41527394.mp3,Bakanʼm be kpɛ waka be tɔn si fie su lɔ.,Baoulé,Mozilla Common Voice
common_voice_bci_41527392.mp3,Fluwa kpaʼm be sɔnnin fluwa siewlɛʼn nun.,Baoulé,Mozilla Common Voice
common_voice_bci_41527391.mp3,Bakannganʼm be to balɔn klɔʼn i fieʼn su lɔ.,Baoulé,Mozilla Common Voice
common_voice_bci_41526968.mp3,Nanninʼn su siesie avie aliɛ tɔnwlɛ lɔ.,Baoulé,Mozilla Common Voice
common_voice_bci_41526965.mp3,Bakannganʼm be su di ngowa lika danʼn nun.,Baoulé,Mozilla Common Voice
common_voice_bci_41526959.mp3,Manmin ton aliɛ man awlobofuɛ mun.,Baoulé,Mozilla Common Voice
common_voice_bci_41526957.mp3,Baba toli balɔn klanhan kun man mi.,Baoulé,Mozilla Common Voice
common_voice_bci_41526946.mp3,"Sa ngʼɔ ju e wienguʼm be suʼn, ɔ kwla tɔ e su wie.",Baoulé,Mozilla Common Voice
common_voice_bci_41526943.mp3,Kɛ aliɛʼn ti dowa ɔ yo fɛ kpa.,Baoulé,Mozilla Common Voice
common_voice_bci_41526941.mp3,Be ɲinma nɲɔnʼm be kwlaa be le be tralɛ bo.,Baoulé,Mozilla Common Voice
common_voice_bci_41526940.mp3,"Sanngɛ nian ɔ wun su, nán kan ɔ kodɛʼn kle sran fi.",Baoulé,Mozilla Common Voice
common_voice_bci_41526925.mp3,"A wun mi kɛ nga sa, n siman blɔfuɛ kpa, sanngɛ ndɛ nga sranʼm be kanʼn, ɔ timan mi ndɛ.",Baoulé,Mozilla Common Voice
common_voice_bci_41526924.mp3,Be fa nzue ba fieʼm be nun naan be fa uka be si nin be nin mun.,Baoulé,Mozilla Common Voice
common_voice_bci_41526923.mp3,"Nzueʼn ti mlanmlanmlan, ɔ kunndɛ kɛ nzue tɔ.",Baoulé,Mozilla Common Voice
common_voice_bci_41526922.mp3,Gbanflɛn nin talua mun be yia wakaʼn i bo lɔ nnɔsua kwlaa.,Baoulé,Mozilla Common Voice
common_voice_bci_41526921.mp3,Min tontonʼn yo nnɛn kpanngɔ atɛ klɔʼn i guaʼn su lɔ.,Baoulé,Mozilla Common Voice
common_voice_bci_41526914.mp3,"Ɔ fata kɛ amun kata fenɛtriʼm be su, onti ontinʼm be ti.",Baoulé,Mozilla Common Voice
common_voice_bci_41526913.mp3,Sranʼm be fa be wun wlɛ i klɔʼn su ninngeʼm be nun naan be afiɛnʼn wʼa mantan kpa.,Baoulé,Mozilla Common Voice
common_voice_bci_41526912.mp3,"Janvuɛʼm be fa be ngowa kanlɛ ninngeʼm be man sran mun, ɔ ti kpa.",Baoulé,Mozilla Common Voice
common_voice_bci_41526911.mp3,Mi desɛnʼn timan klanman kɛ sran uflɛʼm be liɛʼn sa.,Baoulé,Mozilla Common Voice
common_voice_bci_41526904.mp3,"Nglɛmun kwlaaʼn, klɔ taluaʼm be yia gboʼn i wun lɛ.",Baoulé,Mozilla Common Voice
common_voice_bci_41526903.mp3,"Tchɛtchɛ, ɔ timan min kodɛ sɛ ɔ ti mi kodɛʼn, n si i.",Baoulé,Mozilla Common Voice
common_voice_bci_41526901.mp3,Bakannganʼm be su wanndi fieʼn nun lɔ.,Baoulé,Mozilla Common Voice
common_voice_bci_41526900.mp3,"Yɛ sɛ ɔ ti min kodɛʼn, be seli kɛ nán n fa kle sran fi.",Baoulé,Mozilla Common Voice
common_voice_bci_41526899.mp3,Baba condu loto kɔ guabo.,Baoulé,Mozilla Common Voice
common_voice_bci_41526898.mp3,Manmi wunnzin tralɛ eni waka mma.,Baoulé,Mozilla Common Voice
common_voice_bci_41526897.mp3,"Nzueʼn ti dĩn, yɛ ɔ ti ble kpa.",Baoulé,Mozilla Common Voice
common_voice_bci_41526894.mp3,Bakannganʼm be klo kɛ bé dí ngowa glaci danʼn nun.,Baoulé,Mozilla Common Voice
common_voice_bci_41526893.mp3,Ndreʼm be o okaʼm be su.,Baoulé,Mozilla Common Voice
common_voice_bci_41526892.mp3,Klɔʼn su fie difuɛʼm be di junman kekle nglɛmun lele nnɔsua.,Baoulé,Mozilla Common Voice
common_voice_bci_41526891.mp3,"Baba nian ɔ nʼdɛ sɛkɛ, ɔwa nʼga su flɛ wɔ, a tɛ isu.",Baoulé,Mozilla Common Voice
common_voice_bci_41526889.mp3,E toli waka mma lɔ guaʼn su lɔ.,Baoulé,Mozilla Common Voice
common_voice_bci_41526888.mp3,"Kannzɛ bɔbɔ e se kɛ nnɛn kpanngɔʼn wʼa ɲinmanʼn, sanngɛ ɔ timan kpa kɛ ɔ wla tralɛ ngʼɔ o i boʼn.",Baoulé,Mozilla Common Voice
common_voice_bci_41526887.mp3,Suklu klefuɛʼn ti aklunyefuɛ yɛ ɔ trɛ i awlɛn e wun.,Baoulé,Mozilla Common Voice
common_voice_bci_41526885.mp3,"Fie nga n diʼn, yɛ ɔ man mi atin kɛ n di min junman kanʼn niɔn.",Baoulé,Mozilla Common Voice
common_voice_bci_41526884.mp3,"Sɛ amun nɔn nzue kpanngbanʼn, ɔ ti kpa man amun.",Baoulé,Mozilla Common Voice
common_voice_bci_41526883.mp3,Nnɛnʼn siman kɛ ngwlɛlɛfuɛʼn wun ɲrɛnnɛn.,Baoulé,Mozilla Common Voice
common_voice_bci_41526881.mp3,"Srɛ kunman min nnɛnʼn i tiʼn, yɛ n kunndɛman kɛ ń dí i ɲinmaʼn.",Baoulé,Mozilla Common Voice
common_voice_bci_41526880.mp3,Waka mmaʼm be ti mlanmlanmlan yɛ be ti fɛ siɛnʼn.,Baoulé,Mozilla Common Voice
common_voice_bci_41526879.mp3,Be kplannin waka sua kun wakaʼn i wun lɛ.,Baoulé,Mozilla Common Voice
common_voice_bci_41526878.mp3,Be kɔ djue tralɛ nzueʼn nun nglɛmun kwlaa.,Baoulé,Mozilla Common Voice
common_voice_bci_41526877.mp3,"Be waan kɛ a nin a wumanʼn, ɔ fata kɛ a di aliɛ kpa.",Baoulé,Mozilla Common Voice
common_voice_bci_41526876.mp3,"Be mantanfuɛʼm be ti kpa, e tran klanman.",Baoulé,Mozilla Common Voice
common_voice_bci_41526875.mp3,"Kɛ lika kwlaa ti diinʼn, yɛ bakannganʼm be to djue ɔ.",Baoulé,Mozilla Common Voice
common_voice_bci_41526874.mp3,"Kɛ bé dí fɛtriʼn, gbanflɛn nin taluaʼm be to jue.",Baoulé,Mozilla Common Voice
common_voice_bci_41526871.mp3,E bali kɛ é úkɛ i naan wʼa wie i junmanʼn i di.,Baoulé,Mozilla Common Voice
common_voice_bci_41526870.mp3,Nzue tɔ kpa okaoka lika nga nun.,Baoulé,Mozilla Common Voice
common_voice_bci_41526866.mp3,Like ngʼɔ fataman kɛ be kanʼn yɛle kɛ be yɛ be kan ndɛ sɔʼn niɔn.,Baoulé,Mozilla Common Voice
common_voice_bci_41526865.mp3,"Kɛ a ka lɛ naan wʼa nɔn ɔ nɔnnɔnʼn, ɔ kunnuʼn yɛ ɔ kle ɔ yalɛʼn niɔn.",Baoulé,Mozilla Common Voice
common_voice_bci_41526864.mp3,"Yɛ kɛ ngalɛ saʼn, e si nin e nin mun e di alaje.",Baoulé,Mozilla Common Voice
common_voice_bci_41526862.mp3,Be di be wun kpinngbinlɛʼm be nun naan bʼa wla be lɔ ekipuʼm be fanngan.,Baoulé,Mozilla Common Voice
common_voice_bci_41526860.mp3,Ɔ to jue titi nglɛmun nun nzueʼn nun.,Baoulé,Mozilla Common Voice
common_voice_bci_41526859.mp3,"I kpa bɔbɔʼn, e kanman ndɛ ngba.",Baoulé,Mozilla Common Voice
common_voice_bci_41526858.mp3,Ta lɛ kpaki nin wɔtrɛwa gnan wlu wlɛ ɔ.,Baoulé,Mozilla Common Voice
common_voice_bci_41526857.mp3,Ɔ fataman kɛ a kan kle sran mun.,Baoulé,Mozilla Common Voice
common_voice_bci_41526856.mp3,"Kɛ likaʼn doʼn, kakaaʼm be fite.",Baoulé,Mozilla Common Voice
common_voice_bci_41526598.mp3,"Sɛ e jran tukpacɛʼn i ɲrun kekleʼn, ɔ ti kpa tra tukpacɛʼn i ayre yolɛʼn.",Baoulé,Mozilla Common Voice
common_voice_bci_41526597.mp3,Be tɛtɛ trɔ mun naan bʼa yo be lɔ guaʼn su lɔ atɛ.,Baoulé,Mozilla Common Voice
common_voice_bci_41526595.mp3,Be bo aya naan bʼa tra blo nnɛn kanngan mun.,Baoulé,Mozilla Common Voice
common_voice_bci_41526594.mp3,Angloʼn kpaja sua kannganʼm be su blɛblɛblɛ.,Baoulé,Mozilla Common Voice
common_voice_bci_41526577.mp3,"Mi ba nɔnman ti klanman, ɔ ti bla.",Baoulé,Mozilla Common Voice
common_voice_bci_41526576.mp3,"Kɛ lika kwlaa ti fɔuunʼn, aunmuanʼn to djue.",Baoulé,Mozilla Common Voice
common_voice_bci_41526575.mp3,Be lafiman be tchin laliɛ sɛ.,Baoulé,Mozilla Common Voice
common_voice_bci_41526574.mp3,"E bo yo kun e di ngowa, e faman ya lɛ.",Baoulé,Mozilla Common Voice
common_voice_bci_41526573.mp3,Kloʼn lafi fɔuun viaʼn i bo lɔ.,Baoulé,Mozilla Common Voice
common_voice_bci_41526560.mp3,Ɔ wla fi i lakleʼm be su awlo lɔ.,Baoulé,Mozilla Common Voice
common_voice_bci_41526558.mp3,Kaluaʼn lafi sofa ufueʼn su.,Baoulé,Mozilla Common Voice
common_voice_bci_41526555.mp3,Be sie fie dilɛ ninnge mun klɔʼn i sua danʼn nun.,Baoulé,Mozilla Common Voice
common_voice_bci_41526552.mp3,"Andɛ Mɔnnɛn cɛnʼn, likaʼn ti dolɛ kpa.",Baoulé,Mozilla Common Voice
common_voice_bci_41526540.mp3,Nglɛmun kwlaa e di junman kekle e nian e awlobo fieʼm be lika.,Baoulé,Mozilla Common Voice
common_voice_bci_41526539.mp3,"Suklu lɔʼn, n wun ninnge uflɛuflɛ mun.",Baoulé,Mozilla Common Voice
common_voice_bci_41526538.mp3,Ɔ flunman kɛ be kpɛ i suʼn tra kɛ ɔ wuʼn.,Baoulé,Mozilla Common Voice
common_voice_bci_41526537.mp3,Bakannganʼm be su di ngowa viaʼn i bo.,Baoulé,Mozilla Common Voice
common_voice_bci_41526536.mp3,"Kɛ aunmuanʼn fitaʼn, wakaʼn i boʼn kejeman.",Baoulé,Mozilla Common Voice
common_voice_bci_41526510.mp3,Ɔ wun sasalɛʼn timan asiɛʼn i vɛrri.,Baoulé,Mozilla Common Voice
common_voice_bci_41526509.mp3,"Odile, ɔ yo ɔ like! A djuli wa ndɛndɛ.",Baoulé,Mozilla Common Voice
common_voice_bci_41526508.mp3,Klɔ taluaʼm be sri kɛ bé bó ngowa nzue baʼn i wun lɛʼn.,Baoulé,Mozilla Common Voice
common_voice_bci_41526491.mp3,Be uka kpɛnngbɛn mun naan bʼa kan klɔʼn i su ndɛ.,Baoulé,Mozilla Common Voice
common_voice_bci_41526490.mp3,"Sɛ amun siman kɛ avie mmaʼn ti kekleʼn, amun minndɛ lele naan wʼa kplɔ.",Baoulé,Mozilla Common Voice
common_voice_bci_41526489.mp3,Siglifoué siâkê nʼglwêlêfoué fɛ.,Baoulé,Mozilla Common Voice
common_voice_bci_41526488.mp3,Flɛriʼm be ɲin asɔnun sua laaʼn i wun lɛ.,Baoulé,Mozilla Common Voice
common_voice_bci_41526487.mp3,"Sɛ nzueʼn wʼa yiman sɛʼn, nán nzue ngʼɔ tɔʼn yɛ ɔ́ kwlá yí ɔ.",Baoulé,Mozilla Common Voice
common_voice_bci_41526317.mp3,"Ô Wiégoun Mʼdôman Torh Siʼn nouh, yo y yako...Nan sékê, wa tranman pka tiorh.",Baoulé,Mozilla Common Voice
common_voice_bci_41526454.mp3,"Like nga n suɛnnin iʼn yɛle kɛ, ɔ fata kɛ a fa sika sɔʼn naan wʼa bo junman kan annzɛ fie kan kun bo.",Baoulé,Mozilla Common Voice
common_voice_bci_41526453.mp3,Eh mi niaan bla be wan ngue yɛ a su yo kpa?,Baoulé,Mozilla Common Voice
common_voice_bci_41526426.mp3,"Sran wieʼm be ɲrunʼn, sran wieʼm be ɲrun yɛ e ɲin yi sranʼn ti ɔ, nán srɛ mʼɔ kun eʼn ti ɔ.",Baoulé,Mozilla Common Voice
common_voice_bci_41526423.mp3,Be suan djue tralɛ nzue ba ngʼɔ mantan lɛʼn nun.,Baoulé,Mozilla Common Voice
common_voice_bci_41526421.mp3,"Kpanwun mɔ be tɔnnin uflɛuflɛʼn, i nvanʼn ti kpa.",Baoulé,Mozilla Common Voice
common_voice_bci_41526420.mp3,Nzue mʼɔ la nglo lɔ plaiiʼn ti kɛ kplo ufue sa.,Baoulé,Mozilla Common Voice
common_voice_bci_41526387.mp3,E faman kolaʼn i bue e yiman tɛ.,Baoulé,Mozilla Common Voice
common_voice_bci_41526385.mp3,E nanti wakaʼm be nun.,Baoulé,Mozilla Common Voice
common_voice_bci_41526383.mp3,Flɛriʼm be bon fan ni kpa.,Baoulé,Mozilla Common Voice
common_voice_bci_41519755.mp3,Be toli nnɛn kpanngɔ ufue uflɛ.,Baoulé,Mozilla Common Voice
common_voice_bci_41519756.mp3,Ɔ su kanngan fluwa kun nun waka kun bo.,Baoulé,Mozilla Common Voice
common_voice_bci_41519757.mp3,N leman sika.,Baoulé,Mozilla Common Voice
common_voice_bci_41519758.mp3,"Kɛ likaʼn kwlaa yo diinʼn, baʼm be kpan.",Baoulé,Mozilla Common Voice
common_voice_bci_41519760.mp3,"Bianʼn wu, ɔ su sɛmɛn i sin kun; sikaʼn wu, kpɛkun ɔ sa sin.",Baoulé,Mozilla Common Voice
common_voice_bci_41519761.mp3,"Sɛ amun leman aniaan blaʼn, nn amun kunndɛman amun niaan bla.",Baoulé,Mozilla Common Voice
common_voice_bci_41519764.mp3,Srɛ kun min suaʼn nun lɔ aosinʼn.,Baoulé,Mozilla Common Voice
common_voice_bci_41519766.mp3,Klɔʼn su awloboʼm be kwlaa be cɛcɛ avieʼn i nun ninngeʼm be nun.,Baoulé,Mozilla Common Voice
common_voice_bci_41519768.mp3,Aluaʼn bo akpɔʼn su annunman kɔnguɛ.,Baoulé,Mozilla Common Voice
common_voice_bci_41519769.mp3,"Kɛ fin nglɛmun andɛ, nʼkunnu kɛ nʼwɔ gua bo.",Baoulé,Mozilla Common Voice
common_voice_bci_41519770.mp3,"Kɛ be ko di aliɛʼn, ɔ fata kɛ be wunnzin be saʼm be nun.",Baoulé,Mozilla Common Voice
common_voice_bci_41519753.mp3,"Nzue su tɔ dan andɛ, nán ɔ wla fi ɔ tralɛʼm be su.",Baoulé,Mozilla Common Voice
common_voice_bci_41519752.mp3,N kwla nian min awlobofuɛʼm be lika.,Baoulé,Mozilla Common Voice
common_voice_bci_41519751.mp3,"Andɛʼn, like klefuɛʼn kanngan ndɛ fɛfɛ kun nun kle e.",Baoulé,Mozilla Common Voice
common_voice_bci_41519749.mp3,Blaʼm be siesie sua baʼm be klanman klɔʼn su lɔ cɛn dilɛʼm be ti.,Baoulé,Mozilla Common Voice
common_voice_bci_41519748.mp3,"Andɛʼn, sranʼm be sɔnnin guaʼn su.",Baoulé,Mozilla Common Voice
common_voice_bci_41519747.mp3,Gonuan like sɔʼn wʼa saci.,Baoulé,Mozilla Common Voice
common_voice_bci_41521368.mp3,Wiaʼn kpaja kpa blɛ mɔ likaʼn ti mlanwaʼn nun.,Baoulé,Mozilla Common Voice
common_voice_bci_41521369.mp3,"Mi mmaʼm be kwla kɔ suklu, yɛ fɔundi o mi awlo lɔ.",Baoulé,Mozilla Common Voice
common_voice_bci_41521370.mp3,Aunmuan jɔwa sin waka bleʼm be afiɛn.,Baoulé,Mozilla Common Voice
common_voice_bci_41521371.mp3,"Kɛ mɔ n bu min junmanʼn i cinnjinʼn tiʼn, min liɛʼn wʼa yo ye.",Baoulé,Mozilla Common Voice
common_voice_bci_41521383.mp3,Aluaʼn lafi fɔundi nun kpa.,Baoulé,Mozilla Common Voice
common_voice_bci_41521384.mp3,Aluaʼn wanndi balɔnʼn i sin ndɛndɛ.,Baoulé,Mozilla Common Voice
common_voice_bci_41521385.mp3,N suannin like uflɛ andɛ.,Baoulé,Mozilla Common Voice
common_voice_bci_41521386.mp3,Sranʼm be fa kpanngɔʼm be fa sin likaʼm be nun.,Baoulé,Mozilla Common Voice
common_voice_bci_41521387.mp3,"Aliɛʼn wʼa lo kpa, n rali min wun.",Baoulé,Mozilla Common Voice
common_voice_bci_41521403.mp3,Maan e wɔ.,Baoulé,Mozilla Common Voice
common_voice_bci_41521404.mp3,Viaʼn kpadja ɲanmiɛn su lɔ kpa.,Baoulé,Mozilla Common Voice
common_voice_bci_41521406.mp3,Sɛ n si kɛ ɔ leman duʼn.,Baoulé,Mozilla Common Voice
common_voice_bci_41521407.mp3,"Kɛ a nɔn nzue ngʼɔ o sin lɔʼn, a nianman nzue ngʼɔ o sin lɔʼn i bueʼm be su.",Baoulé,Mozilla Common Voice
common_voice_bci_41521423.mp3,"Kɛ wiaʼn fíteʼn, be tra jue nzue baʼn nun.",Baoulé,Mozilla Common Voice
common_voice_bci_41521424.mp3,"Sɛ a nian ɔ wun likaʼn, i sɔʼn kleman kɛ srɛ kun wɔ.",Baoulé,Mozilla Common Voice
common_voice_bci_41521425.mp3,"E kwla man amun afɔtuɛ bɔbɔ kɛ sɛ fieʼn wʼa yoman yeʼn, amun yo like uflɛ.",Baoulé,Mozilla Common Voice
common_voice_bci_41521426.mp3,Ba yalɛfuɛʼn siman kɛ i ninʼn klo i.,Baoulé,Mozilla Common Voice
common_voice_bci_41521427.mp3,"Aniaan bla, n wun ndɛ nga a su kanʼn.",Baoulé,Mozilla Common Voice
common_voice_bci_41521434.mp3,Ɔ ti cinnjin ekun kɛ amun kunndɛ wafa nga amun kwla yo amun ninngeʼm be atɛ ndɛndɛʼn.,Baoulé,Mozilla Common Voice
common_voice_bci_41521435.mp3,Siɛ ni niɛnʼm be klo kɛ be ni be mmaʼm be di blɛ Mɔnnɛn chtɛnʼn.,Baoulé,Mozilla Common Voice
common_voice_bci_41521438.mp3,Aniaanʼm be uka be wiengu chtɛn kwlaa awlo lɔ junmanʼm be dilɛ nun.,Baoulé,Mozilla Common Voice
common_voice_bci_41521458.mp3,Be nianman sran ngʼɔ su bobo nʼgatɛ nuanʼn nun.,Baoulé,Mozilla Common Voice
common_voice_bci_41521459.mp3,Nɔnnɔn ti kpa man ɔ juejue yolɛ.,Baoulé,Mozilla Common Voice
common_voice_bci_41521462.mp3,Be bo klolɛ naan bʼa wlu suklu lɔ.,Baoulé,Mozilla Common Voice
common_voice_bci_41521478.mp3,Manmi seli kɛ baba ti kpa.,Baoulé,Mozilla Common Voice
common_voice_bci_41532634.mp3,Ndɛ fɛfɛʼm be sɔnnin suklu fluwaʼm be nun.,Baoulé,Mozilla Common Voice
common_voice_bci_41521481.mp3,"Kɛ a ukaʼn, like kwlaa yo pɔpɔ.",Baoulé,Mozilla Common Voice
common_voice_bci_41521512.mp3,"A kwla wua min suɛn, ɔ nin blɛ nga bé kún wɔʼn.",Baoulé,Mozilla Common Voice
common_voice_bci_41521479.mp3,N klo kɛ e ni mi janvuɛ mun e kan ngowa suklu lɔ.,Baoulé,Mozilla Common Voice
common_voice_bci_41521514.mp3,"Nzueʼn kunndɛ kɛ ɔ́ tɔ́ naan sɛ wʼa tɔmanʼn, ɲannzuɛn su kunman asiɛʼn.",Baoulé,Mozilla Common Voice
common_voice_bci_41521547.mp3,"Kɛ nzueʼn ko tɔʼn, yasua sɔʼm be siesie sua baʼm be ti su.",Baoulé,Mozilla Common Voice
common_voice_bci_41521832.mp3,É kán ndɛ é klé i naan ɔ man fie difuɛʼm be kwlaa be gua kpa.,Baoulé,Mozilla Common Voice
common_voice_bci_41521833.mp3,I jaʼn ti ufue?,Baoulé,Mozilla Common Voice
common_voice_bci_41521849.mp3,Ɔ minndɛ i janvuɛʼn kafeʼn i ɲrun lɛ.,Baoulé,Mozilla Common Voice
common_voice_bci_41521850.mp3,"Kɛ ɔ ko yo naan bʼa ba mi usa wafa nga n kwla ɲannin sika sɔʼn, be klo kɛ nán be yo sɔ naan be ka klɔʼn su lɔ.",Baoulé,Mozilla Common Voice
common_voice_bci_41521851.mp3,Ɔ ti kɛ be le awlɛn be minndɛ like sɔʼn ti kekle saan like nga be wunnin iʼn annzɛ i boʼn guaman blɛʼn.,Baoulé,Mozilla Common Voice
common_voice_bci_41521852.mp3,Junior yɛ ɔ tɔli tukpacɛ kɛ ɔ fɛ i nglɛmun andɛʼn.,Baoulé,Mozilla Common Voice
common_voice_bci_41521859.mp3,Kouassi ɔ fata kɛ a si.,Baoulé,Mozilla Common Voice
common_voice_bci_41521860.mp3,Mi niaan bian kaanʼn su suan nantilɛ blɛblɛblɛ.,Baoulé,Mozilla Common Voice
common_voice_bci_41521861.mp3,Desɛn klanhan kpaʼm be sɔnnin min fluwaʼn nun.,Baoulé,Mozilla Common Voice
common_voice_bci_41521862.mp3,E yi nnɛnʼm be desɛn art blɛ nun.,Baoulé,Mozilla Common Voice
common_voice_bci_41521863.mp3,Gbanflɛn nin talua me to jue guabo.,Baoulé,Mozilla Common Voice
common_voice_bci_41521865.mp3,Be toli tralɛ uflɛ be fa dili chtɛn dilɛʼn.,Baoulé,Mozilla Common Voice
common_voice_bci_41521871.mp3,"Like kwlaa ngʼɔ o e suʼn, ɔ ti kpa.",Baoulé,Mozilla Common Voice
common_voice_bci_41521872.mp3,"Wawa blɛ nunʼn, e ɲanman nʼzue.",Baoulé,Mozilla Common Voice
common_voice_bci_41521874.mp3,"Sika nga n ɲɛnnin iʼn, n fa yoli min junmanʼn.",Baoulé,Mozilla Common Voice
common_voice_bci_41521877.mp3,"Sɛ min ɲinmaʼn ti kpinngbinʼn, i boʼn yɛle kɛ n ti kpinngbin, afin bakanʼn ti kpinngbin tra nanninʼn.",Baoulé,Mozilla Common Voice
common_voice_bci_41521878.mp3,"Klɔ kun mɔ fɔundi o nunʼn, kɛ be wun iʼn, ɔ ti abonuan like.",Baoulé,Mozilla Common Voice
common_voice_bci_41521880.mp3,"Lupu se kɛ meow, ɔ ti srilɛ like, nán sɔ ɔ?",Baoulé,Mozilla Common Voice
common_voice_bci_41521881.mp3,Nzraamaʼm be kpaja ɲanmiɛn bleʼn nun.,Baoulé,Mozilla Common Voice
common_voice_bci_41521882.mp3,"Sɛ amun kɔ klɔ kun mɔ be fa klenzua be kpɛkpɛ ayre nɲaʼm be nunʼn, amun yo cɛ.",Baoulé,Mozilla Common Voice
common_voice_bci_41521883.mp3,"Kɛ i tiʼn wo lɛʼn, i jaʼn wlaman trɔʼn.",Baoulé,Mozilla Common Voice
common_voice_bci_41521894.mp3,Be siesie fluwa siewlɛ lɔ fluwa mun kpa tabliʼm be su.,Baoulé,Mozilla Common Voice
common_voice_bci_41521895.mp3,Sinnglinfuɛʼn siman kɛ ngwlɛlɛfuɛʼn fɛ.,Baoulé,Mozilla Common Voice
common_voice_bci_41521897.mp3,"N su fite, Nʼma sa min sin ndɛndɛ.",Baoulé,Mozilla Common Voice
common_voice_bci_41521913.mp3,"Palaver mʼɔ o aniaan nɲɔn sɔʼm be afiɛnʼn, ɔ ti kɛ nzue ngʼɔ loʼn sa, ɔ kwlá saciman sua kun.",Baoulé,Mozilla Common Voice
common_voice_bci_41521914.mp3,"Sɛ kɔnguɛʼn ɔ ninʼn i wawɛʼn sasa wɔʼn, ɔ ti ɔ liɛ kɛ a sasa ɔ wun nglɛmun nunʼn.",Baoulé,Mozilla Common Voice
common_voice_bci_41521915.mp3,"Sɛ amun tannin batɛmun yofuɛʼn kɛ ɔ fa kaolinʼn, wafa sɛ yɛ ɔ́ trán ɔn?",Baoulé,Mozilla Common Voice
common_voice_bci_41521916.mp3,"Klɔʼn su blaʼm be yia lɛ be ton aliɛ dandan lã cɛn dilɛʼm be ti, be fa awloboʼn i nun aliɛ dilɛ wafa laaʼm be di junman.",Baoulé,Mozilla Common Voice
common_voice_bci_41521917.mp3,Aika baʼn nɔnman nɔnnɔn ni i je.,Baoulé,Mozilla Common Voice
common_voice_bci_41521979.mp3,E kunndɛ kɛ wɔ ni ɔ yiʼn be ni e bla.,Baoulé,Mozilla Common Voice
common_voice_bci_41521980.mp3,"Kɔnguɛʼn, nnɛn kpanngɔʼm be to jue fieʼn nun lɔ.",Baoulé,Mozilla Common Voice
common_voice_bci_41521981.mp3,"Baʼm be bo yo kun be sri, like kwlaa ti kpa.",Baoulé,Mozilla Common Voice
common_voice_bci_41521982.mp3,"Kpanwun mʼɔ ti nvanʼn, ɔ yo fɛ titi.",Baoulé,Mozilla Common Voice
common_voice_bci_41521984.mp3,N suan lɛtri klɛlɛ suklu lɔ.,Baoulé,Mozilla Common Voice
common_voice_bci_41521986.mp3,Min janvuɛʼn le alua kun mʼɔ klo ngowa kanlɛʼn niɔn.,Baoulé,Mozilla Common Voice
common_voice_bci_41521987.mp3,Klɔfuɛʼm be yia chtɛn dilɛʼn i bo.,Baoulé,Mozilla Common Voice
common_voice_bci_41521988.mp3,Ɔ mannin min sika kan min junmanʼn i ti sanngɛ n leman sika yɛ ɔ fata kɛ.,Baoulé,Mozilla Common Voice
common_voice_bci_41521989.mp3,"Ninnge nga e ba amun sa nunʼn, be guaʼn wʼa yo dan.",Baoulé,Mozilla Common Voice
common_voice_bci_41521990.mp3,"Mi houn Ano, Mi houn Ano, bla ɔ.",Baoulé,Mozilla Common Voice
common_voice_bci_41521991.mp3,"Fowou man defuɛ Jésus oh, ɔwa dewɔ.",Baoulé,Mozilla Common Voice
common_voice_bci_41521992.mp3,"Kpanwunʼn ti uflɛuflɛ, yɛ be kpa.",Baoulé,Mozilla Common Voice
common_voice_bci_41521993.mp3,Lotoʼm be kɔ ndɛndɛ kpa akpɔ tɛʼm be su.,Baoulé,Mozilla Common Voice
common_voice_bci_41521998.mp3,"Ah, ngue ti yɛ amun leman sika ɔ? Ɔ fata kɛ a ɲan sika.",Baoulé,Mozilla Common Voice
common_voice_bci_41521999.mp3,Gbanflɛn nin talua mun be di junman sɔʼn.,Baoulé,Mozilla Common Voice
common_voice_bci_41522000.mp3,Viaʼn kpaja kpa klɔʼn i ti su lɔ.,Baoulé,Mozilla Common Voice
common_voice_bci_41522002.mp3,Wan yɛ ɔ flɛ alua mun ɔn.,Baoulé,Mozilla Common Voice
common_voice_bci_41522003.mp3,"Blɛ sunman nunʼn, klɔ bakannganʼm be di ngowa awie fieʼm be wun lɛ.",Baoulé,Mozilla Common Voice
common_voice_bci_41522004.mp3,Aluaʼn wanndi ndɛndɛ fieʼn nun lɔ.,Baoulé,Mozilla Common Voice
common_voice_bci_41522005.mp3,Sanngɛ ngue yɛ e waan é sé kɛ e leman like fi bɔbɔ ɔ?,Baoulé,Mozilla Common Voice
common_voice_bci_41522010.mp3,Fiti fiti cogloman ɔ ni kanga be sri man blɛ kuʼngba nu.,Baoulé,Mozilla Common Voice
common_voice_bci_41522011.mp3,Nán sran kunngba yɛ ɔ kan nguanʼn i sin ndɛʼn niɔn.,Baoulé,Mozilla Common Voice
common_voice_bci_41522013.mp3,Gbanflɛn nin talua nga be nin be si be su koko yalɛʼn.,Baoulé,Mozilla Common Voice
common_voice_bci_41522014.mp3,"Sran nga be fin klɔʼn su lɔʼn, be yia fluwa siewlɛʼm be nun be kanngan fluwa nun, kpɛkun be suan like.",Baoulé,Mozilla Common Voice
common_voice_bci_41522015.mp3,"Bewuka mi, nan man kpata mi si.",Baoulé,Mozilla Common Voice
common_voice_bci_41522016.mp3,"Uwka mma nga be ti uflɛuflɛʼn, be ti kpa man sran kwlaa.",Baoulé,Mozilla Common Voice
common_voice_bci_41522017.mp3,Bakannganʼm be kpɛ be tralɛʼm be nun.,Baoulé,Mozilla Common Voice
common_voice_bci_41522018.mp3,Jueʼm be wlan nzue ba mʼɔ ti weiinʼn nun.,Baoulé,Mozilla Common Voice
common_voice_bci_41522019.mp3,Waka tɛnndɛn kpaʼm be bo sin yia klɔʼn.,Baoulé,Mozilla Common Voice
common_voice_bci_41522020.mp3,Bianʼn wunmɛn i nuanʼn i awieliɛʼn.,Baoulé,Mozilla Common Voice
common_voice_bci_41522021.mp3,Taluaʼm be fa nnɛnʼm be nɔnnɔn uflɛuflɛʼn be ba nglɛmun kwlaa.,Baoulé,Mozilla Common Voice
common_voice_bci_41522023.mp3,"Janvuɛʼm be uka be wiengu, like kwlaa yo fɛ.",Baoulé,Mozilla Common Voice
common_voice_bci_41522024.mp3,Taluaʼm be nin be janvuɛʼm be si able lã cɛn dilɛʼm be bo.,Baoulé,Mozilla Common Voice
common_voice_bci_41522026.mp3,"Ɔka sɔʼn ti nglo lɔ, yɛ ɔ ti klanman kpa.",Baoulé,Mozilla Common Voice
common_voice_bci_41522027.mp3,Janvuɛʼm be di aliɛ likawlɛ.,Baoulé,Mozilla Common Voice
common_voice_bci_41522028.mp3,N klo kɛ ń súan ninnge uflɛ mun cɛn kwlaa.,Baoulé,Mozilla Common Voice
common_voice_bci_41522029.mp3,"Trɛ nu pka trɛ nu pka nʼzue nʼtôlô yôhô, gnamien o kahé.",Baoulé,Mozilla Common Voice
common_voice_bci_41522030.mp3,"Taluaʼm be suan lã tralɛʼm be tɛtɛlɛ nin be nin mun, be fa tralɛ fanunfanun nin lɔ ninngeʼm be yolɛ.",Baoulé,Mozilla Common Voice
common_voice_bci_41522031.mp3,A leman ɔ bɔbɔ ɔ fie a kwlá diman like nga ɔ awlɛnʼn kloʼn.,Baoulé,Mozilla Common Voice
common_voice_bci_41522032.mp3,Sranʼm be sɔnnin klɔʼn su.,Baoulé,Mozilla Common Voice
common_voice_bci_41522033.mp3,Min si di junman kekle e awlobofuɛʼm be lika cɛn kwlakwla.,Baoulé,Mozilla Common Voice
common_voice_bci_41522034.mp3,"Dɔrtrɔ bianʼn i ndɛʼn tiʼn, mi waʼn ti kpa.",Baoulé,Mozilla Common Voice
common_voice_bci_41522035.mp3,Klɔʼn su fie difuɛʼm be yiali be kokoli ninngeʼm be kpɛlɛʼn i su yalɛ.,Baoulé,Mozilla Common Voice
common_voice_bci_41522036.mp3,"Taluaʼm be yia lɛ be suan lã jue tolɛ, be kan ndɛʼm be ndɛ ekun, kpɛkun be nin klɔfuɛ uflɛʼm be suan like.",Baoulé,Mozilla Common Voice
common_voice_bci_41522038.mp3,Sɛ gban mlô gnin y tôlɛ ô fa manhan nʼgna suhi.,Baoulé,Mozilla Common Voice
common_voice_bci_41522039.mp3,"Ɔ fata kɛ ɔ wun like ngʼɔ kunndɛliʼn, kɛ ɔ fɛ i annunmanʼn.",Baoulé,Mozilla Common Voice
common_voice_bci_41522040.mp3,Tchɛn kwlaa ɔ se mi kɛ n yaki.,Baoulé,Mozilla Common Voice
common_voice_bci_41522041.mp3,Ba yasuaʼm be kplan sua nɲa mun nin waka mma mun.,Baoulé,Mozilla Common Voice
common_voice_bci_41522044.mp3,N siman nzue nun wlɛwlɛ kɛ be ngaʼm be sa.,Baoulé,Mozilla Common Voice
common_voice_bci_41522045.mp3,Nzueʼn tɔ wakaʼm be su blɛblɛblɛ.,Baoulé,Mozilla Common Voice
common_voice_bci_41522046.mp3,Ɔ fata kɛ ɔ wla wʼa fi su kɛ ayinʼn ti Fue cɛn.,Baoulé,Mozilla Common Voice
common_voice_bci_41522047.mp3,Sɛ e ni i e kokoli su yalɛʼn ni?,Baoulé,Mozilla Common Voice
common_voice_bci_41522048.mp3,Yalɛfuɛʼn klo i waʼn sanngɛ baʼn simɛn i sôr.,Baoulé,Mozilla Common Voice
common_voice_bci_41522049.mp3,Mi si kleli min wafa nga be di ablé fieʼn nun lɔʼn.,Baoulé,Mozilla Common Voice
common_voice_bci_41522050.mp3,"Kɛ a bo bakan kunʼn, a jranmɛn i sunlɛʼn i ɲrun.",Baoulé,Mozilla Common Voice
common_voice_bci_41522051.mp3,Alua ble nian fenɛtri tikewa nu.,Baoulé,Mozilla Common Voice
common_voice_bci_41522052.mp3,"Able ngʼɔ yo awlo lɔʼn, nán amun wanndi si able.",Baoulé,Mozilla Common Voice
common_voice_bci_41522054.mp3,"Sran ngʼɔ yo aunmuanʼn, yɛ ɔ dun mmua wun i wlɛ-ɔ.",Baoulé,Mozilla Common Voice
common_voice_bci_41522055.mp3,Ɔ suman nnɛn kpanngɔ nɲɔn be su kpɛ kunngba.,Baoulé,Mozilla Common Voice
common_voice_bci_41522056.mp3,N lua like kan kun asiɛʼn nun.,Baoulé,Mozilla Common Voice
common_voice_bci_41522057.mp3,E kwla jrannin like tɛ kpafuɛʼn i ɲrun kekle kpa ɔ ti.,Baoulé,Mozilla Common Voice
common_voice_bci_41522058.mp3,"Kɛ ɔ ko yo naan wʼa di aliɛ nga bla kun mɔ i wawɛʼn wʼa tɔʼn, ɔ tɔnʼn, ɔ ti kpa, kɛ n lafi awe nunʼn.",Baoulé,Mozilla Common Voice
common_voice_bci_41522059.mp3,E klo kɛ é kɔ́ lika été nun.,Baoulé,Mozilla Common Voice
common_voice_bci_41522060.mp3,"Dɔɔtrɔ bianʼn ti e djanvuɛ, ɔ uka e.",Baoulé,Mozilla Common Voice
common_voice_bci_41522061.mp3,Ngue ti yɛ nzraamaʼm be kpaja kpa kɔnguɛ ɔ?,Baoulé,Mozilla Common Voice
common_voice_bci_41522062.mp3,"Blaʼm be nian fieʼn nun nnɛnʼm be lika, be man be aliɛ, be nian be lika, be yo maan be yo juejue, yɛ be yo juejue.",Baoulé,Mozilla Common Voice
common_voice_bci_41522063.mp3,Gbanflɛn kannganʼm be uka klɔʼn i lika nianlɛʼn su.,Baoulé,Mozilla Common Voice
common_voice_bci_41522064.mp3,N di min awlo lɔ junmanʼn ka naan mʼan fite lɔ mʼan ko di ngowa.,Baoulé,Mozilla Common Voice
common_voice_bci_41522065.mp3,Sran bleʼn wunnin i ɲrunʼn.,Baoulé,Mozilla Common Voice
common_voice_bci_41522066.mp3,Sranʼn i wunmiɛnʼn wo i wienguʼn i wun.,Baoulé,Mozilla Common Voice
common_voice_bci_41522067.mp3,Mi si kleli min wafa nga be di agba fieʼn nun lɔʼn.,Baoulé,Mozilla Common Voice
common_voice_bci_41522068.mp3,Minndɛ nán jaso sɔ yɛ anuannzɛʼn i boʼn wo ɔ.,Baoulé,Mozilla Common Voice
common_voice_bci_41522071.mp3,Bakannganʼm be su di ngowa klɔʼn su lɔ.,Baoulé,Mozilla Common Voice
common_voice_bci_41522072.mp3,"Sran ngʼɔ di like kanʼn, ɔ yoman tɛtɛ le.",Baoulé,Mozilla Common Voice
common_voice_bci_41522073.mp3,"Wakaʼn wʼa jran, sanngɛ ɔ nin a tɔman.",Baoulé,Mozilla Common Voice
common_voice_bci_41522074.mp3,Anunmanʼm be to jue nglɛmun nun.,Baoulé,Mozilla Common Voice
common_voice_bci_41522075.mp3,Aklunye yolɛʼn yo maan cɛn kwlaa yo kpa.,Baoulé,Mozilla Common Voice
common_voice_bci_41522076.mp3,"Mi dilɛ nun e se kɛ kɛ a nin a wumanʼn, ɔ fata kɛ a di aliɛ kpa.",Baoulé,Mozilla Common Voice
common_voice_bci_41522077.mp3,Bakannganʼm be su di fiawlɛʼn i ngowa awloʼn nun lɔ.,Baoulé,Mozilla Common Voice
common_voice_bci_41522078.mp3,Nannanʼm be kan ndɛ fɛfɛ wie mun be kle be anunman mun.,Baoulé,Mozilla Common Voice
common_voice_bci_41522080.mp3,Manmin siesie aliɛ man awlobofuɛ mun.,Baoulé,Mozilla Common Voice
common_voice_bci_41522081.mp3,"N kwlá lafiman, likaʼn wʼa lo kpa Bouaké lɔ.",Baoulé,Mozilla Common Voice
common_voice_bci_41522082.mp3,"Kɛ á súan sranʼn, ɔ fata kɛ a si wafa nga á fá ɔ wun mánʼn.",Baoulé,Mozilla Common Voice
common_voice_bci_41522083.mp3,"Kɛ e leman like uflɛ e yomanʼn, e faman e wun wlaman.",Baoulé,Mozilla Common Voice
common_voice_bci_41522085.mp3,N su yi lika klanman kun i desɛn suklu lɔ andɛ.,Baoulé,Mozilla Common Voice
common_voice_bci_41522088.mp3,Awlobofuɛʼm be yia Wunmiɛn-lolɛ-chtɛn kwlaa be di like likawlɛ.,Baoulé,Mozilla Common Voice
common_voice_bci_41522091.mp3,Klasiʼn i tabloʼn ti dan yɛ ɔ ti ble.,Baoulé,Mozilla Common Voice
common_voice_bci_41522093.mp3,N wla fi su kɛ n yoli min awlo lɔ junmanʼn annunman.,Baoulé,Mozilla Common Voice
common_voice_bci_41522094.mp3,N kwlá boman min tralɛʼn i buto.,Baoulé,Mozilla Common Voice
common_voice_bci_41522096.mp3,"Kɛ woʼn ɲin wɔʼn, kɛ a wun asiɛʼn i vitriʼn, a nian ɔ wun su.",Baoulé,Mozilla Common Voice
common_voice_bci_41522097.mp3,"Koffi nga nunʼn, fieʼm be ɲin kpa.",Baoulé,Mozilla Common Voice
common_voice_bci_41522099.mp3,Anumanʼn kwlá faman ya waka kun wun le.,Baoulé,Mozilla Common Voice
common_voice_bci_41522100.mp3,Djavuɛ kun i srilɛʼn yo maan e klun jɔ.,Baoulé,Mozilla Common Voice
common_voice_bci_41521513.mp3,Lika do Nʼma lafi ndɛndɛ.,Baoulé,Mozilla Common Voice
common_voice_bci_41522102.mp3,Anuannzɛ sɔʼn mannin mi akunndan kun.,Baoulé,Mozilla Common Voice
common_voice_bci_41522105.mp3,Ijɔ lɔ Ijɔ kɛ e ijɔ lɔ e tuaman sika.,Baoulé,Mozilla Common Voice
common_voice_bci_41522101.mp3,Sɛ a su wa yi baʼm be sikaʼn kan kle mi.,Baoulé,Mozilla Common Voice
common_voice_bci_41522107.mp3,Sran sɔʼm be siesie kpanwun suaʼm be ti su.,Baoulé,Mozilla Common Voice
common_voice_bci_41522108.mp3,"Kɛ ɔ man kanʼn, sranʼm be toman naan wʼa kplɔ.",Baoulé,Mozilla Common Voice
common_voice_bci_41522110.mp3,Viaʼn uka ɔ naan wʼa yo ɔ fɛ.,Baoulé,Mozilla Common Voice
common_voice_bci_41522111.mp3,Bian bleʼn wunnin i ɲrunʼn.,Baoulé,Mozilla Common Voice
common_voice_bci_41522113.mp3,"Kɛ be nin a wieman nantilɛʼn, nn be saʼm be jranlɛʼn nin a wieman.",Baoulé,Mozilla Common Voice
common_voice_bci_41522114.mp3,Be rali min ninngeʼm be kwlaa.,Baoulé,Mozilla Common Voice
common_voice_bci_41522115.mp3,Baʼm be kɔ suklu chtɛn kwlaa.,Baoulé,Mozilla Common Voice
common_voice_bci_41522117.mp3,Guaʼn tike nglɛmun ndɛ kpa.,Baoulé,Mozilla Common Voice
common_voice_bci_41522118.mp3,Ɔ bɔbɔ ɔ ni yɛ a su kɔ.,Baoulé,Mozilla Common Voice
common_voice_bci_41522121.mp3,"Kɛ e idjɔ blɛlɛʼn, ɔ ti kpa.",Baoulé,Mozilla Common Voice
common_voice_bci_41522122.mp3,"Fie nga e yoliʼn, ɔ su man.",Baoulé,Mozilla Common Voice
common_voice_bci_41522123.mp3,"Taluaʼm be uka be ninʼm be fa ayre nga be fa yo ayreʼn, be fa ayre nga be nannanʼm be mannin beʼn su.",Baoulé,Mozilla Common Voice
common_voice_bci_41522124.mp3,"Aɲiho fatou, n su kɔ nanti mi fie nun.",Baoulé,Mozilla Common Voice
common_voice_bci_41522125.mp3,E fata kɛ e fa i e kɔ dɔɔtrɔ lɔ ndɛndɛ klɔʼn su lɔ.,Baoulé,Mozilla Common Voice
common_voice_bci_41526357.mp3,Blaʼm be kle talua kannganʼm be klɔ lɔ lã ninngeʼm be yolɛ.,Baoulé,Mozilla Common Voice
common_voice_bci_41526356.mp3,Wan yɛ ɔ buli min akunndan nglɛmun nga ɔ?,Baoulé,Mozilla Common Voice
common_voice_bci_41526354.mp3,Klɔʼn le nzue ba klanman kpa kun mʼɔ ti weiinʼn.,Baoulé,Mozilla Common Voice
common_voice_bci_41526353.mp3,Ɔ fata kɛ a nin sran kwlaa be tran kpa afin e siman like ngʼɔ́ wá jú ainmanʼn.,Baoulé,Mozilla Common Voice
common_voice_bci_41526334.mp3,"Kɛ e yo ninnge munʼn, n klo i.",Baoulé,Mozilla Common Voice
common_voice_bci_41526331.mp3,Ye su kɔ gua bo ainman nglɛmun.,Baoulé,Mozilla Common Voice
common_voice_bci_41526330.mp3,Ye yoli i anniversɛri fɛtri.,Baoulé,Mozilla Common Voice
common_voice_bci_41526319.mp3,Ndɛ wɛtɛɛʼn yo sran kwlaa ye.,Baoulé,Mozilla Common Voice
common_voice_bci_41526207.mp3,Sranʼm be yia aliɛ diwlɛʼm be nun kpɛ sunman.,Baoulé,Mozilla Common Voice
common_voice_bci_41526303.mp3,"Be nga be tran klɔ sɔʼn suʼn, be bo yo kun be yo akpɔʼm be su cɛn dilɛ.",Baoulé,Mozilla Common Voice
common_voice_bci_41526300.mp3,"A wan, a klɛ mi yalɛ, a si man kɛ, a sou klɛ mi nʼglouɛlɛ.",Baoulé,Mozilla Common Voice
common_voice_bci_41526299.mp3,Viaʼn ga fiteli kpa andɛ.,Baoulé,Mozilla Common Voice
common_voice_bci_41526265.mp3,E kwla fa kɔ ni mi lotoʼn.,Baoulé,Mozilla Common Voice
common_voice_bci_41526263.mp3,Sukula leman dunman kpanwun nun kun.,Baoulé,Mozilla Common Voice
common_voice_bci_41526222.mp3,"Min desɛnʼn ti klanman, a klo i?",Baoulé,Mozilla Common Voice
common_voice_bci_41526220.mp3,La ndɛndɛ naan nglɛmunʼn wʼa djaso ndɛndɛ.,Baoulé,Mozilla Common Voice
common_voice_bci_41526216.mp3,Nzueʼn yo naan nigema be yo kpa.,Baoulé,Mozilla Common Voice
common_voice_bci_41526214.mp3,Loto nin motoʼm be sɔnnin akpɔʼm be su.,Baoulé,Mozilla Common Voice
common_voice_bci_41526213.mp3,Ɔ bɔbɔ kwla ba wie.,Baoulé,Mozilla Common Voice
common_voice_bci_41522126.mp3,Baba su siesie moto ngʼɔ saciliʼn andɛ.,Baoulé,Mozilla Common Voice
common_voice_bci_41522127.mp3,Ɔ wlali tralɛ ufue klanman kpa andɛ.,Baoulé,Mozilla Common Voice
common_voice_bci_41522128.mp3,Ɔ klo jueʼm be tielɛ.,Baoulé,Mozilla Common Voice
common_voice_bci_41522129.mp3,"A kunndɛ kɛ á kún alɛ nin albinoʼn, sanngɛ a nin a kwlamɛn i, yɛ á kɔ́.",Baoulé,Mozilla Common Voice
common_voice_bci_41522130.mp3,"N kplin ɔ su, ɔ fata kɛ e nin sran uflɛ e koko su yalɛ.",Baoulé,Mozilla Common Voice
common_voice_bci_41522131.mp3,Klɔ kpɛnngbɛnʼn ɔli e fieʼm be nun le mɔcuɛ ngʼɔ sinnin lɛʼn nun.,Baoulé,Mozilla Common Voice
common_voice_bci_41522132.mp3,"Manmi, Nʼkunnu kɛ eni wɔ ngowa siɛnʼn.",Baoulé,Mozilla Common Voice
common_voice_bci_41522133.mp3,"Ɔ diman aliɛ kpa, dɔrtrɔ bianʼn seli sɔ.",Baoulé,Mozilla Common Voice
common_voice_bci_41522134.mp3,Ɔ leman kunman naan ɔ ti wɔ.,Baoulé,Mozilla Common Voice
common_voice_bci_41522135.mp3,"Trɔ ngʼɔ nunman ɔ ti suʼn, a su simɛn i le kɛ ɔ ti nɔnnin.",Baoulé,Mozilla Common Voice
common_voice_bci_41522136.mp3,Ɔ fata kɛ n tu mi klunngbɔ.,Baoulé,Mozilla Common Voice
common_voice_bci_41522137.mp3,Nán wɔ yɛ a sro mi kɛ bʼa sɔman mi nunʼn niɔn.,Baoulé,Mozilla Common Voice
common_voice_bci_41522138.mp3,"Ɔ fataman kɛ aika baʼn nɔn nɔnnɔn nin i jeʼn, sanngɛ ɔ fata kɛ ɔ fɛ i taflanmanʼn.",Baoulé,Mozilla Common Voice
common_voice_bci_41522139.mp3,"Stéphane, kɔ kunndɛ bia man ɔ tontonʼn; ɔ́ trán ase.",Baoulé,Mozilla Common Voice
common_voice_bci_41522141.mp3,Ɔ yo waka mma atɛ guaʼn su lɔ.,Baoulé,Mozilla Common Voice
common_voice_bci_41522142.mp3,Gbanflɛn nin talua mun yɛ be wunnzin be tralɛ mun ɔn.,Baoulé,Mozilla Common Voice
common_voice_bci_41522149.mp3,Blaʼm be nian sran okeʼm be lika klɔʼn su lɔ.,Baoulé,Mozilla Common Voice
common_voice_bci_41522150.mp3,"Taluaʼm be yia lɛ be di lã ngowa, be fa ninnge nga be fa yo be awlo lɔʼn, kpɛkun be di janvuɛ tralɛʼm be nun ngowa.",Baoulé,Mozilla Common Voice
common_voice_bci_41522151.mp3,"E tra e sa nun, e klo i titi.",Baoulé,Mozilla Common Voice
common_voice_bci_41522152.mp3,"Be nga be tran lɔʼn, be kɔ be mantanfuɛʼm be aɲiaʼm be bo be koko lɔ junmanʼm be su yalɛ.",Baoulé,Mozilla Common Voice
common_voice_bci_41522154.mp3,Wiaʼn kaman yalɛ nun naan wʼa wu.,Baoulé,Mozilla Common Voice
common_voice_bci_41522155.mp3,Like klefuɛʼn kan ndɛ fɛfɛ wie mun.,Baoulé,Mozilla Common Voice
common_voice_bci_41522156.mp3,N le balɔn klanman kun.,Baoulé,Mozilla Common Voice
common_voice_bci_41522158.mp3,N man min sa su kɛ ń úsa kosan kun.,Baoulé,Mozilla Common Voice
common_voice_bci_41522159.mp3,Ainman ye nʼgba ye kɔ lɔ.,Baoulé,Mozilla Common Voice
common_voice_bci_41522160.mp3,Angbeti blaʼn i ngunmin cɛ yɛ i wunʼn la kɔnguɛ kwlaa ɔ.,Baoulé,Mozilla Common Voice
common_voice_bci_41522161.mp3,Baba waan fɔundiʼn ti kinnjin kpa.,Baoulé,Mozilla Common Voice
common_voice_bci_41522162.mp3,E di ablé ni avie fie dan sɔʼn nun.,Baoulé,Mozilla Common Voice
common_voice_bci_41522165.mp3,"Kɛ be se kɛ be wun bianʼn, i boʼn yɛle kɛ be simɛn i.",Baoulé,Mozilla Common Voice
common_voice_bci_41522166.mp3,N klo aliɛ dilɛ naan ɔ mʼan mi ɲan wunmiɛn.,Baoulé,Mozilla Common Voice
common_voice_bci_41522167.mp3,"Anianbla, nanwlè Gniamien ɔ wunyi.",Baoulé,Mozilla Common Voice
common_voice_bci_41522168.mp3,"Nglɛmunʼn, e to cɛnʼn i jueʼn.",Baoulé,Mozilla Common Voice
common_voice_bci_41522174.mp3,"Kɛ amun nin sran kun be nin a tranmanʼn, nán amun se kɛ amun si i.",Baoulé,Mozilla Common Voice
common_voice_bci_41522175.mp3,"Ɔ ti sran kun mɔ e simɛn iʼn, yɛ e flɛ i kɛ hey.",Baoulé,Mozilla Common Voice
common_voice_bci_41522176.mp3,Klɔ taluaʼm be klo able silɛ.,Baoulé,Mozilla Common Voice
common_voice_bci_41522178.mp3,Balɔnʼn ya ka suaʼn ti su lɔ.,Baoulé,Mozilla Common Voice
common_voice_bci_41522179.mp3,Be di junman wie mun naan bʼa uka be nga be sa mianʼn.,Baoulé,Mozilla Common Voice
common_voice_bci_41522182.mp3,Awlo lɔ junmanʼn uka amun naan amun a wun like suanlɛʼn i wlɛ.,Baoulé,Mozilla Common Voice
common_voice_bci_41525844.mp3,Be fa nzue ba fieʼm be nun naan be fa uka be si ni be ni mun.,Baoulé,Mozilla Common Voice
common_voice_bci_41525845.mp3,Manmi seli kɛ nnɛn ontin ontinʼm be ti tɛ.,Baoulé,Mozilla Common Voice
common_voice_bci_41525846.mp3,Like klefuɛʼn yiyi like suanlɛʼn nun weinwein kpa.,Baoulé,Mozilla Common Voice
common_voice_bci_41525847.mp3,"Kɛ mɔ amun ijɔʼn tiʼn, e yoli aɲanbeunfuɛ.",Baoulé,Mozilla Common Voice
common_voice_bci_41525849.mp3,"Kɛ be wun sranʼn, i sɔʼn kleman kɛ be si sran sɔʼn.",Baoulé,Mozilla Common Voice
common_voice_bci_41525850.mp3,"Sɛ a kunndɛman kɛ ɔ raʼn, ɔ su tɔnman.",Baoulé,Mozilla Common Voice
common_voice_bci_41525854.mp3,"Wawa blɛ nunʼn, gbanflɛn ni talua mun be ta bua mun.",Baoulé,Mozilla Common Voice
common_voice_bci_41525855.mp3,Maan e bo yo kun e di ngowa naan yʼa siman akplowa.,Baoulé,Mozilla Common Voice
common_voice_bci_41525857.mp3,Nzueʼn su tɔ blɛblɛblɛ kɔnguɛ nga nun.,Baoulé,Mozilla Common Voice
common_voice_bci_41525858.mp3,"Kɛ á nían ngowa kanlɛʼn, ɔ diman ngowa.",Baoulé,Mozilla Common Voice
common_voice_bci_41525859.mp3,Be wunnin ndɛ sɔʼn i trawlɛ.,Baoulé,Mozilla Common Voice
common_voice_bci_41522106.mp3,"Taluaʼm be bo yo kun be si able klɔʼn i cɛn dilɛʼm be bo, be wla lã tralɛ, kpɛkun be nanti lɔ kpanwunʼm be bolɛʼn su.",Baoulé,Mozilla Common Voice
common_voice_bci_41525862.mp3,"Sɛ Ɲanmiɛn suan amun boʼn, like fi kwlá kwláman amun.",Baoulé,Mozilla Common Voice
common_voice_bci_41525864.mp3,Gbanflɛn nin talua mun be lua nʼgatɛ.,Baoulé,Mozilla Common Voice
common_voice_bci_41525865.mp3,Klɔfuɛʼm be su siesie cɛn dilɛ dan kun ainman.,Baoulé,Mozilla Common Voice
common_voice_bci_41525866.mp3,Ba yasuaʼm be su tra jue nzue baʼn nun kɛ wiaʼn fíteʼn.,Baoulé,Mozilla Common Voice
common_voice_bci_41525867.mp3,Suklu ti lika nʼga be suan like kɔkun be yo sran dan.,Baoulé,Mozilla Common Voice
common_voice_bci_41525869.mp3,"Min teddy bearʼn, ɔ fata kɛ be tra min awlɛn blɛblɛblɛ.",Baoulé,Mozilla Common Voice
common_voice_bci_41525870.mp3,Blaʼm be tɔn aliɛ be man fie difuɛ mun.,Baoulé,Mozilla Common Voice
common_voice_bci_41525871.mp3,Kpanwun tɔnfuɛʼn tɔn kpanwun uflɛuflɛ man be nga be to ninngeʼn nglɛmun kwlaa.,Baoulé,Mozilla Common Voice
common_voice_bci_41525872.mp3,"Ɔ yoli kekle mannin min kpa, sanngɛ ɔ ti laa liɛ.",Baoulé,Mozilla Common Voice
common_voice_bci_41525873.mp3,"Sran ngʼɔ di like kanʼn, ɔ yoman tɛtɛ.",Baoulé,Mozilla Common Voice
common_voice_bci_41525968.mp3,Mi nian bianʼn bali e osu nianlɛ.,Baoulé,Mozilla Common Voice
common_voice_bci_41525970.mp3,Srɛ kunnin min mantanfuɛʼn i alua.,Baoulé,Mozilla Common Voice
common_voice_bci_41525971.mp3,"Kɛ á dí nnɛn kpanngɔʼn i saʼn, nian ɔ liɛʼn.",Baoulé,Mozilla Common Voice
common_voice_bci_41525972.mp3,Sɛ n wieʼn ń bá ɔ awlo lɔ ń kán e junmanʼn i ndɛ.,Baoulé,Mozilla Common Voice
common_voice_bci_41526049.mp3,"Telefɔnunʼn bo, sran kun su flɛ ɔ dunmanʼn.",Baoulé,Mozilla Common Voice
common_voice_bci_41526050.mp3,"Sran kwlaa ngʼɔ nantiʼn, ɔ wun ɲrɛnnɛn; wieʼn su sranʼn i su kɛ i silhouette sa.",Baoulé,Mozilla Common Voice
common_voice_bci_41526054.mp3,Klɔ kpɛnngbɛnʼn wla gbanflɛn nin taluaʼm be fanngan kɛ be di fie.,Baoulé,Mozilla Common Voice
common_voice_bci_41526078.mp3,E kunndɛ kɛ é trɛ́ e fieʼn nun.,Baoulé,Mozilla Common Voice
common_voice_bci_41526079.mp3,Manmi i aliɛʼn ti kpa titi.,Baoulé,Mozilla Common Voice
common_voice_bci_41526080.mp3,Blaʼm be siesie aɲia mun naan bʼa kan klɔʼn i su ninngeʼm be ndɛ.,Baoulé,Mozilla Common Voice
common_voice_bci_41526081.mp3,"Taluaʼm be suan lã miziki bolɛ ninngeʼm be bolɛ, be suan like be nunfuɛʼm be sa nun.",Baoulé,Mozilla Common Voice
common_voice_bci_41526082.mp3,N tɔli yɛ min jaʼn su tu moja dan.,Baoulé,Mozilla Common Voice
common_voice_bci_41526104.mp3,Like kloi nʼga fia fai su.,Baoulé,Mozilla Common Voice
common_voice_bci_41526105.mp3,"Sɛ a kwla tra minʼn, ń trán ɔ wun lɛ lele.",Baoulé,Mozilla Common Voice
common_voice_bci_41526123.mp3,Janvuɛʼm be kwlaa be bo ti kun kɛ awlobo sa.,Baoulé,Mozilla Common Voice
common_voice_bci_41526124.mp3,Desɛn yilɛʼn yɛ ɔ ti min junman nga n klo i kpa suklu lɔʼn niɔn.,Baoulé,Mozilla Common Voice
common_voice_bci_41526127.mp3,N seman kɛ n ti kpa tra wɔ.,Baoulé,Mozilla Common Voice
common_voice_bci_41526146.mp3,Blaʼm be kpɛ nɲa fieʼm be nun.,Baoulé,Mozilla Common Voice
common_voice_bci_41526148.mp3,Lafilɛʼn uka mi wunnɛnʼn naan wʼa yo kpa.,Baoulé,Mozilla Common Voice
common_voice_bci_41526153.mp3,E su di blɛ awlobo nun Fue cɛn nnɔsua nga.,Baoulé,Mozilla Common Voice
common_voice_bci_41526154.mp3,N ɲannin min diplɔmuʼn andɛ.,Baoulé,Mozilla Common Voice
common_voice_bci_41526155.mp3,"Mi suklu saci ya mlinnin, a wunman?",Baoulé,Mozilla Common Voice
common_voice_bci_41526157.mp3,"Madamu, nʼyo wɔ kula aliɛ dilɛ ti.",Baoulé,Mozilla Common Voice
common_voice_bci_41526168.mp3,Ba yasuaʼm be kɔ wakaʼm be nun be kunndɛ nnɛn kanngan mun.,Baoulé,Mozilla Common Voice
common_voice_bci_41526169.mp3,E bali kɛ é kán ndɛ.,Baoulé,Mozilla Common Voice
common_voice_bci_41526170.mp3,"Blaʼm be ton aliɛ be man be awlobofuɛ mun nin aofuɛ mun, be fa ninnge uflɛuflɛ mun, kpɛkun be nian lã aliɛʼm be su.",Baoulé,Mozilla Common Voice
common_voice_bci_41526171.mp3,N kunndɛ kɛ n ɲan kpanwun mɔ be fa kpanwun kpanngban be gua nunʼn.,Baoulé,Mozilla Common Voice
common_voice_bci_41526172.mp3,A seman le kɛ Yako ti srongble.,Baoulé,Mozilla Common Voice
common_voice_bci_41526181.mp3,"Kɛ be klo sranʼn, ɔ yo be fɛ.",Baoulé,Mozilla Common Voice
common_voice_bci_41526184.mp3,Nzue baʼm be sin okaʼm be su blɛblɛblɛ.,Baoulé,Mozilla Common Voice
common_voice_bci_41526186.mp3,Yasuaʼm be kɔ akpasuaakpasua be ko kunndɛ nnɛn.,Baoulé,Mozilla Common Voice
common_voice_bci_41526187.mp3,"Kanʼni ti, alua kunnin mi.",Baoulé,Mozilla Common Voice
common_voice_bci_41526193.mp3,Amun su saci e blɛ.,Baoulé,Mozilla Common Voice
common_voice_bci_41526195.mp3,Ami aɲiho ye kwla tafi ye nuan kan.,Baoulé,Mozilla Common Voice
common_voice_bci_41526196.mp3,Bakannganʼm be wanndi fie mʼɔ ti mlanmlanmlanʼn nun.,Baoulé,Mozilla Common Voice
common_voice_bci_41526203.mp3,"Klɔʼn su lɔʼn, guaʼm be chtin kpa.",Baoulé,Mozilla Common Voice
common_voice_bci_41526204.mp3,"Atin ngʼɔ kpɛʼn, ɔ saciman nzue baʼn.",Baoulé,Mozilla Common Voice
common_voice_bci_41526205.mp3,Yasuaʼm be yo fie dilɛ ninnge mun naan bʼa di fieʼn i junman.,Baoulé,Mozilla Common Voice
common_voice_bci_41526206.mp3,Alua lafi kpa kɛtɛ su.,Baoulé,Mozilla Common Voice
common_voice_bci_41525861.mp3,N si kɛ ɔ ti fiɛn.,Baoulé,Mozilla Common Voice
common_voice_bci_41599246.mp3,"Nzueʼn ti dĩn, yɛ ɔ ti ble kpa.",Baoulé,Mozilla Common Voice
common_voice_bci_41616038.mp3,Be si able nzraamaʼm be bo lɔ kɔnguɛ kwlaa.,Baoulé,Mozilla Common Voice
common_voice_bci_41599232.mp3,Ye bo yo kun e nanti kɔ suklu nglɛmun kwlaa.,Baoulé,Mozilla Common Voice
common_voice_bci_41599240.mp3,N fali min ninnge mun n wlali min suklu bajɛʼn nun klanman.,Baoulé,Mozilla Common Voice
common_voice_bci_41599241.mp3,Ye kɔ sinema lɔ kɔ nian flimu kun.,Baoulé,Mozilla Common Voice
common_voice_bci_41599242.mp3,Be su nian awlobo flimu kun kɔnguɛ nga.,Baoulé,Mozilla Common Voice
common_voice_bci_41599244.mp3,N kwlá wunman fluwa kekle sɔʼn i wlɛ.,Baoulé,Mozilla Common Voice
common_voice_bci_41599245.mp3,N leman sika.,Baoulé,Mozilla Common Voice
common_voice_bci_41599247.mp3,"Sran nga be fin klɔʼn su lɔʼn, be kɔ guabo lɔ be ko to ninnge nga be yili be uflɛuflɛʼn.",Baoulé,Mozilla Common Voice
common_voice_bci_41599248.mp3,"Andɛʼn, like klefuɛʼn mannin awlo lɔ junman kpanngban.",Baoulé,Mozilla Common Voice
common_voice_bci_41599249.mp3,N se kɛ yo a su kɔ fa ɔ sikaʼn?,Baoulé,Mozilla Common Voice
common_voice_bci_41599251.mp3,Klɔ sɔʼn le aliɛ diwlɛ kpanngban.,Baoulé,Mozilla Common Voice
common_voice_bci_41599252.mp3,"Sɛ amun kɔ klɔ kun mɔ be fa klenzua be kpɛkpɛ ayre nɲaʼm be nunʼn, amun yo cɛ.",Baoulé,Mozilla Common Voice
common_voice_bci_41599254.mp3,Sɛ nan ti lɛ nan viɛ man be sa toto lɛ or vie man.,Baoulé,Mozilla Common Voice
common_voice_bci_41599256.mp3,"Mi nnɛn kpanngɔʼn wʼa saci, n kwlá fuman su kun.",Baoulé,Mozilla Common Voice
common_voice_bci_41599257.mp3,Manmi i aliɛʼn ti kpa titi.,Baoulé,Mozilla Common Voice
common_voice_bci_41599258.mp3,Spɔriʼn ti aklunjuɛ like nin janvuɛ mun.,Baoulé,Mozilla Common Voice
common_voice_bci_41599259.mp3,Srɛ kunnin min mantanfuɛʼn i alua.,Baoulé,Mozilla Common Voice
common_voice_bci_41599260.mp3,Suaʼn ti klanman yɛ ɔ ti sanwun kpa.,Baoulé,Mozilla Common Voice
common_voice_bci_41599261.mp3,Nanninʼn su siesie avie aliɛ tɔnwlɛ lɔ.,Baoulé,Mozilla Common Voice
common_voice_bci_41599263.mp3,Be fa nzue ba fieʼm be nun naan be fa uka be si nin be ni mun.,Baoulé,Mozilla Common Voice
common_voice_bci_41599266.mp3,"Kɛ woʼn ɲin wɔʼn, kɛ a wun asiɛʼn i vitriʼn, a nian ɔ wun su.",Baoulé,Mozilla Common Voice
common_voice_bci_41599268.mp3,Ba yasuaʼm be kɔ wakaʼm be nun be kunndɛ nnɛn kanngan mun.,Baoulé,Mozilla Common Voice
common_voice_bci_41599269.mp3,Yɛ a seman kɛ a klo sran nga be fɛʼn.,Baoulé,Mozilla Common Voice
common_voice_bci_41600967.mp3,Wakaʼm be man sran kwlaa i wawɛ.,Baoulé,Mozilla Common Voice
common_voice_bci_41600969.mp3,E kɔ guaʼn su lɔ e ko to waka mma.,Baoulé,Mozilla Common Voice
common_voice_bci_41600970.mp3,Mi wunʼn ni mi mmaʼm be kleli min sanngɛ mi wla fi su titi.,Baoulé,Mozilla Common Voice
common_voice_bci_41600971.mp3,Sukula leman dunman kpanwun nun kun.,Baoulé,Mozilla Common Voice
common_voice_bci_41601531.mp3,Bakannganʼm be kpɛ be tralɛʼm be nun.,Baoulé,Mozilla Common Voice
common_voice_bci_41601534.mp3,Be uka klɔʼn su lɔ nnɛnʼm be lika nianlɛ nun.,Baoulé,Mozilla Common Voice
common_voice_bci_41601535.mp3,"Koffi nga nunʼn, fieʼm be ɲin kpa.",Baoulé,Mozilla Common Voice
common_voice_bci_41601611.mp3,Wan yɛ amun bu i kɛ amun ti ɔ?,Baoulé,Mozilla Common Voice
common_voice_bci_41601614.mp3,"Kɛ be se kɛ be wun bianʼn, i boʼn yɛle kɛ be simɛn i.",Baoulé,Mozilla Common Voice
common_voice_bci_41601621.mp3,Bakannganʼm be klo kɛ bé dí ngowa glaci danʼn nun.,Baoulé,Mozilla Common Voice
common_voice_bci_41601622.mp3,Mi niaan bian kaanʼn su suan nantilɛ blɛblɛblɛ.,Baoulé,Mozilla Common Voice
common_voice_bci_41601623.mp3,"Mi suklu saci ya mlinnin, a wunman?",Baoulé,Mozilla Common Voice
common_voice_bci_41601624.mp3,Be fa nzue ba fieʼm be nun naan be fa uka be si nin be nin mun.,Baoulé,Mozilla Common Voice
common_voice_bci_41601629.mp3,"Kannzɛ bɔbɔ e se kɛ nnɛn kpanngɔʼn wʼa ɲinmanʼn, sanngɛ ɔ timan kpa kɛ ɔ wla tralɛ ngʼɔ o i boʼn.",Baoulé,Mozilla Common Voice
common_voice_bci_41601641.mp3,Like kwlaa le i blɛ.,Baoulé,Mozilla Common Voice
common_voice_bci_41601642.mp3,Viaʼn ga fiteli kpa andɛ.,Baoulé,Mozilla Common Voice
common_voice_bci_41601645.mp3,Di like kan ya koklo.,Baoulé,Mozilla Common Voice
common_voice_bci_41601708.mp3,Ɔ to jue titi nglɛmun nun nzueʼn nun.,Baoulé,Mozilla Common Voice
common_voice_bci_41601710.mp3,"Sran kwlaa ngʼɔ nantiʼn, ɔ wun ɲrɛnnɛn; wieʼn su sranʼn i su kɛ i silhouette sa.",Baoulé,Mozilla Common Voice
common_voice_bci_41601711.mp3,N lua like kan kun asiɛʼn nun.,Baoulé,Mozilla Common Voice
common_voice_bci_41601712.mp3,Bian bleʼn wunnin i ɲrunʼn.,Baoulé,Mozilla Common Voice
common_voice_bci_41601728.mp3,Baba waan fɔundiʼn ti kinnjin kpa.,Baoulé,Mozilla Common Voice
common_voice_bci_41601729.mp3,A wá wún kɛ ɔkulɛʼn ti kannin.,Baoulé,Mozilla Common Voice
common_voice_bci_41601730.mp3,Desɛn yilɛʼn yɛ ɔ ti min junman nga n klo i kpa suklu lɔʼn niɔn.,Baoulé,Mozilla Common Voice
common_voice_bci_41601731.mp3,Be bo balɔn Wunmiɛn-lolɛ-cɛn kwlaa nglɛmun.,Baoulé,Mozilla Common Voice
common_voice_bci_41601732.mp3,Ɔ ti cinnjin ekun kɛ amun kunndɛ wafa nga amun kwla yo amun ninngeʼm be atɛ ndɛndɛʼn.,Baoulé,Mozilla Common Voice
common_voice_bci_41601773.mp3,Mi si wʼa dun mmua wʼa ɔ fieʼn nun N kunndɛli kɛ e nin i é kɔ́.,Baoulé,Mozilla Common Voice
common_voice_bci_41601774.mp3,Gbanflɛn nin talua me di klɔ juman.,Baoulé,Mozilla Common Voice
common_voice_bci_41601776.mp3,Klɔʼn su lɔ gbanflɛn nin talua mun be bo yo kun be suan lã able silɛʼn.,Baoulé,Mozilla Common Voice
common_voice_bci_41601778.mp3,Gbanflɛn nin taluaʼm be uka be si nin be nin fieʼm be nun.,Baoulé,Mozilla Common Voice
common_voice_bci_41601788.mp3,N le janvuɛ kpanngban min suklu lɔ.,Baoulé,Mozilla Common Voice
common_voice_bci_41601789.mp3,Ndɛ fɛfɛʼm be sɔnnin suklu fluwaʼm be nun.,Baoulé,Mozilla Common Voice
common_voice_bci_41601791.mp3,Ba yasuaʼm be fa nannin mun be wlu nnɛn kpanngɔʼm be nun nnɔsua kwlaa.,Baoulé,Mozilla Common Voice
common_voice_bci_41601830.mp3,Tchɛtchɛ wa timan nʼdɛ nʼgamon ɔ o mɛn nun.,Baoulé,Mozilla Common Voice
common_voice_bci_41601831.mp3,Yalɛfuɛʼn klo i waʼn sanngɛ baʼn simɛn i sôr.,Baoulé,Mozilla Common Voice
common_voice_bci_41601832.mp3,Klɔʼn su awloboʼm be kwlaa be cɛcɛ avieʼn i nun ninngeʼm be nun.,Baoulé,Mozilla Common Voice
common_voice_bci_41601840.mp3,Séka kwla man e i gua kpa.,Baoulé,Mozilla Common Voice
common_voice_bci_41601841.mp3,Klɔfuɛʼm be siesie sika kunndɛlɛ naan bʼa uka be nga be sa mianʼn.,Baoulé,Mozilla Common Voice
common_voice_bci_41601842.mp3,Ami aɲiho ye kwla tafi ye nuan kan.,Baoulé,Mozilla Common Voice
common_voice_bci_41601844.mp3,Klɔ kpɛnngbɛnʼn ɔli e fieʼm be nun le mɔcuɛ ngʼɔ sinnin lɛʼn nun.,Baoulé,Mozilla Common Voice
common_voice_bci_41601845.mp3,Klɔ taluaʼm be sri kɛ bé bó ngowa nzue baʼn i wun lɛʼn.,Baoulé,Mozilla Common Voice
common_voice_bci_41601847.mp3,N kwlá boman ngowa kun.,Baoulé,Mozilla Common Voice
common_voice_bci_41601848.mp3,"Kɛ be ko di aliɛʼn, ɔ fata kɛ be wunnzin be saʼm be nun.",Baoulé,Mozilla Common Voice
common_voice_bci_41601849.mp3,N kwlá boman min tralɛʼn i buto.,Baoulé,Mozilla Common Voice
common_voice_bci_41601856.mp3,Klɔʼn le nzue ba klanman kpa kun mʼɔ ti weiinʼn.,Baoulé,Mozilla Common Voice
common_voice_bci_41601857.mp3,Manmi wunnzin tralɛ eni waka mma.,Baoulé,Mozilla Common Voice
common_voice_bci_41601858.mp3,"Sɛ e jran tukpacɛʼn i ɲrun kekleʼn, ɔ ti kpa tra tukpacɛʼn i ayre yolɛʼn.",Baoulé,Mozilla Common Voice
common_voice_bci_41601859.mp3,E klo kɛ é kɔ́ lika été nun.,Baoulé,Mozilla Common Voice
common_voice_bci_41601861.mp3,Ils nʼont plus besoin dʼaller à lʼhôpital.,Baoulé,Mozilla Common Voice
common_voice_bci_41601862.mp3,Klɔʼn su awlobo kwlaa le fie kaan kun mɔ be di fieʼn niɔn.,Baoulé,Mozilla Common Voice
common_voice_bci_41601863.mp3,Janvuɛʼm be wla gua ase.,Baoulé,Mozilla Common Voice
common_voice_bci_41601864.mp3,Nɔnnɔn ti kpa man ɔ juejue yolɛ.,Baoulé,Mozilla Common Voice
common_voice_bci_41601866.mp3,"Nglɛmunʼn, akɔɲinmanʼn kpan kekle kpa.",Baoulé,Mozilla Common Voice
common_voice_bci_41601867.mp3,"Kɛ a bo bakan kunʼn, a jranmɛn i sunlɛʼn i ɲrun.",Baoulé,Mozilla Common Voice
common_voice_bci_41601869.mp3,Be yia cafe me nu be koko yalɛ kɔkun be yijɔ likawlɛ.,Baoulé,Mozilla Common Voice
common_voice_bci_41601870.mp3,Mi si wʼa dun mmua wʼa ɔ fieʼn nun N kunndɛli kɛ e ni i é kɔ́.,Baoulé,Mozilla Common Voice
common_voice_bci_41601871.mp3,Angbeti blaʼn i ngunmin cɛ yɛ i wunʼn la kɔnguɛ kwlaa ɔ.,Baoulé,Mozilla Common Voice
common_voice_bci_41601872.mp3,"Be kɔ gua bo lɔ be ko to ninnge mun, kpɛkun be yiyi be ɲin su.",Baoulé,Mozilla Common Voice
common_voice_bci_41601873.mp3,"Yɛ kɛ ngalɛ saʼn, e si nin e nin mun e di alaje.",Baoulé,Mozilla Common Voice
common_voice_bci_41601874.mp3,Klɔ kpɛnngbɛnʼm be kle e wafa ngʼɔ fata kɛ e di fieʼn i kpa naan yʼa kwla di fieʼn i kpaʼn.,Baoulé,Mozilla Common Voice
common_voice_bci_41601880.mp3,"Kɛ mɔ n bu min junmanʼn i cinnjinʼn tiʼn, min liɛʼn wʼa yo ye.",Baoulé,Mozilla Common Voice
common_voice_bci_41601881.mp3,"Kɛ be ko di aliɛʼn, bakannganʼm be di bonbon.",Baoulé,Mozilla Common Voice
common_voice_bci_41601884.mp3,Be sie fie dilɛ ninnge mun klɔʼn i sua danʼn nun.,Baoulé,Mozilla Common Voice
common_voice_bci_41601887.mp3,Ɔ fata kɛ ɔ wla wʼa fi su kɛ ayinʼn ti Fue cɛn.,Baoulé,Mozilla Common Voice
common_voice_bci_41601889.mp3,Be ɲinma nɲɔnʼm be kwlaa be le be tralɛ bo.,Baoulé,Mozilla Common Voice
common_voice_bci_41601895.mp3,Suklu klefuɛʼn kle e fluwa nun kannganlɛ kpa.,Baoulé,Mozilla Common Voice
common_voice_bci_41601897.mp3,Aunmuan jɔwa sin waka bleʼm be afiɛn.,Baoulé,Mozilla Common Voice
common_voice_bci_41601898.mp3,Ɔ janvuɛ Sery tuaman kalɛ.,Baoulé,Mozilla Common Voice
common_voice_bci_41601905.mp3,N kwla nian min awlobofuɛʼm be lika.,Baoulé,Mozilla Common Voice
common_voice_bci_41601906.mp3,Ɔ fataman kɛ a kan kle sran mun.,Baoulé,Mozilla Common Voice
common_voice_bci_41601908.mp3,Blaʼm be siesie aɲia mun naan bʼa kan klɔʼn i su ninngeʼm be ndɛ.,Baoulé,Mozilla Common Voice
common_voice_bci_41601912.mp3,"Sran ngʼɔ yo aunmuanʼn, yɛ ɔ dun mmua wun i wlɛ-ɔ.",Baoulé,Mozilla Common Voice
common_voice_bci_41601914.mp3,"Sɛ ɔ ti kɛ sika nunman lɛʼn tiʼn, ɔ waʼn kwla wuli sɔ.",Baoulé,Mozilla Common Voice
common_voice_bci_41601925.mp3,"Kɛ ɔ ko yo naan bʼa ba mi usa wafa nga n kwla ɲannin sika sɔʼn, be klo kɛ nán be yo sɔ naan be ka klɔʼn su lɔ.",Baoulé,Mozilla Common Voice
common_voice_bci_41601926.mp3,"I kpa bɔbɔʼn, e kanman ndɛ ngba.",Baoulé,Mozilla Common Voice
common_voice_bci_41601927.mp3,Manmi kan ndɛ mango wakaʼn i bo lɔ.,Baoulé,Mozilla Common Voice
common_voice_bci_41601928.mp3,Ainman ye nʼgba ye kɔ lɔ.,Baoulé,Mozilla Common Voice
common_voice_bci_41602054.mp3,Nʼyo wɔ kula mi wa bla.,Baoulé,Mozilla Common Voice
common_voice_bci_41602055.mp3,Be lafiman be tchin laliɛ sɛ.,Baoulé,Mozilla Common Voice
common_voice_bci_41602056.mp3,Mi niaan bianʼn kunndɛman le kɛ ɔ nin min bé dí ngowa.,Baoulé,Mozilla Common Voice
common_voice_bci_41602058.mp3,N klo aliɛ dilɛ naan ɔ mʼan mi ɲan wunmiɛn.,Baoulé,Mozilla Common Voice
common_voice_bci_41602074.mp3,"Be mantanfuɛʼm be ti kpa, e tran klanman.",Baoulé,Mozilla Common Voice
common_voice_bci_41602075.mp3,"Kpɛkun, aata dilɛʼn yoman kɛ laaʼn sa kun.",Baoulé,Mozilla Common Voice
common_voice_bci_41602076.mp3,Bakannganʼm be fa nzue kunmanʼn nun ba nglɛmun kwlaa.,Baoulé,Mozilla Common Voice
common_voice_bci_41602077.mp3,Baba kanngan fluwa kun nun ka naan wʼa lafi.,Baoulé,Mozilla Common Voice
common_voice_bci_41602094.mp3,Taluaʼm be tia waka naan bʼa sɔ sinʼm be nun.,Baoulé,Mozilla Common Voice
common_voice_bci_41602096.mp3,Bakannganʼm be su di ngowa fieʼn nun lɔ nnɔsua nga nun.,Baoulé,Mozilla Common Voice
common_voice_bci_41602100.mp3,"Sɛ Ɲanmiɛn suan amun boʼn, like fi kwlá kwláman amun.",Baoulé,Mozilla Common Voice
common_voice_bci_41602103.mp3,E bo yo kun e kɔ klɔ lɔ e ko di ngowa.,Baoulé,Mozilla Common Voice
common_voice_bci_41602120.mp3,Be ni be siʼm be suan fieʼn i dilɛ.,Baoulé,Mozilla Common Voice
common_voice_bci_41602121.mp3,"Taluaʼm be bo yo kun be si able klɔʼn i cɛn dilɛʼm be bo, be wla lã tralɛ, kpɛkun be nanti lɔ kpanwunʼm be bolɛʼn su.",Baoulé,Mozilla Common Voice
common_voice_bci_41602122.mp3,Nzraamaʼm be kpaja ɲanmiɛn su lɔ kɔnguɛ.,Baoulé,Mozilla Common Voice
common_voice_bci_41602160.mp3,N fa min suklu saciʼn.,Baoulé,Mozilla Common Voice
common_voice_bci_41602162.mp3,"Nian, ń klé wɔ wafa nga be fa yoʼn.",Baoulé,Mozilla Common Voice
common_voice_bci_41602163.mp3,"Sɛ kɔnguɛʼn ɔ ninʼn i wawɛʼn sasa wɔʼn, ɔ ti ɔ liɛ kɛ a sasa ɔ wun nglɛmun nunʼn.",Baoulé,Mozilla Common Voice
common_voice_bci_41602169.mp3,Ɔ sa mian tiɛ be fa cucu nʼkɔ nʼgnara nu.,Baoulé,Mozilla Common Voice
common_voice_bci_41602170.mp3,Be siesie ngowa kanlɛ ninnge mun be man klɔʼn su ba kanngan mun.,Baoulé,Mozilla Common Voice
common_voice_bci_41602171.mp3,Be kwlali yakpa su andɛ.,Baoulé,Mozilla Common Voice
common_voice_bci_41602172.mp3,Ɔ ni i janvuɛʼm be to video nun ngowa.,Baoulé,Mozilla Common Voice
common_voice_bci_41602173.mp3,"Kɛ bé dí wunmiɛnʼn, janvuɛʼm be bo yo kun be di ngowa.",Baoulé,Mozilla Common Voice
common_voice_bci_41602179.mp3,"Klɔʼn i su ninngeʼm be sɔnnin kpa afuɛ nga nun, e la Ɲanmiɛn ase.",Baoulé,Mozilla Common Voice
common_voice_bci_41602180.mp3,Guaʼn wʼa yi andɛ Fue chtɛn.,Baoulé,Mozilla Common Voice
common_voice_bci_41602182.mp3,Viaʼn fiteli andɛ klɔʼn su lɔ.,Baoulé,Mozilla Common Voice
common_voice_bci_41602183.mp3,Ɔ flunman kɛ be kpɛ i suʼn tra kɛ ɔ wuʼn.,Baoulé,Mozilla Common Voice
common_voice_bci_41602204.mp3,"Nanwlɛ, mi niaan mun, n yo amun mo dan.",Baoulé,Mozilla Common Voice
common_voice_bci_41602205.mp3,"Ɔ fata kɛ amun kata fenɛtriʼm be su, onti ontinʼm be ti.",Baoulé,Mozilla Common Voice
common_voice_bci_41602207.mp3,E su lo wunmiɛn kan siɛnʼn.,Baoulé,Mozilla Common Voice
common_voice_bci_41602208.mp3,Aunmuanʼn fita nɲaʼm be su blɛblɛblɛ.,Baoulé,Mozilla Common Voice
common_voice_bci_41602241.mp3,"Nzue blɛ nunʼn, yasuaʼm be nian nnɛniʼm be lika.",Baoulé,Mozilla Common Voice
common_voice_bci_41602243.mp3,Ye tonnin aliɛ fɛfɛ kpa likawlɛ.,Baoulé,Mozilla Common Voice
common_voice_bci_41602244.mp3,"Mi ba nɔnman ti klanman, ɔ ti bla.",Baoulé,Mozilla Common Voice
common_voice_bci_41602265.mp3,Kɛ baʼm be di aliɛ kpa mɔ be te o nguan nunʼn.,Baoulé,Mozilla Common Voice
common_voice_bci_41602266.mp3,"Manmi, nʼto kɔkun nʼyo atɛ ekun.",Baoulé,Mozilla Common Voice
common_voice_bci_41602267.mp3,Be fa waka mma ngble mun be kɔ klɔʼn i guaʼn su lɔ.,Baoulé,Mozilla Common Voice
common_voice_bci_41602268.mp3,N mlinnin min balɔnʼn i wun koko lɛ fieʼn nun lɔ.,Baoulé,Mozilla Common Voice
common_voice_bci_41602269.mp3,Aluaʼn su i minʼn su titi klɔʼn i lika kwlaa nun.,Baoulé,Mozilla Common Voice
common_voice_bci_41602284.mp3,Blaʼm be yo nzue baʼm be nun sanwun naan nzueʼn wʼa yo sanwun.,Baoulé,Mozilla Common Voice
common_voice_bci_41602290.mp3,Fluwa kpaʼm be sɔnnin fluwa siewlɛʼn nun.,Baoulé,Mozilla Common Voice
common_voice_bci_41602304.mp3,"Sran ngʼɔ bo alɛʼn i jɔʼn, ɔ diman alɛ sɔʼn wie.",Baoulé,Mozilla Common Voice
common_voice_bci_41602305.mp3,Be su kɔ wunmiɛn lolɛ le mɔcuɛ nɲɔn sin.,Baoulé,Mozilla Common Voice
common_voice_bci_41602306.mp3,"Snack nga be di i wunmiɛn lolɛ blɛ nunʼn, ɔ yo fɛ titi.",Baoulé,Mozilla Common Voice
common_voice_bci_41602308.mp3,Amun nian sran tɛʼm be lika.,Baoulé,Mozilla Common Voice
common_voice_bci_41602314.mp3,Aunjuɛʼn ti kɛ laliɛ fɛfɛ sa.,Baoulé,Mozilla Common Voice
common_voice_bci_41602315.mp3,"N su fite, Nʼma sa min sin ndɛndɛ.",Baoulé,Mozilla Common Voice
common_voice_bci_41602316.mp3,"Atinʼn kwla kata ɔ ɲrun lɛ, nán ɔ sin lɔ.",Baoulé,Mozilla Common Voice
common_voice_bci_41602317.mp3,"Kɛ like kwlaa ti dĩnʼn, angloʼn kpadja.",Baoulé,Mozilla Common Voice
common_voice_bci_41602318.mp3,Ɔ sakili mi aata dilɛʼn.,Baoulé,Mozilla Common Voice
common_voice_bci_41602324.mp3,E fata kɛ e fa i e kɔ dɔɔtrɔ lɔ ndɛndɛ klɔʼn su lɔ.,Baoulé,Mozilla Common Voice
common_voice_bci_41602375.mp3,"Kpanwun mɔ be tɔnnin uflɛuflɛʼn, i nvanʼn ti kpa.",Baoulé,Mozilla Common Voice
common_voice_bci_41602376.mp3,Siglifoué siâkê nʼglwêlêfoué fɛ.,Baoulé,Mozilla Common Voice
common_voice_bci_41602393.mp3,Ye wa kɔ lika mmuammua ainman.,Baoulé,Mozilla Common Voice
common_voice_bci_41602394.mp3,N kwlá yoman puzzle kekle sɔʼn.,Baoulé,Mozilla Common Voice
common_voice_bci_41602395.mp3,N nin baba e kɔ junman.,Baoulé,Mozilla Common Voice
common_voice_bci_41602396.mp3,Baba di junman kɔnguɛ kwlaa ka naan wʼa la.,Baoulé,Mozilla Common Voice
common_voice_bci_41602397.mp3,"Bakannganʼm bʼa diman like kɔnguɛ nga, ɔ cɛman be wa kɔ suklu.",Baoulé,Mozilla Common Voice
common_voice_bci_41602403.mp3,"Andɛʼn, ɔ ti cɛn dan.",Baoulé,Mozilla Common Voice
common_voice_bci_41602404.mp3,"Nglɛmun kwlaaʼn, klɔ taluaʼm be yia gboʼn i wun lɛ.",Baoulé,Mozilla Common Voice
common_voice_bci_41602406.mp3,"Cɛn wieʼm be o lɛʼn, n kwlá diman like.",Baoulé,Mozilla Common Voice
common_voice_bci_41602407.mp3,"Ɔ diman aliɛ kpa, dɔrtrɔ bianʼn seli sɔ.",Baoulé,Mozilla Common Voice
common_voice_bci_41602415.mp3,Bakannganʼm be su wanndi manmi fieʼn nun lɔ.,Baoulé,Mozilla Common Voice
common_voice_bci_41602417.mp3,"Gnanmien kloli ye, ye le kɛ wa fa iwa wa man ye.",Baoulé,Mozilla Common Voice
common_voice_bci_41603980.mp3,"Andɛ Mɔnnɛn cɛnʼn, likaʼn ti dolɛ kpa.",Baoulé,Mozilla Common Voice
common_voice_bci_41603981.mp3,"Mi mmaʼm be kwla kɔ suklu, yɛ fɔundi o min awlo lɔ.",Baoulé,Mozilla Common Voice
common_voice_bci_41603982.mp3,Bakannganʼm be su di fiawlɛʼn i ngowa awloʼn nun lɔ.,Baoulé,Mozilla Common Voice
common_voice_bci_41603988.mp3,Ɔ tie djue blɛblɛblɛ kpa.,Baoulé,Mozilla Common Voice
common_voice_bci_41603991.mp3,"N fɛ, sanngɛ n lafiman.",Baoulé,Mozilla Common Voice
common_voice_bci_41603992.mp3,Ɔ wla fi i lakleʼm be su awlo lɔ.,Baoulé,Mozilla Common Voice
common_voice_bci_41603994.mp3,Desɛn klanhan kpaʼm be sɔnnin min fluwaʼn nun.,Baoulé,Mozilla Common Voice
common_voice_bci_41604000.mp3,"Uwka mma nga be ti uflɛuflɛʼn, be ti kpa man sran kwlaa.",Baoulé,Mozilla Common Voice
common_voice_bci_41604001.mp3,Sran bleʼn wunnin i ɲrunʼn.,Baoulé,Mozilla Common Voice
common_voice_bci_41604003.mp3,Bakannganʼm be su di ngowa lika danʼn nun.,Baoulé,Mozilla Common Voice
common_voice_bci_41604004.mp3,"Sɛ amun waan amún ɲán kokowefuɛʼn i ajaʼn, ɔ fata kɛ amun fɛ i ngbabuaʼn wie.",Baoulé,Mozilla Common Voice
common_voice_bci_41604005.mp3,"Kannzɛ bɔbɔ be se kɛ siklɛtiʼn wʼa wieʼn, sanngɛ a kwla ti i nvanʼn.",Baoulé,Mozilla Common Voice
common_voice_bci_41604008.mp3,Be ɔli fie lɔ be ko niannin nnɛn mun.,Baoulé,Mozilla Common Voice
common_voice_bci_41604013.mp3,"Baʼm be bo yo kun be sri, like kwlaa ti kpa.",Baoulé,Mozilla Common Voice
common_voice_bci_41604014.mp3,"Bewuka mi, nan man kpata mi si.",Baoulé,Mozilla Common Voice
common_voice_bci_41604021.mp3,"Baba man yo tɛ, i so tiɛ mi srɛ wɔ.",Baoulé,Mozilla Common Voice
common_voice_bci_41604023.mp3,Amun wunnzin amun saʼm be nun titi ka naan amun a di like.,Baoulé,Mozilla Common Voice
common_voice_bci_41604024.mp3,"Sanngɛ nian ɔ wun su, nán kan ɔ kodɛʼn kle sran fi.",Baoulé,Mozilla Common Voice
common_voice_bci_41604035.mp3,"Kannzɛ bɔbɔ min bianʼn ti akɔʼn, n kwlá faman able nɲa n taman min tralɛʼn.",Baoulé,Mozilla Common Voice
common_voice_bci_41604036.mp3,Ɔ timan kpa ti yɛ ɔ yo sɔ ɔ.,Baoulé,Mozilla Common Voice
common_voice_bci_41604037.mp3,Manmi waan nzue sanwunʼn ti kpa.,Baoulé,Mozilla Common Voice
common_voice_bci_41604039.mp3,Klɔʼn su fie difuɛʼm be di junman kekle nglɛmun lele nnɔsua.,Baoulé,Mozilla Common Voice
common_voice_bci_41604049.mp3,Otekun ti yɛ yɔbuɛ ɔ fiʼn talɛ.,Baoulé,Mozilla Common Voice
common_voice_bci_41604051.mp3,"Sa kwlaa nga be tɔ e suʼn, be ti kpa.",Baoulé,Mozilla Common Voice
common_voice_bci_41604053.mp3,"Maan e bo yo kun e di ngowa, nán e kpan, e sri.",Baoulé,Mozilla Common Voice
common_voice_bci_41604059.mp3,"Ɔka sɔʼn ti nglo lɔ, yɛ ɔ ti klanman kpa.",Baoulé,Mozilla Common Voice
common_voice_bci_41604061.mp3,Klɔʼn ti dĩn kɛ like kwlaa kɔ kpaʼn.,Baoulé,Mozilla Common Voice
common_voice_bci_41604062.mp3,Koffiʼn kpadja kɔnguɛ mʼɔ ti ble kpaʼn nun.,Baoulé,Mozilla Common Voice
common_voice_bci_41604063.mp3,Be kɔ suklu likawlɛ nglɛmun kwlaa.,Baoulé,Mozilla Common Voice
common_voice_bci_41604069.mp3,Nzue mʼɔ la nglo lɔ plaiiʼn ti kɛ kplo ufue sa.,Baoulé,Mozilla Common Voice
common_voice_bci_41604070.mp3,E toli waka mma lɔ guaʼn su lɔ.,Baoulé,Mozilla Common Voice
common_voice_bci_41604071.mp3,Nzraamaʼm be kpaja ɲanmiɛn su lɔ kɔnguɛ nga.,Baoulé,Mozilla Common Voice
common_voice_bci_41604072.mp3,Sukluʼn kle amun kɛ amun yo sran kpa.,Baoulé,Mozilla Common Voice
common_voice_bci_41604073.mp3,N siman like nga n yoliʼn bɔbɔ.,Baoulé,Mozilla Common Voice
common_voice_bci_41604085.mp3,"Sɛ min ɲinmaʼn ti kpinngbinʼn, i boʼn yɛle kɛ n ti kpinngbin, afin bakanʼn ti kpinngbin tra nanninʼn.",Baoulé,Mozilla Common Voice
common_voice_bci_41604086.mp3,Srɛ kun min suaʼn nun lɔ aosinʼn.,Baoulé,Mozilla Common Voice
common_voice_bci_41604087.mp3,Be kɔ nzra nun fieʼm be nun naan bʼa di ijreʼm be afiɛn lɔ.,Baoulé,Mozilla Common Voice
common_voice_bci_41604088.mp3,N suannin like uflɛ andɛ.,Baoulé,Mozilla Common Voice
common_voice_bci_41604134.mp3,N dili aliɛ kpa.,Baoulé,Mozilla Common Voice
common_voice_bci_41604135.mp3,Be fa fluwaʼn be sie i tabliʼn su.,Baoulé,Mozilla Common Voice
common_voice_bci_41604136.mp3,"N kwlá lafiman, likaʼn wʼa lo kpa Bouaké lɔ.",Baoulé,Mozilla Common Voice
common_voice_bci_41604144.mp3,Ngue ti yɛ nzraamaʼm be kpaja kpa kɔnguɛ ɔ?,Baoulé,Mozilla Common Voice
common_voice_bci_41604145.mp3,N su kɔman Bouaké wie.,Baoulé,Mozilla Common Voice
common_voice_bci_41604147.mp3,Ɔ fata kɛ n tu mi klunngbɔ.,Baoulé,Mozilla Common Voice
common_voice_bci_41604150.mp3,Loto nin motoʼm be sɔnnin akpɔʼm be su.,Baoulé,Mozilla Common Voice
common_voice_bci_41604153.mp3,Be uka kpɛnngbɛn mun naan bʼa kan klɔʼn i su ndɛ.,Baoulé,Mozilla Common Voice
common_voice_bci_41604154.mp3,Bianʼn wunmɛn i nuanʼn i awieliɛʼn.,Baoulé,Mozilla Common Voice
common_voice_bci_41604155.mp3,Ndreʼm be o okaʼm be su.,Baoulé,Mozilla Common Voice
common_voice_bci_41604156.mp3,Nzraamaʼm be kpadja kɔnguɛ bleʼn nun.,Baoulé,Mozilla Common Voice
common_voice_bci_41604157.mp3,"Mi duman yɛlɛ Vanessa hɛ, mi ni mi niaan bla mun yɛ e baliɔ.",Baoulé,Mozilla Common Voice
common_voice_bci_41604168.mp3,Ba yasuaʼm be tiɛ yɛbuɛ mun naan bʼa kplan talɛ.,Baoulé,Mozilla Common Voice
common_voice_bci_41604171.mp3,Amun leman awlobo nun sa kunngbaʼn.,Baoulé,Mozilla Common Voice
common_voice_bci_41604172.mp3,Nzueʼn tɔ wakaʼm be su blɛblɛblɛ.,Baoulé,Mozilla Common Voice
common_voice_bci_41604178.mp3,Ɔ yo waka manda atɛ guaʼn su lɔ.,Baoulé,Mozilla Common Voice
common_voice_bci_41604179.mp3,"Cɛn kwlaaʼn, lɔfuɛʼm be fa sranʼm be lotoʼm be kɔ lika ndɛndɛ.",Baoulé,Mozilla Common Voice
common_voice_bci_41604180.mp3,Be di be wun kpinngbinlɛʼm be nun naan bʼa wla be lɔ ekipuʼm be fanngan.,Baoulé,Mozilla Common Voice
common_voice_bci_41604182.mp3,"Sɛ a kwla tra minʼn, ń trán ɔ wun lɛ lele.",Baoulé,Mozilla Common Voice
common_voice_bci_41604193.mp3,N yia min janvuɛ mun suklu lɔ nglɛmun kwlaa.,Baoulé,Mozilla Common Voice
common_voice_bci_41604194.mp3,Blo nnɛnʼm be tran waka dandanʼm be nun be ɲanman be ti.,Baoulé,Mozilla Common Voice
common_voice_bci_41604195.mp3,E kunndɛ kɛ é trɛ́ e fieʼn nun.,Baoulé,Mozilla Common Voice
common_voice_bci_41604196.mp3,Ɔ su kanngan fluwa kun nun waka kun bo.,Baoulé,Mozilla Common Voice
common_voice_bci_41604197.mp3,Nzue tɔ kpa okaoka lika nga nun.,Baoulé,Mozilla Common Voice
common_voice_bci_41604198.mp3,"Aɲiho, Kouassi, a su kɔ nin?",Baoulé,Mozilla Common Voice
common_voice_bci_41604200.mp3,Gbanflɛn kannganʼm be sasa klɔʼn.,Baoulé,Mozilla Common Voice
common_voice_bci_41604203.mp3,Jeʼnzueʼn ti dĩn kɔkun e wla gua ase andɛ.,Baoulé,Mozilla Common Voice
common_voice_bci_41604206.mp3,Aluaʼn wanndi balɔnʼn i sin ndɛndɛ.,Baoulé,Mozilla Common Voice
common_voice_bci_41604213.mp3,"Odile, ɔ yo ɔ like! A djuli wa ndɛndɛ.",Baoulé,Mozilla Common Voice
common_voice_bci_41604215.mp3,Ɔ bɔbɔ kwla ba wie.,Baoulé,Mozilla Common Voice
common_voice_bci_41604216.mp3,E lɛman like fi kun mɔ é fá kɔ́ dɔɔtrɔ lɔ ɔ.,Baoulé,Mozilla Common Voice
common_voice_bci_41604223.mp3,Waka mmaʼm be ti mlanmlanmlan yɛ be ti fɛ siɛnʼn.,Baoulé,Mozilla Common Voice
common_voice_bci_41604225.mp3,Klɔʼn sufuɛʼm be yiali be kokoli yalɛ.,Baoulé,Mozilla Common Voice
common_voice_bci_41604226.mp3,Gbanflɛn nin talua mun be yia wakaʼn i bo lɔ be koko yalɛ.,Baoulé,Mozilla Common Voice
common_voice_bci_41604227.mp3,Ba yasuaʼm be uka be si nin be nin naan be bo yo kun be di fie.,Baoulé,Mozilla Common Voice
common_voice_bci_41604228.mp3,Klɔ bakannganʼm be nin be siʼm be kɔ di ko njɛn.,Baoulé,Mozilla Common Voice
common_voice_bci_41604229.mp3,"Baba, a kwla kanngan ndɛʼn nun kɔnguɛ nga.",Baoulé,Mozilla Common Voice
common_voice_bci_41604230.mp3,"Nnɛn nga a si kɛ ɔ kwla min wɔʼn, ɔ yaciman ɔ lɛ naan ɔ ɲin ɔ.",Baoulé,Mozilla Common Voice
common_voice_bci_41604231.mp3,Be di junman klɔ nin sran akpasuaakpasuaʼm be nun naan bʼa ɲan ukalɛ.,Baoulé,Mozilla Common Voice
common_voice_bci_41604232.mp3,"Ɔ fata kɛ a di junman titi ɔ ti kekle sanngɛ i sinʼn, a kunndɛ kɛ a ɲan ɔ aɲrunɲan.",Baoulé,Mozilla Common Voice
common_voice_bci_41604239.mp3,"Jenvieʼn ti diin, yɛ ɔ ti ble kpa.",Baoulé,Mozilla Common Voice
common_voice_bci_41604242.mp3,"Nzueʼn ti mlanmlanmlan, ɔ kunndɛ kɛ nzue tɔ.",Baoulé,Mozilla Common Voice
common_voice_bci_41604246.mp3,Aika baʼn nɔnman nɔnnɔn ni i je.,Baoulé,Mozilla Common Voice
common_voice_bci_41604247.mp3,"Janvuɛʼm be sri be wiengu, kpɛkun be kan aklunjuɛ like kwlaa.",Baoulé,Mozilla Common Voice
common_voice_bci_41604249.mp3,Nzueʼn su tɔ blɛblɛblɛ kɔnguɛ nga nun.,Baoulé,Mozilla Common Voice
common_voice_bci_41604250.mp3,Bakanʼn timan kɛ able sa naan wʼa nian sɛ be kleli i like kpa ka naan wʼa yo sa tɛ.,Baoulé,Mozilla Common Voice
common_voice_bci_41604251.mp3,Be fa man n dotié woman n dowa.,Baoulé,Mozilla Common Voice
common_voice_bci_41604263.mp3,Ba yasuaʼm be kplan sua nɲa mun nin waka mma mun.,Baoulé,Mozilla Common Voice
common_voice_bci_41604264.mp3,"Srɛ kunman min nnɛnʼn i tiʼn, yɛ n kunndɛman kɛ ń dí i ɲinmaʼn.",Baoulé,Mozilla Common Voice
common_voice_bci_41604265.mp3,"Nzueʼn i blɛ nunʼn, aunmuanʼn fita kekle kpa.",Baoulé,Mozilla Common Voice
common_voice_bci_41604266.mp3,"Kɛ be ko wie nantiʼn, be saʼn i jranlɛʼn jranman.",Baoulé,Mozilla Common Voice
common_voice_bci_41604267.mp3,Lawlɛʼn ti kpa naan bʼa lafi kpa.,Baoulé,Mozilla Common Voice
common_voice_bci_41604273.mp3,Bakannganʼm be su di ngowa klɔʼn su lɔ.,Baoulé,Mozilla Common Voice
common_voice_bci_41604274.mp3,"Aliɛʼn wʼa lo kpa, n rali min wun.",Baoulé,Mozilla Common Voice
common_voice_bci_41604276.mp3,N le balɔn klanman kun.,Baoulé,Mozilla Common Voice
common_voice_bci_41604283.mp3,E su kan ɔ ndɛ yɛ a su index sran uflɛ.,Baoulé,Mozilla Common Voice
common_voice_bci_41604284.mp3,Sranʼm be sɔnnin klɔʼn su.,Baoulé,Mozilla Common Voice
common_voice_bci_41604285.mp3,Sɛ n wieʼn ń bá ɔ awlo lɔ ń kán e junmanʼn i ndɛ.,Baoulé,Mozilla Common Voice
common_voice_bci_41604286.mp3,Lotoʼm be kɔ ndɛndɛ kpa akpɔ tɛʼm be su.,Baoulé,Mozilla Common Voice
common_voice_bci_41604297.mp3,Aniaanʼm be uka be wiengu chtɛn kwlaa awlo lɔ junmanʼm be dilɛ nun.,Baoulé,Mozilla Common Voice
common_voice_bci_41604298.mp3,"Kɛ sran kwlaa di aklunjuɛʼn, klɔʼn kpaja.",Baoulé,Mozilla Common Voice
common_voice_bci_41604299.mp3,Ontin ontin be nɔn mmoja naan bʼa tran nguan nun.,Baoulé,Mozilla Common Voice
common_voice_bci_41604303.mp3,Lɔfuɛʼm be klo kɛ bé nánti klɔʼn su.,Baoulé,Mozilla Common Voice
common_voice_bci_41604322.mp3,E ko trannin andɛ mi wla fi mi djanvuɛʼm be su.,Baoulé,Mozilla Common Voice
common_voice_bci_41604323.mp3,E nanti wakaʼm be nun.,Baoulé,Mozilla Common Voice
common_voice_bci_41604324.mp3,Klɔ taluaʼm be klo able silɛ.,Baoulé,Mozilla Common Voice
common_voice_bci_41604325.mp3,Bakannganʼm be su wanndi fieʼn nun lɔ.,Baoulé,Mozilla Common Voice
common_voice_bci_41604326.mp3,"Min ndɛ kanlɛ naan mʼan saci min blɛʼn, n nunman nun kun.",Baoulé,Mozilla Common Voice
common_voice_bci_41604342.mp3,Sran kpaʼm be cɛman asiɛʼn su.,Baoulé,Mozilla Common Voice
common_voice_bci_41604343.mp3,"Lupu se kɛ meow, ɔ ti srilɛ like, nán sɔ ɔ?",Baoulé,Mozilla Common Voice
common_voice_bci_41604344.mp3,Sran fi siman wafa ngʼɔ́ wá wíeʼn.,Baoulé,Mozilla Common Voice
common_voice_bci_41604349.mp3,Angloʼn kpaja sua kannganʼm be su blɛblɛblɛ.,Baoulé,Mozilla Common Voice
common_voice_bci_41604362.mp3,Taluaʼm be fa nnɛnʼm be nɔnnɔn uflɛuflɛʼn be ba nglɛmun kwlaa.,Baoulé,Mozilla Common Voice
common_voice_bci_41604365.mp3,Kɛ aliɛʼn ti dowa ɔ yo fɛ kpa.,Baoulé,Mozilla Common Voice
common_voice_bci_41604399.mp3,Mi si kleli mi wafa nga be di agba fieʼn nun lɔʼn.,Baoulé,Mozilla Common Voice
common_voice_bci_41604400.mp3,"A kunndɛ kɛ á fá kokowefuɛʼn i ajaʼn, kpɛkun a kplinman su kɛ á wlá i ngbabuaʼn.",Baoulé,Mozilla Common Voice
common_voice_bci_41604402.mp3,"Bianʼn wu, ɔ su sɛmɛn i sin kun; sikaʼn wu, kpɛkun ɔ sa sin.",Baoulé,Mozilla Common Voice
common_voice_bci_41604403.mp3,Sran kpanngban be o asɔnun lɔ andɛ tra annunman.,Baoulé,Mozilla Common Voice
common_voice_bci_41604409.mp3,Sranʼm be kplan waka kpanwun naan bʼa kpɛ nzue ba mun.,Baoulé,Mozilla Common Voice
common_voice_bci_41604410.mp3,E kwlakwla e di like likawlɛ kantinʼn nun lɔ.,Baoulé,Mozilla Common Voice
common_voice_bci_41604411.mp3,Nán wɔ yɛ a sro mi kɛ bʼa sɔman mi nunʼn niɔn.,Baoulé,Mozilla Common Voice
common_voice_bci_41604412.mp3,Lotoʼn su kɔ blɛblɛblɛ akpɔʼn su.,Baoulé,Mozilla Common Voice
common_voice_bci_41604413.mp3,Anumanʼm be to jue waka mmaʼm be nun.,Baoulé,Mozilla Common Voice
common_voice_bci_41604419.mp3,"Andɛʼn, sranʼm be sɔnnin guaʼn su.",Baoulé,Mozilla Common Voice
common_voice_bci_41604420.mp3,Be klo aliɛ diwlɛʼm be nun kɔlɛ naan bʼa di mɛn wunmuanʼn nun aliɛʼm be nun.,Baoulé,Mozilla Common Voice
common_voice_bci_41604421.mp3,Blaʼm be nian sran okeʼm be lika klɔʼn su lɔ.,Baoulé,Mozilla Common Voice
common_voice_bci_41604422.mp3,Sran kwlaa klo jue nin avie.,Baoulé,Mozilla Common Voice
common_voice_bci_41604423.mp3,Gbanflɛn nin taluaʼm be uka klɔʼn su suaʼm be siesielɛʼn su.,Baoulé,Mozilla Common Voice
common_voice_bci_41604434.mp3,Anumanʼm be to djue wakaʼm be su lɔ.,Baoulé,Mozilla Common Voice
common_voice_bci_41604436.mp3,Ɔ yo waka mma atɛ guaʼn su lɔ.,Baoulé,Mozilla Common Voice
common_voice_bci_41604437.mp3,"Sɛ amun ju lɔʼn, ń yó sran kwlaa like, awlobofuɛʼm be wla kpɛn min su kpa.",Baoulé,Mozilla Common Voice
common_voice_bci_41599142.mp3,"Kɛ mɔ amun ijɔʼn tiʼn, e yoli aɲanbeunfuɛ.",Baoulé,Mozilla Common Voice
common_voice_bci_41599230.mp3,E bali ɔ wun wunlɛ kɛ é kán ndɛ.,Baoulé,Mozilla Common Voice
common_voice_bci_41599224.mp3,N klo kɛ ń súan ninnge uflɛ mun cɛn kwlaa.,Baoulé,Mozilla Common Voice
common_voice_bci_41599223.mp3,"Taluaʼm be suan lã tralɛʼm be tɛtɛlɛ nin be nin mun, be fa tralɛ fanunfanun nin lɔ ninngeʼm be yolɛ.",Baoulé,Mozilla Common Voice
common_voice_bci_41599217.mp3,E bali kɛ é kán ndɛ.,Baoulé,Mozilla Common Voice
common_voice_bci_41599216.mp3,Be blɛ mi fluwa ma.,Baoulé,Mozilla Common Voice
common_voice_bci_41599212.mp3,"Min desɛnʼn wʼa yoman ye, ɔ ti kanyi tɛ.",Baoulé,Mozilla Common Voice
common_voice_bci_41599211.mp3,Ɔ klo jueʼm be tielɛ.,Baoulé,Mozilla Common Voice
common_voice_bci_41599209.mp3,Yasuaʼm be yo fie dilɛ ninnge mun naan bʼa di fieʼn i junman.,Baoulé,Mozilla Common Voice
common_voice_bci_41599208.mp3,Eh mi niaan bla be wan ngue yɛ a su yo kpa?,Baoulé,Mozilla Common Voice
common_voice_bci_41599207.mp3,Baba toli balɔn klanhan kun man mi.,Baoulé,Mozilla Common Voice
common_voice_bci_41599206.mp3,Ɔ siesie kpanwun kun awloboʼn i cɛn dilɛʼn i ti.,Baoulé,Mozilla Common Voice
common_voice_bci_41599205.mp3,"Be nga be tran lɔʼn, be fa lika sɔʼm be di junman be awloʼm be gua su lɔ.",Baoulé,Mozilla Common Voice
common_voice_bci_41599204.mp3,Be wunnin ndɛ sɔʼn i trawlɛ.,Baoulé,Mozilla Common Voice
common_voice_bci_41599203.mp3,Ɲanmiɛn su lɔʼn ti ble kɛ nzueʼn tɔ danʼn.,Baoulé,Mozilla Common Voice
common_voice_bci_41599202.mp3,Anunmanʼm be to jue nglɛmun nun.,Baoulé,Mozilla Common Voice
common_voice_bci_41599201.mp3,"I modja mɔ guali ɔ, tumi tɛ mu klwa.",Baoulé,Mozilla Common Voice
common_voice_bci_41599200.mp3,Klɔʼn su suaʼm be ti tɛnndɛn.,Baoulé,Mozilla Common Voice
common_voice_bci_41599199.mp3,"N kunndɛ sɔkɔti, ɔ ti min liɛ!",Baoulé,Mozilla Common Voice
common_voice_bci_41599198.mp3,"Klɔʼn su lɔʼn, guaʼm be chtin kpa.",Baoulé,Mozilla Common Voice
common_voice_bci_41599195.mp3,"Atin ngʼɔ kpɛʼn, ɔ saciman nzue baʼn.",Baoulé,Mozilla Common Voice
common_voice_bci_41599194.mp3,Suklu klefuɛʼn ti aklunyefuɛ yɛ ɔ trɛ i awlɛn e wun.,Baoulé,Mozilla Common Voice
common_voice_bci_41616010.mp3,"Yɛ sɛ ɔ ti min kodɛʼn, be seli kɛ nán n fa kle sran fi.",Baoulé,Mozilla Common Voice
common_voice_bci_41616011.mp3,Djueʼn yo maan sranʼn i awlɛnʼn nin i wawɛʼn be wla gua ase.,Baoulé,Mozilla Common Voice
common_voice_bci_41616013.mp3,"Like kwlaa ngʼɔ o e suʼn, ɔ ti kpa.",Baoulé,Mozilla Common Voice
common_voice_bci_41616014.mp3,"A lɛman fie, a kwlá diman waka nga a kloʼn.",Baoulé,Mozilla Common Voice
common_voice_bci_41616021.mp3,E faman kolaʼn i bue kun sa naan yʼa yi tɛ.,Baoulé,Mozilla Common Voice
common_voice_bci_41616022.mp3,Fiti fiti cogloman ɔ ni kanga be sri man blɛ kuʼngba nu.,Baoulé,Mozilla Common Voice
common_voice_bci_41616023.mp3,Sanngɛ e kunndɛ kɛ amun uka e.,Baoulé,Mozilla Common Voice
common_voice_bci_41616025.mp3,Minndɛ nán jaso sɔ yɛ anuannzɛʼn i boʼn wo ɔ.,Baoulé,Mozilla Common Voice
common_voice_bci_41616026.mp3,"Kɛ bé dí fɛtriʼn, gbanflɛn nin taluaʼm be to jue.",Baoulé,Mozilla Common Voice
common_voice_bci_41616028.mp3,Ye su kɔ gua bo ainman nglɛmun.,Baoulé,Mozilla Common Voice
common_voice_bci_41616029.mp3,Be kɔ djue tralɛ nzueʼn nun nglɛmun kwlaa.,Baoulé,Mozilla Common Voice
common_voice_bci_41616030.mp3,Bakannganʼm be suan desɛn yilɛ.,Baoulé,Mozilla Common Voice
common_voice_bci_41616032.mp3,Viaʼn kpaja kpa klɔʼn i ti su lɔ.,Baoulé,Mozilla Common Voice
common_voice_bci_41616033.mp3,"Taluaʼm be uka be ninʼm be fa ayre nga be fa yo ayreʼn, be fa ayre nga be nannanʼm be mannin beʼn su.",Baoulé,Mozilla Common Voice
common_voice_bci_41616034.mp3,E kunndɛman kɛ sran ngʼɔ ti ɲannzuɛnfuɛʼn i ninʼn yo juejue ndɛndɛ.,Baoulé,Mozilla Common Voice
common_voice_bci_41616035.mp3,"Taluaʼm be yia lɛ be suan lã jue tolɛ, be kan ndɛʼm be ndɛ ekun, kpɛkun be nin klɔfuɛ uflɛʼm be suan like.",Baoulé,Mozilla Common Voice
common_voice_bci_41616036.mp3,"Akɔʼn si kɛ nglɛmun nunʼn, sanngɛ ɔ yaci akɔbaʼn i lɛ naan ɔ kpan.",Baoulé,Mozilla Common Voice
common_voice_bci_41599231.mp3,Blaʼm be siesie sua baʼm be klanman klɔʼn su lɔ cɛn dilɛʼm be ti.,Baoulé,Mozilla Common Voice
common_voice_bci_41616039.mp3,Manmin ton aliɛ man awlobofuɛ mun.,Baoulé,Mozilla Common Voice
common_voice_bci_41616045.mp3,Ijɔ lɔ Ijɔ kɛ e ijɔ lɔ e tuaman sika.,Baoulé,Mozilla Common Voice
common_voice_bci_41616046.mp3,Taluaʼm be tia ijreʼm be nun naan bʼa fa yo ayre.,Baoulé,Mozilla Common Voice
common_voice_bci_41616048.mp3,Ɔ klo fluwa kannganlɛ.,Baoulé,Mozilla Common Voice
common_voice_bci_41599192.mp3,"Min suklu saciʼn nunʼn, crayon klanman kpaʼm be sɔnnin.",Baoulé,Mozilla Common Voice
common_voice_bci_41599191.mp3,Kɔkun Sery nga n kunndɛman kɛ ń wún wɔ kun.,Baoulé,Mozilla Common Voice
common_voice_bci_41599190.mp3,A bu i kɛ min ti yɛ a yo ɔ.,Baoulé,Mozilla Common Voice
common_voice_bci_41599189.mp3,N kunndɛman kɛ ń kɔ́ suklu ainman.,Baoulé,Mozilla Common Voice
common_voice_bci_41599187.mp3,Ɔ wlali tralɛ ufue klanman kpa andɛ.,Baoulé,Mozilla Common Voice
common_voice_bci_41599186.mp3,"Manmi, Nʼkunnu kɛ eni wɔ ngowa siɛnʼn.",Baoulé,Mozilla Common Voice
common_voice_bci_41599183.mp3,Ye kwla kɔ jenvie nuan ainman?,Baoulé,Mozilla Common Voice
common_voice_bci_41599182.mp3,Ɔ nin i janvuɛʼm be tɛtɛ tralɛ nglanmannglanman mun.,Baoulé,Mozilla Common Voice
common_voice_bci_41599181.mp3,"Kɛ á kán ndɛʼn, yo sran ngʼɔ sie ɔ suʼn i annvɔ.",Baoulé,Mozilla Common Voice
common_voice_bci_41599180.mp3,E di ablé ni avie fie dan sɔʼn nun.,Baoulé,Mozilla Common Voice
common_voice_bci_41599179.mp3,Blaʼm be tia wakaʼm be nun naan bʼa di lã aliɛ.,Baoulé,Mozilla Common Voice
common_voice_bci_41599177.mp3,Mi sran kpa n leman like fi.,Baoulé,Mozilla Common Voice
common_voice_bci_41599176.mp3,Yasuaʼm be yo aɲia be koko klɔʼn su junmanʼm be su yalɛ.,Baoulé,Mozilla Common Voice
common_voice_bci_41599175.mp3,"Filmi nga be yi i televiziɔn nunʼn, ɔ yo sro dan.",Baoulé,Mozilla Common Voice
common_voice_bci_41599174.mp3,Min janvuɛʼn le alua kun mʼɔ klo ngowa kanlɛʼn niɔn.,Baoulé,Mozilla Common Voice
common_voice_bci_41599173.mp3,"Sɛ a kunndɛman kɛ ɔ raʼn, ɔ su beman.",Baoulé,Mozilla Common Voice
common_voice_bci_41599172.mp3,Gbanflɛn nin taluaʼm be di fie dilɛ junmanʼn wie.,Baoulé,Mozilla Common Voice
common_voice_bci_41599171.mp3,"E kwla man amun afɔtuɛ bɔbɔ kɛ sɛ fieʼn wʼa yoman yeʼn, amun yo like uflɛ.",Baoulé,Mozilla Common Voice
common_voice_bci_41599166.mp3,Uka mi n leman like fi n yomɛn i ayre.,Baoulé,Mozilla Common Voice
common_voice_bci_41599164.mp3,Nzue nɔnlɛ chtɛn kwlakwla ti kpa.,Baoulé,Mozilla Common Voice
common_voice_bci_41599163.mp3,Janvuɛʼm be kwlaa be bo ti kun kɛ awlobo sa.,Baoulé,Mozilla Common Voice
common_voice_bci_41599162.mp3,Alɛ min suan ɔ bo.,Baoulé,Mozilla Common Voice
common_voice_bci_41599161.mp3,"Wie liɛʼn, awlo lɔ junmanʼm be dilɛʼn ti kekle.",Baoulé,Mozilla Common Voice
common_voice_bci_41599155.mp3,"Ɔ fataman kɛ aika baʼn nɔn nɔnnɔn nin i jeʼn, sanngɛ ɔ fata kɛ ɔ fɛ i taflanmanʼn.",Baoulé,Mozilla Common Voice
common_voice_bci_41599153.mp3,"Mi dilɛ nun e se kɛ kɛ a nin a wumanʼn, ɔ fata kɛ a di aliɛ kpa.",Baoulé,Mozilla Common Voice
common_voice_bci_41599152.mp3,"Glaciʼn tɔli, n kwlá dimɛn i kun.",Baoulé,Mozilla Common Voice
common_voice_bci_41599145.mp3,La ndɛndɛ naan nglɛmunʼn wʼa djaso ndɛndɛ.,Baoulé,Mozilla Common Voice
common_voice_bci_41599144.mp3,"Se ayo tɛ akoman lɔ, Gnanmien lika lɔ, oh.",Baoulé,Mozilla Common Voice
common_voice_bci_41599143.mp3,"Min desɛnʼn ti klanman, a klo i?",Baoulé,Mozilla Common Voice
common_voice_bci_41599091.mp3,"Lotoʼn juli dɔ su, kpɛkun ɔ ɔli Bouaké.",Baoulé,Mozilla Common Voice
common_voice_bci_41599141.mp3,Nán lika uflɛ nun yɛ ijreʼn ti mlanmlanmlan ɔn.,Baoulé,Mozilla Common Voice
common_voice_bci_41599134.mp3,Be tɔn aliɛ fɛfɛ kun be man e.,Baoulé,Mozilla Common Voice
common_voice_bci_41599133.mp3,A kannin ndɛ sɔʼn i kpa.,Baoulé,Mozilla Common Voice
common_voice_bci_41599132.mp3,Mi niaan bianʼn ɲannin akatua kun desɛn ngʼɔ yiliʼn i su akplowa silɛʼn nun.,Baoulé,Mozilla Common Voice
common_voice_bci_41599131.mp3,Gbanflɛn nin talua me to jue guabo.,Baoulé,Mozilla Common Voice
common_voice_bci_41599125.mp3,"E leman sika kun, kan nga e ka lɛʼn, a fa nga kɔ nɔn nzan.",Baoulé,Mozilla Common Voice
common_voice_bci_41599124.mp3,Aliɛ difuɛ kpaman tro nu.,Baoulé,Mozilla Common Voice
common_voice_bci_41599123.mp3,"Blɛ sunman nunʼn, be kɔ be wun kpinngbinlɛ likaʼn nun lɔ be ko yo be wun kpinngbinlɛ nin ninnge fanunfanun.",Baoulé,Mozilla Common Voice
common_voice_bci_41599122.mp3,Manmi di junman kekle kpa naan wʼa to bonbon.,Baoulé,Mozilla Common Voice
common_voice_bci_41599121.mp3,E su di blɛ awlobo nun Fue cɛn nnɔsua nga.,Baoulé,Mozilla Common Voice
common_voice_bci_41599115.mp3,"Kɛ á dí nnɛn kpanngɔʼn i saʼn, nian ɔ liɛʼn.",Baoulé,Mozilla Common Voice
common_voice_bci_41599114.mp3,"Aloua Wan, Ô niann Tchrrr Ti, Ô Tranman Gboh.",Baoulé,Mozilla Common Voice
common_voice_bci_41599113.mp3,N kunndɛ kɛ n di glaci mɔ waka mma kpanngban be o nunʼn.,Baoulé,Mozilla Common Voice
common_voice_bci_41599112.mp3,"Sika nga n ɲɛnnin iʼn, n fa yoli min junmanʼn.",Baoulé,Mozilla Common Voice
common_voice_bci_41599111.mp3,Ba yalɛfuɛʼn siman kɛ i ninʼn klo i.,Baoulé,Mozilla Common Voice
common_voice_bci_41599110.mp3,"Sɛ a kunndɛ aklunjuɛ naan a wunmɛn iʼn, a kpɛ aklunjuɛ dilɛʼn i bo.",Baoulé,Mozilla Common Voice
common_voice_bci_41599108.mp3,Flɛriʼm be ɲin asɔnun sua laaʼn i wun lɛ.,Baoulé,Mozilla Common Voice
common_voice_bci_41599107.mp3,"Sran ngʼɔ di like kanʼn, ɔ yoman tɛtɛ.",Baoulé,Mozilla Common Voice
common_voice_bci_41599100.mp3,Gbanflɛn nin talua mun be yia wakaʼn i bo lɔ nnɔsua kwlaa.,Baoulé,Mozilla Common Voice
common_voice_bci_41599099.mp3,"N kunndɛ kɛ ń nɔ́n nzue kan siɛnʼn, yaki.",Baoulé,Mozilla Common Voice
common_voice_bci_41599097.mp3,Guaʼn tike nglɛmun ndɛ kpa.,Baoulé,Mozilla Common Voice
common_voice_bci_41599096.mp3,Siɛ ni niɛnʼm be klo kɛ be ni be mmaʼm be di blɛ Mɔnnɛn chtɛnʼn.,Baoulé,Mozilla Common Voice
common_voice_bci_41599095.mp3,"Telefɔnunʼn bo, sran kun su flɛ ɔ dunmanʼn.",Baoulé,Mozilla Common Voice
common_voice_bci_41599093.mp3,Klɔ kpɛnngbɛnʼn wla gbanflɛn nin taluaʼm be fanngan kɛ be di fie.,Baoulé,Mozilla Common Voice
common_voice_bci_41599092.mp3,Ye yili ye jaʼnvuɛʼm kɔnguɛ.,Baoulé,Mozilla Common Voice
common_voice_bci_41621897.mp3,A le aniaan bian kaan kun mʼɔ ti klanman kpaʼn.,Baoulé,Mozilla Common Voice
common_voice_bci_41621901.mp3,"A fuan akɔ tɛʼn, kpɛkun kpɛkun akɔ kpaʼn kusu ɔ kɔ.",Baoulé,Mozilla Common Voice
common_voice_bci_41621902.mp3,Klɔ taluaʼm be sie nzue okaʼm be su.,Baoulé,Mozilla Common Voice
common_voice_bci_41621903.mp3,N tɔli yɛ min jaʼn su tu moja dan.,Baoulé,Mozilla Common Voice
common_voice_bci_41621904.mp3,"Kɛ ɔ nin nunman lɛʼn, yɛ a nin ɔ si be la ɔ.",Baoulé,Mozilla Common Voice
common_voice_bci_41621931.mp3,Wan yɛ ɔ buli min akunndan nglɛmun nga ɔ?,Baoulé,Mozilla Common Voice
common_voice_bci_41621934.mp3,Be tali waka mun suaʼn i wun lɛ.,Baoulé,Mozilla Common Voice
common_voice_bci_41621955.mp3,"Trɛ nu pka trɛ nu pka nʼzue nʼtôlô yôhô, gnamien o kahé.",Baoulé,Mozilla Common Voice
common_voice_bci_41621957.mp3,Ngue ekun yɛ sran sɔʼm be kunndɛ ɔ?,Baoulé,Mozilla Common Voice
common_voice_bci_41621964.mp3,Bakannganʼm be to balɔn klɔʼn i fieʼn su lɔ.,Baoulé,Mozilla Common Voice
common_voice_bci_41621970.mp3,Be di junman wie mun naan bʼa uka be nga be sa mianʼn.,Baoulé,Mozilla Common Voice
common_voice_bci_41621971.mp3,Ɔ ti klanman kɛ ngalɛ sa.,Baoulé,Mozilla Common Voice
common_voice_bci_41621975.mp3,Viaʼn uka ɔ naan wʼa yo ɔ fɛ.,Baoulé,Mozilla Common Voice
common_voice_bci_41621978.mp3,"Blaʼm be nian fieʼn nun nnɛnʼm be lika, be man be aliɛ, be nian be lika, be yo maan be yo juejue, yɛ be yo juejue.",Baoulé,Mozilla Common Voice
common_voice_bci_41621979.mp3,"Um, a kwlá seman mi kɛ a yo mi like kan? N si kɛ a ɔli sika kunndɛlɛ.",Baoulé,Mozilla Common Voice
common_voice_bci_41621990.mp3,E bali kɛ é kán ndɛ naan amun a kpɛ i guaʼn su kan.,Baoulé,Mozilla Common Voice
common_voice_bci_41621991.mp3,A seman le kɛ Yako ti srongble.,Baoulé,Mozilla Common Voice
common_voice_bci_41621993.mp3,Mi si kleli min wafa nga be di ablé fieʼn nun lɔʼn.,Baoulé,Mozilla Common Voice
common_voice_bci_41621994.mp3,N su usa wɔ ndɛ kun.,Baoulé,Mozilla Common Voice
common_voice_bci_41622016.mp3,"Fowou man defuɛ Jésus oh, ɔwa dewɔ.",Baoulé,Mozilla Common Voice
common_voice_bci_41622022.mp3,"Sran ngʼɔ faman like fi siemɛn i ɲrunʼn, ɔ ɲanman like fi.",Baoulé,Mozilla Common Voice
common_voice_bci_41622023.mp3,Ba yasuaʼm be uka fieʼm be dilɛ likaʼn nun.,Baoulé,Mozilla Common Voice
common_voice_bci_41622024.mp3,Manmi wunnzin tralɛ fien nglɛmun.,Baoulé,Mozilla Common Voice
common_voice_bci_41622036.mp3,N klo i aata dilɛʼn kpa.,Baoulé,Mozilla Common Voice
common_voice_bci_41622164.mp3,Baba condu loto kɔ guabo.,Baoulé,Mozilla Common Voice
common_voice_bci_41622175.mp3,"Min teddy bearʼn, ɔ fata kɛ be tra min awlɛn blɛblɛblɛ.",Baoulé,Mozilla Common Voice
common_voice_bci_41622178.mp3,Alua lafi kpa kɛtɛ su.,Baoulé,Mozilla Common Voice
common_voice_bci_41622182.mp3,"Akɔʼn bo nglɛmun ndɛ kpa, titi.",Baoulé,Mozilla Common Voice
common_voice_bci_41622185.mp3,Mi yi ɔli ko srɛli ukalɛ.,Baoulé,Mozilla Common Voice
common_voice_bci_41622186.mp3,Waka tɛnndɛn kpaʼm be bo sin yia klɔʼn.,Baoulé,Mozilla Common Voice
common_voice_bci_41622213.mp3,Be uka klɔʼn su nnɛnʼm be likaʼm be kplanlɛʼn su.,Baoulé,Mozilla Common Voice
common_voice_bci_41622214.mp3,Gbanflɛn nin talua mun yɛ be wunnzin be tralɛ mun ɔn.,Baoulé,Mozilla Common Voice
common_voice_bci_41622217.mp3,Gbanflɛn kannganʼm be uka klɔʼn i lika nianlɛʼn su.,Baoulé,Mozilla Common Voice
common_voice_bci_41622235.mp3,"Kɛ likaʼn doʼn, kakaaʼm be fite.",Baoulé,Mozilla Common Voice
common_voice_bci_41622237.mp3,N seli ɔ niaan bianʼn kɛ ɔ nin min bla.,Baoulé,Mozilla Common Voice
common_voice_bci_41622239.mp3,Gonuan like sɔʼn wʼa saci.,Baoulé,Mozilla Common Voice
common_voice_bci_41622240.mp3,E ko trannin andɛ min wla fi min janvuɛʼm be su.,Baoulé,Mozilla Common Voice
common_voice_bci_41622251.mp3,Be tran ndje nu nan ba tu ndje.,Baoulé,Mozilla Common Voice
common_voice_bci_41622252.mp3,Ɔ ta agba i fieʼn nun afuɛ kwlaa nun.,Baoulé,Mozilla Common Voice
common_voice_bci_41622253.mp3,"Nglɛmunʼn, e to cɛnʼn i jueʼn.",Baoulé,Mozilla Common Voice
common_voice_bci_41622254.mp3,"N kplin ɔ su, ɔ fata kɛ e nin sran uflɛ e koko su yalɛ.",Baoulé,Mozilla Common Voice
common_voice_bci_41622299.mp3,Mi like klefuɛʼn kle e fluwa djɛn kwlakwla.,Baoulé,Mozilla Common Voice
common_voice_bci_41622300.mp3,E yi nnɛnʼm be desɛn art blɛ nun.,Baoulé,Mozilla Common Voice
common_voice_bci_41622301.mp3,"Nian Kalɛbe ɔ bu mi nnɛn ba nu, n seli yaki.",Baoulé,Mozilla Common Voice
common_voice_bci_41622302.mp3,Amun a wun kɛ n fa be sikaʼn wie le?,Baoulé,Mozilla Common Voice
common_voice_bci_41622303.mp3,Klɔʼn su bakannganʼm be wanndi.,Baoulé,Mozilla Common Voice
common_voice_bci_41622318.mp3,Ɔ wla tralɛ ble klanman kpa titi.,Baoulé,Mozilla Common Voice
common_voice_bci_41622319.mp3,Ye le kɛ wa fa iwa wa man yé.,Baoulé,Mozilla Common Voice
common_voice_bci_41622320.mp3,Be kɔ be lɔ teatriʼm be nun flimunʼm be nianlɛ nnɔsua nun titi.,Baoulé,Mozilla Common Voice
common_voice_bci_41622322.mp3,N wla fi su kɛ n yoli min awlo lɔ junmanʼn annunman.,Baoulé,Mozilla Common Voice
common_voice_bci_41622353.mp3,Blaʼm be tɔn aliɛ be man fie difuɛ mun.,Baoulé,Mozilla Common Voice
common_voice_bci_41622354.mp3,"Be seman sɔ, ɔ ti ɔ tonton.",Baoulé,Mozilla Common Voice
common_voice_bci_41622355.mp3,Aunmuanʼn fita kekle kpa jenvieʼn i nuan lɔ.,Baoulé,Mozilla Common Voice
common_voice_bci_41622356.mp3,Be ti yɛ be ɲannin sikaʼn niɔn.,Baoulé,Mozilla Common Voice
common_voice_bci_41622357.mp3,"Bakannganʼm be to jue, kpɛkun be si able nzueʼn nun.",Baoulé,Mozilla Common Voice
common_voice_bci_41622365.mp3,"Kpanwunʼn ti uflɛuflɛ, yɛ be kpa.",Baoulé,Mozilla Common Voice
common_voice_bci_41622369.mp3,N man min sa su kɛ ń úsa kosan kun.,Baoulé,Mozilla Common Voice
common_voice_bci_41622683.mp3,"Sɛ amun leman aniaan blaʼn, nn amun kunndɛman amun niaan bla.",Baoulé,Mozilla Common Voice
common_voice_bci_41622725.mp3,Nzue baʼm be sin okaʼm be su blɛblɛblɛ.,Baoulé,Mozilla Common Voice
common_voice_bci_41622738.mp3,"Atrɛkpaʼn, sɛ e sɔnnin naan e su kɔ toʼn.",Baoulé,Mozilla Common Voice
common_voice_bci_41622743.mp3,Awlobofuɛʼm be yia Wunmiɛn-lolɛ-chtɛn kwlaa be di like likawlɛ.,Baoulé,Mozilla Common Voice
common_voice_bci_41622759.mp3,Nestor n kanman ndɛ fi n kleman wɔ.,Baoulé,Mozilla Common Voice
common_voice_bci_41622760.mp3,Blaʼm be fa ayre waka mun be siesie ayre.,Baoulé,Mozilla Common Voice
common_voice_bci_41623025.mp3,"Mi houn Ano, Mi houn Ano, bla ɔ.",Baoulé,Mozilla Common Voice
common_voice_bci_41595876.mp3,"Fie nga n diʼn, yɛ ɔ man mi atin kɛ n di min junman kanʼn niɔn.",Baoulé,Mozilla Common Voice
common_voice_bci_41599085.mp3,"Klɔʼn su blaʼm be yia lɛ be ton aliɛ dandan lã cɛn dilɛʼm be ti, be fa awloboʼn i nun aliɛ dilɛ wafa laaʼm be di junman.",Baoulé,Mozilla Common Voice
common_voice_bci_41599084.mp3,"Kɛ e leman like uflɛ e yomanʼn, e faman e wun wlaman.",Baoulé,Mozilla Common Voice
common_voice_bci_41599083.mp3,Be suan jue tralɛ nzue ba ngʼɔ mantan lɛʼn nun.,Baoulé,Mozilla Common Voice
common_voice_bci_41599082.mp3,"Wakaʼn wʼa jran, sanngɛ ɔ nin a tɔman.",Baoulé,Mozilla Common Voice
common_voice_bci_41599081.mp3,"Anangaman mi srɛ wɔ o, siɛ he man yo tɛ.",Baoulé,Mozilla Common Voice
common_voice_bci_41599075.mp3,Mi si ti like klefuɛ.,Baoulé,Mozilla Common Voice
common_voice_bci_41599074.mp3,Be tɔn aliɛ be man aofuɛ mun.,Baoulé,Mozilla Common Voice
common_voice_bci_41599073.mp3,"Ɔ ti sran kun mɔ e simɛn iʼn, yɛ e flɛ i kɛ hey.",Baoulé,Mozilla Common Voice
common_voice_bci_41599072.mp3,Ndɛ wɛtɛɛʼn yo sran kwlaa ye.,Baoulé,Mozilla Common Voice
common_voice_bci_41599071.mp3,"Cɛn nga ń ɲínʼn, ń yó kɛ i sa.",Baoulé,Mozilla Common Voice
common_voice_bci_41599070.mp3,N suan lɛtri klɛlɛ suklu lɔ.,Baoulé,Mozilla Common Voice
common_voice_bci_41599068.mp3,"Kɛ á nían ngowa kanlɛʼn, ɔ diman ngowa.",Baoulé,Mozilla Common Voice
common_voice_bci_41599067.mp3,"Aɲiho fatou, n su kɔ nanti mi fie nun.",Baoulé,Mozilla Common Voice
common_voice_bci_41599066.mp3,"Kɛ be se kɛ chiliʼn wʼa wie i kanninʼn nunʼn, á fá ɔ tiʼn kɔ́.",Baoulé,Mozilla Common Voice
common_voice_bci_41599060.mp3,N kunndɛ kɛ n ɲan kpanwun mɔ be fa kpanwun kpanngban be gua nunʼn.,Baoulé,Mozilla Common Voice
common_voice_bci_41599059.mp3,Ɔ fata kɛ a wunnzin naan wʼa tɔman tukpachtɛ.,Baoulé,Mozilla Common Voice
common_voice_bci_41599058.mp3,E kwla fa kɔ ni mi lotoʼn.,Baoulé,Mozilla Common Voice
common_voice_bci_41599057.mp3,"Kɛ e yo ninnge munʼn, n klo i.",Baoulé,Mozilla Common Voice
common_voice_bci_41599056.mp3,"Ôti akunndan kpa, Nʼbu kɛ ye kula yo.",Baoulé,Mozilla Common Voice
common_voice_bci_41599055.mp3,"Nian ɔ mlu selikɛ, o wa nga wa yotɛ.",Baoulé,Mozilla Common Voice
common_voice_bci_41599054.mp3,Janvuɛʼm be di aliɛ likawlɛ.,Baoulé,Mozilla Common Voice
common_voice_bci_41599052.mp3,"Mi niaan bian, ɔ fata kɛ a uka min.",Baoulé,Mozilla Common Voice
common_voice_bci_41599049.mp3,"Nglɛmun ngaʼn, amun ukali min kpa.",Baoulé,Mozilla Common Voice
common_voice_bci_41596381.mp3,Kata fenɛtriʼm be kwlaa be su siɛnʼn.,Baoulé,Mozilla Common Voice
common_voice_bci_41596380.mp3,Junior yɛ ɔ tɔli tukpacɛ kɛ ɔ fɛ i nglɛmun andɛʼn.,Baoulé,Mozilla Common Voice
common_voice_bci_41596379.mp3,"E bo yo kun e di ngowa, e faman ya lɛ.",Baoulé,Mozilla Common Voice
common_voice_bci_41596377.mp3,Kpanwun tɔnfuɛʼn tɔn kpanwun uflɛuflɛ man be nga be to ninngeʼn nglɛmun kwlaa.,Baoulé,Mozilla Common Voice
common_voice_bci_41596375.mp3,Manmi klo kɛ n wunnzin min dje.,Baoulé,Mozilla Common Voice
common_voice_bci_41596372.mp3,"Be kɔ lika nga be flɛ i kɛ parkiʼm be nun kpɛ sunman naan bʼa lo wunmiɛn, naan bʼa yo be wun kpinngbinlɛ cɛn kwlaa.",Baoulé,Mozilla Common Voice
common_voice_bci_41596371.mp3,"Sran ngʼɔ lafiʼn, ɔ usaman atin.",Baoulé,Mozilla Common Voice
common_voice_bci_41596370.mp3,"Mi ngbabuaʼm be ti tɛtɛ, be ti kaan kpa.",Baoulé,Mozilla Common Voice
common_voice_bci_41596367.mp3,"Janvuɛʼm be fa be ngowa kanlɛ ninngeʼm be man sran mun, ɔ ti kpa.",Baoulé,Mozilla Common Voice
common_voice_bci_41596359.mp3,"Abla Pokou waan: sɛ ɔ ndɛʼn truʼn, ɔ awlo lɔ sranʼm be ndɛ yɛ ɔ o lɛ ɔ.",Baoulé,Mozilla Common Voice
common_voice_bci_41596357.mp3,"N djuli suklu lɔ cɛ, mi tiʼn yo mi ya.",Baoulé,Mozilla Common Voice
common_voice_bci_41596356.mp3,Ɔ mannin mi afɔtuɛ naan mi waʼn wʼa yo juejue.,Baoulé,Mozilla Common Voice
common_voice_bci_41596355.mp3,Be ti kpa tra kɛ be lafi be ngunminʼn.,Baoulé,Mozilla Common Voice
common_voice_bci_41596339.mp3,Sran kpanngban be tran klɔ dan sɔʼn su.,Baoulé,Mozilla Common Voice
common_voice_bci_41596337.mp3,Suklu ti lika nʼga be suan like kɔkun be yo sran dan.,Baoulé,Mozilla Common Voice
common_voice_bci_41596336.mp3,Sɛ a su wa yi baʼm be sikaʼn kan kle mi.,Baoulé,Mozilla Common Voice
common_voice_bci_41596315.mp3,Ɔ ti kɛ be le awlɛn be minndɛ like sɔʼn ti kekle saan like nga be wunnin iʼn annzɛ i boʼn guaman blɛʼn.,Baoulé,Mozilla Common Voice
common_voice_bci_41596314.mp3,Klɔfuɛʼm be yia sinʼn i wun lɛ.,Baoulé,Mozilla Common Voice
common_voice_bci_41596313.mp3,Klasiʼn i tabloʼn ti dan yɛ ɔ ti ble.,Baoulé,Mozilla Common Voice
common_voice_bci_41596126.mp3,"Mi niaan bian, mʼan wunman wɔ lɔ.",Baoulé,Mozilla Common Voice
common_voice_bci_41596124.mp3,Bakannganʼm be fa nzue kunmanʼn nun ba.,Baoulé,Mozilla Common Voice
common_voice_bci_41596117.mp3,"Ɔ yoli kekle mannin min kpa, sanngɛ ɔ ti laa liɛ.",Baoulé,Mozilla Common Voice
common_voice_bci_41596111.mp3,Ɔ sie i su mi nuan bo bɔbɔ?,Baoulé,Mozilla Common Voice
common_voice_bci_41596108.mp3,Nestor n se kɛ yo yɛ sɛ e yo fieʼn i danʼn.,Baoulé,Mozilla Common Voice
common_voice_bci_41596106.mp3,Taluaʼm be uka be awlobofuɛʼm be tralɛʼm be tɛtɛlɛʼn su.,Baoulé,Mozilla Common Voice
common_voice_bci_41596105.mp3,Ɔ fata kɛ e wɔ ninnge tolɛ ka naan yʼa wɔ awlo.,Baoulé,Mozilla Common Voice
common_voice_bci_41596088.mp3,Aofuɛʼm be bali andɛ ndɔsua nun.,Baoulé,Mozilla Common Voice
common_voice_bci_41596087.mp3,N seman kɛ n ti kpa tra wɔ.,Baoulé,Mozilla Common Voice
common_voice_bci_41596086.mp3,"Kɛ e klo e wun kpaʼn, sran fi sunman.",Baoulé,Mozilla Common Voice
common_voice_bci_41596085.mp3,E leman like fi naan yʼa siesie be wun naan bʼa sa be sin suklu lɔ.,Baoulé,Mozilla Common Voice
common_voice_bci_41596084.mp3,Be ni akɔ dah be kpli man nʼdre.,Baoulé,Mozilla Common Voice
common_voice_bci_41596078.mp3,"Kɛ amun nin sran kun be nin a tranmanʼn, nán amun se kɛ amun si i.",Baoulé,Mozilla Common Voice
common_voice_bci_41596076.mp3,Taluaʼm be nin be ninʼm be suan aliɛ tonlɛ nnɔsua kwlaa.,Baoulé,Mozilla Common Voice
common_voice_bci_41596073.mp3,Baba fali min ɔli dɔɔtrɔ lɔ naan ɔ nian min juejue yolɛ nun.,Baoulé,Mozilla Common Voice
common_voice_bci_41596066.mp3,"Be nga be tran lɔʼn, be cɛcɛ be ninnge nga be kpɛ beʼn be afiɛn.",Baoulé,Mozilla Common Voice
common_voice_bci_41596065.mp3,Klɔfuɛʼm be kplan waka su kpanwun.,Baoulé,Mozilla Common Voice
common_voice_bci_41596064.mp3,Bakannganʼm be si able fɛtriʼn i blɛ nun.,Baoulé,Mozilla Common Voice
common_voice_bci_41596054.mp3,"Nian, n wunnin yɔbuɛ klanman kpa kun!",Baoulé,Mozilla Common Voice
common_voice_bci_41596053.mp3,Bakannganʼm be di ngowa wakaʼn i bo lɔ nglɛmun kwlaa.,Baoulé,Mozilla Common Voice
common_voice_bci_41596051.mp3,Sranʼm be fa be wun wlɛ i klɔʼn su ninngeʼm be nun naan be afiɛnʼn wʼa mantan kpa.,Baoulé,Mozilla Common Voice
common_voice_bci_41596050.mp3,"Klɔʼn i akpɔʼm be suʼn, sranʼm be sin su kpa.",Baoulé,Mozilla Common Voice
common_voice_bci_41595948.mp3,Aklunye yolɛʼn yo maan cɛn kwlaa yo kpa.,Baoulé,Mozilla Common Voice
common_voice_bci_41595946.mp3,"Sa ngʼɔ ju e wienguʼm be suʼn, ɔ kwla tɔ e su wie.",Baoulé,Mozilla Common Voice
common_voice_bci_41595945.mp3,Anumanʼn kleman wakaʼm be yalɛ kɛ nga min nannanʼn fa kanʼn sa.,Baoulé,Mozilla Common Voice
common_voice_bci_41595933.mp3,E kunndɛ kɛ wɔ ni ɔ yiʼn be ni e bla.,Baoulé,Mozilla Common Voice
common_voice_bci_41595932.mp3,Amun su saci e blɛ.,Baoulé,Mozilla Common Voice
common_voice_bci_41595931.mp3,Be di cɛn dilɛ wie mun naan bʼa yra ninnge nga be kpɛli be uflɛuflɛʼn be su.,Baoulé,Mozilla Common Voice
common_voice_bci_41595930.mp3,"N ni a ɲanmɛn i de, ɔ maan ɔ timan mi ndɛ.",Baoulé,Mozilla Common Voice
common_voice_bci_41595929.mp3,Mi niaan blaʼn le tralɛ klanman kpa.,Baoulé,Mozilla Common Voice
common_voice_bci_41595913.mp3,Klɔʼn su lɔ awlobo kwlaa le fie kun mʼɔ di fie ngʼɔ fata kɛ ɔ diʼn niɔn.,Baoulé,Mozilla Common Voice
common_voice_bci_41595912.mp3,"Be wla be wiengu fanngan kɛ cɛn kwlakwla sa kekleekleʼm be tɔ be suʼn, be bu akunndan kpa.",Baoulé,Mozilla Common Voice
common_voice_bci_41595910.mp3,"Manmi, Nʼyuman like nʼga mon nʼklo i.",Baoulé,Mozilla Common Voice
common_voice_bci_41595909.mp3,Baba di sua kplanlɛ junman.,Baoulé,Mozilla Common Voice
common_voice_bci_41595907.mp3,"Kɛ baʼn wun i ninʼn, ɔ sri.",Baoulé,Mozilla Common Voice
common_voice_bci_41595906.mp3,Kɔkɔti nnɛn Koffi dan yɛ ɔ dili kwlaa ɔ.,Baoulé,Mozilla Common Voice
common_voice_bci_41595905.mp3,Be sɔ aofuɛʼm be nun srilɛ nun.,Baoulé,Mozilla Common Voice
common_voice_bci_41595904.mp3,Ba yasuaʼm be suan nzueʼn i nun wɛnlɛ klɔʼn i wun koko lɛ.,Baoulé,Mozilla Common Voice
common_voice_bci_41595881.mp3,Like klefuɛʼn yiyi like suanlɛʼm be nun kpa.,Baoulé,Mozilla Common Voice
common_voice_bci_41595877.mp3,Anunmanʼm be tu be bo be kɔ ngua lɔ afuɛ kwlaa nun.,Baoulé,Mozilla Common Voice
common_voice_bci_41591987.mp3,Ayinʼman nʼma kɔ fie nu juman ni mi si.,Baoulé,Mozilla Common Voice
common_voice_bci_41595875.mp3,"Kɛ ɔ ko yo naan wʼa di aliɛ nga bla kun mɔ i wawɛʼn wʼa tɔʼn, ɔ tɔnʼn, ɔ ti kpa, kɛ n lafi awe nunʼn.",Baoulé,Mozilla Common Voice
common_voice_bci_41595874.mp3,Aluaʼn bo akpɔʼn su annunman kɔnguɛ.,Baoulé,Mozilla Common Voice
common_voice_bci_41595857.mp3,"Taluaʼm be fa nzue kunmanʼn nun be man awlobofuɛ mun, be fa sɛʼm be su kpa, kpɛkun be di junmanʼn cɛn kwlaa.",Baoulé,Mozilla Common Voice
common_voice_bci_41595855.mp3,"Nzueʼn kunndɛ kɛ ɔ́ tɔ́ naan sɛ wʼa tɔmanʼn, ɲannzuɛn su kunman asiɛʼn.",Baoulé,Mozilla Common Voice
common_voice_bci_41595854.mp3,Be nian woʼn i tinninʼn su naan yʼa wun sinʼnu.,Baoulé,Mozilla Common Voice
common_voice_bci_41595853.mp3,Math ti aklunjuɛ like nin nimero mun.,Baoulé,Mozilla Common Voice
common_voice_bci_41595842.mp3,Tchɛtchɛ ɔ timan sɔ ndɛ.,Baoulé,Mozilla Common Voice
common_voice_bci_41595840.mp3,Like klefuɛʼn kan ndɛ fɛfɛ wie mun.,Baoulé,Mozilla Common Voice
common_voice_bci_41595838.mp3,"Klɔʼn i su ninngeʼm be ti kpa afuɛ nga nun, e la Ɲanmiɛn ase.",Baoulé,Mozilla Common Voice
common_voice_bci_41595832.mp3,Bakannganʼm be tiɛ waka mma nga bʼa ɲinʼn fieʼn nun lɔ.,Baoulé,Mozilla Common Voice
common_voice_bci_41595830.mp3,Ba yasuaʼm be suan kolɛ be nannanʼm be sa nun.,Baoulé,Mozilla Common Voice
common_voice_bci_41595828.mp3,"Kɛ wiaʼn fíteʼn, be tra jue nzue baʼn nun.",Baoulé,Mozilla Common Voice
common_voice_bci_41595824.mp3,Ɔ suman nnɛn kpanngɔ nɲɔn be su kpɛ kunngba.,Baoulé,Mozilla Common Voice
common_voice_bci_41595823.mp3,Ɔ leman kunman naan ɔ ti wɔ.,Baoulé,Mozilla Common Voice
common_voice_bci_41595812.mp3,Yalé foué wan divin ya fê.,Baoulé,Mozilla Common Voice
common_voice_bci_41595811.mp3,N kɔ suklu lɔ loto nun.,Baoulé,Mozilla Common Voice
common_voice_bci_41595810.mp3,Bakannganʼm be wanndi fie mʼɔ ti mlanmlanmlanʼn nun.,Baoulé,Mozilla Common Voice
common_voice_bci_41595805.mp3,A leman ɔ bɔbɔ ɔ fie a kwlá diman like nga ɔ awlɛnʼn kloʼn.,Baoulé,Mozilla Common Voice
common_voice_bci_41595803.mp3,Ɔ fata kɛ a nin sran kwlaa be tran kpa afin e siman like ngʼɔ́ wá jú ainmanʼn.,Baoulé,Mozilla Common Voice
common_voice_bci_41595802.mp3,"Sɛ nzue wa tɔmanʼn, é kɔ́ gua bo ainman nglɛmun.",Baoulé,Mozilla Common Voice
common_voice_bci_41595800.mp3,Nʼzue su tɔ kɔkun Nʼkunnu dɛ kan ngowa gua su lɔ.,Baoulé,Mozilla Common Voice
common_voice_bci_41595799.mp3,Bakanʼm be kpɛ waka be tɔn si fie su lɔ.,Baoulé,Mozilla Common Voice
common_voice_bci_41593939.mp3,"Janvuɛʼm be uka be wiengu, like kwlaa yo fɛ.",Baoulé,Mozilla Common Voice
common_voice_bci_41593888.mp3,E wunnin tralɛ klanman kun guabo lɔ.,Baoulé,Mozilla Common Voice
common_voice_bci_41593887.mp3,"Kɛ be klo sranʼn, ɔ yo be fɛ.",Baoulé,Mozilla Common Voice
common_voice_bci_41593856.mp3,"Like kwlaa nga a kunndɛʼn, ɔ o mi lika.",Baoulé,Mozilla Common Voice
common_voice_bci_41593855.mp3,Ayrɛʼn tɔ kɔnguɛʼm be nun.,Baoulé,Mozilla Common Voice
common_voice_bci_41593823.mp3,"Kɛ aunmuanʼn fitaʼn, wakaʼn i boʼn kejeman.",Baoulé,Mozilla Common Voice
common_voice_bci_41593822.mp3,"Mi janvuɛ kpaʼn ɔli lika uflɛ, ɔ yo min ya.",Baoulé,Mozilla Common Voice
common_voice_bci_41593820.mp3,"Kɛ bé súnman wɔʼn, ɔ fata kɛ a si wafa nga a kwla sunman ɔ wunʼn.",Baoulé,Mozilla Common Voice
common_voice_bci_41593804.mp3,E ni mi yi e fali akunndan kun.,Baoulé,Mozilla Common Voice
common_voice_bci_41593803.mp3,"Be nga be tran klɔ sɔʼn suʼn, be bo yo kun be yo akpɔʼm be su cɛn dilɛ.",Baoulé,Mozilla Common Voice
common_voice_bci_41593797.mp3,"Mi mmaʼm be kwla kɔ suklu, yɛ fɔundi o mi awlo lɔ.",Baoulé,Mozilla Common Voice
common_voice_bci_41593796.mp3,"Kɛ nzueʼn ko tɔʼn, yasua sɔʼm be siesie sua baʼm be ti su.",Baoulé,Mozilla Common Voice
common_voice_bci_41593794.mp3,"Dɔrtrɔ bianʼn i ndɛʼn tiʼn, mi waʼn ti kpa.",Baoulé,Mozilla Common Voice
common_voice_bci_41593789.mp3,"Sɛ amun kunndɛman kɛ viaʼn kpaja amun sinʼn, ɔ su kpajaman amun kuanʼn su wie.",Baoulé,Mozilla Common Voice
common_voice_bci_41593786.mp3,"Kɛ á súan sranʼn, ɔ fata kɛ a si wafa nga á fá ɔ wun mánʼn.",Baoulé,Mozilla Common Voice
common_voice_bci_41593782.mp3,Be rali min ninngeʼm be kwlaa.,Baoulé,Mozilla Common Voice
common_voice_bci_41593776.mp3,"Kpanwun mʼɔ ti nvanʼn, ɔ yo fɛ titi.",Baoulé,Mozilla Common Voice
common_voice_bci_41593775.mp3,Suanlɛ sɔʼn yɛ ɔ yoli maan mi ni mi mma mun e sinnin sa kekle sɔʼn nun ɔn.,Baoulé,Mozilla Common Voice
common_voice_bci_41593774.mp3,Ɔ fata kɛ mi niaan bian ni mi niaan blaʼm be ukali e niaan blaʼn.,Baoulé,Mozilla Common Voice
common_voice_bci_41593773.mp3,Sinnglinfuɛʼn siman kɛ ngwlɛlɛfuɛʼn fɛ.,Baoulé,Mozilla Common Voice
common_voice_bci_41593772.mp3,Manmi su tɔn aliɛ dan kun man awlobofuɛ mun.,Baoulé,Mozilla Common Voice
common_voice_bci_41593771.mp3,Ɔ fata kɛ be uka min naan mʼan wie junmanʼn i di ndɛndɛ.,Baoulé,Mozilla Common Voice
common_voice_bci_41593770.mp3,"Ninnge nga be fa to beʼn be o lika kwlaa, ɔ ti srilɛ like!",Baoulé,Mozilla Common Voice
common_voice_bci_41593760.mp3,Ɔ bɔbɔ ɔ ni yɛ a su kɔ.,Baoulé,Mozilla Common Voice
common_voice_bci_41593747.mp3,"Sran ngʼɔ di like kanʼn, ɔ yoman tɛtɛ le.",Baoulé,Mozilla Common Voice
common_voice_bci_41593746.mp3,Ɔ to jue fɛfɛ kpa man ba kanngan mun.,Baoulé,Mozilla Common Voice
common_voice_bci_41593734.mp3,"Kɛ ɔ man kanʼn, sranʼm be toman naan wʼa kplɔ.",Baoulé,Mozilla Common Voice
common_voice_bci_41593729.mp3,Kɛ okaʼn i nun lɔʼn djɔ yɛ nʼdre fi ɔ.,Baoulé,Mozilla Common Voice
common_voice_bci_41593722.mp3,Klɔ bakannganʼm be uka naan bʼa kpɛ waka mma nga be ti mlanwaʼn be nun blɛ kwlaa nun.,Baoulé,Mozilla Common Voice
common_voice_bci_41593721.mp3,"Sran fi kwlá kpɛman be wakaʼn, kpɛkun ngalɛʼn ɔ́ trá be.",Baoulé,Mozilla Common Voice
common_voice_bci_41593691.mp3,"Mi mmaʼm be kwla kɔ suklu siɛnʼn, yɛ kɛ be tɔ tukpacɛʼn, n kwla fa be kɔ dɔɔtrɔ lɔ naan be yo be ayre.",Baoulé,Mozilla Common Voice
common_voice_bci_41593688.mp3,N si kɛ ɔ ti fiɛn.,Baoulé,Mozilla Common Voice
common_voice_bci_41593679.mp3,Blaʼm be kpɛ nɲa fieʼm be nun.,Baoulé,Mozilla Common Voice
common_voice_bci_41593661.mp3,Jueʼm be wlan nzue ba mʼɔ ti weiinʼn nun.,Baoulé,Mozilla Common Voice
common_voice_bci_41593658.mp3,"Andɛʼn, fie dilɛ ninnge uflɛuflɛʼm be sɔnnin klɔʼn i guaʼn su.",Baoulé,Mozilla Common Voice
common_voice_bci_41593622.mp3,Kloʼn lafi fɔuun viaʼn i bo lɔ.,Baoulé,Mozilla Common Voice
common_voice_bci_41593621.mp3,Nzueʼn tɔ ijre suaʼn i ti su.,Baoulé,Mozilla Common Voice
common_voice_bci_41593620.mp3,Aluaʼn wanndi ndɛndɛ fieʼn nun lɔ.,Baoulé,Mozilla Common Voice
common_voice_bci_41593589.mp3,Manmin siesie aliɛ man awlobofuɛ mun.,Baoulé,Mozilla Common Voice
common_voice_bci_41593586.mp3,Lɔfuɛʼm be fa be lɔ cɛn dilɛʼm be di junman naan bʼa wun djue ni desɛn uflɛuflɛ mun.,Baoulé,Mozilla Common Voice
common_voice_bci_41593585.mp3,"Yaki, di like kan; á wún kɛ min yiʼn i aliɛʼn ti fɛ.",Baoulé,Mozilla Common Voice
common_voice_bci_41593549.mp3,Nzraamaʼm be kpaja ɲanmiɛn bleʼn nun.,Baoulé,Mozilla Common Voice
common_voice_bci_41593548.mp3,Mʼsiman wlele nan fami waya ehe.,Baoulé,Mozilla Common Voice
common_voice_bci_41593546.mp3,E su siesie aliɛ ngunmin kun man aofuɛ mun kɔnguɛ nga.,Baoulé,Mozilla Common Voice
common_voice_bci_41593545.mp3,Ɔ ti kokowefuɛ ngʼɔ fɛ i wun mantan be nga be di a gba.,Baoulé,Mozilla Common Voice
common_voice_bci_41593527.mp3,E kwla yo ninnge mun likawlɛ naan sran kwlaa wʼa yo kpa.,Baoulé,Mozilla Common Voice
common_voice_bci_41592890.mp3,E kwla jrannin like tɛ kpafuɛʼn i ɲrun kekle kpa ɔ ti.,Baoulé,Mozilla Common Voice
common_voice_bci_41592889.mp3,N suan fluwa klɛlɛ nin plɛti.,Baoulé,Mozilla Common Voice
common_voice_bci_41592888.mp3,Be nin be si nin be nin be suan nnɛnʼm be lika nianlɛ.,Baoulé,Mozilla Common Voice
common_voice_bci_41592887.mp3,Klɔ sranʼm be klo klɔ guaʼm be su aklunjuɛ.,Baoulé,Mozilla Common Voice
common_voice_bci_41592886.mp3,Min si kleli min wafa nga be di agba fieʼn nun lɔʼn.,Baoulé,Mozilla Common Voice
common_voice_bci_41592885.mp3,"Be waan kɛ a nin a wumanʼn, ɔ fata kɛ a di aliɛ kpa.",Baoulé,Mozilla Common Voice
common_voice_bci_41592883.mp3,Sɛ e ni i e kokoli su yalɛʼn ni?,Baoulé,Mozilla Common Voice
common_voice_bci_41592871.mp3,Viaʼn kpadja ɲanmiɛn su lɔ kpa.,Baoulé,Mozilla Common Voice
common_voice_bci_41592870.mp3,N klo kɛ e ni mi janvuɛ mun e kan ngowa suklu lɔ.,Baoulé,Mozilla Common Voice
common_voice_bci_41592869.mp3,"Kɛ fin nglɛmun andɛ, nʼkunnu kɛ nʼwɔ gua bo.",Baoulé,Mozilla Common Voice
common_voice_bci_41592868.mp3,"Kɛ likaʼn kwlaa yo diinʼn, baʼm be kpan.",Baoulé,Mozilla Common Voice
common_voice_bci_41592867.mp3,Be toli nnɛn kpanngɔ ufue uflɛ.,Baoulé,Mozilla Common Voice
common_voice_bci_41592866.mp3,"Aniaan bla, n wun ndɛ nga a su kanʼn.",Baoulé,Mozilla Common Voice
common_voice_bci_41592865.mp3,E yaciman nɲaʼm be lɛ ijreʼm be nun naan yʼa nianman sranʼm be wieʼn.,Baoulé,Mozilla Common Voice
common_voice_bci_41592861.mp3,Klɔfuɛʼm be su siesie cɛn dilɛ dan kun ainman.,Baoulé,Mozilla Common Voice
common_voice_bci_41592860.mp3,E nin min janvuɛ mun e bo balɔn.,Baoulé,Mozilla Common Voice
common_voice_bci_41592859.mp3,"Nzue su tɔ dan andɛ, nán ɔ wla fi ɔ tralɛʼm be su.",Baoulé,Mozilla Common Voice
common_voice_bci_41592858.mp3,I jaʼn ti ufue?,Baoulé,Mozilla Common Voice
common_voice_bci_41592857.mp3,Flimuʼn bo i bo blɛ trele kun nun.,Baoulé,Mozilla Common Voice
common_voice_bci_41592856.mp3,Klɔ blaʼm be bo balo guabo su lɔ.,Baoulé,Mozilla Common Voice
common_voice_bci_41592855.mp3,Lafilɛʼn uka mi wunnɛnʼn naan wʼa yo kpa.,Baoulé,Mozilla Common Voice
common_voice_bci_41592854.mp3,"Ɔ fata kɛ ɔ wun like ngʼɔ kunndɛliʼn, kɛ ɔ fɛ i annunmanʼn.",Baoulé,Mozilla Common Voice
common_voice_bci_41592853.mp3,"Kɛ a ukaʼn, like kwlaa yo pɔpɔ.",Baoulé,Mozilla Common Voice
common_voice_bci_41592851.mp3,Klɔ taluaʼm be kwla ɲan nzue.,Baoulé,Mozilla Common Voice
common_voice_bci_41592850.mp3,Mi wa yassua kun tɔ tupkatʃɛ tɛ kpa.,Baoulé,Mozilla Common Voice
common_voice_bci_41592849.mp3,Ok yo like nʼga a klo.,Baoulé,Mozilla Common Voice
common_voice_bci_41592848.mp3,Maan e wɔ.,Baoulé,Mozilla Common Voice
common_voice_bci_41592847.mp3,Mi nian bianʼn bali e osu nianlɛ.,Baoulé,Mozilla Common Voice
common_voice_bci_41592846.mp3,"Klɔ kun mɔ fɔundi o nunʼn, kɛ be wun iʼn, ɔ ti abonuan like.",Baoulé,Mozilla Common Voice
common_voice_bci_41592844.mp3,E faman kolaʼn i bue e yiman tɛ.,Baoulé,Mozilla Common Voice
common_voice_bci_41592058.mp3,Anumanʼn kwlá faman ya waka kun wun le.,Baoulé,Mozilla Common Voice
common_voice_bci_41592057.mp3,N ɲannin min diplɔmuʼn andɛ.,Baoulé,Mozilla Common Voice
common_voice_bci_41592050.mp3,"Kɛ e idjɔ blɛlɛʼn, ɔ ti kpa.",Baoulé,Mozilla Common Voice
common_voice_bci_41592049.mp3,Nannanʼm be kan ndɛ fɛfɛ wie mun be kle be anunman mun.,Baoulé,Mozilla Common Voice
common_voice_bci_41592048.mp3,"Nanwlɛʼn kwla titi i awieliɛ lɔʼn, sanngɛ ɔ ti kekle kɛ be tra be awlɛn.",Baoulé,Mozilla Common Voice
common_voice_bci_41592047.mp3,Ɔ fata kɛ a wun ɔ wienguʼm be saʼm be wlɛ.,Baoulé,Mozilla Common Voice
common_voice_bci_41592036.mp3,A wun vie kanvie a woun vie yaki vie.,Baoulé,Mozilla Common Voice
common_voice_bci_41592033.mp3,Kloʼn wo tabliʼn i bo lɔ.,Baoulé,Mozilla Common Voice
common_voice_bci_41592032.mp3,Klɔfuɛʼm be yia chtɛn dilɛʼn i bo.,Baoulé,Mozilla Common Voice
common_voice_bci_41592026.mp3,Kaluaʼn lafi sofa ufueʼn su.,Baoulé,Mozilla Common Voice
common_voice_bci_41592025.mp3,Ye yoli i anniversɛri fɛtri.,Baoulé,Mozilla Common Voice
common_voice_bci_41592018.mp3,Klɔʼn su guaʼm be sonnin.,Baoulé,Mozilla Common Voice
common_voice_bci_41592017.mp3,Klɔʼn su fie difuɛʼm be yiali be kokoli ninngeʼm be kpɛlɛʼn i su yalɛ.,Baoulé,Mozilla Common Voice
common_voice_bci_41592010.mp3,Bakannganʼm be srilɛʼn yo maan klɔʼn i nunfuɛʼm be di aklunjuɛ.,Baoulé,Mozilla Common Voice
common_voice_bci_41592009.mp3,"Be nga be tran lɔʼn, be kɔ be mantanfuɛʼm be aɲiaʼm be bo be koko lɔ junmanʼm be su yalɛ.",Baoulé,Mozilla Common Voice
common_voice_bci_41592008.mp3,Nnɛnʼn siman kɛ ngwlɛlɛfuɛʼn wun ɲrɛnnɛn.,Baoulé,Mozilla Common Voice
common_voice_bci_41592007.mp3,Wan yɛ ɔ flɛ alua mun ɔn.,Baoulé,Mozilla Common Voice
common_voice_bci_41592006.mp3,Aluaʼn ti kaan kpa yɛ ɔ ti klanman.,Baoulé,Mozilla Common Voice
common_voice_bci_41592005.mp3,"Kɛ a nɔn nzue ngʼɔ o sin lɔʼn, a nianman nzue ngʼɔ o sin lɔʼn i bueʼm be su.",Baoulé,Mozilla Common Voice
common_voice_bci_41592004.mp3,A ssassa be tia srɛ.,Baoulé,Mozilla Common Voice
common_voice_bci_41592003.mp3,"Blaʼm be ton aliɛ be man be awlobofuɛ mun nin aofuɛ mun, be fa ninnge uflɛuflɛ mun, kpɛkun be nian lã aliɛʼm be su.",Baoulé,Mozilla Common Voice
common_voice_bci_41592002.mp3,"Trɔ ngʼɔ nunman ɔ ti suʼn, a su simɛn i le kɛ ɔ ti nɔnnin.",Baoulé,Mozilla Common Voice
common_voice_bci_41591999.mp3,Mi desɛnʼn timan klanman kɛ sran uflɛʼm be liɛʼn sa.,Baoulé,Mozilla Common Voice
common_voice_bci_41591998.mp3,Nán sran kunngba yɛ ɔ kan nguanʼn i sin ndɛʼn niɔn.,Baoulé,Mozilla Common Voice
common_voice_bci_41591997.mp3,Sɛ gban mlô gnin y tôlɛ ô fa manhan nʼgna suhi.,Baoulé,Mozilla Common Voice
common_voice_bci_41591991.mp3,Klɔʼn i kanninʼm be kpaja kɔnguɛ.,Baoulé,Mozilla Common Voice
common_voice_bci_41591990.mp3,Sranʼn i wunmiɛnʼn wo i wienguʼn i wun.,Baoulé,Mozilla Common Voice
common_voice_bci_41591989.mp3,Gbanflɛn nin talua mun be lua nʼgatɛ.,Baoulé,Mozilla Common Voice
common_voice_bci_41591988.mp3,Sinʼn kpadja fieʼn nun blɛblɛblɛ.,Baoulé,Mozilla Common Voice
common_voice_bci_41513681.mp3,E faman kolaʼn i bue kun sa naan yʼa yi tɛ.,Baoulé,Mozilla Common Voice
common_voice_bci_41499715.mp3,"Aloua Wan, Ô niann Tchrrr Ti, Ô Tranman Gboh.",Baoulé,Mozilla Common Voice
common_voice_bci_41480019.mp3,"Sran nga be fin klɔʼn su lɔʼn, be yia fluwa siewlɛʼm be nun be kanngan fluwa nun, kpɛkun be suan like.",Baoulé,Mozilla Common Voice
common_voice_bci_41480020.mp3,"Ninnge nga be fa to beʼn be o lika kwlaa, ɔ ti srilɛ like!",Baoulé,Mozilla Common Voice
common_voice_bci_41480021.mp3,Wiaʼn kpaja kpa blɛ mɔ likaʼn ti mlanwaʼn nun.,Baoulé,Mozilla Common Voice
common_voice_bci_41480022.mp3,Junior yɛ ɔ tɔli tukpacɛ kɛ ɔ fɛ i nglɛmun andɛʼn.,Baoulé,Mozilla Common Voice
common_voice_bci_41480064.mp3,"Ɔ timan tɛ, n dun mmua dili aliɛ cɛn uflɛ.",Baoulé,Mozilla Common Voice
common_voice_bci_41480065.mp3,Be suan jue tralɛ nzue ba ngʼɔ mantan lɛʼn nun.,Baoulé,Mozilla Common Voice
common_voice_bci_41480066.mp3,Ɔ fata kɛ a wunnzin naan wʼa tɔman tukpachtɛ.,Baoulé,Mozilla Common Voice
common_voice_bci_41480067.mp3,Klɔʼn ti dĩn kɛ like kwlaa kɔ kpaʼn.,Baoulé,Mozilla Common Voice
common_voice_bci_41480068.mp3,Uka mi n leman like fi n yomɛn i ayre.,Baoulé,Mozilla Common Voice
common_voice_bci_41483543.mp3,Blaʼm be siesie sua baʼm be klanman klɔʼn su lɔ cɛn dilɛʼm be ti.,Baoulé,Mozilla Common Voice
common_voice_bci_41483544.mp3,"Sran nga be fin klɔʼn su lɔʼn, be kɔ guabo lɔ be ko to ninnge nga be yili be uflɛuflɛʼn.",Baoulé,Mozilla Common Voice
common_voice_bci_41483547.mp3,Nzueʼn tɔ wakaʼm be su blɛblɛblɛ.,Baoulé,Mozilla Common Voice
common_voice_bci_41483553.mp3,N kunndɛ kɛ n di glaci mɔ waka mma kpanngban be o nunʼn.,Baoulé,Mozilla Common Voice
common_voice_bci_41483554.mp3,Nɔnnɔn ti kpa man ɔ juejue yolɛ.,Baoulé,Mozilla Common Voice
common_voice_bci_41514085.mp3,"Min suklu saciʼn nunʼn, crayon klanman kpaʼm be sɔnnin.",Baoulé,Mozilla Common Voice
common_voice_bci_41514084.mp3,Nanninʼn su siesie avie aliɛ tɔnwlɛ lɔ.,Baoulé,Mozilla Common Voice
common_voice_bci_41514083.mp3,Baba di sua kplanlɛ junman.,Baoulé,Mozilla Common Voice
common_voice_bci_41514082.mp3,N si kɛ ɔ ti fiɛn.,Baoulé,Mozilla Common Voice
common_voice_bci_41513687.mp3,"Kɛ fin nglɛmun andɛ, nʼkunnu kɛ nʼwɔ gua bo.",Baoulé,Mozilla Common Voice
common_voice_bci_41483555.mp3,E kwlakwla e bo yo kun e to aklunjuɛ jue kun.,Baoulé,Mozilla Common Voice
common_voice_bci_41513680.mp3,"Nglɛmun ngaʼn, amun ukali min kpa.",Baoulé,Mozilla Common Voice
common_voice_bci_41513679.mp3,"Kɛ lika kwlaa ti diinʼn, yɛ bakannganʼm be to djue ɔ.",Baoulé,Mozilla Common Voice
common_voice_bci_41513678.mp3,"Odile, ɔ yo ɔ like! A djuli wa ndɛndɛ.",Baoulé,Mozilla Common Voice
common_voice_bci_41513675.mp3,Blaʼm be kle talua kannganʼm be klɔ lɔ lã ninngeʼm be yolɛ.,Baoulé,Mozilla Common Voice
common_voice_bci_41513643.mp3,"Cɛn nga ń ɲínʼn, ń yó kɛ i sa.",Baoulé,Mozilla Common Voice
common_voice_bci_41513632.mp3,Alua ble nian fenɛtri tikewa nu.,Baoulé,Mozilla Common Voice
common_voice_bci_41513621.mp3,A le aniaan bian kaan kun mʼɔ ti klanman kpaʼn.,Baoulé,Mozilla Common Voice
common_voice_bci_41513619.mp3,"Min desɛnʼn wʼa yoman ye, ɔ ti kanyi tɛ.",Baoulé,Mozilla Common Voice
common_voice_bci_41513618.mp3,Bianʼn wunmɛn i nuanʼn i awieliɛʼn.,Baoulé,Mozilla Common Voice
common_voice_bci_41513617.mp3,Ba yalɛfuɛʼn siman kɛ i ninʼn klo i.,Baoulé,Mozilla Common Voice
common_voice_bci_41513493.mp3,"N kplin ɔ su, ɔ fata kɛ e nin sran uflɛ e koko su yalɛ.",Baoulé,Mozilla Common Voice
common_voice_bci_41513487.mp3,Klɔʼn su bakannganʼm be wanndi.,Baoulé,Mozilla Common Voice
common_voice_bci_41513486.mp3,"Lupu se kɛ meow, ɔ ti srilɛ like, nán sɔ ɔ?",Baoulé,Mozilla Common Voice
common_voice_bci_41513479.mp3,"Kɛ likaʼn doʼn, kakaaʼm be fite.",Baoulé,Mozilla Common Voice
common_voice_bci_41513478.mp3,"Fieʼn nunʼn, flɛri fanunfanunʼm be sɔnnin.",Baoulé,Mozilla Common Voice
common_voice_bci_41513477.mp3,Nzueʼn yo naan nigema be yo kpa.,Baoulé,Mozilla Common Voice
common_voice_bci_41513476.mp3,Be klo aliɛ diwlɛʼm be nun kɔlɛ naan bʼa di mɛn wunmuanʼn nun aliɛʼm be nun.,Baoulé,Mozilla Common Voice
common_voice_bci_41513469.mp3,"Sɛ nzueʼn wʼa yiman sɛʼn, nán nzue ngʼɔ tɔʼn yɛ ɔ́ kwlá yí ɔ.",Baoulé,Mozilla Common Voice
common_voice_bci_41513468.mp3,"Kɛ be ko di aliɛʼn, bakannganʼm be di bonbon.",Baoulé,Mozilla Common Voice
common_voice_bci_41513466.mp3,"Kɛ a ka lɛ naan wʼa nɔn ɔ nɔnnɔnʼn, ɔ kunnuʼn yɛ ɔ kle ɔ yalɛʼn niɔn.",Baoulé,Mozilla Common Voice
common_voice_bci_41513462.mp3,Yasuaʼm be yo aɲia be koko klɔʼn su junmanʼm be su yalɛ.,Baoulé,Mozilla Common Voice
common_voice_bci_41513455.mp3,Blaʼm be nian sran okeʼm be lika klɔʼn su lɔ.,Baoulé,Mozilla Common Voice
common_voice_bci_41513454.mp3,Mi wa yassua kun tɔ tupkatʃɛ tɛ kpa.,Baoulé,Mozilla Common Voice
common_voice_bci_41513453.mp3,Ɲanmiɛn su lɔʼn ti ble kɛ nzueʼn tɔ danʼn.,Baoulé,Mozilla Common Voice
common_voice_bci_41513452.mp3,Sranʼm be yia aliɛ diwlɛʼm be nun kpɛ sunman.,Baoulé,Mozilla Common Voice
common_voice_bci_41513440.mp3,Nʼyo wɔ kula mi wa bla.,Baoulé,Mozilla Common Voice
common_voice_bci_41513439.mp3,Be ni akɔ dah be kpli man nʼdre.,Baoulé,Mozilla Common Voice
common_voice_bci_41513438.mp3,"Nian ɔ mlu selikɛ, o wa nga wa yotɛ.",Baoulé,Mozilla Common Voice
common_voice_bci_41513437.mp3,"Telefɔnunʼn bo, sran kun su flɛ ɔ dunmanʼn.",Baoulé,Mozilla Common Voice
common_voice_bci_41513425.mp3,N seli ɔ niaan bianʼn kɛ ɔ nin min bla.,Baoulé,Mozilla Common Voice
common_voice_bci_41513424.mp3,Klɔʼn su fie difuɛʼm be di junman kekle nglɛmun lele nnɔsua.,Baoulé,Mozilla Common Voice
common_voice_bci_41513421.mp3,Mi niaan blaʼn le tralɛ klanman kpa.,Baoulé,Mozilla Common Voice
common_voice_bci_41512829.mp3,"E bo yo kun e di ngowa, e faman ya lɛ.",Baoulé,Mozilla Common Voice
common_voice_bci_41512828.mp3,Ɔ le like kwlaa nga ɔ sa miɛn i wunʼn.,Baoulé,Mozilla Common Voice
common_voice_bci_41512827.mp3,"Kɛ likaʼn kwlaa yo diinʼn, baʼm be kpan.",Baoulé,Mozilla Common Voice
common_voice_bci_41512825.mp3,Be suan djue tralɛ nzue ba ngʼɔ mantan lɛʼn nun.,Baoulé,Mozilla Common Voice
common_voice_bci_41512817.mp3,I kwlaa sɔʼn timan like fi man wɔ.,Baoulé,Mozilla Common Voice
common_voice_bci_41512816.mp3,Klɔ blaʼm be bo balo guabo su lɔ.,Baoulé,Mozilla Common Voice
common_voice_bci_41512808.mp3,Siglifoué siâkê nʼglwêlêfoué fɛ.,Baoulé,Mozilla Common Voice
common_voice_bci_41512807.mp3,Sranʼm be kɔ junman nglɛmun kwlaa.,Baoulé,Mozilla Common Voice
common_voice_bci_41512794.mp3,A faman ɔ sa bɛʼn kleman ɔ klɔʼn le.,Baoulé,Mozilla Common Voice
common_voice_bci_41512791.mp3,Lafilɛʼn uka mi wunnɛnʼn naan wʼa yo kpa.,Baoulé,Mozilla Common Voice
common_voice_bci_41512790.mp3,Nán wɔ yɛ a sro mi kɛ bʼa sɔman mi nunʼn niɔn.,Baoulé,Mozilla Common Voice
common_voice_bci_41512779.mp3,Ɔ su kanngan fluwa kun nun waka kun bo.,Baoulé,Mozilla Common Voice
common_voice_bci_41512777.mp3,"Be seman sɔ, ɔ ti ɔ tonton.",Baoulé,Mozilla Common Voice
common_voice_bci_41512775.mp3,E lɛman like fi kun mɔ é fá kɔ́ dɔɔtrɔ lɔ ɔ.,Baoulé,Mozilla Common Voice
common_voice_bci_41512773.mp3,Aliɛ difuɛ kpaman tro nu.,Baoulé,Mozilla Common Voice
common_voice_bci_41512771.mp3,"Yɛ sɛ ɔ ti min kodɛʼn, be seli kɛ nán n fa kle sran fi.",Baoulé,Mozilla Common Voice
common_voice_bci_41512760.mp3,"Madamu, nʼyo wɔ kula aliɛ dilɛ ti.",Baoulé,Mozilla Common Voice
common_voice_bci_41512759.mp3,Suaʼn ti klanman yɛ ɔ ti sanwun kpa.,Baoulé,Mozilla Common Voice
common_voice_bci_41512758.mp3,"Yɛ kɛ ngalɛ saʼn, e si nin e nin mun e di alaje.",Baoulé,Mozilla Common Voice
common_voice_bci_41512757.mp3,"A lɛman fie, a kwlá diman waka nga a kloʼn.",Baoulé,Mozilla Common Voice
common_voice_bci_41512756.mp3,Desɛn klanhan kpaʼm be sɔnnin min fluwaʼn nun.,Baoulé,Mozilla Common Voice
common_voice_bci_41483564.mp3,Aluaʼn wanndi balɔnʼn i sin ndɛndɛ.,Baoulé,Mozilla Common Voice
common_voice_bci_41483565.mp3,Klɔʼn i kanninʼm be kpaja kɔnguɛ.,Baoulé,Mozilla Common Voice
common_voice_bci_41483566.mp3,Ba yasuaʼm be uka be si nin be nin naan be bo yo kun be di fie.,Baoulé,Mozilla Common Voice
common_voice_bci_41483567.mp3,Min si kleli min wafa nga be di agba fieʼn nun lɔʼn.,Baoulé,Mozilla Common Voice
common_voice_bci_41483598.mp3,"Aɲiho fatou, n su kɔ nanti mi fie nun.",Baoulé,Mozilla Common Voice
common_voice_bci_41483599.mp3,Ye wa kɔ lika mmuammua ainman.,Baoulé,Mozilla Common Voice
common_voice_bci_41483601.mp3,Aluaʼn wanndi ndɛndɛ fieʼn nun lɔ.,Baoulé,Mozilla Common Voice
common_voice_bci_41483602.mp3,Taluaʼm be fa waka mma nga be ɲinʼn be gua fie nga be mantan lɛʼn be nun.,Baoulé,Mozilla Common Voice
common_voice_bci_41483608.mp3,Suklu kɔlɛʼn yo min fɛ kpa cɛn kwlaa.,Baoulé,Mozilla Common Voice
common_voice_bci_41483610.mp3,Siɛ ni niɛnʼm be klo kɛ be ni be mmaʼm be di blɛ Mɔnnɛn chtɛnʼn.,Baoulé,Mozilla Common Voice
common_voice_bci_41483612.mp3,E su siesie aliɛ ngunmin kun man aofuɛ mun kɔnguɛ nga.,Baoulé,Mozilla Common Voice
common_voice_bci_41483614.mp3,"Kannzɛ bɔbɔ e se kɛ fiafuɛʼn wʼa yo juejueʼn, sanngɛ ɔ te bo sranʼm be srɛ.",Baoulé,Mozilla Common Voice
common_voice_bci_41484009.mp3,Suanlɛ sɔʼn yɛ ɔ yoli maan mi ni mi mma mun e sinnin sa kekle sɔʼn nun ɔn.,Baoulé,Mozilla Common Voice
common_voice_bci_41484010.mp3,E timan kpanngban sɛ e timan kun e kwlá kɔman e ɲrun.,Baoulé,Mozilla Common Voice
common_voice_bci_41484011.mp3,Ɔ ni i janvuɛʼm be to video nun ngowa.,Baoulé,Mozilla Common Voice
common_voice_bci_41484012.mp3,Ye yili ye jaʼnvuɛʼm kɔnguɛ.,Baoulé,Mozilla Common Voice
common_voice_bci_41484013.mp3,"Se ayo tɛ akoman lɔ, Gnanmien lika lɔ, oh.",Baoulé,Mozilla Common Voice
common_voice_bci_41484592.mp3,N man min sa su kɛ ń úsa kosan kun.,Baoulé,Mozilla Common Voice
common_voice_bci_41484593.mp3,E kwla yo ninnge mun likawlɛ naan sran kwlaa wʼa yo kpa.,Baoulé,Mozilla Common Voice
common_voice_bci_41484594.mp3,Klɔʼn su awloboʼm be kwlaa be cɛcɛ avieʼn i nun ninngeʼm be nun.,Baoulé,Mozilla Common Voice
common_voice_bci_41484595.mp3,Blaʼm be yo nzue baʼm be nun sanwun naan nzueʼn wʼa yo sanwun.,Baoulé,Mozilla Common Voice
common_voice_bci_41484596.mp3,Bian bleʼn wunnin i ɲrunʼn.,Baoulé,Mozilla Common Voice
common_voice_bci_41484607.mp3,Manmi waan nzue sanwunʼn ti kpa.,Baoulé,Mozilla Common Voice
common_voice_bci_41484608.mp3,Aunmuanʼn sin nɲaʼm be nun blɛblɛblɛ.,Baoulé,Mozilla Common Voice
common_voice_bci_41484609.mp3,N leman sika.,Baoulé,Mozilla Common Voice
common_voice_bci_41484611.mp3,Janvuɛʼm be wla gua ase.,Baoulé,Mozilla Common Voice
common_voice_bci_41484632.mp3,Mi aata dilɛʼn sakili.,Baoulé,Mozilla Common Voice
common_voice_bci_41484633.mp3,Ɔ ti klanman annzɛ ɔ ti sɔ?,Baoulé,Mozilla Common Voice
common_voice_bci_41484634.mp3,Wan yɛ ɔ buli min akunndan nglɛmun nga ɔ?,Baoulé,Mozilla Common Voice
common_voice_bci_41484635.mp3,"Sɛ amun kunndɛman kɛ viaʼn kpaja amun sinʼn, ɔ su kpajaman amun kuanʼn su wie.",Baoulé,Mozilla Common Voice
common_voice_bci_41484636.mp3,N ɲannin min diplɔmuʼn andɛ.,Baoulé,Mozilla Common Voice
common_voice_bci_41484651.mp3,Taluaʼm be uka be awlobofuɛʼm be tralɛʼm be tɛtɛlɛʼn su.,Baoulé,Mozilla Common Voice
common_voice_bci_41484652.mp3,"Kɛ like kwlaa ti dĩnʼn, angloʼn kpadja.",Baoulé,Mozilla Common Voice
common_voice_bci_41484654.mp3,Ye yoli i anniversɛri fɛtri.,Baoulé,Mozilla Common Voice
common_voice_bci_41484655.mp3,"Sɛ min ɲinmaʼn ti kpinngbinʼn, i boʼn yɛle kɛ n ti kpinngbin, afin bakanʼn ti kpinngbin tra nanninʼn.",Baoulé,Mozilla Common Voice
common_voice_bci_41484671.mp3,Sinʼn kpadja fieʼn nun blɛblɛblɛ.,Baoulé,Mozilla Common Voice
common_voice_bci_41484672.mp3,Blaʼm be tɔn aliɛ be man fie difuɛ mun.,Baoulé,Mozilla Common Voice
common_voice_bci_41484674.mp3,Aluaʼn lafi fɔundi nun kpa.,Baoulé,Mozilla Common Voice
common_voice_bci_41484675.mp3,Blaʼm be kpɛ nɲa fieʼm be nun.,Baoulé,Mozilla Common Voice
common_voice_bci_41484677.mp3,"A kwla wua min suɛn, ɔ nin blɛ nga bé kún wɔʼn.",Baoulé,Mozilla Common Voice
common_voice_bci_41484679.mp3,Flɛriʼm be ɲin asɔnun sua laaʼn i wun lɛ.,Baoulé,Mozilla Common Voice
common_voice_bci_41484680.mp3,"N djuli suklu lɔ cɛ, mi tiʼn yo mi ya.",Baoulé,Mozilla Common Voice
common_voice_bci_41484691.mp3,Suklu klefuɛʼn kle e fluwa nun kannganlɛ kpa.,Baoulé,Mozilla Common Voice
common_voice_bci_41484692.mp3,Nannanʼm be kan ndɛ fɛfɛ wie mun be kle be anunman mun.,Baoulé,Mozilla Common Voice
common_voice_bci_41484693.mp3,Gbanflɛn nin taluaʼm be di fie dilɛ junmanʼn wie.,Baoulé,Mozilla Common Voice
common_voice_bci_41484694.mp3,Be nian woʼn i tinninʼn su naan yʼa wun sinʼnu.,Baoulé,Mozilla Common Voice
common_voice_bci_41484711.mp3,Aunmuanʼn fita kekle kpa jenvieʼn i nuan lɔ.,Baoulé,Mozilla Common Voice
common_voice_bci_41484713.mp3,"Kɛ ɔ ko yo naan wʼa di aliɛ nga bla kun mɔ i wawɛʼn wʼa tɔʼn, ɔ tɔnʼn, ɔ ti kpa, kɛ n lafi awe nunʼn.",Baoulé,Mozilla Common Voice
common_voice_bci_41484714.mp3,Gbanflɛn nin talua nga be nin be si be su koko yalɛʼn.,Baoulé,Mozilla Common Voice
common_voice_bci_41484715.mp3,Be toli nnɛn kpanngɔ ufue uflɛ.,Baoulé,Mozilla Common Voice
common_voice_bci_41484727.mp3,Blo nnɛnʼm be tran waka dandanʼm be nun be ɲanman be ti.,Baoulé,Mozilla Common Voice
common_voice_bci_41484728.mp3,"Nzue su tɔ dan andɛ, nán ɔ wla fi ɔ tralɛʼm be su.",Baoulé,Mozilla Common Voice
common_voice_bci_41484729.mp3,"Like nga n suɛnnin iʼn yɛle kɛ, ɔ fata kɛ a fa sika sɔʼn naan wʼa bo junman kan annzɛ fie kan kun bo.",Baoulé,Mozilla Common Voice
common_voice_bci_41484730.mp3,Be di cɛn dilɛ wie mun naan bʼa yra ninnge nga be kpɛli be uflɛuflɛʼn be su.,Baoulé,Mozilla Common Voice
common_voice_bci_41484748.mp3,N kwlá boman ngowa kun.,Baoulé,Mozilla Common Voice
common_voice_bci_41484750.mp3,"Andɛʼn, ɔ ti cɛn dan.",Baoulé,Mozilla Common Voice
common_voice_bci_41484754.mp3,Waka tɛnndɛn kpaʼm be bo sin yia klɔʼn.,Baoulé,Mozilla Common Voice
common_voice_bci_41488602.mp3,"Trɔ ngʼɔ nunman ɔ ti suʼn, a su simɛn i le kɛ ɔ ti nɔnnin.",Baoulé,Mozilla Common Voice
common_voice_bci_41488603.mp3,N dili aliɛ kpa.,Baoulé,Mozilla Common Voice
common_voice_bci_41488605.mp3,Djueʼn yo maan sranʼn i awlɛnʼn nin i wawɛʼn be wla gua ase.,Baoulé,Mozilla Common Voice
common_voice_bci_41488606.mp3,Be ɲinma nɲɔnʼm be kwlaa be le be tralɛ bo.,Baoulé,Mozilla Common Voice
common_voice_bci_41488824.mp3,"Sa ngʼɔ nin wɔ be kɔʼn, nán ɔ ndɛndɛ kɔ nian.",Baoulé,Mozilla Common Voice
common_voice_bci_41488825.mp3,Flɛriʼm be ɲin ndɛndɛ sɛ nzueʼn sɔnninʼn.,Baoulé,Mozilla Common Voice
common_voice_bci_41488826.mp3,"Kɛ be ko di aliɛʼn, ɔ fata kɛ be wunnzin be saʼm be nun.",Baoulé,Mozilla Common Voice
common_voice_bci_41480018.mp3,"Mi dilɛ nun e se kɛ kɛ a nin a wumanʼn, ɔ fata kɛ a di aliɛ kpa.",Baoulé,Mozilla Common Voice
common_voice_bci_41490918.mp3,"Be nga be tran klɔ sɔʼn suʼn, be bo yo kun be yo akpɔʼm be su cɛn dilɛ.",Baoulé,Mozilla Common Voice
common_voice_bci_41490919.mp3,"Kɛ be ko wie suklu diʼn, be bo yo kun be suan like wakaʼn i bo lɔ.",Baoulé,Mozilla Common Voice
common_voice_bci_41490920.mp3,N klo kɛ ń súan ninnge uflɛ mun cɛn kwlaa.,Baoulé,Mozilla Common Voice
common_voice_bci_41490921.mp3,Kata fenɛtriʼm be kwlaa be su siɛnʼn.,Baoulé,Mozilla Common Voice
common_voice_bci_41490922.mp3,Manmi wunnzin tralɛ fien nglɛmun.,Baoulé,Mozilla Common Voice
common_voice_bci_41490998.mp3,Sranʼm be sɔnnin klɔʼn su.,Baoulé,Mozilla Common Voice
common_voice_bci_41490999.mp3,N suan lɛtri klɛlɛ suklu lɔ.,Baoulé,Mozilla Common Voice
common_voice_bci_41491000.mp3,N su kɔman Bouaké wie.,Baoulé,Mozilla Common Voice
common_voice_bci_41491001.mp3,"Atin ngʼɔ kpɛʼn, ɔ saciman nzue baʼn.",Baoulé,Mozilla Common Voice
common_voice_bci_41491020.mp3,"Atinʼn kwla kata ɔ ɲrun lɛ, nán ɔ sin lɔ.",Baoulé,Mozilla Common Voice
common_voice_bci_41491021.mp3,Bakannganʼm be kpɛ be tralɛʼm be nun.,Baoulé,Mozilla Common Voice
common_voice_bci_41491038.mp3,"Dɔɔtrɔ bianʼn ti e djanvuɛ, ɔ uka e.",Baoulé,Mozilla Common Voice
common_voice_bci_41491040.mp3,"Jenvieʼn ti diin, yɛ ɔ ti ble kpa.",Baoulé,Mozilla Common Voice
common_voice_bci_41491042.mp3,Anunmanʼm be tu be bo be kɔ ngua lɔ afuɛ kwlaa nun.,Baoulé,Mozilla Common Voice
common_voice_bci_41491065.mp3,Manmi su tɔn aliɛ dan kun man awlobofuɛ mun.,Baoulé,Mozilla Common Voice
common_voice_bci_41491066.mp3,"Klɔʼn i su ninngeʼm be sɔnnin kpa afuɛ nga nun, e la Ɲanmiɛn ase.",Baoulé,Mozilla Common Voice
common_voice_bci_41491096.mp3,Ontin ontin be nɔn mmoja naan bʼa tran nguan nun.,Baoulé,Mozilla Common Voice
common_voice_bci_41491115.mp3,"Sran nga be si i able silɛ wafaʼn, kɛ be bo tom-tomʼn, ɔ timan kekle mɛn i.",Baoulé,Mozilla Common Voice
common_voice_bci_41491117.mp3,Nán lika uflɛ nun yɛ ijreʼn ti mlanmlanmlan ɔn.,Baoulé,Mozilla Common Voice
common_voice_bci_41491118.mp3,Ndɛ wɛtɛɛʼn yo sran kwlaa ye.,Baoulé,Mozilla Common Voice
common_voice_bci_41491119.mp3,Ɔ klo kɛ ɔ́ fá loto kɔ́ lika dɔ nga su.,Baoulé,Mozilla Common Voice
common_voice_bci_41491141.mp3,Anumanʼn kleman wakaʼm be yalɛ kɛ nga min nannanʼn fa kanʼn sa.,Baoulé,Mozilla Common Voice
common_voice_bci_41491142.mp3,"Kannzɛ bɔbɔ min bianʼn ti akɔʼn, n kwlá faman able nɲa n taman min tralɛʼn.",Baoulé,Mozilla Common Voice
common_voice_bci_41491143.mp3,A bu i kɛ min ti yɛ a yo ɔ.,Baoulé,Mozilla Common Voice
common_voice_bci_41491144.mp3,Yasuaʼm be yo fie dilɛ ninnge mun naan bʼa di fieʼn i junman.,Baoulé,Mozilla Common Voice
common_voice_bci_41491193.mp3,Srɛ kun min suaʼn nun lɔ aosinʼn.,Baoulé,Mozilla Common Voice
common_voice_bci_41491194.mp3,E ɔli laa saʼm be su nianlɛ sua kun nun Samblɛ ngʼɔ sinnin lɛʼn nun.,Baoulé,Mozilla Common Voice
common_voice_bci_41491195.mp3,Wafa sɛ yɛ ɔ yoli annunman ni sranʼm be junman difuɛ mun?,Baoulé,Mozilla Common Voice
common_voice_bci_41491196.mp3,Nnɛnʼn siman kɛ ngwlɛlɛfuɛʼn wun ɲrɛnnɛn.,Baoulé,Mozilla Common Voice
common_voice_bci_41491197.mp3,Gbanflɛn nin talua mun be yia wakaʼn i bo lɔ be koko yalɛ.,Baoulé,Mozilla Common Voice
common_voice_bci_41491399.mp3,Be nianman sran ngʼɔ su bobo nʼgatɛ nuanʼn nun.,Baoulé,Mozilla Common Voice
common_voice_bci_41491401.mp3,"Nanwlɛ, mi niaan mun, n yo amun mo dan.",Baoulé,Mozilla Common Voice
common_voice_bci_41491402.mp3,N tɔli yɛ min jaʼn su tu moja dan.,Baoulé,Mozilla Common Voice
common_voice_bci_41491425.mp3,"Kɛ bé dí wunmiɛnʼn, janvuɛʼm be bo yo kun be di ngowa.",Baoulé,Mozilla Common Voice
common_voice_bci_41491426.mp3,Lotoʼn su kɔ blɛblɛblɛ akpɔʼn su.,Baoulé,Mozilla Common Voice
common_voice_bci_41491430.mp3,Ɔ flunman kɛ be kpɛ i suʼn tra kɛ ɔ wuʼn.,Baoulé,Mozilla Common Voice
common_voice_bci_41491431.mp3,Be fa nzue ba fieʼm be nun naan be fa uka be si ni be ni mun.,Baoulé,Mozilla Common Voice
common_voice_bci_41491444.mp3,É kán ndɛ é klé i naan ɔ man fie difuɛʼm be kwlaa be gua kpa.,Baoulé,Mozilla Common Voice
common_voice_bci_41491445.mp3,"Kɛ á kán ndɛʼn, yo sran ngʼɔ sie ɔ suʼn i annvɔ.",Baoulé,Mozilla Common Voice
common_voice_bci_41491446.mp3,"Blaʼm be nian fieʼn nun nnɛnʼm be lika, be man be aliɛ, be nian be lika, be yo maan be yo juejue, yɛ be yo juejue.",Baoulé,Mozilla Common Voice
common_voice_bci_41491447.mp3,Be su kɔ wunmiɛn lolɛ le mɔcuɛ nɲɔn sin.,Baoulé,Mozilla Common Voice
common_voice_bci_41491488.mp3,Mi sran kpa n leman like fi.,Baoulé,Mozilla Common Voice
common_voice_bci_41491489.mp3,E ko trannin andɛ min wla fi min janvuɛʼm be su.,Baoulé,Mozilla Common Voice
common_voice_bci_41491491.mp3,Ɔ minndɛ i janvuɛʼn kafeʼn i ɲrun lɛ.,Baoulé,Mozilla Common Voice
common_voice_bci_41491492.mp3,Bakanʼn timan kɛ able sa naan wʼa nian sɛ be kleli i like kpa ka naan wʼa yo sa tɛ.,Baoulé,Mozilla Common Voice
common_voice_bci_41491501.mp3,Amun wunnzin amun saʼm be nun titi ka naan amun a di like.,Baoulé,Mozilla Common Voice
common_voice_bci_41491503.mp3,"Sran kwlaa ngʼɔ te o nguan nunʼn, ɔ́ wún.",Baoulé,Mozilla Common Voice
common_voice_bci_41491504.mp3,"Sɛ ɔ ti kɛ sika nunman lɛʼn tiʼn, ɔ waʼn kwla wuli sɔ.",Baoulé,Mozilla Common Voice
common_voice_bci_41491506.mp3,Magasinʼm be o klɔʼn i lika kwlaa nun.,Baoulé,Mozilla Common Voice
common_voice_bci_41491507.mp3,"Andɛʼn, like klefuɛʼn mannin awlo lɔ junman kpanngban.",Baoulé,Mozilla Common Voice
common_voice_bci_41491515.mp3,"N fɛ, sanngɛ n lafiman.",Baoulé,Mozilla Common Voice
common_voice_bci_41491516.mp3,"Able ngʼɔ yo awlo lɔʼn, nán amun wanndi si able.",Baoulé,Mozilla Common Voice
common_voice_bci_41491517.mp3,Manmi seli kɛ baba ti kpa.,Baoulé,Mozilla Common Voice
common_voice_bci_41491519.mp3,Ayrɛʼn tɔ kɔnguɛʼm be nun.,Baoulé,Mozilla Common Voice
common_voice_bci_41491535.mp3,Be su nian awlobo flimu kun kɔnguɛ nga.,Baoulé,Mozilla Common Voice
common_voice_bci_41491537.mp3,Bakannganʼm be si able fɛtriʼn i blɛ nun.,Baoulé,Mozilla Common Voice
common_voice_bci_41491538.mp3,Guaʼn tike nglɛmun ndɛ kpa.,Baoulé,Mozilla Common Voice
common_voice_bci_41491539.mp3,"Kɛ e idjɔ blɛlɛʼn, ɔ ti kpa.",Baoulé,Mozilla Common Voice
common_voice_bci_41491546.mp3,"Wawa blɛ nunʼn, e ɲanman nʼzue.",Baoulé,Mozilla Common Voice
common_voice_bci_41491547.mp3,Otekun ti yɛ yɔbuɛ ɔ fiʼn talɛ.,Baoulé,Mozilla Common Voice
common_voice_bci_41491548.mp3,Ɔ klo jueʼm be tielɛ.,Baoulé,Mozilla Common Voice
common_voice_bci_41491549.mp3,"Sɛ a yo sa tɛ Ɲanmiɛn ɲrunʼn, a fa ɲrɛnnɛn wla ɔ wun.",Baoulé,Mozilla Common Voice
common_voice_bci_41491555.mp3,Like ngʼɔ fataman kɛ be kanʼn yɛle kɛ be yɛ be kan ndɛ sɔʼn niɔn.,Baoulé,Mozilla Common Voice
common_voice_bci_41491557.mp3,Tchɛtchɛ ɔ timan sɔ ndɛ.,Baoulé,Mozilla Common Voice
common_voice_bci_41491558.mp3,"Anianbla, nanwlè Gniamien ɔ wunyi.",Baoulé,Mozilla Common Voice
common_voice_bci_41491559.mp3,I jaʼn ti ufue?,Baoulé,Mozilla Common Voice
common_voice_bci_41491575.mp3,Klɔ kpɛnngbɛnʼm be kle e wafa ngʼɔ fata kɛ e di fieʼn i kpa naan yʼa kwla di fieʼn i kpaʼn.,Baoulé,Mozilla Common Voice
common_voice_bci_41491577.mp3,Nestor n se kɛ yo yɛ sɛ e yo fieʼn i danʼn.,Baoulé,Mozilla Common Voice
common_voice_bci_41491578.mp3,Klɔʼn sufuɛʼm be yiali be kokoli yalɛ.,Baoulé,Mozilla Common Voice
common_voice_bci_41491579.mp3,Be nin be si nin be nin be suan nnɛnʼm be lika nianlɛ.,Baoulé,Mozilla Common Voice
common_voice_bci_41491584.mp3,Ainman ye nʼgba ye kɔ lɔ.,Baoulé,Mozilla Common Voice
common_voice_bci_41491585.mp3,Balɔnʼn ya ka suaʼn ti su lɔ.,Baoulé,Mozilla Common Voice
common_voice_bci_41491586.mp3,"Ɔ fata kɛ a fa annzɛ a yaki i lɛ, n su kpɛman i guaʼn su.",Baoulé,Mozilla Common Voice
common_voice_bci_41491588.mp3,"Andɛʼn, like klefuɛʼn kanngan ndɛ fɛfɛ kun nun kle e.",Baoulé,Mozilla Common Voice
common_voice_bci_41491590.mp3,Janvuɛʼm be kwlaa be bo ti kun kɛ awlobo sa.,Baoulé,Mozilla Common Voice
common_voice_bci_41491594.mp3,"Sɛ nzue wa tɔmanʼn, é kɔ́ gua bo ainman nglɛmun.",Baoulé,Mozilla Common Voice
common_voice_bci_41491116.mp3,Ndreʼm be o okaʼm be su.,Baoulé,Mozilla Common Voice
common_voice_bci_41491597.mp3,"N kunndɛ sɔkɔti, ɔ ti min liɛ!",Baoulé,Mozilla Common Voice
common_voice_bci_41491598.mp3,Baba waan aliɛʼn man sran wunmiɛn.,Baoulé,Mozilla Common Voice
common_voice_bci_41491604.mp3,Yalé foué wan divin ya fê.,Baoulé,Mozilla Common Voice
common_voice_bci_41491605.mp3,"Andɛ Mɔnnɛn cɛnʼn, likaʼn ti dolɛ kpa.",Baoulé,Mozilla Common Voice
common_voice_bci_41491607.mp3,Be wunnin ndɛ sɔʼn i trawlɛ.,Baoulé,Mozilla Common Voice
common_voice_bci_41491608.mp3,Djavuɛ kun i srilɛʼn yo maan e klun jɔ.,Baoulé,Mozilla Common Voice
common_voice_bci_41491609.mp3,"I kpa bɔbɔʼn, e kanman ndɛ ngba.",Baoulé,Mozilla Common Voice
common_voice_bci_41491610.mp3,Mi si wʼa dun mmua wʼa ɔ fieʼn nun N kunndɛli kɛ e ni i é kɔ́.,Baoulé,Mozilla Common Voice
common_voice_bci_41491611.mp3,"Wie liɛʼn, awlo lɔ junmanʼm be dilɛʼn ti kekle.",Baoulé,Mozilla Common Voice
common_voice_bci_41491613.mp3,"Kɛ mɔ amun ijɔʼn tiʼn, e yoli aɲanbeunfuɛ.",Baoulé,Mozilla Common Voice
common_voice_bci_41491619.mp3,"Taluaʼm be suan lã miziki bolɛ ninngeʼm be bolɛ, be suan like be nunfuɛʼm be sa nun.",Baoulé,Mozilla Common Voice
common_voice_bci_41491620.mp3,Fiti fiti cogloman ɔ ni kanga be sri man blɛ kuʼngba nu.,Baoulé,Mozilla Common Voice
common_voice_bci_41491621.mp3,"Mi mmaʼm be kwla kɔ suklu, yɛ fɔundi o min awlo lɔ.",Baoulé,Mozilla Common Voice
common_voice_bci_41491622.mp3,Min tontonʼn yo nnɛn kpanngɔ atɛ klɔʼn i guaʼn su lɔ.,Baoulé,Mozilla Common Voice
common_voice_bci_41491623.mp3,"Baʼm be bo yo kun be sri, like kwlaa ti kpa.",Baoulé,Mozilla Common Voice
common_voice_bci_41491628.mp3,Baba waan fɔundiʼn ti kinnjin kpa.,Baoulé,Mozilla Common Voice
common_voice_bci_41491629.mp3,Ayinʼman nʼma kɔ fie nu juman ni mi si.,Baoulé,Mozilla Common Voice
common_voice_bci_41491630.mp3,Kɛ aliɛʼn ti dowa ɔ yo fɛ kpa.,Baoulé,Mozilla Common Voice
common_voice_bci_41491631.mp3,E bali kɛ é kán ndɛ naan amun a kpɛ i guaʼn su kan.,Baoulé,Mozilla Common Voice
common_voice_bci_41491632.mp3,"Lotoʼn juli dɔ su, kpɛkun ɔ ɔli Bouaké.",Baoulé,Mozilla Common Voice
common_voice_bci_41491633.mp3,Ba yasuaʼm be suan kolɛ be nannanʼm be sa nun.,Baoulé,Mozilla Common Voice
common_voice_bci_41491634.mp3,Like kwlaa le i blɛ.,Baoulé,Mozilla Common Voice
common_voice_bci_41491635.mp3,Taluaʼm be fa nnɛnʼm be nɔnnɔn uflɛuflɛʼn be ba nglɛmun kwlaa.,Baoulé,Mozilla Common Voice
common_voice_bci_41491636.mp3,"Ninnge nga e ba amun sa nunʼn, be guaʼn wʼa yo dan.",Baoulé,Mozilla Common Voice
common_voice_bci_41491637.mp3,"Ɔ ti sran kun mɔ e simɛn iʼn, yɛ e flɛ i kɛ hey.",Baoulé,Mozilla Common Voice
common_voice_bci_41491639.mp3,"Uwka mma nga be ti uflɛuflɛʼn, be ti kpa man sran kwlaa.",Baoulé,Mozilla Common Voice
common_voice_bci_41491641.mp3,Bakannganʼm be di ngowa wakaʼn i bo lɔ nglɛmun kwlaa.,Baoulé,Mozilla Common Voice
common_voice_bci_41491642.mp3,Tchɛn kwlaa ɔ se mi kɛ n yaki.,Baoulé,Mozilla Common Voice
common_voice_bci_41491643.mp3,Klɔʼn su gbanflɛn nin talua mun be bo balɔn nnɔsua kwlaa.,Baoulé,Mozilla Common Voice
common_voice_bci_41491645.mp3,"Kɛ be se kɛ be wun bianʼn, i boʼn yɛle kɛ be simɛn i.",Baoulé,Mozilla Common Voice
common_voice_bci_41510679.mp3,Baba toli balɔn klanhan kun man mi.,Baoulé,Mozilla Common Voice
common_voice_bci_41510678.mp3,"Mi niaan bian, mʼan wunman wɔ lɔ.",Baoulé,Mozilla Common Voice
common_voice_bci_41510677.mp3,Klɔʼn le nzue ba klanman kpa kun mʼɔ ti weiinʼn.,Baoulé,Mozilla Common Voice
common_voice_bci_41510676.mp3,"Cɛn wieʼm be o lɛʼn, n kwlá diman like.",Baoulé,Mozilla Common Voice
common_voice_bci_41510675.mp3,"Bianʼn wu, ɔ su sɛmɛn i sin kun; sikaʼn wu, kpɛkun ɔ sa sin.",Baoulé,Mozilla Common Voice
common_voice_bci_41510673.mp3,Baʼm be kɔ suklu chtɛn kwlaa.,Baoulé,Mozilla Common Voice
common_voice_bci_41510672.mp3,"Dɔrtrɔ bianʼn i ndɛʼn tiʼn, mi waʼn ti kpa.",Baoulé,Mozilla Common Voice
common_voice_bci_41510671.mp3,Yɛ a seman kɛ a klo sran nga be fɛʼn.,Baoulé,Mozilla Common Voice
common_voice_bci_41510670.mp3,"N kunndɛ kɛ ń nɔ́n nzue kan siɛnʼn, yaki.",Baoulé,Mozilla Common Voice
common_voice_bci_41510661.mp3,"Janvuɛʼm be uka be wiengu, like kwlaa yo fɛ.",Baoulé,Mozilla Common Voice
common_voice_bci_41510659.mp3,Bakannganʼm be su di ngowa klɔʼn su lɔ.,Baoulé,Mozilla Common Voice
common_voice_bci_41510656.mp3,"Kpɛkun, aata dilɛʼn yoman kɛ laaʼn sa kun.",Baoulé,Mozilla Common Voice
common_voice_bci_41510653.mp3,Amun su saci e blɛ.,Baoulé,Mozilla Common Voice
common_voice_bci_41510652.mp3,"Ɔ fataman kɛ aika baʼn nɔn nɔnnɔn nin i jeʼn, sanngɛ ɔ fata kɛ ɔ fɛ i taflanmanʼn.",Baoulé,Mozilla Common Voice
common_voice_bci_41510651.mp3,Gbanflɛn nin taluaʼm be uka klɔʼn su suaʼm be siesielɛʼn su.,Baoulé,Mozilla Common Voice
common_voice_bci_41510639.mp3,N nin baba e kɔ junman.,Baoulé,Mozilla Common Voice
common_voice_bci_41510637.mp3,Be fa man n dotié woman n dowa.,Baoulé,Mozilla Common Voice
common_voice_bci_41510636.mp3,"Ô Wiégoun Mʼdôman Torh Siʼn nouh, yo y yako...Nan sékê, wa tranman pka tiorh.",Baoulé,Mozilla Common Voice
common_voice_bci_41491646.mp3,"Cɛn nga be se kɛ bé úka sikaʼn suʼn, cɛn sɔʼn nun yɛ ń kɔ́ ɔ.",Baoulé,Mozilla Common Voice
common_voice_bci_41491647.mp3,Sran kwlaa klo jue nin avie.,Baoulé,Mozilla Common Voice
common_voice_bci_41491648.mp3,"Bakannganʼm bʼa diman like kɔnguɛ nga, ɔ cɛman be wa kɔ suklu.",Baoulé,Mozilla Common Voice
common_voice_bci_41491649.mp3,Bakannganʼm be fa nzue kunmanʼn nun ba.,Baoulé,Mozilla Common Voice
common_voice_bci_41491651.mp3,Mi niaan bian eni i janʼvuɛʼm be su to banon gua su lɔ.,Baoulé,Mozilla Common Voice
common_voice_bci_41491652.mp3,Manmi i aliɛʼn ti kpa titi.,Baoulé,Mozilla Common Voice
common_voice_bci_41491653.mp3,Sranʼm be kplan waka kpanwun naan bʼa kpɛ nzue ba mun.,Baoulé,Mozilla Common Voice
common_voice_bci_41491654.mp3,N kɔ suklu nin min saci.,Baoulé,Mozilla Common Voice
common_voice_bci_41491655.mp3,Sanngɛ e kunndɛ kɛ amun uka e.,Baoulé,Mozilla Common Voice
common_voice_bci_41491595.mp3,Ba yasuaʼm be tiɛ yɛbuɛ mun naan bʼa kplan talɛ.,Baoulé,Mozilla Common Voice
common_voice_bci_41492986.mp3,Like klefuɛʼn yiyi like suanlɛʼm be nun kpa.,Baoulé,Mozilla Common Voice
common_voice_bci_41492987.mp3,"Manmi, nʼto kɔkun nʼyo atɛ ekun.",Baoulé,Mozilla Common Voice
common_voice_bci_41492988.mp3,Klɔfuɛʼm be su siesie cɛn dilɛ dan kun ainman.,Baoulé,Mozilla Common Voice
common_voice_bci_41492989.mp3,Aofuɛʼm be bali andɛ ndɔsua nun.,Baoulé,Mozilla Common Voice
common_voice_bci_41492990.mp3,"Kɛ ɔ nin nunman lɛʼn, yɛ a nin ɔ si be la ɔ.",Baoulé,Mozilla Common Voice
common_voice_bci_41492996.mp3,Association sɔʼn i nunfuɛʼm be yo akpɔʼm be su sanwun Jɔlɛ cɛn kwlaa.,Baoulé,Mozilla Common Voice
common_voice_bci_41492997.mp3,Minndɛ nán jaso sɔ yɛ anuannzɛʼn i boʼn wo ɔ.,Baoulé,Mozilla Common Voice
common_voice_bci_41492998.mp3,"Sa ngʼɔ ju e wienguʼm be suʼn, ɔ kwla tɔ e su wie.",Baoulé,Mozilla Common Voice
common_voice_bci_41492999.mp3,Bakannganʼm be su di ngowa fieʼn nun lɔ nnɔsua nga nun.,Baoulé,Mozilla Common Voice
common_voice_bci_41493000.mp3,"N su fite, Nʼma sa min sin ndɛndɛ.",Baoulé,Mozilla Common Voice
common_voice_bci_41493022.mp3,Ye kɔ sinema lɔ kɔ nian flimu kun.,Baoulé,Mozilla Common Voice
common_voice_bci_41493023.mp3,Klɔ taluaʼm be sie nzue okaʼm be su.,Baoulé,Mozilla Common Voice
common_voice_bci_41493024.mp3,Klɔ sɔʼn le aliɛ diwlɛ kpanngban.,Baoulé,Mozilla Common Voice
common_voice_bci_41493026.mp3,Ɔ wun sasalɛʼn timan asiɛʼn i vɛrri.,Baoulé,Mozilla Common Voice
common_voice_bci_41493036.mp3,N kunndɛman kɛ ń kɔ́ suklu ainman.,Baoulé,Mozilla Common Voice
common_voice_bci_41493037.mp3,Lotoʼm be kɔ ndɛndɛ kpa akpɔ tɛʼm be su.,Baoulé,Mozilla Common Voice
common_voice_bci_41493038.mp3,"Baba man yo tɛ, yatchi mi tɛ tchɛ mi he.",Baoulé,Mozilla Common Voice
common_voice_bci_41493039.mp3,Mi niaan bianʼn kunndɛman le kɛ ɔ nin min bé dí ngowa.,Baoulé,Mozilla Common Voice
common_voice_bci_41493040.mp3,Baba su siesie moto ngʼɔ saciliʼn andɛ.,Baoulé,Mozilla Common Voice
common_voice_bci_41493051.mp3,Mi niaan bian kaanʼn su suan nantilɛ blɛblɛblɛ.,Baoulé,Mozilla Common Voice
common_voice_bci_41493052.mp3,Lɔfuɛʼm be fa be lɔ cɛn dilɛʼm be di junman naan bʼa wun djue ni desɛn uflɛuflɛ mun.,Baoulé,Mozilla Common Voice
common_voice_bci_41493053.mp3,Flɛriʼm be bon fan ni kpa.,Baoulé,Mozilla Common Voice
common_voice_bci_41493054.mp3,Aluaʼn bo akpɔʼn su annunman kɔnguɛ.,Baoulé,Mozilla Common Voice
common_voice_bci_41493056.mp3,"Kɛ ɔ man kanʼn, sranʼm be toman naan wʼa kplɔ.",Baoulé,Mozilla Common Voice
common_voice_bci_41493057.mp3,Ɔ mannin min sika kan min junmanʼn i ti sanngɛ n leman sika yɛ ɔ fata kɛ.,Baoulé,Mozilla Common Voice
common_voice_bci_41493058.mp3,"Sika nga n ɲɛnnin iʼn, n fa yoli min junmanʼn.",Baoulé,Mozilla Common Voice
common_voice_bci_41493060.mp3,Ɔ ta agba i fieʼn nun afuɛ kwlaa nun.,Baoulé,Mozilla Common Voice
common_voice_bci_41493061.mp3,Bakannganʼm be srilɛʼn yo maan klɔʼn i nunfuɛʼm be di aklunjuɛ.,Baoulé,Mozilla Common Voice
common_voice_bci_41493062.mp3,"N klo bonbon, be ti fɛ kpa.",Baoulé,Mozilla Common Voice
common_voice_bci_41493063.mp3,"Trɛ nu pka trɛ nu pka nʼzue nʼtôlô yôhô, gnamien o kahé.",Baoulé,Mozilla Common Voice
common_voice_bci_41493064.mp3,"Nglɛmun kwlaaʼn, klɔ taluaʼm be yia gboʼn i wun lɛ.",Baoulé,Mozilla Common Voice
common_voice_bci_41493066.mp3,Bakannganʼm be tiɛ waka mma nga bʼa ɲinʼn fieʼn nun lɔ.,Baoulé,Mozilla Common Voice
common_voice_bci_41493067.mp3,Taluaʼm be nin be ninʼm be suan aliɛ tonlɛ nnɔsua kwlaa.,Baoulé,Mozilla Common Voice
common_voice_bci_41493068.mp3,Mi yi ɔli ko srɛli ukalɛ.,Baoulé,Mozilla Common Voice
common_voice_bci_41493069.mp3,"Kɛ mɔ n bu min junmanʼn i cinnjinʼn tiʼn, min liɛʼn wʼa yo ye.",Baoulé,Mozilla Common Voice
common_voice_bci_41493070.mp3,Sanngɛ ngue yɛ e waan é sé kɛ e leman like fi bɔbɔ ɔ?,Baoulé,Mozilla Common Voice
common_voice_bci_41493071.mp3,Gbanflɛn ɔ ni talua mun be ta bua mun.,Baoulé,Mozilla Common Voice
common_voice_bci_41493073.mp3,"Klɔʼn i su ninngeʼm be ti kpa afuɛ nga nun, e la Ɲanmiɛn ase.",Baoulé,Mozilla Common Voice
common_voice_bci_41493074.mp3,Be fa nɲa nga be wun be guaʼn su lɔʼn be yo jɛtɛ ufue.,Baoulé,Mozilla Common Voice
common_voice_bci_41494522.mp3,"Kɛ be wun sranʼn, i sɔʼn kleman kɛ be si sran sɔʼn.",Baoulé,Mozilla Common Voice
common_voice_bci_41494523.mp3,Sran kpanngban be tran klɔ dan sɔʼn su.,Baoulé,Mozilla Common Voice
common_voice_bci_41494524.mp3,"Aliɛʼn wʼa lo kpa, n rali min wun.",Baoulé,Mozilla Common Voice
common_voice_bci_41494525.mp3,Lawlɛʼn ti kpa naan bʼa lafi kpa.,Baoulé,Mozilla Common Voice
common_voice_bci_41494526.mp3,"Kɛ bé súnman wɔʼn, ɔ fata kɛ a si wafa nga a kwla sunman ɔ wunʼn.",Baoulé,Mozilla Common Voice
common_voice_bci_41494527.mp3,Sɛ nan ti lɛ nan viɛ man be sa toto lɛ or vie man.,Baoulé,Mozilla Common Voice
common_voice_bci_41494528.mp3,"Klɔ nga fɔundi o nunʼn, ɔ ti kpa kɛ be wun i.",Baoulé,Mozilla Common Voice
common_voice_bci_41494529.mp3,Mi si wʼa dun mmua wʼa ɔ fieʼn nun N kunndɛli kɛ e nin i é kɔ́.,Baoulé,Mozilla Common Voice
common_voice_bci_41494530.mp3,N kunndɛ kɛ n ɲan kpanwun mɔ be fa kpanwun kpanngban be gua nunʼn.,Baoulé,Mozilla Common Voice
common_voice_bci_41499713.mp3,Klɔʼn su lɔ awlobo kwlaa le fie kun mʼɔ di fie ngʼɔ fata kɛ ɔ diʼn niɔn.,Baoulé,Mozilla Common Voice
common_voice_bci_41499714.mp3,Gbanflɛn kannganʼm be sasa klɔʼn.,Baoulé,Mozilla Common Voice
common_voice_bci_41499716.mp3,Ami aɲiho ye kwla tafi ye nuan kan.,Baoulé,Mozilla Common Voice
common_voice_bci_41499772.mp3,"Be mantanfuɛʼm be ti kpa, e tran klanman.",Baoulé,Mozilla Common Voice
common_voice_bci_41499774.mp3,"Sɛ e jran tukpacɛʼn i ɲrun kekleʼn, ɔ ti kpa tra tukpacɛʼn i ayre yolɛʼn.",Baoulé,Mozilla Common Voice
common_voice_bci_41499775.mp3,Kloʼn wo tabliʼn i bo lɔ.,Baoulé,Mozilla Common Voice
common_voice_bci_41499814.mp3,"Kɛ be ko wie nantiʼn, be saʼn i jranlɛʼn jranman.",Baoulé,Mozilla Common Voice
common_voice_bci_41499815.mp3,Be tɔn aliɛ fɛfɛ kun be man e.,Baoulé,Mozilla Common Voice
common_voice_bci_41499816.mp3,Ɔ wla tralɛ ble klanman kpa titi.,Baoulé,Mozilla Common Voice
common_voice_bci_41499818.mp3,Ye fali ajalɛ kɛ é kɔ́ kpɔlɛ ainman.,Baoulé,Mozilla Common Voice
common_voice_bci_41499822.mp3,"E leman sika kun, kan nga e ka lɛʼn, a fa nga kɔ nɔn nzan.",Baoulé,Mozilla Common Voice
common_voice_bci_41499884.mp3,Sran kpaʼm be cɛman asiɛʼn su.,Baoulé,Mozilla Common Voice
common_voice_bci_41499887.mp3,Min janvuɛʼn le alua kun mʼɔ klo ngowa kanlɛʼn niɔn.,Baoulé,Mozilla Common Voice
common_voice_bci_41499889.mp3,Bakannganʼm be su di ngowa viaʼn i bo.,Baoulé,Mozilla Common Voice
common_voice_bci_41499890.mp3,E kwla fa kɔ ni mi lotoʼn.,Baoulé,Mozilla Common Voice
common_voice_bci_41499948.mp3,Ɔ fata kɛ e wɔ ninnge tolɛ ka naan yʼa wɔ awlo.,Baoulé,Mozilla Common Voice
common_voice_bci_41499949.mp3,Kɔnguɛ kwlaa wʼa yomɛn i wun fɛ.,Baoulé,Mozilla Common Voice
common_voice_bci_41499950.mp3,N lua like kan kun asiɛʼn nun.,Baoulé,Mozilla Common Voice
common_voice_bci_41499951.mp3,Sran fi siman wafa ngʼɔ́ wá wíeʼn.,Baoulé,Mozilla Common Voice
common_voice_bci_41500044.mp3,Ɔ bɔbɔ ɔ ni yɛ a su kɔ.,Baoulé,Mozilla Common Voice
common_voice_bci_41500099.mp3,"Fie nga n diʼn, yɛ ɔ man mi atin kɛ n di min junman kanʼn niɔn.",Baoulé,Mozilla Common Voice
common_voice_bci_41500144.mp3,Ba yasuaʼm be suan nzueʼn i nun wɛnlɛ klɔʼn i wun koko lɛ.,Baoulé,Mozilla Common Voice
common_voice_bci_41500149.mp3,Sɛ n wieʼn ń bá ɔ awlo lɔ ń kán e junmanʼn i ndɛ.,Baoulé,Mozilla Common Voice
common_voice_bci_41500217.mp3,"Sran ngʼɔ faman like fi siemɛn i ɲrunʼn, ɔ ɲanman like fi.",Baoulé,Mozilla Common Voice
common_voice_bci_41500219.mp3,"Kɛ a koto naan á nían kpanwunʼn i kunmanʼn nunʼn, nán maan ɔ wla fi su kɛ ɔ kunman kasiɛnʼn ti tikewa.",Baoulé,Mozilla Common Voice
common_voice_bci_41500223.mp3,Sranʼm be fa be wun wlɛ i klɔʼn su ninngeʼm be nun naan be afiɛnʼn wʼa mantan kpa.,Baoulé,Mozilla Common Voice
common_voice_bci_41500245.mp3,Ɔ tie djue blɛblɛblɛ kpa.,Baoulé,Mozilla Common Voice
common_voice_bci_41500246.mp3,A leman ɔ bɔbɔ ɔ fie a kwlá diman like nga ɔ awlɛnʼn kloʼn.,Baoulé,Mozilla Common Voice
common_voice_bci_41500247.mp3,Ɔ leman kunman naan ɔ ti wɔ.,Baoulé,Mozilla Common Voice
common_voice_bci_41500248.mp3,N ni mi si e kɔ fie nun junman dilɛ nglɛmun kwlaa.,Baoulé,Mozilla Common Voice
common_voice_bci_41500249.mp3,"Manmi, Nʼkunnu kɛ eni wɔ ngowa siɛnʼn.",Baoulé,Mozilla Common Voice
common_voice_bci_41500280.mp3,A wá wún kɛ ɔkulɛʼn ti kannin.,Baoulé,Mozilla Common Voice
common_voice_bci_41500281.mp3,"Manmi, Nʼyuman like nʼga mon nʼklo i.",Baoulé,Mozilla Common Voice
common_voice_bci_41500282.mp3,"Ɔka sɔʼn ti nglo lɔ, yɛ ɔ ti klanman kpa.",Baoulé,Mozilla Common Voice
common_voice_bci_41500287.mp3,Jueʼm be wlan nzue ba mʼɔ ti weiinʼn nun.,Baoulé,Mozilla Common Voice
common_voice_bci_41500289.mp3,"Like kwlaa ngʼɔ o e suʼn, ɔ ti kpa.",Baoulé,Mozilla Common Voice
common_voice_bci_41500368.mp3,Ɔ ti klanman kɛ ngalɛ sa.,Baoulé,Mozilla Common Voice
common_voice_bci_41500372.mp3,Aniaanʼm be uka be wiengu chtɛn kwlaa awlo lɔ junmanʼm be dilɛ nun.,Baoulé,Mozilla Common Voice
common_voice_bci_41500373.mp3,"Klɔʼn su blaʼm be yia lɛ be ton aliɛ dandan lã cɛn dilɛʼm be ti, be fa awloboʼn i nun aliɛ dilɛ wafa laaʼm be di junman.",Baoulé,Mozilla Common Voice
common_voice_bci_41500374.mp3,"Sɛ amun leman aniaan blaʼn, nn amun kunndɛman amun niaan bla.",Baoulé,Mozilla Common Voice
common_voice_bci_41500375.mp3,Viaʼn kpadja ɲanmiɛn su lɔ kpa.,Baoulé,Mozilla Common Voice
common_voice_bci_41500430.mp3,"N ni a ɲanmɛn i de, ɔ maan ɔ timan mi ndɛ.",Baoulé,Mozilla Common Voice
common_voice_bci_41500431.mp3,"Filmi nga be yi i televiziɔn nunʼn, ɔ yo sro dan.",Baoulé,Mozilla Common Voice
common_voice_bci_41500432.mp3,E toli waka mma lɔ guaʼn su lɔ.,Baoulé,Mozilla Common Voice
common_voice_bci_41500659.mp3,"Kɛ be klo sranʼn, ɔ yo be fɛ.",Baoulé,Mozilla Common Voice
common_voice_bci_41500660.mp3,Klɔ taluaʼm be sri kɛ bé bó ngowa nzue baʼn i wun lɛʼn.,Baoulé,Mozilla Common Voice
common_voice_bci_41500661.mp3,E su di blɛ awlobo nun Fue cɛn nnɔsua nga.,Baoulé,Mozilla Common Voice
common_voice_bci_41500664.mp3,"Bakannganʼm be to jue, kpɛkun be si able nzueʼn nun.",Baoulé,Mozilla Common Voice
common_voice_bci_41500668.mp3,"Nzueʼn i blɛ nunʼn, aunmuanʼn fita kekle kpa.",Baoulé,Mozilla Common Voice
common_voice_bci_41500923.mp3,"Sran ngʼɔ di like kanʼn, ɔ yoman tɛtɛ le.",Baoulé,Mozilla Common Voice
common_voice_bci_41500924.mp3,"Sɛ amun lafi amun wiengu yiʼn i aliɛʼn suʼn, awe kun amun kɛ amun lafi.",Baoulé,Mozilla Common Voice
common_voice_bci_41500925.mp3,"Nian Kalɛbe ɔ bu mi nnɛn ba nu, n seli yaki.",Baoulé,Mozilla Common Voice
common_voice_bci_41500926.mp3,N siman nzue nun wlɛwlɛ kɛ be ngaʼm be sa.,Baoulé,Mozilla Common Voice
common_voice_bci_41500996.mp3,"Klɔ kun mɔ fɔundi o nunʼn, kɛ be wun iʼn, ɔ ti abonuan like.",Baoulé,Mozilla Common Voice
common_voice_bci_41500998.mp3,Ndɛ fɛfɛʼm be sɔnnin suklu fluwaʼm be nun.,Baoulé,Mozilla Common Voice
common_voice_bci_41501000.mp3,E kunndɛman kɛ sran ngʼɔ ti ɲannzuɛnfuɛʼn i ninʼn yo juejue ndɛndɛ.,Baoulé,Mozilla Common Voice
common_voice_bci_41502406.mp3,"Baba, yo wɔ kula.",Baoulé,Mozilla Common Voice
common_voice_bci_41502407.mp3,"Janvuɛʼm be sri be wiengu, kpɛkun be kan aklunjuɛ like kwlaa.",Baoulé,Mozilla Common Voice
common_voice_bci_41502408.mp3,"N kwlá lafiman, likaʼn wʼa lo kpa Bouaké lɔ.",Baoulé,Mozilla Common Voice
common_voice_bci_41502409.mp3,Anunmanʼm be to jue nglɛmun nun.,Baoulé,Mozilla Common Voice
common_voice_bci_41502410.mp3,N se kɛ yo a su kɔ fa ɔ sikaʼn?,Baoulé,Mozilla Common Voice
common_voice_bci_41502417.mp3,Ba yasuaʼm be fa nannin mun be wlu nnɛn kpanngɔʼm be nun nnɔsua kwlaa.,Baoulé,Mozilla Common Voice
common_voice_bci_41502418.mp3,Awlobofuɛʼm be yia Wunmiɛn-lolɛ-chtɛn kwlaa be di like likawlɛ.,Baoulé,Mozilla Common Voice
common_voice_bci_41502420.mp3,Klɔʼn su suaʼm be ti tɛnndɛn.,Baoulé,Mozilla Common Voice
common_voice_bci_41502423.mp3,N yia min janvuɛ mun suklu lɔ nglɛmun kwlaa.,Baoulé,Mozilla Common Voice
common_voice_bci_41502424.mp3,Kpanwun tɔnfuɛʼn tɔn kpanwun uflɛuflɛ man be nga be to ninngeʼn nglɛmun kwlaa.,Baoulé,Mozilla Common Voice
common_voice_bci_41502425.mp3,Be si able nzraamaʼm be bo lɔ kɔnguɛ kwlaa.,Baoulé,Mozilla Common Voice
common_voice_bci_41502426.mp3,"Sɛ Ɲanmiɛn suan amun boʼn, like fi kwlá kwláman amun.",Baoulé,Mozilla Common Voice
common_voice_bci_41502427.mp3,"Mi nnɛn kpanngɔʼn wʼa saci, n kwlá fuman su kun.",Baoulé,Mozilla Common Voice
common_voice_bci_41502436.mp3,Alɛ min suan ɔ bo.,Baoulé,Mozilla Common Voice
common_voice_bci_41502437.mp3,"Be nga be tran lɔʼn, be cɛcɛ be ninnge nga be kpɛ beʼn be afiɛn.",Baoulé,Mozilla Common Voice
common_voice_bci_41502439.mp3,Min si di junman kekle e awlobofuɛʼm be lika cɛn kwlakwla.,Baoulé,Mozilla Common Voice
common_voice_bci_41502440.mp3,A wun vie kanvie a woun vie yaki vie.,Baoulé,Mozilla Common Voice
common_voice_bci_41502443.mp3,Manmi di junman kekle kpa naan wʼa to bonbon.,Baoulé,Mozilla Common Voice
common_voice_bci_41502445.mp3,Mi nian bianʼn bali e osu nianlɛ.,Baoulé,Mozilla Common Voice
common_voice_bci_41502448.mp3,Nzueʼn su tɔ blɛblɛblɛ kɔnguɛ nga nun.,Baoulé,Mozilla Common Voice
common_voice_bci_41502449.mp3,N le balɔn klanman kun.,Baoulé,Mozilla Common Voice
common_voice_bci_41502450.mp3,"Snack nga be di i wunmiɛn lolɛ blɛ nunʼn, ɔ yo fɛ titi.",Baoulé,Mozilla Common Voice
common_voice_bci_41502452.mp3,Be sie fie dilɛ ninnge mun klɔʼn i sua danʼn nun.,Baoulé,Mozilla Common Voice
common_voice_bci_41502459.mp3,Ɔ ti nanwlɛ.,Baoulé,Mozilla Common Voice
common_voice_bci_41502460.mp3,"Kɔnguɛʼn, nnɛn kpanngɔʼm be to jue fieʼn nun lɔ.",Baoulé,Mozilla Common Voice
common_voice_bci_41502461.mp3,Ɔ se kɛ klɔʼn wo mmua.,Baoulé,Mozilla Common Voice
common_voice_bci_41502462.mp3,Klasiʼn i tabloʼn ti dan yɛ ɔ ti ble.,Baoulé,Mozilla Common Voice
common_voice_bci_41502463.mp3,"Ngue ti yɛ ɲanmiɛn su lɔʼn ti ble ɔ, manmi?",Baoulé,Mozilla Common Voice
common_voice_bci_41502464.mp3,"Min teddy bearʼn, ɔ fata kɛ be tra min awlɛn blɛblɛblɛ.",Baoulé,Mozilla Common Voice
common_voice_bci_41502465.mp3,"Ɔ yoli kekle mannin min kpa, sanngɛ ɔ ti laa liɛ.",Baoulé,Mozilla Common Voice
common_voice_bci_41502466.mp3,Sranʼn i wunmiɛnʼn wo i wienguʼn i wun.,Baoulé,Mozilla Common Voice
common_voice_bci_41502467.mp3,N siman like nga n yoliʼn bɔbɔ.,Baoulé,Mozilla Common Voice
common_voice_bci_41502474.mp3,"Wakaʼn wʼa jran, sanngɛ ɔ nin a tɔman.",Baoulé,Mozilla Common Voice
common_voice_bci_41502475.mp3,Like ngʼɔ ti kinndjin kpaʼn yɛle baʼm be lika nianlɛʼn.,Baoulé,Mozilla Common Voice
common_voice_bci_41502476.mp3,Ɔ ti kokowefuɛ ngʼɔ fɛ i wun mantan be nga be di a gba.,Baoulé,Mozilla Common Voice
common_voice_bci_41502478.mp3,"Taluaʼm be bo yo kun be si able klɔʼn i cɛn dilɛʼm be bo, be wla lã tralɛ, kpɛkun be nanti lɔ kpanwunʼm be bolɛʼn su.",Baoulé,Mozilla Common Voice
common_voice_bci_41502483.mp3,Ɔ nin i janvuɛʼm be tɛtɛ tralɛ nglanmannglanman mun.,Baoulé,Mozilla Common Voice
common_voice_bci_41502486.mp3,Mʼsiman wlele nan fami waya ehe.,Baoulé,Mozilla Common Voice
common_voice_bci_41502488.mp3,Taluaʼm be kpɛ nzue gboʼn nun be man awlobofuɛ mun.,Baoulé,Mozilla Common Voice
common_voice_bci_41502489.mp3,Gbanflɛn nin taluaʼm be uka be si nin be nin fieʼm be nun.,Baoulé,Mozilla Common Voice
common_voice_bci_41502490.mp3,"Sran ngʼɔ lafiʼn, ɔ usaman atin.",Baoulé,Mozilla Common Voice
common_voice_bci_41502491.mp3,N suannin like uflɛ andɛ.,Baoulé,Mozilla Common Voice
common_voice_bci_41502493.mp3,Be suan like likawlɛ be ekzamin cinnjin kpaʼn i ti.,Baoulé,Mozilla Common Voice
common_voice_bci_41502501.mp3,Ɔ timan kpa ti yɛ ɔ yo sɔ ɔ.,Baoulé,Mozilla Common Voice
common_voice_bci_41502502.mp3,Bakannganʼm be su di fiawlɛʼn i ngowa awloʼn nun lɔ.,Baoulé,Mozilla Common Voice
common_voice_bci_41502503.mp3,Bakannganʼm be fa nzue kunmanʼn nun ba nglɛmun kwlaa.,Baoulé,Mozilla Common Voice
common_voice_bci_41502504.mp3,"Mi ba nɔnman ti klanman, ɔ ti bla.",Baoulé,Mozilla Common Voice
common_voice_bci_41502506.mp3,Be su kplan sua uflɛuflɛ kun wa.,Baoulé,Mozilla Common Voice
common_voice_bci_41502507.mp3,Sran bleʼn wunnin i ɲrunʼn.,Baoulé,Mozilla Common Voice
common_voice_bci_41502510.mp3,"Nannin ngʼɔ́ wá kɔ́ʼn, ɔ bo i sin kɔlɛ bo.",Baoulé,Mozilla Common Voice
common_voice_bci_41502511.mp3,"E kwla man amun afɔtuɛ bɔbɔ kɛ sɛ fieʼn wʼa yoman yeʼn, amun yo like uflɛ.",Baoulé,Mozilla Common Voice
common_voice_bci_41502512.mp3,Ɔ fata kɛ a nin sran kwlaa be tran kpa afin e siman like ngʼɔ́ wá jú ainmanʼn.,Baoulé,Mozilla Common Voice
common_voice_bci_41502514.mp3,Sran sɔʼm be siesie kpanwun suaʼm be ti su.,Baoulé,Mozilla Common Voice
common_voice_bci_41502515.mp3,Be bo klolɛ naan bʼa wlu suklu lɔ.,Baoulé,Mozilla Common Voice
common_voice_bci_41502516.mp3,"Sa kwlaa nga be tɔ e suʼn, be ti kpa.",Baoulé,Mozilla Common Voice
common_voice_bci_41502517.mp3,Tchɛtchɛ wa timan nʼdɛ nʼgamon ɔ o mɛn nun.,Baoulé,Mozilla Common Voice
common_voice_bci_41502518.mp3,Gbanflɛn nin talua mun yɛ be wunnzin be tralɛ mun ɔn.,Baoulé,Mozilla Common Voice
common_voice_bci_41502529.mp3,Be kɔ be lɔ teatriʼm be nun flimunʼm be nianlɛ nnɔsua nun titi.,Baoulé,Mozilla Common Voice
common_voice_bci_41502532.mp3,Gbanflɛn nin talua me to jue guabo.,Baoulé,Mozilla Common Voice
common_voice_bci_41502533.mp3,Ɔ fataman kɛ a kan kle sran mun.,Baoulé,Mozilla Common Voice
common_voice_bci_41502549.mp3,Like klefuɛʼn yiyi like suanlɛʼn nun weinwein kpa.,Baoulé,Mozilla Common Voice
common_voice_bci_41502550.mp3,Lika do Nʼma lafi ndɛndɛ.,Baoulé,Mozilla Common Voice
common_voice_bci_41500433.mp3,E yaciman nɲaʼm be lɛ ijreʼm be nun naan yʼa nianman sranʼm be wieʼn.,Baoulé,Mozilla Common Voice
common_voice_bci_41502552.mp3,"Janvuɛʼm be fa be ngowa kanlɛ ninngeʼm be man sran mun, ɔ ti kpa.",Baoulé,Mozilla Common Voice
common_voice_bci_41502553.mp3,Be uka klɔʼn su nnɛnʼm be likaʼm be kplanlɛʼn su.,Baoulé,Mozilla Common Voice
common_voice_bci_41502554.mp3,Nzue mʼɔ la nglo lɔ plaiiʼn ti kɛ kplo ufue sa.,Baoulé,Mozilla Common Voice
common_voice_bci_41502555.mp3,Ɔ tie ndɛ nga i nannan blaʼn kanʼn.,Baoulé,Mozilla Common Voice
common_voice_bci_41502556.mp3,Flimuʼn bo i bo blɛ trele kun nun.,Baoulé,Mozilla Common Voice
common_voice_bci_41502557.mp3,"Be nga be tran lɔʼn, be fa lika sɔʼm be di junman be awloʼm be gua su lɔ.",Baoulé,Mozilla Common Voice
common_voice_bci_41502558.mp3,Manmi wunnzin tralɛ eni waka mma.,Baoulé,Mozilla Common Voice
common_voice_bci_41502559.mp3,Wan yɛ amun bu i kɛ amun ti ɔ?,Baoulé,Mozilla Common Voice
common_voice_bci_41502560.mp3,"Ɔ fata kɛ a di junman titi ɔ ti kekle sanngɛ i sinʼn, a kunndɛ kɛ a ɲan ɔ aɲrunɲan.",Baoulé,Mozilla Common Voice
common_voice_bci_41502562.mp3,E bali kɛ é úkɛ i naan wʼa wie i junmanʼn i di.,Baoulé,Mozilla Common Voice
common_voice_bci_41502564.mp3,Ok yo like nʼga a klo.,Baoulé,Mozilla Common Voice
common_voice_bci_41502566.mp3,Be blɛ mi fluwa ma.,Baoulé,Mozilla Common Voice
common_voice_bci_41502567.mp3,"Glaciʼn tɔli, n kwlá dimɛn i kun.",Baoulé,Mozilla Common Voice
common_voice_bci_41502568.mp3,"Kɛ a bo bakan kunʼn, a jranmɛn i sunlɛʼn i ɲrun.",Baoulé,Mozilla Common Voice
common_voice_bci_41502778.mp3,"Taluaʼm be suan lã tralɛʼm be tɛtɛlɛ nin be nin mun, be fa tralɛ fanunfanun nin lɔ ninngeʼm be yolɛ.",Baoulé,Mozilla Common Voice
common_voice_bci_41502779.mp3,Baba condu loto kɔ guabo.,Baoulé,Mozilla Common Voice
common_voice_bci_41502780.mp3,Mi niaan bian Yako n su kɔ.,Baoulé,Mozilla Common Voice
common_voice_bci_41502782.mp3,Janvuɛʼm be di aliɛ likawlɛ.,Baoulé,Mozilla Common Voice
common_voice_bci_41502783.mp3,Kɛ okaʼn i nun lɔʼn djɔ yɛ nʼdre fi ɔ.,Baoulé,Mozilla Common Voice
common_voice_bci_41502784.mp3,Ɔ to jue titi nglɛmun nun nzueʼn nun.,Baoulé,Mozilla Common Voice
common_voice_bci_41502786.mp3,"Kɛ á nían ngowa kanlɛʼn, ɔ diman ngowa.",Baoulé,Mozilla Common Voice
common_voice_bci_41502787.mp3,Manmi klo kɛ n wunnzin min dje.,Baoulé,Mozilla Common Voice
common_voice_bci_41502788.mp3,Taluaʼm be tia ijreʼm be nun naan bʼa fa yo ayre.,Baoulé,Mozilla Common Voice
common_voice_bci_41502789.mp3,"Abla Pokou waan: sɛ ɔ ndɛʼn truʼn, ɔ awlo lɔ sranʼm be ndɛ yɛ ɔ o lɛ ɔ.",Baoulé,Mozilla Common Voice
common_voice_bci_41507398.mp3,"Dɔɔtrɔʼm be nian tukpacifuɛʼm be lika kpa, kpɛkun be si be aunnvuɛ dan.",Baoulé,Mozilla Common Voice
common_voice_bci_41502790.mp3,"A wan, a klɛ mi yalɛ, a si man kɛ, a sou klɛ mi nʼglouɛlɛ.",Baoulé,Mozilla Common Voice
common_voice_bci_41502791.mp3,Ye kwla kɔ jenvie nuan ainman?,Baoulé,Mozilla Common Voice
common_voice_bci_41503306.mp3,Ɔ janvuɛ Sery tuaman kalɛ.,Baoulé,Mozilla Common Voice
common_voice_bci_41503307.mp3,"Min balɔnʼn wʼa jran, uka min ndɛndɛ!",Baoulé,Mozilla Common Voice
common_voice_bci_41503308.mp3,"Kɛ é nánti titiʼn, e saʼm be keje.",Baoulé,Mozilla Common Voice
common_voice_bci_41503309.mp3,Eh mi niaan bla be wan ngue yɛ a su yo kpa?,Baoulé,Mozilla Common Voice
common_voice_bci_41503310.mp3,Baba di junman kɔnguɛ kwlaa ka naan wʼa la.,Baoulé,Mozilla Common Voice
common_voice_bci_41503316.mp3,Bakannganʼm be su wanndi fieʼn nun lɔ.,Baoulé,Mozilla Common Voice
common_voice_bci_41503317.mp3,N kunndɛ kɛ e nin wɔ é kɔ́ parki lɔ.,Baoulé,Mozilla Common Voice
common_voice_bci_41503318.mp3,Desɛn yilɛʼn yɛ ɔ ti min junman nga n klo i kpa suklu lɔʼn niɔn.,Baoulé,Mozilla Common Voice
common_voice_bci_41503325.mp3,Ɔ ti cinnjin ekun kɛ amun kunndɛ wafa nga amun kwla yo amun ninngeʼm be atɛ ndɛndɛʼn.,Baoulé,Mozilla Common Voice
common_voice_bci_41503328.mp3,E bali kɛ é kán ndɛ.,Baoulé,Mozilla Common Voice
common_voice_bci_41503329.mp3,"Nglɛmunʼn, e to cɛnʼn i jueʼn.",Baoulé,Mozilla Common Voice
common_voice_bci_41503330.mp3,N kwlá boman min tralɛʼn i buto.,Baoulé,Mozilla Common Voice
common_voice_bci_41503346.mp3,"A kunndɛ kɛ á kún alɛ nin albinoʼn, sanngɛ a nin a kwlamɛn i, yɛ á kɔ́.",Baoulé,Mozilla Common Voice
common_voice_bci_41503347.mp3,Ba yasuaʼm be su tra jue nzue baʼn nun kɛ wiaʼn fíteʼn.,Baoulé,Mozilla Common Voice
common_voice_bci_41503348.mp3,"Kɛ a nɔn nzue ngʼɔ o sin lɔʼn, a nianman nzue ngʼɔ o sin lɔʼn i bueʼm be su.",Baoulé,Mozilla Common Voice
common_voice_bci_41503349.mp3,"Blɛ sunman nunʼn, be kɔ be wun kpinngbinlɛ likaʼn nun lɔ be ko yo be wun kpinngbinlɛ nin ninnge fanunfanun.",Baoulé,Mozilla Common Voice
common_voice_bci_41503350.mp3,N mlinnin min balɔnʼn i wun koko lɛ fieʼn nun lɔ.,Baoulé,Mozilla Common Voice
common_voice_bci_41503356.mp3,Ɔ mannin mi afɔtuɛ naan mi waʼn wʼa yo juejue.,Baoulé,Mozilla Common Voice
common_voice_bci_41503357.mp3,E kunndɛ kɛ é trɛ́ e fieʼn nun.,Baoulé,Mozilla Common Voice
common_voice_bci_41503358.mp3,Taluaʼm be nin be janvuɛʼm be si able lã cɛn dilɛʼm be bo.,Baoulé,Mozilla Common Voice
common_voice_bci_41503371.mp3,N klo kɛ e ni mi janvuɛ mun e kan ngowa suklu lɔ.,Baoulé,Mozilla Common Voice
common_voice_bci_41503372.mp3,Klɔfuɛʼm be kplan waka su kpanwun.,Baoulé,Mozilla Common Voice
common_voice_bci_41503373.mp3,"Kannzɛ bɔbɔ e se kɛ nnɛn kpanngɔʼn wʼa ɲinmanʼn, sanngɛ ɔ timan kpa kɛ ɔ wla tralɛ ngʼɔ o i boʼn.",Baoulé,Mozilla Common Voice
common_voice_bci_41503374.mp3,Nzraamaʼm be kpadja kɔnguɛ bleʼn nun.,Baoulé,Mozilla Common Voice
common_voice_bci_41503375.mp3,N suan fluwa klɛlɛ nin plɛti.,Baoulé,Mozilla Common Voice
common_voice_bci_41503376.mp3,Manmi kan ndɛ mango wakaʼn i bo lɔ.,Baoulé,Mozilla Common Voice
common_voice_bci_41502551.mp3,E ni mi yi e fali akunndan kun.,Baoulé,Mozilla Common Voice
common_voice_bci_41503378.mp3,Mi si ti like klefuɛ.,Baoulé,Mozilla Common Voice
common_voice_bci_41503379.mp3,Be bisât kɛ tu ɔ ho blɔfuɛ.,Baoulé,Mozilla Common Voice
common_voice_bci_41503386.mp3,Mi le akloundjouê oh Gnanmien nou.,Baoulé,Mozilla Common Voice
common_voice_bci_41503387.mp3,Mi si kleli min wafa nga be di agba fieʼn nun lɔʼn.,Baoulé,Mozilla Common Voice
common_voice_bci_41503390.mp3,"Kannzɛ bɔbɔ be se kɛ siklɛtiʼn wʼa wieʼn, sanngɛ a kwla ti i nvanʼn.",Baoulé,Mozilla Common Voice
common_voice_bci_41503391.mp3,"Fie nga e yoliʼn, ɔ su man.",Baoulé,Mozilla Common Voice
common_voice_bci_41503393.mp3,Be kwlali yakpa su andɛ.,Baoulé,Mozilla Common Voice
common_voice_bci_41503401.mp3,Kɔkun Sery nga n kunndɛman kɛ ń wún wɔ kun.,Baoulé,Mozilla Common Voice
common_voice_bci_41503402.mp3,Sukluʼn kle amun kɛ amun yo sran kpa.,Baoulé,Mozilla Common Voice
common_voice_bci_41503403.mp3,Waka mmaʼm be ti mlanmlanmlan yɛ be ti fɛ siɛnʼn.,Baoulé,Mozilla Common Voice
common_voice_bci_41503404.mp3,"Akɔʼn bo nglɛmun ndɛ kpa, titi.",Baoulé,Mozilla Common Voice
common_voice_bci_41503405.mp3,"Andɛʼn, sranʼm be sɔnnin guaʼn su.",Baoulé,Mozilla Common Voice
common_voice_bci_41503411.mp3,"I modja mɔ guali ɔ, tumi tɛ mu klwa.",Baoulé,Mozilla Common Voice
common_voice_bci_41503413.mp3,"Nian, ń klé wɔ wafa nga be fa yoʼn.",Baoulé,Mozilla Common Voice
common_voice_bci_41503414.mp3,"E tra e sa nun, e klo i titi.",Baoulé,Mozilla Common Voice
common_voice_bci_41503415.mp3,N seman kɛ n ti kpa tra wɔ.,Baoulé,Mozilla Common Voice
common_voice_bci_41503417.mp3,Ba yasuaʼm be uka fieʼm be dilɛ likaʼn nun.,Baoulé,Mozilla Common Voice
common_voice_bci_41503419.mp3,Klɔ taluaʼm be klo able silɛ.,Baoulé,Mozilla Common Voice
common_voice_bci_41503420.mp3,"Mi janvuɛ kpaʼn ɔli lika uflɛ, ɔ yo min ya.",Baoulé,Mozilla Common Voice
common_voice_bci_41503422.mp3,N su usa wɔ ndɛ kun.,Baoulé,Mozilla Common Voice
common_voice_bci_41503423.mp3,Aluaʼn su i minʼn su titi klɔʼn i lika kwlaa nun.,Baoulé,Mozilla Common Voice
common_voice_bci_41503424.mp3,Sran kpanngban be o asɔnun lɔ andɛ tra annunman.,Baoulé,Mozilla Common Voice
common_voice_bci_41503425.mp3,"Nian, n wunnin yɔbuɛ klanman kpa kun!",Baoulé,Mozilla Common Voice
common_voice_bci_41503426.mp3,Anumanʼm be to jue waka mmaʼm be nun.,Baoulé,Mozilla Common Voice
common_voice_bci_41503428.mp3,E leman like fi naan yʼa siesie be wun naan bʼa sa be sin suklu lɔ.,Baoulé,Mozilla Common Voice
common_voice_bci_41503429.mp3,Ngue ti yɛ nzraamaʼm be kpaja kpa kɔnguɛ ɔ?,Baoulé,Mozilla Common Voice
common_voice_bci_41503430.mp3,Ye su kɔ gua bo ainman nglɛmun.,Baoulé,Mozilla Common Voice
common_voice_bci_41503436.mp3,Ɔ suman nnɛn kpanngɔ nɲɔn be su kpɛ kunngba.,Baoulé,Mozilla Common Voice
common_voice_bci_41503444.mp3,Be yia cafe me nu be koko yalɛ kɔkun be yijɔ likawlɛ.,Baoulé,Mozilla Common Voice
common_voice_bci_41503446.mp3,Viaʼn fiteli andɛ klɔʼn su lɔ.,Baoulé,Mozilla Common Voice
common_voice_bci_41503447.mp3,N su ba nnɔsua nun ń kó nían wafa nga baʼn tiʼn.,Baoulé,Mozilla Common Voice
common_voice_bci_41503448.mp3,Be bo aya naan bʼa tra blo nnɛn.,Baoulé,Mozilla Common Voice
common_voice_bci_41503449.mp3,"Baba nian ɔ nʼdɛ sɛkɛ, ɔwa nʼga su flɛ wɔ, a tɛ isu.",Baoulé,Mozilla Common Voice
common_voice_bci_41503451.mp3,Ye le kɛ wa fa iwa wa man yé.,Baoulé,Mozilla Common Voice
common_voice_bci_41503461.mp3,Sranʼm be fa kpanngɔʼm be fa sin likaʼm be nun.,Baoulé,Mozilla Common Voice
common_voice_bci_41503463.mp3,"Kɛ sran kwlaa di aklunjuɛʼn, klɔʼn kpaja.",Baoulé,Mozilla Common Voice
common_voice_bci_41503465.mp3,"Be kɔ gua bo lɔ be ko to ninnge mun, kpɛkun be yiyi be ɲin su.",Baoulé,Mozilla Common Voice
common_voice_bci_41503466.mp3,"Kɛ e leman like uflɛ e yomanʼn, e faman e wun wlaman.",Baoulé,Mozilla Common Voice
common_voice_bci_41507714.mp3,Klɔfuɛʼm be siesie sika kunndɛlɛ naan bʼa uka be nga be sa mianʼn.,Baoulé,Mozilla Common Voice
common_voice_bci_41507713.mp3,"Kpanwun mɔ be tɔnnin uflɛuflɛʼn, i nvanʼn ti kpa.",Baoulé,Mozilla Common Voice
common_voice_bci_41507711.mp3,Angloʼn kpaja sua kannganʼm be su blɛblɛblɛ.,Baoulé,Mozilla Common Voice
common_voice_bci_41507690.mp3,"Sɛ amun nɔn nzue kpanngbanʼn, ɔ ti kpa man amun.",Baoulé,Mozilla Common Voice
common_voice_bci_41507688.mp3,Manmin ton aliɛ man awlobofuɛ mun.,Baoulé,Mozilla Common Voice
common_voice_bci_41507687.mp3,Nzueʼn tɔ ijre suaʼn i ti su.,Baoulé,Mozilla Common Voice
common_voice_bci_41507686.mp3,N klo i aata dilɛʼn kpa.,Baoulé,Mozilla Common Voice
common_voice_bci_41503467.mp3,"Kɛ baʼn wun i ninʼn, ɔ sri.",Baoulé,Mozilla Common Voice
common_voice_bci_41503468.mp3,N di bonbon kɛ sukluʼn wieʼn andɛ.,Baoulé,Mozilla Common Voice
common_voice_bci_41503469.mp3,"Sɛ e la ndɛndɛʼn, nglɛmunʼn yo fɛ.",Baoulé,Mozilla Common Voice
common_voice_bci_41503470.mp3,Mi si kleli mi wafa nga be di agba fieʼn nun lɔʼn.,Baoulé,Mozilla Common Voice
common_voice_bci_41507667.mp3,Gonuan like sɔʼn wʼa saci.,Baoulé,Mozilla Common Voice
common_voice_bci_41507666.mp3,Be siesie ngowa kanlɛ ninnge mun be man klɔʼn su ba kanngan mun.,Baoulé,Mozilla Common Voice
common_voice_bci_41507665.mp3,E nin like klefuɛʼn e yo matematiki.,Baoulé,Mozilla Common Voice
common_voice_bci_41507664.mp3,"Andɛʼn, fie dilɛ ninnge uflɛuflɛʼm be sɔnnin klɔʼn i guaʼn su.",Baoulé,Mozilla Common Voice
common_voice_bci_41507663.mp3,N fa min suklu saciʼn.,Baoulé,Mozilla Common Voice
common_voice_bci_41507636.mp3,Nʼzue su tɔ kɔkun Nʼkunnu dɛ kan ngowa gua su lɔ.,Baoulé,Mozilla Common Voice
common_voice_bci_41507634.mp3,Be toli tralɛ uflɛ be fa dili chtɛn dilɛʼn.,Baoulé,Mozilla Common Voice
common_voice_bci_41507631.mp3,Amun nian sran tɛʼm be lika.,Baoulé,Mozilla Common Voice
common_voice_bci_41503476.mp3,"Bewuka mi, nan man kpata mi si.",Baoulé,Mozilla Common Voice
common_voice_bci_41503478.mp3,Viaʼn ga fiteli kpa andɛ.,Baoulé,Mozilla Common Voice
common_voice_bci_41503479.mp3,Ya kɔ Bouaké ainman nglɛmun.,Baoulé,Mozilla Common Voice
common_voice_bci_41503497.mp3,Manmin siesie aliɛ man awlobofuɛ mun.,Baoulé,Mozilla Common Voice
common_voice_bci_41503498.mp3,Be tran ndje nu nan ba tu ndje.,Baoulé,Mozilla Common Voice
common_voice_bci_41503499.mp3,Gbanflɛn nin talua mun be yia wakaʼn i bo lɔ nnɔsua kwlaa.,Baoulé,Mozilla Common Voice
common_voice_bci_41503500.mp3,"Be nga be tran lɔʼn, be kɔ be mantanfuɛʼm be aɲiaʼm be bo be koko lɔ junmanʼm be su yalɛ.",Baoulé,Mozilla Common Voice
common_voice_bci_41503377.mp3,Kaluaʼn lafi sofa ufueʼn su.,Baoulé,Mozilla Common Voice
common_voice_bci_41507552.mp3,"Bian mʼɔ le ti bleʼn, ɔ wunnin i ɲrunʼn.",Baoulé,Mozilla Common Voice
common_voice_bci_41507551.mp3,Aika baʼn nɔnman nɔnnɔn ni i je.,Baoulé,Mozilla Common Voice
common_voice_bci_41507549.mp3,E kɔ guaʼn su lɔ e ko to waka mma.,Baoulé,Mozilla Common Voice
common_voice_bci_41507538.mp3,Klɔʼn ti dan yɛ sranʼm be bo sin yia chtin kwlaa.,Baoulé,Mozilla Common Voice
common_voice_bci_41507537.mp3,"Nglɛmunʼn, akɔɲinmanʼn kpan kekle kpa.",Baoulé,Mozilla Common Voice
common_voice_bci_41507476.mp3,Yasuaʼm be ta waka klɔʼn su lɔ.,Baoulé,Mozilla Common Voice
common_voice_bci_41507474.mp3,"Kɛ wiaʼn fíteʼn, be tra jue nzue baʼn nun.",Baoulé,Mozilla Common Voice
common_voice_bci_41507472.mp3,A seman le kɛ Yako ti srongble.,Baoulé,Mozilla Common Voice
common_voice_bci_41507470.mp3,N fali min ninnge mun n wlali min suklu bajɛʼn nun klanman.,Baoulé,Mozilla Common Voice
common_voice_bci_41507468.mp3,Ɔ fata kɛ be uka min naan mʼan wie junmanʼn i di ndɛndɛ.,Baoulé,Mozilla Common Voice
common_voice_bci_41507433.mp3,N di min awlo lɔ junmanʼn ka naan mʼan fite lɔ mʼan ko di ngowa.,Baoulé,Mozilla Common Voice
common_voice_bci_41507432.mp3,Be di junman klɔ nin sran akpasuaakpasuaʼm be nun naan bʼa ɲan ukalɛ.,Baoulé,Mozilla Common Voice
common_voice_bci_41507431.mp3,Be tɔn aliɛ be man aofuɛ mun.,Baoulé,Mozilla Common Voice
common_voice_bci_41507429.mp3,N su yi lika klanman kun i desɛn suklu lɔ andɛ.,Baoulé,Mozilla Common Voice
common_voice_bci_41507413.mp3,"Kɛ bé dí fɛtriʼn, gbanflɛn nin taluaʼm be to jue.",Baoulé,Mozilla Common Voice
common_voice_bci_41507412.mp3,Klɔʼn su lɔ gbanflɛn nin talua mun be bo yo kun be suan lã able silɛʼn.,Baoulé,Mozilla Common Voice
common_voice_bci_41507410.mp3,"Ɔ fata kɛ amun kata fenɛtriʼm be su, onti ontinʼm be ti.",Baoulé,Mozilla Common Voice
common_voice_bci_41507402.mp3,Be fa nzue ba fieʼm be nun naan be fa uka be si nin be ni mun.,Baoulé,Mozilla Common Voice
common_voice_bci_41507401.mp3,"Kɛ be se kɛ chiliʼn wʼa wie i kanninʼn nunʼn, á fá ɔ tiʼn kɔ́.",Baoulé,Mozilla Common Voice
common_voice_bci_41507400.mp3,"Kɛ n sɔ min aradioʼn, djueʼn bo blɛblɛblɛ.",Baoulé,Mozilla Common Voice
common_voice_bci_41507343.mp3,Ɔ fata kɛ mi niaan bian ni mi niaan blaʼm be ukali e niaan blaʼn.,Baoulé,Mozilla Common Voice
common_voice_bci_41507389.mp3,Be lafiman be tchin laliɛ sɛ.,Baoulé,Mozilla Common Voice
common_voice_bci_41507386.mp3,"Gnanmien kloli ye, ye le kɛ wa fa iwa wa man ye.",Baoulé,Mozilla Common Voice
common_voice_bci_41507372.mp3,Ɔ klo fluwa kannganlɛ.,Baoulé,Mozilla Common Voice
common_voice_bci_41507370.mp3,Nzue nɔnlɛ chtɛn kwlakwla ti kpa.,Baoulé,Mozilla Common Voice
common_voice_bci_41507364.mp3,"Kɛ a ukaʼn, like kwlaa yo pɔpɔ.",Baoulé,Mozilla Common Voice
common_voice_bci_41507363.mp3,"Mi suklu saci ya mlinnin, a wunman?",Baoulé,Mozilla Common Voice
common_voice_bci_41507361.mp3,Ɔ wlali tralɛ ufue klanman kpa andɛ.,Baoulé,Mozilla Common Voice
common_voice_bci_41507360.mp3,N nin mi janvuɛ mun e to djue.,Baoulé,Mozilla Common Voice
common_voice_bci_41507347.mp3,"Anangaman mi srɛ wɔ o, siɛ he man yo tɛ.",Baoulé,Mozilla Common Voice
common_voice_bci_41507346.mp3,"Sran wieʼm be ɲrunʼn, sran wieʼm be ɲrun yɛ e ɲin yi sranʼn ti ɔ, nán srɛ mʼɔ kun eʼn ti ɔ.",Baoulé,Mozilla Common Voice
common_voice_bci_41507345.mp3,Nzraamaʼm be kpaja ɲanmiɛn su lɔ kɔnguɛ.,Baoulé,Mozilla Common Voice
common_voice_bci_41507344.mp3,Ɔ ti kɛ be le awlɛn be minndɛ like sɔʼn ti kekle saan like nga be wunnin iʼn annzɛ i boʼn guaman blɛʼn.,Baoulé,Mozilla Common Voice
common_voice_bci_41506346.mp3,Aunmuan jɔwa sin waka bleʼm be afiɛn.,Baoulé,Mozilla Common Voice
common_voice_bci_41507327.mp3,"Tchɛtchɛ, ɔ timan min kodɛ sɛ ɔ ti mi kodɛʼn, n si i.",Baoulé,Mozilla Common Voice
common_voice_bci_41507326.mp3,Ɔ sa mian tiɛ be fa cucu nʼkɔ nʼgnara nu.,Baoulé,Mozilla Common Voice
common_voice_bci_41507325.mp3,Be bo aya naan bʼa tra blo nnɛn kanngan mun.,Baoulé,Mozilla Common Voice
common_voice_bci_41507324.mp3,Loto nin motoʼm be sɔnnin akpɔʼm be su.,Baoulé,Mozilla Common Voice
common_voice_bci_41507323.mp3,Gbanflɛn kannganʼm be uka klɔʼn i lika nianlɛʼn su.,Baoulé,Mozilla Common Voice
common_voice_bci_41507264.mp3,"Mi niaan bian, ɔ fata kɛ a uka min.",Baoulé,Mozilla Common Voice
common_voice_bci_41507248.mp3,Ɔ yo waka manda atɛ guaʼn su lɔ.,Baoulé,Mozilla Common Voice
common_voice_bci_41507247.mp3,N le janvuɛ kpanngban min suklu lɔ.,Baoulé,Mozilla Common Voice
common_voice_bci_41507246.mp3,Anumanʼm be to djue nglɛmun ndɛ kpa wakaʼm be su.,Baoulé,Mozilla Common Voice
common_voice_bci_41507235.mp3,Kɔkɔti nnɛn Koffi dan yɛ ɔ dili kwlaa ɔ.,Baoulé,Mozilla Common Voice
common_voice_bci_41507234.mp3,Srɛ kunnin min mantanfuɛʼn i alua.,Baoulé,Mozilla Common Voice
common_voice_bci_41507232.mp3,Flɛriʼn tike viaʼn i dolɛʼn su.,Baoulé,Mozilla Common Voice
common_voice_bci_41507231.mp3,Be uka klɔʼn su lɔ nnɛnʼm be lika nianlɛ nun.,Baoulé,Mozilla Common Voice
common_voice_bci_41507147.mp3,"Kɛ á kɔ́ fa ɔ sikaʼn, fa ɔ nimeroʼn man bian ngʼɔ yi sikaʼn.",Baoulé,Mozilla Common Voice
common_voice_bci_41507145.mp3,"Like kwlaa nga a kunndɛʼn, ɔ o mi lika.",Baoulé,Mozilla Common Voice
common_voice_bci_41507144.mp3,"Akɔʼn si kɛ nglɛmun nunʼn, sanngɛ ɔ yaci akɔbaʼn i lɛ naan ɔ kpan.",Baoulé,Mozilla Common Voice
common_voice_bci_41507143.mp3,Bakannganʼm be suan desɛn yilɛ.,Baoulé,Mozilla Common Voice
common_voice_bci_41507111.mp3,Blaʼm be fa ayre waka mun be siesie ayre.,Baoulé,Mozilla Common Voice
common_voice_bci_41507107.mp3,Spɔriʼn ti aklunjuɛ like nin janvuɛ mun.,Baoulé,Mozilla Common Voice
common_voice_bci_41507096.mp3,"Sran fi kwlá kpɛman be wakaʼn, kpɛkun ngalɛʼn ɔ́ trá be.",Baoulé,Mozilla Common Voice
common_voice_bci_41507095.mp3,Nzue baʼm be sin okaʼm be su blɛblɛblɛ.,Baoulé,Mozilla Common Voice
common_voice_bci_41507094.mp3,"Mi mmaʼm be kwla kɔ suklu siɛnʼn, yɛ kɛ be tɔ tukpacɛʼn, n kwla fa be kɔ dɔɔtrɔ lɔ naan be yo be ayre.",Baoulé,Mozilla Common Voice
common_voice_bci_41507093.mp3,Like klefuɛʼn kan ndɛ fɛfɛ wie mun.,Baoulé,Mozilla Common Voice
common_voice_bci_41507079.mp3,E su lo wunmiɛn kan siɛnʼn.,Baoulé,Mozilla Common Voice
common_voice_bci_41506347.mp3,Bakannganʼm be to balɔn klɔʼn i fieʼn su lɔ.,Baoulé,Mozilla Common Voice
common_voice_bci_41506349.mp3,Ɔ ti mi niaan bian maan e wɔ.,Baoulé,Mozilla Common Voice
common_voice_bci_41506350.mp3,Klɔ sranʼm be klo klɔ guaʼm be su aklunjuɛ.,Baoulé,Mozilla Common Voice
common_voice_bci_41506361.mp3,"Srɛ kunman min nnɛnʼn i tiʼn, yɛ n kunndɛman kɛ ń dí i ɲinmaʼn.",Baoulé,Mozilla Common Voice
common_voice_bci_41506363.mp3,Ɔ bɔbɔ kwla ba wie.,Baoulé,Mozilla Common Voice
common_voice_bci_41506364.mp3,Aklunye yolɛʼn yo maan cɛn kwlaa yo kpa.,Baoulé,Mozilla Common Voice
common_voice_bci_41506365.mp3,"Kɛ á dí nnɛn kpanngɔʼn i saʼn, nian ɔ liɛʼn.",Baoulé,Mozilla Common Voice
common_voice_bci_41506371.mp3,"Cɛn kwlaaʼn, lɔfuɛʼm be fa sranʼm be lotoʼm be kɔ lika ndɛndɛ.",Baoulé,Mozilla Common Voice
common_voice_bci_41506372.mp3,Bakannganʼm be su wanndi manmi fieʼn nun lɔ.,Baoulé,Mozilla Common Voice
common_voice_bci_41506373.mp3,Klɔfuɛʼm be bo yo kun be gua avie fieʼm be su nzue.,Baoulé,Mozilla Common Voice
common_voice_bci_41506375.mp3,Amun a wun kɛ n fa be sikaʼn wie le?,Baoulé,Mozilla Common Voice
common_voice_bci_41506386.mp3,Gbanflɛn nin talua me di klɔ juman.,Baoulé,Mozilla Common Voice
common_voice_bci_41506387.mp3,"Sɛ amun siman kɛ avie mmaʼn ti kekleʼn, amun minndɛ lele naan wʼa kplɔ.",Baoulé,Mozilla Common Voice
common_voice_bci_41506388.mp3,E wunnin tralɛ klanman kun guabo lɔ.,Baoulé,Mozilla Common Voice
common_voice_bci_41506390.mp3,E klo kɛ é kɔ́ lika été nun.,Baoulé,Mozilla Common Voice
common_voice_bci_41506401.mp3,Nglɛmun kwlaa e di junman kekle e nian e awlobo fieʼm be lika.,Baoulé,Mozilla Common Voice
common_voice_bci_41506403.mp3,Gbanflɛn nin talua mun be lua nʼgatɛ.,Baoulé,Mozilla Common Voice
common_voice_bci_41506405.mp3,E fata kɛ e fa i e kɔ dɔɔtrɔ lɔ ndɛndɛ klɔʼn su lɔ.,Baoulé,Mozilla Common Voice
common_voice_bci_41506486.mp3,"Kɛ amun nin sran kun be nin a tranmanʼn, nán amun se kɛ amun si i.",Baoulé,Mozilla Common Voice
common_voice_bci_41506489.mp3,"Yaki, di like kan; á wún kɛ min yiʼn i aliɛʼn ti fɛ.",Baoulé,Mozilla Common Voice
common_voice_bci_41506491.mp3,"Sran kwlaa ngʼɔ nantiʼn, ɔ wun ɲrɛnnɛn; wieʼn su sranʼn i su kɛ i silhouette sa.",Baoulé,Mozilla Common Voice
common_voice_bci_41506511.mp3,"Baba, a kwla kanngan ndɛʼn nun kɔnguɛ nga.",Baoulé,Mozilla Common Voice
common_voice_bci_41506512.mp3,Be tali waka mun suaʼn i wun lɛ.,Baoulé,Mozilla Common Voice
common_voice_bci_41506513.mp3,"Sɛ a kwla man like wieʼn, ɔ fata kɛ a fɛ i ɔ dɔɔtrɔ lɔ.",Baoulé,Mozilla Common Voice
common_voice_bci_41506514.mp3,E yi nnɛnʼm be desɛn art blɛ nun.,Baoulé,Mozilla Common Voice
common_voice_bci_41506515.mp3,"N fɛ, mi fieʼn bɔbɔʼn, mʼan wiemɛn i sɔʼn i lika nianlɛ.",Baoulé,Mozilla Common Voice
common_voice_bci_41506521.mp3,Ɔ siesie kpanwun kun awloboʼn i cɛn dilɛʼn i ti.,Baoulé,Mozilla Common Voice
common_voice_bci_41506522.mp3,"Atrɛkpaʼn, sɛ e sɔnnin naan e su kɔ toʼn.",Baoulé,Mozilla Common Voice
common_voice_bci_41506523.mp3,Ɔ yoli kpa kɛ titi sa.,Baoulé,Mozilla Common Voice
common_voice_bci_41506524.mp3,Taluaʼm be tia waka naan bʼa sɔ sinʼm be nun.,Baoulé,Mozilla Common Voice
common_voice_bci_41506539.mp3,Be kɔ suklu likawlɛ nglɛmun kwlaa.,Baoulé,Mozilla Common Voice
common_voice_bci_41506541.mp3,Efata kɛ n wɔ suklu ainman nglɛmun.,Baoulé,Mozilla Common Voice
common_voice_bci_41506543.mp3,Alua lafi kpa kɛtɛ su.,Baoulé,Mozilla Common Voice
common_voice_bci_41506736.mp3,E wun kɛ be nin be janvuɛʼn be su uka klɔʼn.,Baoulé,Mozilla Common Voice
common_voice_bci_41506735.mp3,Manmi seli kɛ nnɛn ontin ontinʼm be ti tɛ.,Baoulé,Mozilla Common Voice
common_voice_bci_41506564.mp3,"Kɛ aunmuanʼn fitaʼn, wakaʼn i boʼn kejeman.",Baoulé,Mozilla Common Voice
common_voice_bci_41506565.mp3,Klɔ bakannganʼm be nin be siʼm be kɔ di ko njɛn.,Baoulé,Mozilla Common Voice
common_voice_bci_41506566.mp3,"Sɛ a nian ɔ wun likaʼn, i sɔʼn kleman kɛ srɛ kun wɔ.",Baoulé,Mozilla Common Voice
common_voice_bci_41506567.mp3,Fluwa kpaʼm be sɔnnin fluwa siewlɛʼn nun.,Baoulé,Mozilla Common Voice
common_voice_bci_41506600.mp3,Koffiʼn kpadja kɔnguɛ mʼɔ ti ble kpaʼn nun.,Baoulé,Mozilla Common Voice
common_voice_bci_41506601.mp3,Be tɛtɛ trɔ mun naan bʼa yo be lɔ guaʼn su lɔ atɛ.,Baoulé,Mozilla Common Voice
common_voice_bci_41506602.mp3,N klo kɛ ń fá min crayon ngʼɔ ti ufueʼn ń yí desɛn.,Baoulé,Mozilla Common Voice
common_voice_bci_41506603.mp3,"Taluaʼm be yia lɛ be di lã ngowa, be fa ninnge nga be fa yo be awlo lɔʼn, kpɛkun be di janvuɛ tralɛʼm be nun ngowa.",Baoulé,Mozilla Common Voice
common_voice_bci_41506611.mp3,E bali ɔ wun wunlɛ kɛ é kán ndɛ.,Baoulé,Mozilla Common Voice
common_voice_bci_41506614.mp3,Klɔʼn su fie difuɛʼm be yiali be kokoli ninngeʼm be kpɛlɛʼn i su yalɛ.,Baoulé,Mozilla Common Voice
common_voice_bci_41506616.mp3,Kloʼn lafi fɔuun viaʼn i bo lɔ.,Baoulé,Mozilla Common Voice
common_voice_bci_41506617.mp3,N kɔ suklu lɔ loto nun.,Baoulé,Mozilla Common Voice
common_voice_bci_41506635.mp3,Mi si kleli mi wafa nga be di ablé fieʼn nun lɔʼn.,Baoulé,Mozilla Common Voice
common_voice_bci_41506637.mp3,Ils nʼont plus besoin dʼaller à lʼhôpital.,Baoulé,Mozilla Common Voice
common_voice_bci_41510124.mp3,Gbanflɛn nin talua mun be yia wakaʼn i bo lɔ be koko yalɛ.,Baoulé,Mozilla Common Voice
common_voice_bci_41509241.mp3,A seman le kɛ Yako ti srongble.,Baoulé,Mozilla Common Voice
common_voice_bci_41506644.mp3,Viaʼn kpadja ɲanmiɛn su lɔ kpa.,Baoulé,Mozilla Common Voice
common_voice_bci_41506642.mp3,"Kɛ wiaʼn fíteʼn, be tra jue nzue baʼn nun.",Baoulé,Mozilla Common Voice
common_voice_bci_41506639.mp3,Be bo aya naan bʼa tra blo nnɛn kanngan mun.,Baoulé,Mozilla Common Voice
common_voice_bci_41506662.mp3,Kɔkɔti nnɛn Koffi dan yɛ ɔ dili kwlaa ɔ.,Baoulé,Mozilla Common Voice
common_voice_bci_41506663.mp3,Sanngɛ e kunndɛ kɛ amun uka e.,Baoulé,Mozilla Common Voice
common_voice_bci_41506669.mp3,"Kɛ e leman like uflɛ e yomanʼn, e faman e wun wlaman.",Baoulé,Mozilla Common Voice
common_voice_bci_41506670.mp3,Taluaʼm be fa waka mma nga be ɲinʼn be gua fie nga be mantan lɛʼn be nun.,Baoulé,Mozilla Common Voice
common_voice_bci_41506671.mp3,A kannin ndɛ sɔʼn i kpa.,Baoulé,Mozilla Common Voice
common_voice_bci_41506672.mp3,Ɔ sakili mi aata dilɛʼn.,Baoulé,Mozilla Common Voice
common_voice_bci_41506673.mp3,"Kanʼni ti, alua kunnin mi.",Baoulé,Mozilla Common Voice
common_voice_bci_41506700.mp3,N klo aliɛ dilɛ naan ɔ mʼan mi ɲan wunmiɛn.,Baoulé,Mozilla Common Voice
common_voice_bci_41506702.mp3,"Nzue blɛ nunʼn, yasuaʼm be nian nnɛniʼm be lika.",Baoulé,Mozilla Common Voice
common_voice_bci_41506703.mp3,"Mi houn Ano, Mi houn Ano, bla ɔ.",Baoulé,Mozilla Common Voice
common_voice_bci_41506598.mp3,"Kɛ bé súnman wɔʼn, ɔ fata kɛ a si wafa nga a kwla sunman ɔ wunʼn.",Baoulé,Mozilla Common Voice
common_voice_bci_41506596.mp3,Be fa man n dotié woman n dowa.,Baoulé,Mozilla Common Voice
common_voice_bci_41506594.mp3,Nán sran kunngba yɛ ɔ kan nguanʼn i sin ndɛʼn niɔn.,Baoulé,Mozilla Common Voice
common_voice_bci_41506724.mp3,"Ɔ fata kɛ a di junman titi ɔ ti kekle sanngɛ i sinʼn, a kunndɛ kɛ a ɲan ɔ aɲrunɲan.",Baoulé,Mozilla Common Voice
common_voice_bci_41506725.mp3,Taluaʼm be kpɛ nzue gboʼn nun be man awlobofuɛ mun.,Baoulé,Mozilla Common Voice
common_voice_bci_41506728.mp3,"Stéphane, kɔ kunndɛ bia man ɔ tontonʼn; ɔ́ trán ase.",Baoulé,Mozilla Common Voice
common_voice_bci_41506732.mp3,"Kpanwunʼn ti uflɛuflɛ, yɛ be kpa.",Baoulé,Mozilla Common Voice
common_voice_bci_41506553.mp3,Ɔ fata kɛ e wɔ ninnge tolɛ ka naan yʼa wɔ awlo.,Baoulé,Mozilla Common Voice
common_voice_bci_41506547.mp3,E ni mi yi e fali akunndan kun.,Baoulé,Mozilla Common Voice
common_voice_bci_41506545.mp3,"Nanwlɛʼn kwla titi i awieliɛ lɔʼn, sanngɛ ɔ ti kekle kɛ be tra be awlɛn.",Baoulé,Mozilla Common Voice
common_voice_bci_41506752.mp3,N kwlá wunman fluwa kekle sɔʼn i wlɛ.,Baoulé,Mozilla Common Voice
common_voice_bci_41506753.mp3,A ssassa be tia srɛ.,Baoulé,Mozilla Common Voice
common_voice_bci_41506754.mp3,"Like kwlaa ngʼɔ o e suʼn, ɔ ti kpa.",Baoulé,Mozilla Common Voice
common_voice_bci_41506533.mp3,Be nian woʼn i tinninʼn su naan yʼa wun sinʼnu.,Baoulé,Mozilla Common Voice
common_voice_bci_41506755.mp3,Klɔʼn su awlobo kwlaa le fie kaan kun mɔ be di fieʼn niɔn.,Baoulé,Mozilla Common Voice
common_voice_bci_41506766.mp3,Djavuɛ kun i srilɛʼn yo maan e klun jɔ.,Baoulé,Mozilla Common Voice
common_voice_bci_41506767.mp3,Nzraamaʼm be kpaja ɲanmiɛn su lɔ kɔnguɛ nga.,Baoulé,Mozilla Common Voice
common_voice_bci_41506769.mp3,"Kɛ like kwlaa ti dĩnʼn, angloʼn kpadja.",Baoulé,Mozilla Common Voice
common_voice_bci_41506770.mp3,Sranʼm be sɔnnin klɔʼn su.,Baoulé,Mozilla Common Voice
common_voice_bci_41506776.mp3,"Akɔʼn bo nglɛmun ndɛ kpa, titi.",Baoulé,Mozilla Common Voice
common_voice_bci_41506777.mp3,"Kɛ be klo sranʼn, ɔ yo be fɛ.",Baoulé,Mozilla Common Voice
common_voice_bci_41506778.mp3,Nʼyo wɔ kula mi wa bla.,Baoulé,Mozilla Common Voice
common_voice_bci_41506780.mp3,Aliɛ difuɛ kpaman tro nu.,Baoulé,Mozilla Common Voice
common_voice_bci_41506383.mp3,"Aɲiho, Kouassi, a su kɔ nin?",Baoulé,Mozilla Common Voice
common_voice_bci_41506504.mp3,Ɔ klɛli fluwa ko mannin i baba.,Baoulé,Mozilla Common Voice
common_voice_bci_41506503.mp3,Min si kleli min wafa nga be di agba fieʼn nun lɔʼn.,Baoulé,Mozilla Common Voice
common_voice_bci_41506502.mp3,Klɔʼn su awloboʼm be kwlaa be cɛcɛ avieʼn i nun ninngeʼm be nun.,Baoulé,Mozilla Common Voice
common_voice_bci_41506501.mp3,Bakanʼn timan kɛ able sa naan wʼa nian sɛ be kleli i like kpa ka naan wʼa yo sa tɛ.,Baoulé,Mozilla Common Voice
common_voice_bci_41506795.mp3,Gbanflɛn nin talua mun be yia wakaʼn i bo lɔ nnɔsua kwlaa.,Baoulé,Mozilla Common Voice
common_voice_bci_41506796.mp3,"Taluaʼm be suan lã tralɛʼm be tɛtɛlɛ nin be nin mun, be fa tralɛ fanunfanun nin lɔ ninngeʼm be yolɛ.",Baoulé,Mozilla Common Voice
common_voice_bci_41506816.mp3,"Cɛn nga be se kɛ bé úka sikaʼn suʼn, cɛn sɔʼn nun yɛ ń kɔ́ ɔ.",Baoulé,Mozilla Common Voice
common_voice_bci_41506817.mp3,Be fa nɲa nga be wun be guaʼn su lɔʼn be yo jɛtɛ ufue.,Baoulé,Mozilla Common Voice
common_voice_bci_41506818.mp3,Mi le akloundjouê oh Gnanmien nou.,Baoulé,Mozilla Common Voice
common_voice_bci_41506819.mp3,Aunmuan jɔwa sin waka bleʼm be afiɛn.,Baoulé,Mozilla Common Voice
common_voice_bci_41506828.mp3,Ɔ fata kɛ a nin sran kwlaa be tran kpa afin e siman like ngʼɔ́ wá jú ainmanʼn.,Baoulé,Mozilla Common Voice
common_voice_bci_41506829.mp3,Desɛn klanhan kpaʼm be sɔnnin min fluwaʼn nun.,Baoulé,Mozilla Common Voice
common_voice_bci_41506830.mp3,"Ɔka sɔʼn ti nglo lɔ, yɛ ɔ ti klanman kpa.",Baoulé,Mozilla Common Voice
common_voice_bci_41506831.mp3,Ye yoli i anniversɛri fɛtri.,Baoulé,Mozilla Common Voice
common_voice_bci_41506384.mp3,Manmi seli kɛ nnɛn ontin ontinʼm be ti tɛ.,Baoulé,Mozilla Common Voice
common_voice_bci_41505545.mp3,"Kɛ likaʼn kwlaa yo diinʼn, baʼm be kpan.",Baoulé,Mozilla Common Voice
common_voice_bci_41506382.mp3,"Fowou man defuɛ Jésus oh, ɔwa dewɔ.",Baoulé,Mozilla Common Voice
common_voice_bci_41506381.mp3,Gbanflɛn nin talua mun be di junman sɔʼn.,Baoulé,Mozilla Common Voice
common_voice_bci_41506846.mp3,Mi niaan bian Yako n su kɔ.,Baoulé,Mozilla Common Voice
common_voice_bci_41506848.mp3,A leman ɔ bɔbɔ ɔ fie a kwlá diman like nga ɔ awlɛnʼn kloʼn.,Baoulé,Mozilla Common Voice
common_voice_bci_41506888.mp3,Aika baʼn nɔnman nɔnnɔn ni i je.,Baoulé,Mozilla Common Voice
common_voice_bci_41506889.mp3,"Sran wieʼm be ɲrunʼn, sran wieʼm be ɲrun yɛ e ɲin yi sranʼn ti ɔ, nán srɛ mʼɔ kun eʼn ti ɔ.",Baoulé,Mozilla Common Voice
common_voice_bci_41506890.mp3,Be kplannin waka sua kun wakaʼn i wun lɛ.,Baoulé,Mozilla Common Voice
common_voice_bci_41506891.mp3,N seli ɔ niaan bianʼn kɛ ɔ ni e nin fie difuɛ ongaʼm be kwlaa be bla ainman.,Baoulé,Mozilla Common Voice
common_voice_bci_41506892.mp3,Ɔ ti kokowefuɛ ngʼɔ fɛ i wun mantan be nga be di a gba.,Baoulé,Mozilla Common Voice
common_voice_bci_41506918.mp3,Sinʼn kpadja fieʼn nun blɛblɛblɛ.,Baoulé,Mozilla Common Voice
common_voice_bci_41506919.mp3,"Kɛ nzueʼn ko tɔʼn, yasua sɔʼm be siesie sua baʼm be ti su.",Baoulé,Mozilla Common Voice
common_voice_bci_41506920.mp3,Sran kpanngban be o asɔnun lɔ andɛ tra annunman.,Baoulé,Mozilla Common Voice
common_voice_bci_41506922.mp3,"Baba, a kwla kanngan ndɛʼn nun kɔnguɛ nga.",Baoulé,Mozilla Common Voice
common_voice_bci_41506505.mp3,"Min suklu saciʼn nunʼn, crayon klanman kpaʼm be sɔnnin.",Baoulé,Mozilla Common Voice
common_voice_bci_41506345.mp3,"Min ndɛ kanlɛ naan mʼan saci min blɛʼn, n nunman nun kun.",Baoulé,Mozilla Common Voice
common_voice_bci_41506343.mp3,Tchɛtchɛ ɔ timan sɔ ndɛ.,Baoulé,Mozilla Common Voice
common_voice_bci_41506342.mp3,E yaciman nɲaʼm be lɛ ijreʼm be nun naan yʼa nianman sranʼm be wieʼn.,Baoulé,Mozilla Common Voice
common_voice_bci_41506341.mp3,N fali min ninnge mun n wlali min suklu bajɛʼn nun klanman.,Baoulé,Mozilla Common Voice
common_voice_bci_41506335.mp3,E lɛman like fi kun mɔ é fá kɔ́ dɔɔtrɔ lɔ ɔ.,Baoulé,Mozilla Common Voice
common_voice_bci_41506334.mp3,Be klo aliɛ diwlɛʼm be nun kɔlɛ naan bʼa di mɛn wunmuanʼn nun aliɛʼm be nun.,Baoulé,Mozilla Common Voice
common_voice_bci_41506332.mp3,Gbanflɛn nin talua me to jue guabo.,Baoulé,Mozilla Common Voice
common_voice_bci_41506325.mp3,Gbanflɛn nin taluaʼm be uka klɔʼn su suaʼm be siesielɛʼn su.,Baoulé,Mozilla Common Voice
common_voice_bci_41506323.mp3,"Kannzɛ bɔbɔ e se kɛ fiafuɛʼn wʼa yo juejueʼn, sanngɛ ɔ te bo sranʼm be srɛ.",Baoulé,Mozilla Common Voice
common_voice_bci_41506321.mp3,Aofuɛʼm be bali andɛ ndɔsua nun.,Baoulé,Mozilla Common Voice
common_voice_bci_41506319.mp3,"Tchɛtchɛ, ɔ timan min kodɛ sɛ ɔ ti mi kodɛʼn, n si i.",Baoulé,Mozilla Common Voice
common_voice_bci_41506318.mp3,A wun vie kanvie a woun vie yaki vie.,Baoulé,Mozilla Common Voice
common_voice_bci_41506295.mp3,Blaʼm be kle talua kannganʼm be klɔ lɔ lã ninngeʼm be yolɛ.,Baoulé,Mozilla Common Voice
common_voice_bci_41506294.mp3,Blaʼm be siesie aɲia mun naan bʼa kan klɔʼn i su ninngeʼm be ndɛ.,Baoulé,Mozilla Common Voice
common_voice_bci_41506292.mp3,Klɔ bakannganʼm be nin be siʼm be kɔ di ko njɛn.,Baoulé,Mozilla Common Voice
common_voice_bci_41506291.mp3,A le aniaan bian kaan kun mʼɔ ti klanman kpaʼn.,Baoulé,Mozilla Common Voice
common_voice_bci_41506227.mp3,Be sɔ aofuɛʼm be nun srilɛ nun.,Baoulé,Mozilla Common Voice
common_voice_bci_41506225.mp3,Ijɔ lɔ Ijɔ kɛ e ijɔ lɔ e tuaman sika.,Baoulé,Mozilla Common Voice
common_voice_bci_41506224.mp3,Klɔ sɔʼn le aliɛ diwlɛ kpanngban.,Baoulé,Mozilla Common Voice
common_voice_bci_41506223.mp3,Be fa nzue ba fieʼm be nun naan be fa uka be si ni be ni mun.,Baoulé,Mozilla Common Voice
common_voice_bci_41506222.mp3,"Mi nnɛn kpanngɔʼn wʼa saci, n kwlá fuman su kun.",Baoulé,Mozilla Common Voice
common_voice_bci_41506178.mp3,E faman kolaʼn i bue kun sa naan yʼa yi tɛ.,Baoulé,Mozilla Common Voice
common_voice_bci_41506175.mp3,Be di cɛn dilɛ wie mun naan bʼa yra ninnge nga be kpɛli be uflɛuflɛʼn be su.,Baoulé,Mozilla Common Voice
common_voice_bci_41506174.mp3,"Atinʼn kwla kata ɔ ɲrun lɛ, nán ɔ sin lɔ.",Baoulé,Mozilla Common Voice
common_voice_bci_41506173.mp3,Maan e wɔ.,Baoulé,Mozilla Common Voice
common_voice_bci_41506133.mp3,"E kwla man amun afɔtuɛ bɔbɔ kɛ sɛ fieʼn wʼa yoman yeʼn, amun yo like uflɛ.",Baoulé,Mozilla Common Voice
common_voice_bci_41506132.mp3,Ɔ fata kɛ a wunnzin naan wʼa tɔman tukpachtɛ.,Baoulé,Mozilla Common Voice
common_voice_bci_41506131.mp3,"Klɔ kun mɔ fɔundi o nunʼn, kɛ be wun iʼn, ɔ ti abonuan like.",Baoulé,Mozilla Common Voice
common_voice_bci_41506130.mp3,Bakannganʼm be wanndi fie mʼɔ ti mlanmlanmlanʼn nun.,Baoulé,Mozilla Common Voice
common_voice_bci_41506129.mp3,N klo kɛ ń fá min crayon ngʼɔ ti ufueʼn ń yí desɛn.,Baoulé,Mozilla Common Voice
common_voice_bci_41506109.mp3,Be wunnin ndɛ sɔʼn i trawlɛ.,Baoulé,Mozilla Common Voice
common_voice_bci_41506108.mp3,"Akɔʼn si kɛ nglɛmun nunʼn, sanngɛ ɔ yaci akɔbaʼn i lɛ naan ɔ kpan.",Baoulé,Mozilla Common Voice
common_voice_bci_41505648.mp3,"N kunndɛ kɛ ń nɔ́n nzue kan siɛnʼn, yaki.",Baoulé,Mozilla Common Voice
common_voice_bci_41505643.mp3,"Cɛn kwlaaʼn, lɔfuɛʼm be fa sranʼm be lotoʼm be kɔ lika ndɛndɛ.",Baoulé,Mozilla Common Voice
common_voice_bci_41505642.mp3,Maan e bo yo kun e di ngowa naan yʼa siman akplowa.,Baoulé,Mozilla Common Voice
common_voice_bci_41505640.mp3,E kunndɛ kɛ wɔ ni ɔ yiʼn be ni e bla.,Baoulé,Mozilla Common Voice
common_voice_bci_41505639.mp3,"Kɛ n sɔ min aradioʼn, djueʼn bo blɛblɛblɛ.",Baoulé,Mozilla Common Voice
common_voice_bci_41505589.mp3,Mi wunʼn ni mi mmaʼm be kleli min sanngɛ mi wla fi su titi.,Baoulé,Mozilla Common Voice
common_voice_bci_41505588.mp3,Ndreʼm be o okaʼm be su.,Baoulé,Mozilla Common Voice
common_voice_bci_41505586.mp3,Suklu kɔlɛʼn yo min fɛ kpa cɛn kwlaa.,Baoulé,Mozilla Common Voice
common_voice_bci_41505585.mp3,"Be waan kɛ a nin a wumanʼn, ɔ fata kɛ a di aliɛ kpa.",Baoulé,Mozilla Common Voice
common_voice_bci_41507572.mp3,Ɔ flunman kɛ be kpɛ i suʼn tra kɛ ɔ wuʼn.,Baoulé,Mozilla Common Voice
common_voice_bci_41505544.mp3,Suklu ti lika nʼga be suan like kɔkun be yo sran dan.,Baoulé,Mozilla Common Voice
common_voice_bci_41505543.mp3,Ba yasuaʼm be uka be si nin be nin naan be bo yo kun be di fie.,Baoulé,Mozilla Common Voice
common_voice_bci_41505542.mp3,Klɔ taluaʼm be sie nzue okaʼm be su.,Baoulé,Mozilla Common Voice
common_voice_bci_41505540.mp3,Waka mmaʼm be ti mlanmlanmlan yɛ be ti fɛ siɛnʼn.,Baoulé,Mozilla Common Voice
common_voice_bci_41503510.mp3,N si kɛ ɔ ti fiɛn.,Baoulé,Mozilla Common Voice
common_voice_bci_41503509.mp3,Ndɛ wɛtɛɛʼn yo sran kwlaa ye.,Baoulé,Mozilla Common Voice
common_voice_bci_41503508.mp3,Bakannganʼm be klo kɛ bé fá be ngowa kanlɛ ninngeʼm bé dí ngowa kɛ be ko wie suklu diʼn.,Baoulé,Mozilla Common Voice
common_voice_bci_41503507.mp3,"Andɛʼn, fie dilɛ ninnge uflɛuflɛʼm be sɔnnin klɔʼn i guaʼn su.",Baoulé,Mozilla Common Voice
common_voice_bci_41503506.mp3,"Sɛ nzueʼn wʼa yiman sɛʼn, nán nzue ngʼɔ tɔʼn yɛ ɔ́ kwlá yí ɔ.",Baoulé,Mozilla Common Voice
common_voice_bci_41507574.mp3,N wla fi su kɛ n yoli min awlo lɔ junmanʼn annunman.,Baoulé,Mozilla Common Voice
common_voice_bci_41507575.mp3,Klasiʼn i tabloʼn ti dan yɛ ɔ ti ble.,Baoulé,Mozilla Common Voice
common_voice_bci_41507576.mp3,"N su fite, Nʼma sa min sin ndɛndɛ.",Baoulé,Mozilla Common Voice
common_voice_bci_41507622.mp3,Blaʼm be kpɛ nɲa fieʼm be nun.,Baoulé,Mozilla Common Voice
common_voice_bci_41503495.mp3,"Cɛn wieʼm be o lɛʼn, n kwlá diman like.",Baoulé,Mozilla Common Voice
common_voice_bci_41503494.mp3,Ɔ yo waka manda atɛ guaʼn su lɔ.,Baoulé,Mozilla Common Voice
common_voice_bci_41503493.mp3,Manmi i aliɛʼn ti kpa titi.,Baoulé,Mozilla Common Voice
common_voice_bci_41503491.mp3,"I sɔʼn i ngunmin tiʼn, amun kwla lafi mi su.",Baoulé,Mozilla Common Voice
common_voice_bci_41507623.mp3,Blaʼm be yo nzue baʼm be nun sanwun naan nzueʼn wʼa yo sanwun.,Baoulé,Mozilla Common Voice
common_voice_bci_41507624.mp3,Ɔ ta agba i fieʼn nun afuɛ kwlaa nun.,Baoulé,Mozilla Common Voice
common_voice_bci_41507625.mp3,Ba yasuaʼm be tiɛ yɛbuɛ mun naan bʼa kplan talɛ.,Baoulé,Mozilla Common Voice
common_voice_bci_41507676.mp3,N kunndɛman kɛ ń kɔ́ suklu ainman.,Baoulé,Mozilla Common Voice
common_voice_bci_41507677.mp3,Wan yɛ amun bu i kɛ amun ti ɔ?,Baoulé,Mozilla Common Voice
common_voice_bci_41507678.mp3,Janvuɛʼm be kwlaa be bo ti kun kɛ awlobo sa.,Baoulé,Mozilla Common Voice
common_voice_bci_41507680.mp3,Awlo lɔ junmanʼn uka amun naan amun a wun like suanlɛʼn i wlɛ.,Baoulé,Mozilla Common Voice
common_voice_bci_41507759.mp3,"Trɛ nu pka trɛ nu pka nʼzue nʼtôlô yôhô, gnamien o kahé.",Baoulé,Mozilla Common Voice
common_voice_bci_41507760.mp3,"Taluaʼm be fa nzue kunmanʼn nun be man awlobofuɛ mun, be fa sɛʼm be su kpa, kpɛkun be di junmanʼn cɛn kwlaa.",Baoulé,Mozilla Common Voice
common_voice_bci_41507761.mp3,"Dɔɔtrɔ bianʼn ti e djanvuɛ, ɔ uka e.",Baoulé,Mozilla Common Voice
common_voice_bci_41507763.mp3,Gbanflɛn nin talua nga be nin be si be su koko yalɛʼn.,Baoulé,Mozilla Common Voice
common_voice_bci_41503455.mp3,"Nglɛmun ngaʼn, amun ukali min kpa.",Baoulé,Mozilla Common Voice
common_voice_bci_41503454.mp3,"E bo yo kun e di ngowa, e faman ya lɛ.",Baoulé,Mozilla Common Voice
common_voice_bci_41503453.mp3,Bakannganʼm be di ngowa wakaʼn i bo lɔ nglɛmun kwlaa.,Baoulé,Mozilla Common Voice
common_voice_bci_41503452.mp3,Be fa nzue ba fieʼm be nun naan be fa uka be si nin be ni mun.,Baoulé,Mozilla Common Voice
common_voice_bci_41507798.mp3,"Kɛ baʼn wun i ninʼn, ɔ sri.",Baoulé,Mozilla Common Voice
common_voice_bci_41503450.mp3,"Srɛ kunman min nnɛnʼn i tiʼn, yɛ n kunndɛman kɛ ń dí i ɲinmaʼn.",Baoulé,Mozilla Common Voice
common_voice_bci_41507799.mp3,Ayrɛʼn tɔ kɔnguɛʼm be nun.,Baoulé,Mozilla Common Voice
common_voice_bci_41507800.mp3,Baba fin gua bo lɔ bali nin waka mma.,Baoulé,Mozilla Common Voice
common_voice_bci_41507803.mp3,É kán ndɛ é klé i naan ɔ man fie difuɛʼm be kwlaa be gua kpa.,Baoulé,Mozilla Common Voice
common_voice_bci_41507836.mp3,Ɔ wla tralɛ ble klanman kpa titi.,Baoulé,Mozilla Common Voice
common_voice_bci_41507837.mp3,"Kɛ be ko wie suklu diʼn, be bo yo kun be suan like wakaʼn i bo lɔ.",Baoulé,Mozilla Common Voice
common_voice_bci_41507838.mp3,"Kɛ ɔ nin nunman lɛʼn, yɛ a nin ɔ si be la ɔ.",Baoulé,Mozilla Common Voice
common_voice_bci_41503435.mp3,N seli ɔ niaan bianʼn kɛ ɔ nin min bla.,Baoulé,Mozilla Common Voice
common_voice_bci_41503434.mp3,Klɔfuɛʼm be bo yo kun be gua avie fieʼm be su nzue.,Baoulé,Mozilla Common Voice
common_voice_bci_41503432.mp3,Be bo klolɛ naan bʼa wlu suklu lɔ.,Baoulé,Mozilla Common Voice
common_voice_bci_41503431.mp3,Sɛ n wieʼn ń bá ɔ awlo lɔ ń kán e junmanʼn i ndɛ.,Baoulé,Mozilla Common Voice
common_voice_bci_41507839.mp3,Lotoʼm be kɔ ndɛndɛ kpa akpɔ tɛʼm be su.,Baoulé,Mozilla Common Voice
common_voice_bci_41507840.mp3,N kɔ suklu lɔ loto nun.,Baoulé,Mozilla Common Voice
common_voice_bci_41507883.mp3,Manmi klo kɛ n wunnzin min dje.,Baoulé,Mozilla Common Voice
common_voice_bci_41507884.mp3,Be suan jue tralɛ nzue ba ngʼɔ mantan lɛʼn nun.,Baoulé,Mozilla Common Voice
common_voice_bci_41507886.mp3,Gbanflɛn nin taluaʼm be uka be si nin be nin fieʼm be nun.,Baoulé,Mozilla Common Voice
common_voice_bci_41507887.mp3,Like kloi nʼga fia fai su.,Baoulé,Mozilla Common Voice
common_voice_bci_41507950.mp3,Be bo aya naan bʼa tra blo nnɛn.,Baoulé,Mozilla Common Voice
common_voice_bci_41507951.mp3,N le balɔn klanman kun.,Baoulé,Mozilla Common Voice
common_voice_bci_41507979.mp3,Janvuɛʼm be wla gua ase.,Baoulé,Mozilla Common Voice
common_voice_bci_41507980.mp3,"Sɛ amun leman aniaan blaʼn, nn amun kunndɛman amun niaan bla.",Baoulé,Mozilla Common Voice
common_voice_bci_41507981.mp3,Bakannganʼm be tiɛ waka mma nga bʼa ɲinʼn fieʼn nun lɔ.,Baoulé,Mozilla Common Voice
common_voice_bci_41508009.mp3,"Sɛ a nian ɔ wun likaʼn, i sɔʼn kleman kɛ srɛ kun wɔ.",Baoulé,Mozilla Common Voice
common_voice_bci_41508010.mp3,Ɔ minndɛ i janvuɛʼn kafeʼn i ɲrun lɛ.,Baoulé,Mozilla Common Voice
common_voice_bci_41508011.mp3,"Kɛ a bo bakan kunʼn, a jranmɛn i sunlɛʼn i ɲrun.",Baoulé,Mozilla Common Voice
common_voice_bci_41508012.mp3,"Um, a kwlá seman mi kɛ a yo mi like kan? N si kɛ a ɔli sika kunndɛlɛ.",Baoulé,Mozilla Common Voice
common_voice_bci_41508013.mp3,"Andɛ Mɔnnɛn cɛnʼn, likaʼn ti dolɛ kpa.",Baoulé,Mozilla Common Voice
common_voice_bci_41508024.mp3,Mi nian bianʼn bali e osu nianlɛ.,Baoulé,Mozilla Common Voice
common_voice_bci_41508025.mp3,E nin like klefuɛʼn e yo matematiki.,Baoulé,Mozilla Common Voice
common_voice_bci_41508027.mp3,Blaʼm be tia wakaʼm be nun naan bʼa di lã aliɛ.,Baoulé,Mozilla Common Voice
common_voice_bci_41508028.mp3,"N fɛ, sanngɛ n lafiman.",Baoulé,Mozilla Common Voice
common_voice_bci_41508044.mp3,Ɔ ti klanman kɛ ngalɛ sa.,Baoulé,Mozilla Common Voice
common_voice_bci_41508048.mp3,N siman nzue nun wlɛwlɛ kɛ be ngaʼm be sa.,Baoulé,Mozilla Common Voice
common_voice_bci_41508056.mp3,Gbanflɛn kannganʼm be uka klɔʼn i lika nianlɛʼn su.,Baoulé,Mozilla Common Voice
common_voice_bci_41508061.mp3,Nán wɔ yɛ a sro mi kɛ bʼa sɔman mi nunʼn niɔn.,Baoulé,Mozilla Common Voice
common_voice_bci_41508072.mp3,Blaʼm be tɔn aliɛ be man fie difuɛ mun.,Baoulé,Mozilla Common Voice
common_voice_bci_41508074.mp3,"Kɛ likaʼn yo ayrɛʼn, n wla min tralɛʼn.",Baoulé,Mozilla Common Voice
common_voice_bci_41508075.mp3,Klɔʼn su fie difuɛʼm be di junman kekle nglɛmun lele nnɔsua.,Baoulé,Mozilla Common Voice
common_voice_bci_41508076.mp3,"Kɛ é nánti titiʼn, e saʼm be keje.",Baoulé,Mozilla Common Voice
common_voice_bci_41508077.mp3,Be di junman wie mun naan bʼa uka be nga be sa mianʼn.,Baoulé,Mozilla Common Voice
common_voice_bci_41508078.mp3,"Yaki, di like kan; á wún kɛ min yiʼn i aliɛʼn ti fɛ.",Baoulé,Mozilla Common Voice
common_voice_bci_41508079.mp3,"Sa kwlaa nga be tɔ e suʼn, be ti kpa.",Baoulé,Mozilla Common Voice
common_voice_bci_41508080.mp3,"Kɛ likaʼn doʼn, kakaaʼm be fite.",Baoulé,Mozilla Common Voice
common_voice_bci_41508081.mp3,Klɔʼn le nzue ba klanman kpa kun mʼɔ ti weiinʼn.,Baoulé,Mozilla Common Voice
common_voice_bci_41508097.mp3,"A kwla wua min suɛn, ɔ nin blɛ nga bé kún wɔʼn.",Baoulé,Mozilla Common Voice
common_voice_bci_41508098.mp3,Be bisât kɛ tu ɔ ho blɔfuɛ.,Baoulé,Mozilla Common Voice
common_voice_bci_41508099.mp3,E kwla jrannin like tɛ kpafuɛʼn i ɲrun kekle kpa ɔ ti.,Baoulé,Mozilla Common Voice
common_voice_bci_41508100.mp3,"A fuan akɔ tɛʼn, kpɛkun kpɛkun akɔ kpaʼn kusu ɔ kɔ.",Baoulé,Mozilla Common Voice
common_voice_bci_41508101.mp3,Sɛ gban mlô gnin y tôlɛ ô fa manhan nʼgna suhi.,Baoulé,Mozilla Common Voice
common_voice_bci_41508107.mp3,Ɔ wla fi i lakleʼm be su awlo lɔ.,Baoulé,Mozilla Common Voice
common_voice_bci_41508108.mp3,Be di aklunjuɛ fiawlɛ nun ngowa suaʼn nun lɔ.,Baoulé,Mozilla Common Voice
common_voice_bci_41508109.mp3,"Janvuɛʼm be sri be wiengu, kpɛkun be kan aklunjuɛ like kwlaa.",Baoulé,Mozilla Common Voice
common_voice_bci_41508110.mp3,Nnɛnʼn siman kɛ ngwlɛlɛfuɛʼn wun ɲrɛnnɛn.,Baoulé,Mozilla Common Voice
common_voice_bci_41508111.mp3,"Lotoʼn juli dɔ su, kpɛkun ɔ ɔli Bouaké.",Baoulé,Mozilla Common Voice
common_voice_bci_41508118.mp3,Nzueʼn tɔ wakaʼm be su blɛblɛblɛ.,Baoulé,Mozilla Common Voice
common_voice_bci_41508120.mp3,"Kɛ e klo e wun kpaʼn, sran fi sunman.",Baoulé,Mozilla Common Voice
common_voice_bci_41508121.mp3,"Min balɔnʼn wʼa jran, uka min ndɛndɛ!",Baoulé,Mozilla Common Voice
common_voice_bci_41508122.mp3,"Kɛ e idjɔ blɛlɛʼn, ɔ ti kpa.",Baoulé,Mozilla Common Voice
common_voice_bci_41508123.mp3,Ba yasuaʼm be uka fieʼm be dilɛ likaʼn nun.,Baoulé,Mozilla Common Voice
common_voice_bci_41508124.mp3,Anumanʼm be to djue wakaʼm be su lɔ.,Baoulé,Mozilla Common Voice
common_voice_bci_41508125.mp3,Be siesie ngowa kanlɛ ninnge mun be man klɔʼn su ba kanngan mun.,Baoulé,Mozilla Common Voice
common_voice_bci_41508137.mp3,Gbanflɛn kannganʼm be sasa klɔʼn.,Baoulé,Mozilla Common Voice
common_voice_bci_41508138.mp3,"Be mantanfuɛʼm be ti kpa, e tran klanman.",Baoulé,Mozilla Common Voice
common_voice_bci_41508139.mp3,Anumanʼm be to jue waka mmaʼm be nun.,Baoulé,Mozilla Common Voice
common_voice_bci_41508140.mp3,"Mi duman yɛlɛ Vanessa hɛ, mi ni mi niaan bla mun yɛ e baliɔ.",Baoulé,Mozilla Common Voice
common_voice_bci_41508150.mp3,Otekun ti yɛ yɔbuɛ ɔ fiʼn talɛ.,Baoulé,Mozilla Common Voice
common_voice_bci_41508151.mp3,Taluaʼm be fa nnɛnʼm be nɔnnɔn uflɛuflɛʼn be ba nglɛmun kwlaa.,Baoulé,Mozilla Common Voice
common_voice_bci_41508153.mp3,Angloʼn kpaja sua kannganʼm be su blɛblɛblɛ.,Baoulé,Mozilla Common Voice
common_voice_bci_41508162.mp3,"Janvuɛʼm be fa be ngowa kanlɛ ninngeʼm be man sran mun, ɔ ti kpa.",Baoulé,Mozilla Common Voice
common_voice_bci_41508163.mp3,Sɛ a su wa yi baʼm be sikaʼn kan kle mi.,Baoulé,Mozilla Common Voice
common_voice_bci_41508152.mp3,"Mi dilɛ nun e se kɛ kɛ a nin a wumanʼn, ɔ fata kɛ a di aliɛ kpa.",Baoulé,Mozilla Common Voice
common_voice_bci_41508165.mp3,Ayinʼman nʼma kɔ fie nu juman ni mi si.,Baoulé,Mozilla Common Voice
common_voice_bci_41508166.mp3,E klo kɛ é kɔ́ lika été nun.,Baoulé,Mozilla Common Voice
common_voice_bci_41508175.mp3,Ɔ leman kunman naan ɔ ti wɔ.,Baoulé,Mozilla Common Voice
common_voice_bci_41508176.mp3,Nanninʼn su siesie avie aliɛ tɔnwlɛ lɔ.,Baoulé,Mozilla Common Voice
common_voice_bci_41508178.mp3,Junior yɛ ɔ tɔli tukpacɛ kɛ ɔ fɛ i nglɛmun andɛʼn.,Baoulé,Mozilla Common Voice
common_voice_bci_41508180.mp3,Be suan djue tralɛ nzue ba ngʼɔ mantan lɛʼn nun.,Baoulé,Mozilla Common Voice
common_voice_bci_41508181.mp3,"N kplin ɔ su, ɔ fata kɛ e nin sran uflɛ e koko su yalɛ.",Baoulé,Mozilla Common Voice
common_voice_bci_41508189.mp3,"Sran ngʼɔ lafiʼn, ɔ usaman atin.",Baoulé,Mozilla Common Voice
common_voice_bci_41508190.mp3,Ɔ bɔbɔ ɔ ni yɛ a su kɔ.,Baoulé,Mozilla Common Voice
common_voice_bci_41508193.mp3,Lika do Nʼma lafi ndɛndɛ.,Baoulé,Mozilla Common Voice
common_voice_bci_41508194.mp3,Amun su saci e blɛ.,Baoulé,Mozilla Common Voice
common_voice_bci_41508205.mp3,Ɔ fata kɛ n tu mi klunngbɔ.,Baoulé,Mozilla Common Voice
common_voice_bci_41508206.mp3,"Kɛ sran kwlaa di aklunjuɛʼn, klɔʼn kpaja.",Baoulé,Mozilla Common Voice
common_voice_bci_41508207.mp3,Ɔ to jue titi nglɛmun nun nzueʼn nun.,Baoulé,Mozilla Common Voice
common_voice_bci_41508208.mp3,Math ti aklunjuɛ like nin nimero mun.,Baoulé,Mozilla Common Voice
common_voice_bci_41508209.mp3,N kwlá boman ngowa kun.,Baoulé,Mozilla Common Voice
common_voice_bci_41508215.mp3,Yasuaʼm be yo fie dilɛ ninnge mun naan bʼa di fieʼn i junman.,Baoulé,Mozilla Common Voice
common_voice_bci_41508216.mp3,Be blɛ mi fluwa ma.,Baoulé,Mozilla Common Voice
common_voice_bci_41508218.mp3,Taluaʼm be nin be janvuɛʼm be si able lã cɛn dilɛʼm be bo.,Baoulé,Mozilla Common Voice
common_voice_bci_41508219.mp3,Klɔʼn sufuɛʼm be yiali be kokoli yalɛ.,Baoulé,Mozilla Common Voice
common_voice_bci_41508235.mp3,Kouassi ɔ fata kɛ a si.,Baoulé,Mozilla Common Voice
common_voice_bci_41508236.mp3,"Sran nga be fin klɔʼn su lɔʼn, be yia fluwa siewlɛʼm be nun be kanngan fluwa nun, kpɛkun be suan like.",Baoulé,Mozilla Common Voice
common_voice_bci_41508237.mp3,Be tɔn aliɛ fɛfɛ kun be man e.,Baoulé,Mozilla Common Voice
common_voice_bci_41508241.mp3,Ɔ mannin min sika kan min junmanʼn i ti sanngɛ n leman sika yɛ ɔ fata kɛ.,Baoulé,Mozilla Common Voice
common_voice_bci_41508244.mp3,Manmi wunnzin tralɛ eni waka mma.,Baoulé,Mozilla Common Voice
common_voice_bci_41508245.mp3,"Nglɛmun kwlaaʼn, klɔ taluaʼm be yia gboʼn i wun lɛ.",Baoulé,Mozilla Common Voice
common_voice_bci_41508246.mp3,"I kpa bɔbɔʼn, e kanman ndɛ ngba.",Baoulé,Mozilla Common Voice
common_voice_bci_41508259.mp3,Manmi di junman kekle kpa naan wʼa to bonbon.,Baoulé,Mozilla Common Voice
common_voice_bci_41508261.mp3,"Sɛ amun siman kɛ avie mmaʼn ti kekleʼn, amun minndɛ lele naan wʼa kplɔ.",Baoulé,Mozilla Common Voice
common_voice_bci_41508278.mp3,"Nnɛn nga a si kɛ ɔ kwla min wɔʼn, ɔ yaciman ɔ lɛ naan ɔ ɲin ɔ.",Baoulé,Mozilla Common Voice
common_voice_bci_41508279.mp3,"Bakannganʼm be to jue, kpɛkun be si able nzueʼn nun.",Baoulé,Mozilla Common Voice
common_voice_bci_41508280.mp3,E ko trannin andɛ min wla fi min janvuɛʼm be su.,Baoulé,Mozilla Common Voice
common_voice_bci_41508292.mp3,"Kpanwun mɔ be tɔnnin uflɛuflɛʼn, i nvanʼn ti kpa.",Baoulé,Mozilla Common Voice
common_voice_bci_41508293.mp3,"Anangaman mi srɛ wɔ o, siɛ he man yo tɛ.",Baoulé,Mozilla Common Voice
common_voice_bci_41508294.mp3,"Sran ngʼɔ di like kanʼn, ɔ yoman tɛtɛ.",Baoulé,Mozilla Common Voice
common_voice_bci_41508296.mp3,"Janvuɛʼm be uka be wiengu, like kwlaa yo fɛ.",Baoulé,Mozilla Common Voice
common_voice_bci_41508299.mp3,Ontin ontin be nɔn mmoja naan bʼa tran nguan nun.,Baoulé,Mozilla Common Voice
common_voice_bci_41508312.mp3,"Suklu baʼm be suan like naan kɛ afuɛʼn wíeʼn, bʼa kwla yan be ekzaminʼn.",Baoulé,Mozilla Common Voice
common_voice_bci_41508313.mp3,"Manmi, Nʼyuman like nʼga mon nʼklo i.",Baoulé,Mozilla Common Voice
common_voice_bci_41508314.mp3,Sukluʼn kle amun kɛ amun yo sran kpa.,Baoulé,Mozilla Common Voice
common_voice_bci_41508315.mp3,Nzueʼn tɔ ijre suaʼn i ti su.,Baoulé,Mozilla Common Voice
common_voice_bci_41508342.mp3,"Kɛ i tiʼn wo lɛʼn, i jaʼn wlaman trɔʼn.",Baoulé,Mozilla Common Voice
common_voice_bci_41508344.mp3,Be tɛtɛ trɔ mun naan bʼa yo be lɔ guaʼn su lɔ atɛ.,Baoulé,Mozilla Common Voice
common_voice_bci_41508362.mp3,"Sanngɛ nian ɔ wun su, nán kan ɔ kodɛʼn kle sran fi.",Baoulé,Mozilla Common Voice
common_voice_bci_41508363.mp3,"Filmi nga be yi i televiziɔn nunʼn, ɔ yo sro dan.",Baoulé,Mozilla Common Voice
common_voice_bci_41508364.mp3,"Bian mʼɔ le ti bleʼn, ɔ wunnin i ɲrunʼn.",Baoulé,Mozilla Common Voice
common_voice_bci_41508365.mp3,Ye yili ye jaʼnvuɛʼm kɔnguɛ.,Baoulé,Mozilla Common Voice
common_voice_bci_41508366.mp3,Ɔ klo fluwa kannganlɛ.,Baoulé,Mozilla Common Voice
common_voice_bci_41508385.mp3,Mi si ti like klefuɛ.,Baoulé,Mozilla Common Voice
common_voice_bci_41508388.mp3,"Atin ngʼɔ kpɛʼn, ɔ saciman nzue baʼn.",Baoulé,Mozilla Common Voice
common_voice_bci_41508390.mp3,Wan yɛ ɔ buli min akunndan nglɛmun nga ɔ?,Baoulé,Mozilla Common Voice
common_voice_bci_41508391.mp3,"Uwka mma nga be ti uflɛuflɛʼn, be ti kpa man sran kwlaa.",Baoulé,Mozilla Common Voice
common_voice_bci_41508416.mp3,Like ngʼɔ fataman kɛ be kanʼn yɛle kɛ be yɛ be kan ndɛ sɔʼn niɔn.,Baoulé,Mozilla Common Voice
common_voice_bci_41508417.mp3,E su di blɛ awlobo nun Fue cɛn nnɔsua nga.,Baoulé,Mozilla Common Voice
common_voice_bci_41508419.mp3,Yalé foué wan divin ya fê.,Baoulé,Mozilla Common Voice
common_voice_bci_41508434.mp3,Ɲanmiɛn su lɔʼn ti ble kɛ nzueʼn tɔ danʼn.,Baoulé,Mozilla Common Voice
common_voice_bci_41508435.mp3,"Like nga n suɛnnin iʼn yɛle kɛ, ɔ fata kɛ a fa sika sɔʼn naan wʼa bo junman kan annzɛ fie kan kun bo.",Baoulé,Mozilla Common Voice
common_voice_bci_41508436.mp3,"Gnanmien kloli ye, ye le kɛ wa fa iwa wa man ye.",Baoulé,Mozilla Common Voice
common_voice_bci_41510127.mp3,"Sɛ a kunndɛman kɛ ɔ raʼn, ɔ su tɔnman.",Baoulé,Mozilla Common Voice
common_voice_bci_41509067.mp3,N nin baba e kɔ junman.,Baoulé,Mozilla Common Voice
common_voice_bci_41509068.mp3,Lɔfuɛʼm be klo kɛ bé nánti klɔʼn su.,Baoulé,Mozilla Common Voice
common_voice_bci_41509069.mp3,"E tra e sa nun, e klo i titi.",Baoulé,Mozilla Common Voice
common_voice_bci_41509070.mp3,"Klɔʼn i su ninngeʼm be ti kpa afuɛ nga nun, e la Ɲanmiɛn ase.",Baoulé,Mozilla Common Voice
common_voice_bci_41509072.mp3,Kloʼn wo tabliʼn i bo lɔ.,Baoulé,Mozilla Common Voice
common_voice_bci_41509074.mp3,"Fie nga n diʼn, yɛ ɔ man mi atin kɛ n di min junman kanʼn niɔn.",Baoulé,Mozilla Common Voice
common_voice_bci_41509080.mp3,Amun wunnzin amun saʼm be nun titi ka naan amun a di like.,Baoulé,Mozilla Common Voice
common_voice_bci_41509081.mp3,"Glaciʼn tɔli, n kwlá dimɛn i kun.",Baoulé,Mozilla Common Voice
common_voice_bci_41509082.mp3,"Odile, ɔ yo ɔ like! A djuli wa ndɛndɛ.",Baoulé,Mozilla Common Voice
common_voice_bci_41509083.mp3,Wakaʼm be man sran kwlaa i wawɛ.,Baoulé,Mozilla Common Voice
common_voice_bci_41509084.mp3,Ɔ fata kɛ ɔ wla wʼa fi su kɛ ayinʼn ti Fue cɛn.,Baoulé,Mozilla Common Voice
common_voice_bci_41509101.mp3,Mi si kleli mi wafa nga be di ablé fieʼn nun lɔʼn.,Baoulé,Mozilla Common Voice
common_voice_bci_41509102.mp3,E kwla yo ninnge mun likawlɛ naan sran kwlaa wʼa yo kpa.,Baoulé,Mozilla Common Voice
common_voice_bci_41509104.mp3,Loto nin motoʼm be sɔnnin akpɔʼm be su.,Baoulé,Mozilla Common Voice
common_voice_bci_41509121.mp3,"Andɛʼn, sranʼm be sɔnnin guaʼn su.",Baoulé,Mozilla Common Voice
common_voice_bci_41509122.mp3,Kpɛkun n ɲannin kasiɛnfuɛ kpanngban.,Baoulé,Mozilla Common Voice
common_voice_bci_41509123.mp3,"Ninnge nga be fa to beʼn be o lika kwlaa, ɔ ti srilɛ like!",Baoulé,Mozilla Common Voice
common_voice_bci_41509124.mp3,"Snack nga be di i wunmiɛn lolɛ blɛ nunʼn, ɔ yo fɛ titi.",Baoulé,Mozilla Common Voice
common_voice_bci_41509125.mp3,"A wun mi kɛ nga sa, n siman blɔfuɛ kpa, sanngɛ ndɛ nga sranʼm be kanʼn, ɔ timan mi ndɛ.",Baoulé,Mozilla Common Voice
common_voice_bci_41509136.mp3,Be su nian awlobo flimu kun kɔnguɛ nga.,Baoulé,Mozilla Common Voice
common_voice_bci_41509137.mp3,Be kɔ suklu likawlɛ nglɛmun kwlaa.,Baoulé,Mozilla Common Voice
common_voice_bci_41509138.mp3,Baba di sua kplanlɛ junman.,Baoulé,Mozilla Common Voice
common_voice_bci_41509139.mp3,Klɔ kpɛnngbɛnʼn tɔ tukpacɛ kɛ nga sranʼm be fa kanʼn sa.,Baoulé,Mozilla Common Voice
common_voice_bci_41509140.mp3,"Aloua Wan, Ô niann Tchrrr Ti, Ô Tranman Gboh.",Baoulé,Mozilla Common Voice
common_voice_bci_41509157.mp3,Gbanflɛn nin talua mun be lua nʼgatɛ.,Baoulé,Mozilla Common Voice
common_voice_bci_41509159.mp3,Nzue baʼm be sin okaʼm be su blɛblɛblɛ.,Baoulé,Mozilla Common Voice
common_voice_bci_41509160.mp3,Flɛriʼm be ɲin asɔnun sua laaʼn i wun lɛ.,Baoulé,Mozilla Common Voice
common_voice_bci_41509189.mp3,Koffiʼn kpadja kɔnguɛ mʼɔ ti ble kpaʼn nun.,Baoulé,Mozilla Common Voice
common_voice_bci_41509190.mp3,"Koffi nga nunʼn, fieʼm be ɲin kpa.",Baoulé,Mozilla Common Voice
common_voice_bci_41509191.mp3,Aluaʼn ti kaan kpa yɛ ɔ ti klanman.,Baoulé,Mozilla Common Voice
common_voice_bci_41509192.mp3,"Manmi, nʼto kɔkun nʼyo atɛ ekun.",Baoulé,Mozilla Common Voice
common_voice_bci_41509204.mp3,"Ninnge nga e ba amun sa nunʼn, be guaʼn wʼa yo dan.",Baoulé,Mozilla Common Voice
common_voice_bci_41509205.mp3,"Atrɛkpaʼn, sɛ e sɔnnin naan e su kɔ toʼn.",Baoulé,Mozilla Common Voice
common_voice_bci_41509206.mp3,Mi niaan bianʼn kunndɛman le kɛ ɔ nin min bé dí ngowa.,Baoulé,Mozilla Common Voice
common_voice_bci_41509207.mp3,Mi si kleli min wafa nga be di agba fieʼn nun lɔʼn.,Baoulé,Mozilla Common Voice
common_voice_bci_41509208.mp3,Baba toli balɔn klanhan kun man mi.,Baoulé,Mozilla Common Voice
common_voice_bci_41496886.mp3,"Mi mmaʼm be kwla kɔ suklu, yɛ fɔundi o mi awlo lɔ.",Baoulé,Mozilla Common Voice
common_voice_bci_41509219.mp3,"Ɔ fataman kɛ aika baʼn nɔn nɔnnɔn nin i jeʼn, sanngɛ ɔ fata kɛ ɔ fɛ i taflanmanʼn.",Baoulé,Mozilla Common Voice
common_voice_bci_41509221.mp3,"Yɛ sɛ ɔ ti min kodɛʼn, be seli kɛ nán n fa kle sran fi.",Baoulé,Mozilla Common Voice
common_voice_bci_41509234.mp3,"A lɛman fie, a kwlá diman waka nga a kloʼn.",Baoulé,Mozilla Common Voice
common_voice_bci_41509238.mp3,"Nzue su tɔ dan andɛ, nán ɔ wla fi ɔ tralɛʼm be su.",Baoulé,Mozilla Common Voice
common_voice_bci_41510125.mp3,"Be nga be tran lɔʼn, be cɛcɛ be ninnge nga be kpɛ beʼn be afiɛn.",Baoulé,Mozilla Common Voice
common_voice_bci_41506660.mp3,"Kɛ aunmuanʼn fitaʼn, wakaʼn i boʼn kejeman.",Baoulé,Mozilla Common Voice
common_voice_bci_41509250.mp3,Lotoʼn su kɔ blɛblɛblɛ akpɔʼn su.,Baoulé,Mozilla Common Voice
common_voice_bci_41509252.mp3,Manmin ton aliɛ man awlobofuɛ mun.,Baoulé,Mozilla Common Voice
common_voice_bci_41509253.mp3,N leman sika.,Baoulé,Mozilla Common Voice
common_voice_bci_41509269.mp3,Taluaʼm be tia waka naan bʼa sɔ sinʼm be nun.,Baoulé,Mozilla Common Voice
common_voice_bci_41509270.mp3,Viaʼn kpaja kpa klɔʼn i ti su lɔ.,Baoulé,Mozilla Common Voice
common_voice_bci_41509271.mp3,Ba yasuaʼm be fa nannin mun be wlu nnɛn kpanngɔʼm be nun nnɔsua kwlaa.,Baoulé,Mozilla Common Voice
common_voice_bci_41509273.mp3,Nzueʼn yo naan nigema be yo kpa.,Baoulé,Mozilla Common Voice
common_voice_bci_41509280.mp3,N klo i aata dilɛʼn kpa.,Baoulé,Mozilla Common Voice
common_voice_bci_41509282.mp3,"Klɔʼn i akpɔʼm be suʼn, sranʼm be sin su kpa.",Baoulé,Mozilla Common Voice
common_voice_bci_41509283.mp3,"Be kɔ gua bo lɔ be ko to ninnge mun, kpɛkun be yiyi be ɲin su.",Baoulé,Mozilla Common Voice
common_voice_bci_41510099.mp3,Kɔkun Sery nga n kunndɛman kɛ ń wún wɔ kun.,Baoulé,Mozilla Common Voice
common_voice_bci_41510100.mp3,Ba yasuaʼm be kɔ wakaʼm be nun be kunndɛ nnɛn kanngan mun.,Baoulé,Mozilla Common Voice
common_voice_bci_41510101.mp3,Yasuaʼm be yo aɲia be koko klɔʼn su junmanʼm be su yalɛ.,Baoulé,Mozilla Common Voice
common_voice_bci_41510102.mp3,Ɔ wun sasalɛʼn timan asiɛʼn i vɛrri.,Baoulé,Mozilla Common Voice
common_voice_bci_41510103.mp3,"Kɛ lika kwlaa ti fɔuunʼn, aunmuanʼn to djue.",Baoulé,Mozilla Common Voice
common_voice_bci_41510104.mp3,Ɔ ti mi niaan bian maan e wɔ.,Baoulé,Mozilla Common Voice
common_voice_bci_41510105.mp3,Suklu klefuɛʼn ti aklunyefuɛ yɛ ɔ trɛ i awlɛn e wun.,Baoulé,Mozilla Common Voice
common_voice_bci_41510106.mp3,E su siesie aliɛ ngunmin kun man aofuɛ nʼdɔssua.,Baoulé,Mozilla Common Voice
common_voice_bci_41510107.mp3,Di like kan ya koklo.,Baoulé,Mozilla Common Voice
common_voice_bci_41510108.mp3,"Mi ngbabuaʼm be ti tɛtɛ, be ti kaan kpa.",Baoulé,Mozilla Common Voice
common_voice_bci_41510109.mp3,"Ɔ yoli kekle mannin min kpa, sanngɛ ɔ ti laa liɛ.",Baoulé,Mozilla Common Voice
common_voice_bci_41510110.mp3,Sɛ n si kɛ ɔ leman duʼn.,Baoulé,Mozilla Common Voice
common_voice_bci_41508164.mp3,Aluaʼn nian sua ngʼɔ o anuanʼn i wun lɛʼn su.,Baoulé,Mozilla Common Voice
common_voice_bci_41510113.mp3,"Ô Wiégoun Mʼdôman Torh Siʼn nouh, yo y yako...Nan sékê, wa tranman pka tiorh.",Baoulé,Mozilla Common Voice
common_voice_bci_41510114.mp3,E bali kɛ é kán ndɛ naan amun a kpɛ i guaʼn su kan.,Baoulé,Mozilla Common Voice
common_voice_bci_41510115.mp3,Wan yɛ ɔ flɛ alua mun ɔn.,Baoulé,Mozilla Common Voice
common_voice_bci_41510112.mp3,Manmin siesie aliɛ man awlobofuɛ mun.,Baoulé,Mozilla Common Voice
common_voice_bci_41510117.mp3,E ko trannin andɛ mi wla fi mi djanvuɛʼm be su.,Baoulé,Mozilla Common Voice
common_voice_bci_41510123.mp3,N nin mi janvuɛ mun e to djue.,Baoulé,Mozilla Common Voice
common_voice_bci_41509249.mp3,Kaluaʼn lafi sofa ufueʼn su.,Baoulé,Mozilla Common Voice
common_voice_bci_41506646.mp3,"Kannzɛ bɔbɔ be se kɛ siklɛtiʼn wʼa wieʼn, sanngɛ a kwla ti i nvanʼn.",Baoulé,Mozilla Common Voice
common_voice_bci_41509065.mp3,Be tɔn aliɛ be man aofuɛ mun.,Baoulé,Mozilla Common Voice
common_voice_bci_41510134.mp3,Ok yo like nʼga a klo.,Baoulé,Mozilla Common Voice
common_voice_bci_41510135.mp3,Mi niaan bianʼn ɲannin akatua kun desɛn ngʼɔ yiliʼn i su akplowa silɛʼn nun.,Baoulé,Mozilla Common Voice
common_voice_bci_41510136.mp3,Ngue ti yɛ nzraamaʼm be kpaja kpa kɔnguɛ ɔ?,Baoulé,Mozilla Common Voice
common_voice_bci_41510138.mp3,"Nzueʼn kunndɛ kɛ ɔ́ tɔ́ naan sɛ wʼa tɔmanʼn, ɲannzuɛn su kunman asiɛʼn.",Baoulé,Mozilla Common Voice
common_voice_bci_41520976.mp3,Ɔ wlali tralɛ ufue klanman kpa andɛ.,Baoulé,Mozilla Common Voice
common_voice_bci_41510139.mp3,Klɔ sranʼm be klo klɔ guaʼm be su aklunjuɛ.,Baoulé,Mozilla Common Voice
common_voice_bci_41510140.mp3,Ɔ yoli kpa kɛ titi sa.,Baoulé,Mozilla Common Voice
common_voice_bci_41496903.mp3,"Abla Pokou waan: sɛ ɔ ndɛʼn truʼn, ɔ awlo lɔ sranʼm be ndɛ yɛ ɔ o lɛ ɔ.",Baoulé,Mozilla Common Voice
common_voice_bci_41496902.mp3,"Dɔɔtrɔʼm be nian tukpacifuɛʼm be lika kpa, kpɛkun be si be aunnvuɛ dan.",Baoulé,Mozilla Common Voice
common_voice_bci_41496887.mp3,Klɔʼn su lɔ gbanflɛn nin talua mun be bo yo kun be suan lã able silɛʼn.,Baoulé,Mozilla Common Voice
common_voice_bci_41491728.mp3,"Be wla be wiengu fanngan kɛ cɛn kwlakwla sa kekleekleʼm be tɔ be suʼn, be bu akunndan kpa.",Baoulé,Mozilla Common Voice
common_voice_bci_41496885.mp3,Like klefuɛʼn kan ndɛ fɛfɛ wie mun.,Baoulé,Mozilla Common Voice
common_voice_bci_41496884.mp3,"Sran ngʼɔ faman like fi siemɛn i ɲrunʼn, ɔ ɲanman like fi.",Baoulé,Mozilla Common Voice
common_voice_bci_41496883.mp3,Flɛriʼm be bon fan ni kpa.,Baoulé,Mozilla Common Voice
common_voice_bci_41496867.mp3,Amun nian sran tɛʼm be lika.,Baoulé,Mozilla Common Voice
common_voice_bci_41496866.mp3,Ba yasuaʼm be suan nzueʼn i nun wɛnlɛ klɔʼn i wun koko lɛ.,Baoulé,Mozilla Common Voice
common_voice_bci_41496865.mp3,Mi like klefuɛʼn kle e fluwa djɛn kwlakwla.,Baoulé,Mozilla Common Voice
common_voice_bci_41496863.mp3,E timan kpanngban sɛ e timan kun e kwlá kɔman e ɲrun.,Baoulé,Mozilla Common Voice
common_voice_bci_41496809.mp3,"Trɔ ngʼɔ nunman ɔ ti suʼn, a su simɛn i le kɛ ɔ ti nɔnnin.",Baoulé,Mozilla Common Voice
common_voice_bci_41496808.mp3,I kwlaa sɔʼn timan like fi man wɔ.,Baoulé,Mozilla Common Voice
common_voice_bci_41496807.mp3,N di min awlo lɔ junmanʼn ka naan mʼan fite lɔ mʼan ko di ngowa.,Baoulé,Mozilla Common Voice
common_voice_bci_41496806.mp3,Klɔ taluaʼm be sri kɛ bé bó ngowa nzue baʼn i wun lɛʼn.,Baoulé,Mozilla Common Voice
common_voice_bci_41496791.mp3,Ɔ sie i su mi nuan bo bɔbɔ?,Baoulé,Mozilla Common Voice
common_voice_bci_41496790.mp3,"Palaver mʼɔ o aniaan nɲɔn sɔʼm be afiɛnʼn, ɔ ti kɛ nzue ngʼɔ loʼn sa, ɔ kwlá saciman sua kun.",Baoulé,Mozilla Common Voice
common_voice_bci_41496789.mp3,N di bonbon kɛ sukluʼn wieʼn andɛ.,Baoulé,Mozilla Common Voice
common_voice_bci_41496788.mp3,Flimuʼn bo i bo blɛ trele kun nun.,Baoulé,Mozilla Common Voice
common_voice_bci_41496761.mp3,N seman kɛ n ti kpa tra wɔ.,Baoulé,Mozilla Common Voice
common_voice_bci_41496760.mp3,A bu i kɛ min ti yɛ a yo ɔ.,Baoulé,Mozilla Common Voice
common_voice_bci_41496758.mp3,Nestor n se kɛ yo yɛ sɛ e yo fieʼn i danʼn.,Baoulé,Mozilla Common Voice
common_voice_bci_41510141.mp3,Sranʼm be kplan waka kpanwun naan bʼa kpɛ nzue ba mun.,Baoulé,Mozilla Common Voice
common_voice_bci_41510142.mp3,Suaʼn ti klanman yɛ ɔ ti sanwun kpa.,Baoulé,Mozilla Common Voice
common_voice_bci_41510150.mp3,"Ah, ngue ti yɛ amun leman sika ɔ? Ɔ fata kɛ a ɲan sika.",Baoulé,Mozilla Common Voice
common_voice_bci_41510152.mp3,Waka tɛnndɛn kpaʼm be bo sin yia klɔʼn.,Baoulé,Mozilla Common Voice
common_voice_bci_41510158.mp3,E kunndɛ kɛ é trɛ́ e fieʼn nun.,Baoulé,Mozilla Common Voice
common_voice_bci_41510159.mp3,Ɔ bɔbɔ kwla ba wie.,Baoulé,Mozilla Common Voice
common_voice_bci_41510160.mp3,Klɔfuɛʼm be yia be bo yo kun be di fie.,Baoulé,Mozilla Common Voice
common_voice_bci_41510161.mp3,Baba condu loto kɔ guabo.,Baoulé,Mozilla Common Voice
common_voice_bci_41510163.mp3,"Kɛ amun nin sran kun be nin a tranmanʼn, nán amun se kɛ amun si i.",Baoulé,Mozilla Common Voice
common_voice_bci_41510164.mp3,"Suklu lɔʼn, n wun ninnge uflɛuflɛ mun.",Baoulé,Mozilla Common Voice
common_voice_bci_41510165.mp3,Aluaʼn su i minʼn su titi klɔʼn i lika kwlaa nun.,Baoulé,Mozilla Common Voice
common_voice_bci_41510168.mp3,Klɔʼn su bakannganʼm be wanndi.,Baoulé,Mozilla Common Voice
common_voice_bci_41510169.mp3,"Fie nga e yoliʼn, ɔ su man.",Baoulé,Mozilla Common Voice
common_voice_bci_41510170.mp3,Be toli tralɛ uflɛ be fa dili chtɛn dilɛʼn.,Baoulé,Mozilla Common Voice
common_voice_bci_41510171.mp3,Yasuaʼm be ta waka klɔʼn su lɔ.,Baoulé,Mozilla Common Voice
common_voice_bci_41510172.mp3,"Lupu se kɛ meow, ɔ ti srilɛ like, nán sɔ ɔ?",Baoulé,Mozilla Common Voice
common_voice_bci_41510174.mp3,Anumanʼn kwlá faman ya waka kun wun le.,Baoulé,Mozilla Common Voice
common_voice_bci_41510175.mp3,Ɔ ti nanwlɛ.,Baoulé,Mozilla Common Voice
common_voice_bci_41510176.mp3,Baba su siesie moto ngʼɔ saciliʼn andɛ.,Baoulé,Mozilla Common Voice
common_voice_bci_41510177.mp3,N klo kɛ ń súan ninnge uflɛ mun cɛn kwlaa.,Baoulé,Mozilla Common Voice
common_voice_bci_41510179.mp3,"Taluaʼm be suan lã miziki bolɛ ninngeʼm be bolɛ, be suan like be nunfuɛʼm be sa nun.",Baoulé,Mozilla Common Voice
common_voice_bci_41510180.mp3,"Klɔʼn su blaʼm be yia lɛ be ton aliɛ dandan lã cɛn dilɛʼm be ti, be fa awloboʼn i nun aliɛ dilɛ wafa laaʼm be di junman.",Baoulé,Mozilla Common Voice
common_voice_bci_41510181.mp3,"Able ngʼɔ yo awlo lɔʼn, nán amun wanndi si able.",Baoulé,Mozilla Common Voice
common_voice_bci_41510182.mp3,Be kɔ djue tralɛ nzueʼn nun nglɛmun kwlaa.,Baoulé,Mozilla Common Voice
common_voice_bci_41510188.mp3,"Sɛ amun kunndɛman kɛ viaʼn kpaja amun sinʼn, ɔ su kpajaman amun kuanʼn su wie.",Baoulé,Mozilla Common Voice
common_voice_bci_41510189.mp3,"Kɛ be wun sranʼn, i sɔʼn kleman kɛ be si sran sɔʼn.",Baoulé,Mozilla Common Voice
common_voice_bci_41510190.mp3,Ɔ su kanngan fluwa kun nun waka kun bo.,Baoulé,Mozilla Common Voice
common_voice_bci_41510192.mp3,"E leman sika kun, kan nga e ka lɛʼn, a fa nga kɔ nɔn nzan.",Baoulé,Mozilla Common Voice
common_voice_bci_41510216.mp3,N suan lɛtri klɛlɛ suklu lɔ.,Baoulé,Mozilla Common Voice
common_voice_bci_41510218.mp3,Djueʼn yo maan sranʼn i awlɛnʼn nin i wawɛʼn be wla gua ase.,Baoulé,Mozilla Common Voice
common_voice_bci_41510220.mp3,"Nanwlɛ, mi niaan mun, n yo amun mo dan.",Baoulé,Mozilla Common Voice
common_voice_bci_41510221.mp3,Klɔfuɛʼm be su siesie cɛn dilɛ dan kun ainman.,Baoulé,Mozilla Common Voice
common_voice_bci_41510222.mp3,"Sukluʼn wo mmua kpa, min jaʼm be fɛ.",Baoulé,Mozilla Common Voice
common_voice_bci_41510247.mp3,Bakannganʼm be srilɛʼn yo maan klɔʼn i nunfuɛʼm be di aklunjuɛ.,Baoulé,Mozilla Common Voice
common_voice_bci_41510248.mp3,"Baʼm be bo yo kun be sri, like kwlaa ti kpa.",Baoulé,Mozilla Common Voice
common_voice_bci_41510249.mp3,"Ɔ timan tɛ, n dun mmua dili aliɛ cɛn uflɛ.",Baoulé,Mozilla Common Voice
common_voice_bci_41510455.mp3,Sinnglinfuɛʼn siman kɛ ngwlɛlɛfuɛʼn fɛ.,Baoulé,Mozilla Common Voice
common_voice_bci_41510456.mp3,"Jenvieʼn ti diin, yɛ ɔ ti ble kpa.",Baoulé,Mozilla Common Voice
common_voice_bci_41510457.mp3,E fata kɛ e fa i e kɔ dɔɔtrɔ lɔ ndɛndɛ klɔʼn su lɔ.,Baoulé,Mozilla Common Voice
common_voice_bci_41510459.mp3,Klɔfuɛʼm be yia sinʼn i wun lɛ.,Baoulé,Mozilla Common Voice
common_voice_bci_41510466.mp3,"Sɛ nzue wa tɔmanʼn, é kɔ́ gua bo ainman nglɛmun.",Baoulé,Mozilla Common Voice
common_voice_bci_41510467.mp3,E nanti wakaʼm be nun.,Baoulé,Mozilla Common Voice
common_voice_bci_41510468.mp3,Be ɲinma nɲɔnʼm be kwlaa be le be tralɛ bo.,Baoulé,Mozilla Common Voice
common_voice_bci_41510469.mp3,E kɔ guaʼn su lɔ e ko to waka mma.,Baoulé,Mozilla Common Voice
common_voice_bci_41510470.mp3,Manmi waan nzue sanwunʼn ti kpa.,Baoulé,Mozilla Common Voice
common_voice_bci_41510471.mp3,"Be seman sɔ, ɔ ti ɔ tonton.",Baoulé,Mozilla Common Voice
common_voice_bci_41510472.mp3,Bakannganʼm be to balɔn klɔʼn i fieʼn su lɔ.,Baoulé,Mozilla Common Voice
common_voice_bci_41510473.mp3,N dili aliɛ kpa.,Baoulé,Mozilla Common Voice
common_voice_bci_41491750.mp3,Be si able nzraamaʼm be bo lɔ kɔnguɛ kwlaa.,Baoulé,Mozilla Common Voice
common_voice_bci_41491749.mp3,"Kannzɛ bɔbɔ e se kɛ nnɛn kpanngɔʼn wʼa ɲinmanʼn, sanngɛ ɔ timan kpa kɛ ɔ wla tralɛ ngʼɔ o i boʼn.",Baoulé,Mozilla Common Voice
common_voice_bci_41491748.mp3,Yɛ a seman kɛ a klo sran nga be fɛʼn.,Baoulé,Mozilla Common Voice
common_voice_bci_41491747.mp3,Ɔ sa mian tiɛ be fa cucu nʼkɔ nʼgnara nu.,Baoulé,Mozilla Common Voice
common_voice_bci_41491746.mp3,Bakanʼm be kpɛ waka be tɔn si fie su lɔ.,Baoulé,Mozilla Common Voice
common_voice_bci_41491740.mp3,Be su kplan sua uflɛuflɛ kun wa.,Baoulé,Mozilla Common Voice
common_voice_bci_41491739.mp3,Ndɛ fɛfɛʼm be sɔnnin suklu fluwaʼm be nun.,Baoulé,Mozilla Common Voice
common_voice_bci_41491738.mp3,N kwlá yoman puzzle kekle sɔʼn.,Baoulé,Mozilla Common Voice
common_voice_bci_41491737.mp3,"Kɛ á dí nnɛn kpanngɔʼn i saʼn, nian ɔ liɛʼn.",Baoulé,Mozilla Common Voice
common_voice_bci_41491736.mp3,"Sran ngʼɔ wlaman tralɛʼn, ɔ kpêman ala nzra nun.",Baoulé,Mozilla Common Voice
common_voice_bci_41491730.mp3,E bo yo kun e kɔ klɔ lɔ e ko di ngowa.,Baoulé,Mozilla Common Voice
common_voice_bci_41491729.mp3,Srɛ kunnin min mantanfuɛʼn i alua.,Baoulé,Mozilla Common Voice
common_voice_bci_41510474.mp3,Manmi kan ndɛ mango wakaʼn i bo lɔ.,Baoulé,Mozilla Common Voice
common_voice_bci_41491727.mp3,Klɔ taluaʼm be klo able silɛ.,Baoulé,Mozilla Common Voice
common_voice_bci_41491726.mp3,Klɔ blaʼm be bo balo guabo su lɔ.,Baoulé,Mozilla Common Voice
common_voice_bci_41510481.mp3,Manmi wunnzin tralɛ fien nglɛmun.,Baoulé,Mozilla Common Voice
common_voice_bci_41510483.mp3,Ɔ suman nnɛn kpanngɔ nɲɔn be su kpɛ kunngba.,Baoulé,Mozilla Common Voice
common_voice_bci_41510484.mp3,N suan fluwa klɛlɛ nin plɛti.,Baoulé,Mozilla Common Voice
common_voice_bci_41510490.mp3,Nzue tɔ kpa okaoka lika nga nun.,Baoulé,Mozilla Common Voice
common_voice_bci_41510492.mp3,Klɔʼn ti dĩn kɛ like kwlaa kɔ kpaʼn.,Baoulé,Mozilla Common Voice
common_voice_bci_41510506.mp3,E leman like fi naan yʼa siesie be wun naan bʼa sa be sin suklu lɔ.,Baoulé,Mozilla Common Voice
common_voice_bci_41510509.mp3,Be nin be si nin be nin be suan nnɛnʼm be lika nianlɛ.,Baoulé,Mozilla Common Voice
common_voice_bci_41510512.mp3,"Kɔnguɛʼn, nnɛn kpanngɔʼm be to jue fieʼn nun lɔ.",Baoulé,Mozilla Common Voice
common_voice_bci_41510513.mp3,Sranʼm be kɔ junman nglɛmun kwlaa.,Baoulé,Mozilla Common Voice
common_voice_bci_41510860.mp3,"Min desɛnʼn ti klanman, a klo i?",Baoulé,Mozilla Common Voice
common_voice_bci_41510861.mp3,"Nian ɔ mlu selikɛ, o wa nga wa yotɛ.",Baoulé,Mozilla Common Voice
common_voice_bci_41510862.mp3,Sran bleʼn wunnin i ɲrunʼn.,Baoulé,Mozilla Common Voice
common_voice_bci_41510863.mp3,Ye su kɔ gua bo ainman nglɛmun.,Baoulé,Mozilla Common Voice
common_voice_bci_41510875.mp3,Alua ble nian fenɛtri tikewa nu.,Baoulé,Mozilla Common Voice
common_voice_bci_41510876.mp3,"Aliɛʼn wʼa lo kpa, n rali min wun.",Baoulé,Mozilla Common Voice
common_voice_bci_41510879.mp3,N se kɛ yo a su kɔ fa ɔ sikaʼn?,Baoulé,Mozilla Common Voice
common_voice_bci_41510881.mp3,"Blaʼm be nian fieʼn nun nnɛnʼm be lika, be man be aliɛ, be nian be lika, be yo maan be yo juejue, yɛ be yo juejue.",Baoulé,Mozilla Common Voice
common_voice_bci_41510900.mp3,Ya kɔ Bouaké ainman nglɛmun.,Baoulé,Mozilla Common Voice
common_voice_bci_41510901.mp3,N kunndɛ kɛ n ɲan kpanwun mɔ be fa kpanwun kpanngban be gua nunʼn.,Baoulé,Mozilla Common Voice
common_voice_bci_41510902.mp3,"A kunndɛ kɛ á fá kokowefuɛʼn i ajaʼn, kpɛkun a kplinman su kɛ á wlá i ngbabuaʼn.",Baoulé,Mozilla Common Voice
common_voice_bci_41510903.mp3,Gbanflɛn ɔ ni talua mun be ta bua mun.,Baoulé,Mozilla Common Voice
common_voice_bci_41510904.mp3,"Kɛ mɔ amun ijɔʼn tiʼn, e yoli aɲanbeunfuɛ.",Baoulé,Mozilla Common Voice
common_voice_bci_41510905.mp3,"Mi janvuɛ kpaʼn ɔli lika uflɛ, ɔ yo min ya.",Baoulé,Mozilla Common Voice
common_voice_bci_41510907.mp3,Be ti yɛ be ɲannin sikaʼn niɔn.,Baoulé,Mozilla Common Voice
common_voice_bci_41510908.mp3,"Blɛ sunman nunʼn, klɔ bakannganʼm be di ngowa awie fieʼm be wun lɛ.",Baoulé,Mozilla Common Voice
common_voice_bci_41510909.mp3,Klɔfuɛʼm be siesie sika kunndɛlɛ naan bʼa uka be nga be sa mianʼn.,Baoulé,Mozilla Common Voice
common_voice_bci_41510910.mp3,Suanlɛ sɔʼn yɛ ɔ yoli maan mi ni mi mma mun e sinnin sa kekle sɔʼn nun ɔn.,Baoulé,Mozilla Common Voice
common_voice_bci_41510911.mp3,"Sɛ amun nɔn nzue kpanngbanʼn, ɔ ti kpa man amun.",Baoulé,Mozilla Common Voice
common_voice_bci_41510912.mp3,E bali ɔ wun wunlɛ kɛ é kán ndɛ.,Baoulé,Mozilla Common Voice
common_voice_bci_41510914.mp3,Be uka klɔʼn su lɔ nnɛnʼm be lika nianlɛ nun.,Baoulé,Mozilla Common Voice
common_voice_bci_41510920.mp3,N yia min janvuɛ mun suklu lɔ nglɛmun kwlaa.,Baoulé,Mozilla Common Voice
common_voice_bci_41510923.mp3,Ba yasuaʼm be kplan sua nɲa mun nin waka mma mun.,Baoulé,Mozilla Common Voice
common_voice_bci_41510924.mp3,Ɔ fata kɛ a wun ɔ wienguʼm be saʼm be wlɛ.,Baoulé,Mozilla Common Voice
common_voice_bci_41510945.mp3,E toli waka mma lɔ guaʼn su lɔ.,Baoulé,Mozilla Common Voice
common_voice_bci_41510946.mp3,Bakannganʼm be sri kɔkun be di ngowa be jranman.,Baoulé,Mozilla Common Voice
common_voice_bci_41510947.mp3,Anunmanʼm be tu be bo be kɔ ngua lɔ afuɛ kwlaa nun.,Baoulé,Mozilla Common Voice
common_voice_bci_41510948.mp3,Like klefuɛʼn yiyi like suanlɛʼn nun weinwein kpa.,Baoulé,Mozilla Common Voice
common_voice_bci_41510949.mp3,Be ni be siʼm be suan fieʼn i dilɛ.,Baoulé,Mozilla Common Voice
common_voice_bci_41510970.mp3,"Kpanwun mʼɔ ti nvanʼn, ɔ yo fɛ titi.",Baoulé,Mozilla Common Voice
common_voice_bci_41510971.mp3,Be bo balɔn Wunmiɛn-lolɛ-cɛn kwlaa nglɛmun.,Baoulé,Mozilla Common Voice
common_voice_bci_41510973.mp3,"Ngue ti yɛ ɲanmiɛn su lɔʼn ti ble ɔ, manmi?",Baoulé,Mozilla Common Voice
common_voice_bci_41510975.mp3,Ɔ tie ndɛ nga i nannan blaʼn kanʼn.,Baoulé,Mozilla Common Voice
common_voice_bci_41510977.mp3,Suklu klefuɛʼn kle e fluwa nun kannganlɛ kpa.,Baoulé,Mozilla Common Voice
common_voice_bci_41511010.mp3,Uka mi n leman like fi n yomɛn i ayre.,Baoulé,Mozilla Common Voice
common_voice_bci_41511011.mp3,"Sran nga be si i able silɛ wafaʼn, kɛ be bo tom-tomʼn, ɔ timan kekle mɛn i.",Baoulé,Mozilla Common Voice
common_voice_bci_41510116.mp3,Mi sran kpa n leman like fi.,Baoulé,Mozilla Common Voice
common_voice_bci_41511013.mp3,"Sa ngʼɔ ju e wienguʼm be suʼn, ɔ kwla tɔ e su wie.",Baoulé,Mozilla Common Voice
common_voice_bci_41511014.mp3,Klɔʼn ti dan yɛ sranʼm be bo sin yia chtin kwlaa.,Baoulé,Mozilla Common Voice
common_voice_bci_41511046.mp3,Siɛ ni niɛnʼm be klo kɛ be ni be mmaʼm be di blɛ Mɔnnɛn chtɛnʼn.,Baoulé,Mozilla Common Voice
common_voice_bci_41511012.mp3,"Sran kwlaa ngʼɔ te o nguan nunʼn, ɔ́ wún.",Baoulé,Mozilla Common Voice
common_voice_bci_41511048.mp3,N lua like kan kun asiɛʼn nun.,Baoulé,Mozilla Common Voice
common_voice_bci_41511049.mp3,E kwlakwla e bo yo kun e to aklunjuɛ jue kun.,Baoulé,Mozilla Common Voice
common_voice_bci_41511050.mp3,Lafilɛʼn uka mi wunnɛnʼn naan wʼa yo kpa.,Baoulé,Mozilla Common Voice
common_voice_bci_41511056.mp3,Flɛriʼn tike viaʼn i dolɛʼn su.,Baoulé,Mozilla Common Voice
common_voice_bci_41511057.mp3,Ɔ fataman kɛ a kan kle sran mun.,Baoulé,Mozilla Common Voice
common_voice_bci_41511058.mp3,"Kɛ lika kwlaa ti fɔuunʼn, anunmanʼm be to jue.",Baoulé,Mozilla Common Voice
common_voice_bci_41511059.mp3,Mi si wʼa dun mmua wʼa ɔ fieʼn nun N kunndɛli kɛ e nin i é kɔ́.,Baoulé,Mozilla Common Voice
common_voice_bci_41511060.mp3,Kɛ baʼm be di aliɛ kpa mɔ be te o nguan nunʼn.,Baoulé,Mozilla Common Voice
common_voice_bci_41511086.mp3,Viaʼn fiteli andɛ klɔʼn su lɔ.,Baoulé,Mozilla Common Voice
common_voice_bci_41511088.mp3,"Blaʼm be ton aliɛ be man be awlobofuɛ mun nin aofuɛ mun, be fa ninnge uflɛuflɛ mun, kpɛkun be nian lã aliɛʼm be su.",Baoulé,Mozilla Common Voice
common_voice_bci_41511090.mp3,"Sɛ a kunndɛ aklunjuɛ naan a wunmɛn iʼn, a kpɛ aklunjuɛ dilɛʼn i bo.",Baoulé,Mozilla Common Voice
common_voice_bci_41511107.mp3,"Nzueʼn ti dĩn, yɛ ɔ ti ble kpa.",Baoulé,Mozilla Common Voice
common_voice_bci_41511109.mp3,N kwla nian min awlobofuɛʼm be lika.,Baoulé,Mozilla Common Voice
common_voice_bci_41511110.mp3,Klɔ kpɛnngbɛnʼm be kle e wafa ngʼɔ fata kɛ e di fieʼn i kpa naan yʼa kwla di fieʼn i kpaʼn.,Baoulé,Mozilla Common Voice
common_voice_bci_41511389.mp3,Tchɛn kwlaa ɔ se mi kɛ n yaki.,Baoulé,Mozilla Common Voice
common_voice_bci_41511390.mp3,"Klɔʼn i su ninngeʼm be sɔnnin kpa afuɛ nga nun, e la Ɲanmiɛn ase.",Baoulé,Mozilla Common Voice
common_voice_bci_41511393.mp3,"Kɛ be nin a wieman nantilɛʼn, nn be saʼm be jranlɛʼn nin a wieman.",Baoulé,Mozilla Common Voice
common_voice_bci_41511394.mp3,La ndɛndɛ naan nglɛmunʼn wʼa djaso ndɛndɛ.,Baoulé,Mozilla Common Voice
common_voice_bci_41511395.mp3,Lawlɛʼn ti kpa naan bʼa lafi kpa.,Baoulé,Mozilla Common Voice
common_voice_bci_41511396.mp3,"Kɛ be se kɛ chiliʼn wʼa wie i kanninʼn nunʼn, á fá ɔ tiʼn kɔ́.",Baoulé,Mozilla Common Voice
common_voice_bci_41511397.mp3,Be fa fluwaʼn be sie i tabliʼn su.,Baoulé,Mozilla Common Voice
common_voice_bci_41511398.mp3,"Kɛ be ko di aliɛʼn, bakannganʼm be di bonbon.",Baoulé,Mozilla Common Voice
common_voice_bci_41511399.mp3,Ɔ nnɛn kpanngɔʼn wo suaʼn i ɲrun lɛ.,Baoulé,Mozilla Common Voice
common_voice_bci_41511400.mp3,Be nianman sran ngʼɔ su bobo nʼgatɛ nuanʼn nun.,Baoulé,Mozilla Common Voice
common_voice_bci_41511401.mp3,"Aniaan bla, n wun ndɛ nga a su kanʼn.",Baoulé,Mozilla Common Voice
common_voice_bci_41511402.mp3,Klɔ kpɛnngbɛnʼn ɔli e fieʼm be nun le mɔcuɛ ngʼɔ sinnin lɛʼn nun.,Baoulé,Mozilla Common Voice
common_voice_bci_41511403.mp3,"Dɔrtrɔ bianʼn i ndɛʼn tiʼn, mi waʼn ti kpa.",Baoulé,Mozilla Common Voice
common_voice_bci_41511409.mp3,"Taluaʼm be wla lã tralɛ, kpɛkun be nanti aeliɛ nga klɔ kpɛnngbɛnʼm be sieliʼn su.",Baoulé,Mozilla Common Voice
common_voice_bci_41511410.mp3,"Kɛ ɔ ko yo naan wʼa di aliɛ nga bla kun mɔ i wawɛʼn wʼa tɔʼn, ɔ tɔnʼn, ɔ ti kpa, kɛ n lafi awe nunʼn.",Baoulé,Mozilla Common Voice
common_voice_bci_41511412.mp3,Gbanflɛn nin taluaʼm be di fie dilɛ junmanʼn wie.,Baoulé,Mozilla Common Voice
common_voice_bci_41511413.mp3,"Nzueʼn i blɛ nunʼn, aunmuanʼn fita kekle kpa.",Baoulé,Mozilla Common Voice
common_voice_bci_41511485.mp3,"Baba, yo wɔ kula.",Baoulé,Mozilla Common Voice
common_voice_bci_41511487.mp3,Amun a wun kɛ n fa be sikaʼn wie le?,Baoulé,Mozilla Common Voice
common_voice_bci_41511490.mp3,N kɔ suklu nin min saci.,Baoulé,Mozilla Common Voice
common_voice_bci_41511492.mp3,Bakannganʼm be klo kɛ bé dí ngowa glaci danʼn nun.,Baoulé,Mozilla Common Voice
common_voice_bci_41511494.mp3,Ɔ fata kɛ mi niaan bian ni mi niaan blaʼm be ukali e niaan blaʼn.,Baoulé,Mozilla Common Voice
common_voice_bci_41491257.mp3,"Kɛ á nían ngowa kanlɛʼn, ɔ diman ngowa.",Baoulé,Mozilla Common Voice
common_voice_bci_41491256.mp3,Klɔ kpɛnngbɛnʼn wla gbanflɛn nin taluaʼm be fanngan kɛ be di fie.,Baoulé,Mozilla Common Voice
common_voice_bci_41491255.mp3,Bakannganʼm be su di ngowa klɔʼn su lɔ.,Baoulé,Mozilla Common Voice
common_voice_bci_41491254.mp3,Baba di junman kɔnguɛ kwlaa ka naan wʼa la.,Baoulé,Mozilla Common Voice
common_voice_bci_41491253.mp3,"Sika nga n ɲɛnnin iʼn, n fa yoli min junmanʼn.",Baoulé,Mozilla Common Voice
common_voice_bci_41491234.mp3,Angbeti blaʼn i ngunmin cɛ yɛ i wunʼn la kɔnguɛ kwlaa ɔ.,Baoulé,Mozilla Common Voice
common_voice_bci_41491231.mp3,Be tran ndje nu nan ba tu ndje.,Baoulé,Mozilla Common Voice
common_voice_bci_41491230.mp3,"Sɛ amun lafi amun wiengu yiʼn i aliɛʼn suʼn, awe kun amun kɛ amun lafi.",Baoulé,Mozilla Common Voice
common_voice_bci_41491229.mp3,I jaʼn ti ufue?,Baoulé,Mozilla Common Voice
common_voice_bci_41491228.mp3,N le janvuɛ kpanngban min suklu lɔ.,Baoulé,Mozilla Common Voice
common_voice_bci_41491212.mp3,Be su kɔ wunmiɛn lolɛ le mɔcuɛ nɲɔn sin.,Baoulé,Mozilla Common Voice
common_voice_bci_41491211.mp3,"Bla ngʼɔ wunnzɛʼn, ɔ kwlá nianmɛn i kuanʼn i bo lɔ.",Baoulé,Mozilla Common Voice
common_voice_bci_41491210.mp3,Be yia cafe me nu be koko yalɛ kɔkun be yijɔ likawlɛ.,Baoulé,Mozilla Common Voice
common_voice_bci_41491209.mp3,E di ablé ni avie fie dan sɔʼn nun.,Baoulé,Mozilla Common Voice
common_voice_bci_41491208.mp3,"Sran ngʼɔ bo alɛʼn i jɔʼn, ɔ diman alɛ sɔʼn wie.",Baoulé,Mozilla Common Voice
common_voice_bci_41511514.mp3,"Sɛ Ɲanmiɛn suan amun boʼn, like fi kwlá kwláman amun.",Baoulé,Mozilla Common Voice
common_voice_bci_41511515.mp3,"Nglɛmun nun aklunjuɛʼn timan like fi, nnɔsua nun aklunjuɛʼn yɛ ɔ ti aklunjuɛ kpafuɛʼn niɔn.",Baoulé,Mozilla Common Voice
common_voice_bci_41511516.mp3,Klɔʼn su suaʼm be ti tɛnndɛn.,Baoulé,Mozilla Common Voice
common_voice_bci_41511518.mp3,"Ɔ diman aliɛ kpa, dɔrtrɔ bianʼn seli sɔ.",Baoulé,Mozilla Common Voice
common_voice_bci_41511563.mp3,Be kɔ nzra nun fieʼm be nun naan bʼa di ijreʼm be afiɛn lɔ.,Baoulé,Mozilla Common Voice
common_voice_bci_41491172.mp3,"Nglɛmunʼn, e to cɛnʼn i jueʼn.",Baoulé,Mozilla Common Voice
common_voice_bci_41491171.mp3,"Sran uflɛ wieʼm be o lɛʼn, be se kɛ sika nga n le iʼn, ɔ ti nnɛn ngble, sanngɛ n lemɛn i nnɛn ngble.",Baoulé,Mozilla Common Voice
common_voice_bci_41491170.mp3,N ni mi si e kɔ fie nun junman dilɛ nglɛmun kwlaa.,Baoulé,Mozilla Common Voice
common_voice_bci_41491169.mp3,"Sran ngʼɔ di like kanʼn, ɔ yoman tɛtɛ le.",Baoulé,Mozilla Common Voice
common_voice_bci_41491167.mp3,Ɔ to jue fɛfɛ kpa man ba kanngan mun.,Baoulé,Mozilla Common Voice
common_voice_bci_41491151.mp3,"Kɛ fin nglɛmun andɛ, nʼkunnu kɛ nʼwɔ gua bo.",Baoulé,Mozilla Common Voice
common_voice_bci_41491148.mp3,Spɔriʼn ti aklunjuɛ like nin janvuɛ mun.,Baoulé,Mozilla Common Voice
common_voice_bci_41491147.mp3,Bakannganʼm be su di ngowa lika danʼn nun.,Baoulé,Mozilla Common Voice
common_voice_bci_41491146.mp3,E yi nnɛnʼm be desɛn art blɛ nun.,Baoulé,Mozilla Common Voice
common_voice_bci_41511565.mp3,"Mi mmaʼm be kwla kɔ suklu siɛnʼn, yɛ kɛ be tɔ tukpacɛʼn, n kwla fa be kɔ dɔɔtrɔ lɔ naan be yo be ayre.",Baoulé,Mozilla Common Voice
common_voice_bci_41511566.mp3,N kunndɛ kɛ n di glaci mɔ waka mma kpanngban be o nunʼn.,Baoulé,Mozilla Common Voice
common_voice_bci_41511567.mp3,Ɔ klo jueʼm be tielɛ.,Baoulé,Mozilla Common Voice
common_voice_bci_41511568.mp3,"Kɛ bé dí wunmiɛnʼn, janvuɛʼm be bo yo kun be di ngowa.",Baoulé,Mozilla Common Voice
common_voice_bci_41491129.mp3,"Sran ngʼɔ yo aunmuanʼn, yɛ ɔ dun mmua wun i wlɛ-ɔ.",Baoulé,Mozilla Common Voice
common_voice_bci_41491127.mp3,E bali kɛ é kán ndɛ.,Baoulé,Mozilla Common Voice
common_voice_bci_41491125.mp3,"Sa ngʼɔ nin wɔ be kɔʼn, nán ɔ ndɛndɛ kɔ nian.",Baoulé,Mozilla Common Voice
common_voice_bci_41511585.mp3,"Mi mmaʼm be kwla kɔ suklu, yɛ fɔundi o min awlo lɔ.",Baoulé,Mozilla Common Voice
common_voice_bci_41511586.mp3,Min si di junman kekle e awlobofuɛʼm be lika cɛn kwlakwla.,Baoulé,Mozilla Common Voice
common_voice_bci_41511587.mp3,E wunnin tralɛ klanman kun guabo lɔ.,Baoulé,Mozilla Common Voice
common_voice_bci_41490336.mp3,Aunmuanʼn fita nɲaʼm be su blɛblɛblɛ.,Baoulé,Mozilla Common Voice
common_voice_bci_41511598.mp3,A faman ɔ sa bɛʼn kleman ɔ klɔʼn le.,Baoulé,Mozilla Common Voice
common_voice_bci_41511599.mp3,Aluaʼn wanndi balɔnʼn i sin ndɛndɛ.,Baoulé,Mozilla Common Voice
common_voice_bci_41511600.mp3,"Ɔ fata kɛ amun kata fenɛtriʼm be su, onti ontinʼm be ti.",Baoulé,Mozilla Common Voice
common_voice_bci_41511601.mp3,Kloʼn lafi fɔuun viaʼn i bo lɔ.,Baoulé,Mozilla Common Voice
common_voice_bci_41511602.mp3,Manmi su tɔn aliɛ dan kun man awlobofuɛ mun.,Baoulé,Mozilla Common Voice
common_voice_bci_41511608.mp3,Awlobofuɛʼm be yia Wunmiɛn-lolɛ-chtɛn kwlaa be di like likawlɛ.,Baoulé,Mozilla Common Voice
common_voice_bci_41511610.mp3,Viaʼn uka ɔ naan wʼa yo ɔ fɛ.,Baoulé,Mozilla Common Voice
common_voice_bci_41511611.mp3,Ba yasuaʼm be suan kolɛ be nannanʼm be sa nun.,Baoulé,Mozilla Common Voice
common_voice_bci_41511612.mp3,Mi yi ɔli ko srɛli ukalɛ.,Baoulé,Mozilla Common Voice
common_voice_bci_41511634.mp3,Aluaʼn wanndi ndɛndɛ fieʼn nun lɔ.,Baoulé,Mozilla Common Voice
common_voice_bci_41511635.mp3,"Sɛ amun waan amún ɲán kokowefuɛʼn i ajaʼn, ɔ fata kɛ amun fɛ i ngbabuaʼn wie.",Baoulé,Mozilla Common Voice
common_voice_bci_41511637.mp3,"Andɛʼn, like klefuɛʼn kanngan ndɛ fɛfɛ kun nun kle e.",Baoulé,Mozilla Common Voice
common_voice_bci_41511661.mp3,Boliʼm be di ijre ngʼɔ o nzue baʼn i wun lɛʼn su.,Baoulé,Mozilla Common Voice
common_voice_bci_41511668.mp3,Flɛriʼm be ɲin ndɛndɛ sɛ nzueʼn sɔnninʼn.,Baoulé,Mozilla Common Voice
common_voice_bci_41511690.mp3,"N djuli suklu lɔ cɛ, mi tiʼn yo mi ya.",Baoulé,Mozilla Common Voice
common_voice_bci_41511692.mp3,"Andɛʼn, like klefuɛʼn mannin awlo lɔ junman kpanngban.",Baoulé,Mozilla Common Voice
common_voice_bci_41511693.mp3,Sranʼn i wunmiɛnʼn wo i wienguʼn i wun.,Baoulé,Mozilla Common Voice
common_voice_bci_41511699.mp3,Gonuan like sɔʼn wʼa saci.,Baoulé,Mozilla Common Voice
common_voice_bci_41490901.mp3,Mi niaan blaʼn le tralɛ klanman kpa.,Baoulé,Mozilla Common Voice
common_voice_bci_41490899.mp3,Séka kwla man e i gua kpa.,Baoulé,Mozilla Common Voice
common_voice_bci_41490863.mp3,Nglɛmun kwlaa e di junman kekle e nian e awlobo fieʼm be lika.,Baoulé,Mozilla Common Voice
common_voice_bci_41490862.mp3,Sran kpanngban be tran klɔ dan sɔʼn su.,Baoulé,Mozilla Common Voice
common_voice_bci_41490860.mp3,"Wie liɛʼn, awlo lɔ junmanʼm be dilɛʼn ti kekle.",Baoulé,Mozilla Common Voice
common_voice_bci_41490859.mp3,N kwlá boman min tralɛʼn i buto.,Baoulé,Mozilla Common Voice
common_voice_bci_41490834.mp3,Jueʼm be wlan nzue ba mʼɔ ti weiinʼn nun.,Baoulé,Mozilla Common Voice
common_voice_bci_41490813.mp3,"Sɛ ɔ ti kɛ sika nunman lɛʼn tiʼn, ɔ waʼn kwla wuli sɔ.",Baoulé,Mozilla Common Voice
common_voice_bci_41490810.mp3,Taluaʼm be tia ijreʼm be nun naan bʼa fa yo ayre.,Baoulé,Mozilla Common Voice
common_voice_bci_41490809.mp3,Be ti kpa tra kɛ be lafi be ngunminʼn.,Baoulé,Mozilla Common Voice
common_voice_bci_41490767.mp3,Sranʼm be fa kpanngɔʼm be fa sin likaʼm be nun.,Baoulé,Mozilla Common Voice
common_voice_bci_41490754.mp3,E kwla fa kɔ ni mi lotoʼn.,Baoulé,Mozilla Common Voice
common_voice_bci_41490752.mp3,Ye kwla kɔ jenvie nuan ainman?,Baoulé,Mozilla Common Voice
common_voice_bci_41490751.mp3,"Kɛ lika kwlaa ti diinʼn, yɛ bakannganʼm be to djue ɔ.",Baoulé,Mozilla Common Voice
common_voice_bci_41490750.mp3,Sɛ e ni i e kokoli su yalɛʼn ni?,Baoulé,Mozilla Common Voice
common_voice_bci_41490437.mp3,"Kɛ e yo ninnge munʼn, n klo i.",Baoulé,Mozilla Common Voice
common_voice_bci_41490436.mp3,"A kunndɛ kɛ á kún alɛ nin albinoʼn, sanngɛ a nin a kwlamɛn i, yɛ á kɔ́.",Baoulé,Mozilla Common Voice
common_voice_bci_41490435.mp3,"Kɛ á kɔ́ fa ɔ sikaʼn, fa ɔ nimeroʼn man bian ngʼɔ yi sikaʼn.",Baoulé,Mozilla Common Voice
common_voice_bci_41490434.mp3,"Manmi, Nʼkunnu kɛ eni wɔ ngowa siɛnʼn.",Baoulé,Mozilla Common Voice
common_voice_bci_41490433.mp3,"Baba nian ɔ nʼdɛ sɛkɛ, ɔwa nʼga su flɛ wɔ, a tɛ isu.",Baoulé,Mozilla Common Voice
common_voice_bci_41490341.mp3,Aluaʼn bo akpɔʼn su annunman kɔnguɛ.,Baoulé,Mozilla Common Voice
common_voice_bci_41490340.mp3,"Cɛn nga ń ɲínʼn, ń yó kɛ i sa.",Baoulé,Mozilla Common Voice
common_voice_bci_41490339.mp3,Nʼzue su tɔ kɔkun Nʼkunnu dɛ kan ngowa gua su lɔ.,Baoulé,Mozilla Common Voice
common_voice_bci_41511700.mp3,Yasuaʼm be kɔ akpasuaakpasua be ko kunndɛ nnɛn.,Baoulé,Mozilla Common Voice
common_voice_bci_41490335.mp3,Min tontonʼn yo nnɛn kpanngɔ atɛ klɔʼn i guaʼn su lɔ.,Baoulé,Mozilla Common Voice
common_voice_bci_41490261.mp3,Ba yalɛfuɛʼn siman kɛ i ninʼn klo i.,Baoulé,Mozilla Common Voice
common_voice_bci_41490260.mp3,Yalɛfuɛʼn klo i waʼn sanngɛ baʼn simɛn i sôr.,Baoulé,Mozilla Common Voice
common_voice_bci_41490259.mp3,"Kpɛkun, aata dilɛʼn yoman kɛ laaʼn sa kun.",Baoulé,Mozilla Common Voice
common_voice_bci_41490258.mp3,Klɔʼn su guaʼm be sonnin.,Baoulé,Mozilla Common Voice
common_voice_bci_41490257.mp3,Ɔ ti cinnjin ekun kɛ amun kunndɛ wafa nga amun kwla yo amun ninngeʼm be atɛ ndɛndɛʼn.,Baoulé,Mozilla Common Voice
common_voice_bci_41511701.mp3,Ɔ ti klanman annzɛ ɔ ti sɔ?,Baoulé,Mozilla Common Voice
common_voice_bci_41511702.mp3,Aluaʼn lafi fɔundi nun kpa.,Baoulé,Mozilla Common Voice
common_voice_bci_41511703.mp3,Bian bleʼn wunnin i ɲrunʼn.,Baoulé,Mozilla Common Voice
common_voice_bci_41511714.mp3,Srɛ kun min suaʼn nun lɔ aosinʼn.,Baoulé,Mozilla Common Voice
common_voice_bci_41511715.mp3,"Se ayo tɛ akoman lɔ, Gnanmien lika lɔ, oh.",Baoulé,Mozilla Common Voice
common_voice_bci_41511716.mp3,"Ɔ fata kɛ ɔ wun like ngʼɔ kunndɛliʼn, kɛ ɔ fɛ i annunmanʼn.",Baoulé,Mozilla Common Voice
common_voice_bci_41511717.mp3,Ta lɛ kpaki nin wɔtrɛwa gnan wlu wlɛ ɔ.,Baoulé,Mozilla Common Voice
common_voice_bci_41511733.mp3,"Nzueʼn ti mlanmlanmlan, ɔ kunndɛ kɛ nzue tɔ.",Baoulé,Mozilla Common Voice
common_voice_bci_41511735.mp3,"Sɛ amun kɔ klɔ kun mɔ be fa klenzua be kpɛkpɛ ayre nɲaʼm be nunʼn, amun yo cɛ.",Baoulé,Mozilla Common Voice
common_voice_bci_41511736.mp3,Sanngɛ ngue yɛ e waan é sé kɛ e leman like fi bɔbɔ ɔ?,Baoulé,Mozilla Common Voice
common_voice_bci_41511737.mp3,Mi wa yassua kun tɔ tupkatʃɛ tɛ kpa.,Baoulé,Mozilla Common Voice
common_voice_bci_41511743.mp3,N mlinnin min balɔnʼn i wun koko lɛ fieʼn nun lɔ.,Baoulé,Mozilla Common Voice
common_voice_bci_41511744.mp3,"Baba man yo tɛ, i so tiɛ mi srɛ wɔ.",Baoulé,Mozilla Common Voice
common_voice_bci_41511745.mp3,Bakannganʼm be su wanndi manmi fieʼn nun lɔ.,Baoulé,Mozilla Common Voice
common_voice_bci_41511746.mp3,Sranʼm be yia aliɛ diwlɛʼm be nun kpɛ sunman.,Baoulé,Mozilla Common Voice
common_voice_bci_41511747.mp3,Baba kanngan fluwa kun nun ka naan wʼa lafi.,Baoulé,Mozilla Common Voice
common_voice_bci_41511751.mp3,"Kɛ a ukaʼn, like kwlaa yo pɔpɔ.",Baoulé,Mozilla Common Voice
common_voice_bci_41511753.mp3,Be lafiman be tchin laliɛ sɛ.,Baoulé,Mozilla Common Voice
common_voice_bci_41511754.mp3,Klɔʼn su fie difuɛʼm be yiali be kokoli ninngeʼm be kpɛlɛʼn i su yalɛ.,Baoulé,Mozilla Common Voice
common_voice_bci_41511756.mp3,Be toli nnɛn kpanngɔ ufue uflɛ.,Baoulé,Mozilla Common Voice
common_voice_bci_41511767.mp3,Ɔ janvuɛ Sery tuaman kalɛ.,Baoulé,Mozilla Common Voice
common_voice_bci_41511773.mp3,N man min sa su kɛ ń úsa kosan kun.,Baoulé,Mozilla Common Voice
common_voice_bci_41511775.mp3,Taluaʼm be nin be ninʼm be suan aliɛ tonlɛ nnɔsua kwlaa.,Baoulé,Mozilla Common Voice
common_voice_bci_41511798.mp3,Sran kwlaa klo jue nin avie.,Baoulé,Mozilla Common Voice
common_voice_bci_41511800.mp3,"Sɛ min ɲinmaʼn ti kpinngbinʼn, i boʼn yɛle kɛ n ti kpinngbin, afin bakanʼn ti kpinngbin tra nanninʼn.",Baoulé,Mozilla Common Voice
common_voice_bci_41511801.mp3,"Nian, n wunnin yɔbuɛ klanman kpa kun!",Baoulé,Mozilla Common Voice
common_voice_bci_41511807.mp3,"Bakannganʼm bʼa diman like kɔnguɛ nga, ɔ cɛman be wa kɔ suklu.",Baoulé,Mozilla Common Voice
common_voice_bci_41511808.mp3,N su ba nnɔsua nun ń kó nían wafa nga baʼn tiʼn.,Baoulé,Mozilla Common Voice
common_voice_bci_41511809.mp3,"Nian, ń klé wɔ wafa nga be fa yoʼn.",Baoulé,Mozilla Common Voice
common_voice_bci_41511810.mp3,"N ni a ɲanmɛn i de, ɔ maan ɔ timan mi ndɛ.",Baoulé,Mozilla Common Voice
common_voice_bci_41511811.mp3,Anunmanʼm be to jue nglɛmun nun.,Baoulé,Mozilla Common Voice
common_voice_bci_41511812.mp3,Bakannganʼm be kpɛ be tralɛʼm be nun.,Baoulé,Mozilla Common Voice
common_voice_bci_41511813.mp3,E faman kolaʼn i bue e yiman tɛ.,Baoulé,Mozilla Common Voice
common_voice_bci_41511814.mp3,"Kɛ a nɔn nzue ngʼɔ o sin lɔʼn, a nianman nzue ngʼɔ o sin lɔʼn i bueʼm be su.",Baoulé,Mozilla Common Voice
common_voice_bci_41511815.mp3,Wafa sɛ yɛ ɔ yoli annunman ni sranʼm be junman difuɛ mun?,Baoulé,Mozilla Common Voice
common_voice_bci_41511822.mp3,Klɔʼn su gbanflɛn nin talua mun be bo balɔn nnɔsua kwlaa.,Baoulé,Mozilla Common Voice
common_voice_bci_41511823.mp3,Ye wa kɔ lika mmuammua ainman.,Baoulé,Mozilla Common Voice
common_voice_bci_41511824.mp3,E kwlakwla e di like likawlɛ kantinʼn nun lɔ.,Baoulé,Mozilla Common Voice
common_voice_bci_41511830.mp3,Klɔʼn i kanninʼm be kpaja kɔnguɛ.,Baoulé,Mozilla Common Voice
common_voice_bci_41511831.mp3,Kata fenɛtriʼm be kwlaa be su siɛnʼn.,Baoulé,Mozilla Common Voice
common_voice_bci_41511832.mp3,Eh mi niaan bla be wan ngue yɛ a su yo kpa?,Baoulé,Mozilla Common Voice
common_voice_bci_41511833.mp3,Ɔ timan kpa ti yɛ ɔ yo sɔ ɔ.,Baoulé,Mozilla Common Voice
common_voice_bci_41511839.mp3,Like kwlaa le i blɛ.,Baoulé,Mozilla Common Voice
common_voice_bci_41511840.mp3,Ɔ mannin mi afɔtuɛ naan mi waʼn wʼa yo juejue.,Baoulé,Mozilla Common Voice
common_voice_bci_41511841.mp3,Klɔ taluaʼm be kwla ɲan nzue.,Baoulé,Mozilla Common Voice
common_voice_bci_41511842.mp3,Magasinʼm be o klɔʼn i lika kwlaa nun.,Baoulé,Mozilla Common Voice
common_voice_bci_41511843.mp3,Anumanʼm be to djue nglɛmun ndɛ kpa wakaʼm be su.,Baoulé,Mozilla Common Voice
common_voice_bci_41511844.mp3,Be fa nzue ba fieʼm be nun naan be fa uka be si nin be nin mun.,Baoulé,Mozilla Common Voice
common_voice_bci_41511845.mp3,"I modja mɔ guali ɔ, tumi tɛ mu klwa.",Baoulé,Mozilla Common Voice
common_voice_bci_41511847.mp3,Alɛ min suan ɔ bo.,Baoulé,Mozilla Common Voice
common_voice_bci_41511848.mp3,N ɲannin min diplɔmuʼn andɛ.,Baoulé,Mozilla Common Voice
common_voice_bci_41511849.mp3,"Min teddy bearʼn, ɔ fata kɛ be tra min awlɛn blɛblɛblɛ.",Baoulé,Mozilla Common Voice
common_voice_bci_41511886.mp3,"Kɛ mɔ n bu min junmanʼn i cinnjinʼn tiʼn, min liɛʼn wʼa yo ye.",Baoulé,Mozilla Common Voice
common_voice_bci_41511888.mp3,"Sɛ a kunndɛman kɛ ɔ raʼn, ɔ su beman.",Baoulé,Mozilla Common Voice
common_voice_bci_41511890.mp3,Ɔ fata kɛ be uka min naan mʼan wie junmanʼn i di ndɛndɛ.,Baoulé,Mozilla Common Voice
common_voice_bci_41511891.mp3,"N kunndɛ sɔkɔti, ɔ ti min liɛ!",Baoulé,Mozilla Common Voice
common_voice_bci_41511047.mp3,Kɛ aliɛʼn ti dowa ɔ yo fɛ kpa.,Baoulé,Mozilla Common Voice
common_voice_bci_41511898.mp3,E wun kɛ be nin be janvuɛʼn be su uka klɔʼn.,Baoulé,Mozilla Common Voice
common_voice_bci_41511900.mp3,Like klefuɛʼn yiyi like suanlɛʼm be nun kpa.,Baoulé,Mozilla Common Voice
common_voice_bci_41511904.mp3,N siman like nga n yoliʼn bɔbɔ.,Baoulé,Mozilla Common Voice
common_voice_bci_41511897.mp3,Wiaʼn kaman yalɛ nun naan wʼa wu.,Baoulé,Mozilla Common Voice
common_voice_bci_41511918.mp3,"Kɛ be ko wie nantiʼn, be saʼn i jranlɛʼn jranman.",Baoulé,Mozilla Common Voice
common_voice_bci_41511919.mp3,"Maan e bo yo kun e di ngowa, nán e kpan, e sri.",Baoulé,Mozilla Common Voice
common_voice_bci_41511923.mp3,Guaʼn wʼa yi andɛ Fue chtɛn.,Baoulé,Mozilla Common Voice
common_voice_bci_41520992.mp3,N su usa wɔ ndɛ kun.,Baoulé,Mozilla Common Voice
common_voice_bci_41520991.mp3,"Kɛ a koto naan á nían kpanwunʼn i kunmanʼn nunʼn, nán maan ɔ wla fi su kɛ ɔ kunman kasiɛnʼn ti tikewa.",Baoulé,Mozilla Common Voice
common_voice_bci_41520989.mp3,"Be nga be tran lɔʼn, be fa lika sɔʼm be di junman be awloʼm be gua su lɔ.",Baoulé,Mozilla Common Voice
common_voice_bci_41520988.mp3,Be siesie fluwa siewlɛ lɔ fluwa mun kpa tabliʼm be su.,Baoulé,Mozilla Common Voice
common_voice_bci_41520987.mp3,"Be nga be tran lɔʼn, be kɔ be mantanfuɛʼm be aɲiaʼm be bo be koko lɔ junmanʼm be su yalɛ.",Baoulé,Mozilla Common Voice
common_voice_bci_41520986.mp3,Mi aata dilɛʼn sakili.,Baoulé,Mozilla Common Voice
common_voice_bci_41511917.mp3,Balɔnʼn ya ka suaʼn ti su lɔ.,Baoulé,Mozilla Common Voice
common_voice_bci_41520977.mp3,Ye le kɛ wa fa iwa wa man yé.,Baoulé,Mozilla Common Voice
common_voice_bci_41520979.mp3,"Sran nga be fin klɔʼn su lɔʼn, be kɔ guabo lɔ be ko to ninnge nga be yili be uflɛuflɛʼn.",Baoulé,Mozilla Common Voice
common_voice_bci_41520985.mp3,Be di junman klɔ nin sran akpasuaakpasuaʼm be nun naan bʼa ɲan ukalɛ.,Baoulé,Mozilla Common Voice
common_voice_bci_41520970.mp3,Baba waan aliɛʼn man sran wunmiɛn.,Baoulé,Mozilla Common Voice
common_voice_bci_41520971.mp3,"Sran ngʼɔ klo kɛ be yo i likeʼn, yɛ ɔ di i fieʼn atinʼn i nuan lɛ ɔ.",Baoulé,Mozilla Common Voice
common_voice_bci_41520972.mp3,"Nglɛmunʼn, akɔɲinmanʼn kpan kekle kpa.",Baoulé,Mozilla Common Voice
common_voice_bci_41520973.mp3,"Anianbla, nanwlè Gniamien ɔ wunyi.",Baoulé,Mozilla Common Voice
common_voice_bci_41520975.mp3,Nestor n kanman ndɛ fi n kleman wɔ.,Baoulé,Mozilla Common Voice
