anglais,francais,dioula,source,langue_cible
a lot,beaucoup,caman,Anglais_Français_Dioula.csv,Dioula
aardvark,oryctérope,tinba,Anglais_Français_Dioula.csv,Dioula
abandon,abandonner,bila / fantori / kunbila,Anglais_Français_Dioula.csv,Dioula
abbreviate,abréger,dɔgɔya,Anglais_Français_Dioula.csv,Dioula
abdomen,abdomen,barakɔrɔla / kɔnɔbara,Anglais_Français_Dioula.csv,Dioula
ability,capacité / aptitude,dalilu / seko,Anglais_Français_Dioula.csv,Dioula
abolish,abolir,dabila / faga,Anglais_Français_Dioula.csv,Dioula
abortion,avortement,kɔnɔbɔ / kɔnɔtiɲɛ,Anglais_Français_Dioula.csv,Dioula
about,environ / au sujet de,bɔ / kan,Anglais_Français_Dioula.csv,Dioula
above,au-dessus,kunna / sanfɛ,Anglais_Français_Dioula.csv,Dioula
abscess,abcès,funu / sumuni,Anglais_Français_Dioula.csv,Dioula
absence,absence,tanya,Anglais_Français_Dioula.csv,Dioula
absolutely,absolument,faasi / fewu / tigitigi,Anglais_Français_Dioula.csv,Dioula
abuse,abus / abuser,danmatɛmɛ,Anglais_Français_Dioula.csv,Dioula
accept,accepter,jɛn / kiti / kun / sɔn,Anglais_Français_Dioula.csv,Dioula
accident,accident,balawu / kasara,Anglais_Français_Dioula.csv,Dioula
accompany,accompagner,bila / bilasira,Anglais_Français_Dioula.csv,Dioula
accomplish,accomplir,dafa / kɛ,Anglais_Français_Dioula.csv,Dioula
accord,accord,bɛn / dakɛɲɛ,Anglais_Français_Dioula.csv,Dioula
account,compte,dan / jati,Anglais_Français_Dioula.csv,Dioula
accuse,accuser,jalaki / sendon,Anglais_Français_Dioula.csv,Dioula
acid,acide,kumu,Anglais_Français_Dioula.csv,Dioula
act / action,acte / agir,kɛwale / wale,Anglais_Français_Dioula.csv,Dioula
active,actif,kisɛman,Anglais_Français_Dioula.csv,Dioula
add,ajouter / additionner,fara / kafo,Anglais_Français_Dioula.csv,Dioula
address,adresse,ladɛrɛsi / tigɛdiya,Anglais_Français_Dioula.csv,Dioula
adult,adulte,baliku / mɔgɔkɔrɔba,Anglais_Français_Dioula.csv,Dioula
advance,avancer / avance,avansi / ɲɛtaga,Anglais_Français_Dioula.csv,Dioula
advice,conseil,ladili,Anglais_Français_Dioula.csv,Dioula
affair,affaire,koo / kunko,Anglais_Français_Dioula.csv,Dioula
afraid,effrayé / avoir peur,tɔlɛ,Anglais_Français_Dioula.csv,Dioula
after,après,kɔ / kɔfɛ,Anglais_Français_Dioula.csv,Dioula
again,encore,belen / tuguni,Anglais_Français_Dioula.csv,Dioula
against,contre,kanma / kunna,Anglais_Français_Dioula.csv,Dioula
age,âge,lon / si,Anglais_Français_Dioula.csv,Dioula
agent,agent,walekɛla,Anglais_Français_Dioula.csv,Dioula
aggression,agression,ben,Anglais_Français_Dioula.csv,Dioula
agriculture,agriculture,sɛnɛ,Anglais_Français_Dioula.csv,Dioula
aid,aide,dɛmɛ / nafalan,Anglais_Français_Dioula.csv,Dioula
aim,viser / but,dasigi,Anglais_Français_Dioula.csv,Dioula
air,air,fiɲɛ / fɔɲɔ,Anglais_Français_Dioula.csv,Dioula
aircraft,avion / aéronef,aviyɔn / sankurun,Anglais_Français_Dioula.csv,Dioula
alcohol,alcool,alikɔli / dɔlɔ,Anglais_Français_Dioula.csv,Dioula
alive,vivant,nima / balo,Anglais_Français_Dioula.csv,Dioula
all,tout,bakuru / bɛɛ,Anglais_Français_Dioula.csv,Dioula
allow,permettre / autoriser,daga / to,Anglais_Français_Dioula.csv,Dioula
alone,seul,kelen,Anglais_Français_Dioula.csv,Dioula
always,toujours,kadawu / kudayi,Anglais_Français_Dioula.csv,Dioula
amaze,étonner,dabaliban / kabakoya,Anglais_Français_Dioula.csv,Dioula
ambassador,ambassadeur,lasigiden,Anglais_Français_Dioula.csv,Dioula
among,parmi,cɛma,Anglais_Français_Dioula.csv,Dioula
ancestor,ancêtre,bɛma / mansa,Anglais_Français_Dioula.csv,Dioula
ancient,ancien,kɔrɔ,Anglais_Français_Dioula.csv,Dioula
and,et,ani / ni,Anglais_Français_Dioula.csv,Dioula
anger,colère,dimi / dimiya,Anglais_Français_Dioula.csv,Dioula
animal,animal,bagan / bɛgɛn,Anglais_Français_Dioula.csv,Dioula
announce,annoncer,kofɔ / lase,Anglais_Français_Dioula.csv,Dioula
annoy,ennuyer / agacer,tɔɔrɔ / kunbalan,Anglais_Français_Dioula.csv,Dioula
answer,répondre / réponse,jaabi / lamina,Anglais_Français_Dioula.csv,Dioula
ant,fourmi,mɛnɛmɛnɛ / kɔwulu,Anglais_Français_Dioula.csv,Dioula
anxiety,anxiété,kɔnɔgwan / kɔnɔnafili,Anglais_Français_Dioula.csv,Dioula
anyone,n'importe qui,mɔgɔ si,Anglais_Français_Dioula.csv,Dioula
anything,n'importe quoi,foyi / fɛn o fɛn,Anglais_Français_Dioula.csv,Dioula
apart,à part / séparé,kɔ,Anglais_Français_Dioula.csv,Dioula
appear,apparaître,bɔ / ye,Anglais_Français_Dioula.csv,Dioula
apple,pomme,pɔmu,Anglais_Français_Dioula.csv,Dioula
apply,appliquer,waleya / nɔrɔ,Anglais_Français_Dioula.csv,Dioula
appoint,nommer / désigner,sigiyɔrɔ di,Anglais_Français_Dioula.csv,Dioula
approach,approcher,gwɛrɛ / sɔdon,Anglais_Français_Dioula.csv,Dioula
approve,approuver,sɔn,Anglais_Français_Dioula.csv,Dioula
argue,argumenter / disputer,sɔsɔ / kɛlɛ,Anglais_Français_Dioula.csv,Dioula
arm,bras,bolo,Anglais_Français_Dioula.csv,Dioula
army,armée,kɛlɛbolo,Anglais_Français_Dioula.csv,Dioula
arrange,arranger,labɛn / dilan,Anglais_Français_Dioula.csv,Dioula
arrest,arrêter,minɛ,Anglais_Français_Dioula.csv,Dioula
arrive,arriver,na / se,Anglais_Français_Dioula.csv,Dioula
art,art,lɔnko / ɲɛnajɛ,Anglais_Français_Dioula.csv,Dioula
ash,cendre,buguri,Anglais_Français_Dioula.csv,Dioula
ask,demander,ɲininka / deli,Anglais_Français_Dioula.csv,Dioula
ass,âne,fali,Anglais_Français_Dioula.csv,Dioula
assemble,assembler,lajɛ,Anglais_Français_Dioula.csv,Dioula
assist,assister / aider,dɛmɛ,Anglais_Français_Dioula.csv,Dioula
association,association,tɔn / jɛkulu,Anglais_Français_Dioula.csv,Dioula
attack,attaquer,ben / kɛlɛ,Anglais_Français_Dioula.csv,Dioula
attempt,tenter / essayer,kɔrɔbɔ,Anglais_Français_Dioula.csv,Dioula
attend,assister à,tala,Anglais_Français_Dioula.csv,Dioula
attention,attention,hakkili / kɔlɔsi,Anglais_Français_Dioula.csv,Dioula
attitude,attitude,joko,Anglais_Français_Dioula.csv,Dioula
author,auteur,sɛbɛnnikɛla,Anglais_Français_Dioula.csv,Dioula
authority,autorité,fanga / kuntigi,Anglais_Français_Dioula.csv,Dioula
available,disponible,sɔrɔ,Anglais_Français_Dioula.csv,Dioula
average,moyen,cɛmancɛ,Anglais_Français_Dioula.csv,Dioula
avoid,éviter,kɛɲɛ / tantan,Anglais_Français_Dioula.csv,Dioula
awake,éveillé,kununin,Anglais_Français_Dioula.csv,Dioula
award,récompense,filɛ,Anglais_Français_Dioula.csv,Dioula
aware,conscient,kɔlɔsi,Anglais_Français_Dioula.csv,Dioula
away,loin,jan,Anglais_Français_Dioula.csv,Dioula
baby,bébé,denmisɛn / dennin,Anglais_Français_Dioula.csv,Dioula
back,dos,kɔ,Anglais_Français_Dioula.csv,Dioula
bad,mauvais,jugu,Anglais_Français_Dioula.csv,Dioula
bag,sac,bɔrɔ / saki,Anglais_Français_Dioula.csv,Dioula
bake,cuire (au four),tobi / kagra,Anglais_Français_Dioula.csv,Dioula
ball,balle / ballon,balon / tola,Anglais_Français_Dioula.csv,Dioula
banana,banane,namasa / baranda,Anglais_Français_Dioula.csv,Dioula
bank,banque,banki,Anglais_Français_Dioula.csv,Dioula
baobab,baobab,sira,Anglais_Français_Dioula.csv,Dioula
bar,barre / bar,kɔkɔ / bar,Anglais_Français_Dioula.csv,Dioula
bargain,marchander,tɛrɛmɛ,Anglais_Français_Dioula.csv,Dioula
base,base,ju / cɛmancɛ,Anglais_Français_Dioula.csv,Dioula
basket,panier,segi,Anglais_Français_Dioula.csv,Dioula
bat,chauve-souris,tonso,Anglais_Français_Dioula.csv,Dioula
bath,bain,ko,Anglais_Français_Dioula.csv,Dioula
battle,bataille,kɛlɛ,Anglais_Français_Dioula.csv,Dioula
be,être,kɛ / ye / be,Anglais_Français_Dioula.csv,Dioula
bean,haricot,sɔsɔ,Anglais_Français_Dioula.csv,Dioula
bear,ours / supporter,duni / muɲu,Anglais_Français_Dioula.csv,Dioula
beard,barbe,bosi,Anglais_Français_Dioula.csv,Dioula
beat,battre,gosi / bugɔ,Anglais_Français_Dioula.csv,Dioula
beautiful,beau,cɛɲi,Anglais_Français_Dioula.csv,Dioula
because,parce que,sabu / barisa,Anglais_Français_Dioula.csv,Dioula
become,devenir,kɛ / yɛlɛma,Anglais_Français_Dioula.csv,Dioula
bed,lit,liran / le,Anglais_Français_Dioula.csv,Dioula
bee,abeille,liden,Anglais_Français_Dioula.csv,Dioula
beer,bière,dɔlɔ,Anglais_Français_Dioula.csv,Dioula
before,avant,ɲɛ / kɔnɔ,Anglais_Français_Dioula.csv,Dioula
beg,mendier,deli / lɔgɔ,Anglais_Français_Dioula.csv,Dioula
begin,commencer,daminɛ,Anglais_Français_Dioula.csv,Dioula
behind,derrière,kɔfɛ,Anglais_Français_Dioula.csv,Dioula
believe,croire,lan / da,Anglais_Français_Dioula.csv,Dioula
bell,cloche,lɔlɔ,Anglais_Français_Dioula.csv,Dioula
belly,ventre,kɔnɔ,Anglais_Français_Dioula.csv,Dioula
belong,appartenir,ta ye,Anglais_Français_Dioula.csv,Dioula
below,dessous,duguma,Anglais_Français_Dioula.csv,Dioula
belt,ceinture,cɛsirilan,Anglais_Français_Dioula.csv,Dioula
bench,banc,banga,Anglais_Français_Dioula.csv,Dioula
bend,plier / courber,kuru / kɔnɔ,Anglais_Français_Dioula.csv,Dioula
benefit,bénéfice,nafa,Anglais_Français_Dioula.csv,Dioula
best,meilleur,fisa,Anglais_Français_Dioula.csv,Dioula
betray,trahir,janfa,Anglais_Français_Dioula.csv,Dioula
better,mieux,fisa,Anglais_Français_Dioula.csv,Dioula
between,entre,cɛ / ni,Anglais_Français_Dioula.csv,Dioula
big,grand,ba / bon,Anglais_Français_Dioula.csv,Dioula
bird,oiseau,kɔnɔ,Anglais_Français_Dioula.csv,Dioula
birth,naissance,wolo,Anglais_Français_Dioula.csv,Dioula
bite,mordre,ci,Anglais_Français_Dioula.csv,Dioula
bitter,amer,kuna,Anglais_Français_Dioula.csv,Dioula
black,noir,fin,Anglais_Français_Dioula.csv,Dioula
blame,blâmer,jalaki,Anglais_Français_Dioula.csv,Dioula
blanket,couverture,kunu / mbalan,Anglais_Français_Dioula.csv,Dioula
blind,aveugle,fyen,Anglais_Français_Dioula.csv,Dioula
blood,sang,joli,Anglais_Français_Dioula.csv,Dioula
blow,souffler,fiyɛ,Anglais_Français_Dioula.csv,Dioula
blue,bleu,bulu,Anglais_Français_Dioula.csv,Dioula
board,planche / tableau,walaka,Anglais_Français_Dioula.csv,Dioula
boat,bateau,kurun,Anglais_Français_Dioula.csv,Dioula
body,corps,fari,Anglais_Français_Dioula.csv,Dioula
boil,bouillir,wuli,Anglais_Français_Dioula.csv,Dioula
bone,os,kolo,Anglais_Français_Dioula.csv,Dioula
book,livre,gafe / kitabu,Anglais_Français_Dioula.csv,Dioula
border,frontière,dan,Anglais_Français_Dioula.csv,Dioula
born,né,wolo,Anglais_Français_Dioula.csv,Dioula
borrow,emprunter,dɔn / singa,Anglais_Français_Dioula.csv,Dioula
boss,patron,kuntigi,Anglais_Français_Dioula.csv,Dioula
both,les deux,fila,Anglais_Français_Dioula.csv,Dioula
bother,déranger,tɔɔrɔ,Anglais_Français_Dioula.csv,Dioula
bottle,bouteille,buteli,Anglais_Français_Dioula.csv,Dioula
bottom,bas / fond,ju,Anglais_Français_Dioula.csv,Dioula
box,boîte,kɛsu / buwati,Anglais_Français_Dioula.csv,Dioula
boy,garçon,cɛden,Anglais_Français_Dioula.csv,Dioula
brain,cerveau,kunkolo,Anglais_Français_Dioula.csv,Dioula
branch,branche,bolo / yiribolo,Anglais_Français_Dioula.csv,Dioula
bread,pain,buru,Anglais_Français_Dioula.csv,Dioula
break,casser,ci / kari,Anglais_Français_Dioula.csv,Dioula
breakfast,petit déjeuner,daraka,Anglais_Français_Dioula.csv,Dioula
breast,sein,sin,Anglais_Français_Dioula.csv,Dioula
breath,souffle,ni,Anglais_Français_Dioula.csv,Dioula
breathe,respirer,ni ta,Anglais_Français_Dioula.csv,Dioula
bridge,pont,pon / bili,Anglais_Français_Dioula.csv,Dioula
bright,brillant,manaman,Anglais_Français_Dioula.csv,Dioula
bring,apporter,na ... ye,Anglais_Français_Dioula.csv,Dioula
broad,large,bon,Anglais_Français_Dioula.csv,Dioula
brother,frère,balimancɛ,Anglais_Français_Dioula.csv,Dioula
brown,brun,kɔlɔ,Anglais_Français_Dioula.csv,Dioula
brush,brosse,bɔrɔsi,Anglais_Français_Dioula.csv,Dioula
build,construire,lɔ,Anglais_Français_Dioula.csv,Dioula
building,bâtiment,bon / so,Anglais_Français_Dioula.csv,Dioula
burn,brûler,jeni,Anglais_Français_Dioula.csv,Dioula
burst,éclater,fara,Anglais_Français_Dioula.csv,Dioula
bury,enterrer,su don,Anglais_Français_Dioula.csv,Dioula
bus,bus,kar,Anglais_Français_Dioula.csv,Dioula
bush,brousse,wula / kongo,Anglais_Français_Dioula.csv,Dioula
business,affaires,baara / ko,Anglais_Français_Dioula.csv,Dioula
busy,occupé,mago,Anglais_Français_Dioula.csv,Dioula
but,mais,nka,Anglais_Français_Dioula.csv,Dioula
butter,beurre,tulu,Anglais_Français_Dioula.csv,Dioula
button,bouton,butɔn,Anglais_Français_Dioula.csv,Dioula
buy,acheter,san,Anglais_Français_Dioula.csv,Dioula
by,par,fɛ,Anglais_Français_Dioula.csv,Dioula
cake,gâteau,gato,Anglais_Français_Dioula.csv,Dioula
calculate,calculer,jati,Anglais_Français_Dioula.csv,Dioula
call,appeler,weele,Anglais_Français_Dioula.csv,Dioula
calm,calme,suman,Anglais_Français_Dioula.csv,Dioula
camel,chameau,ɲɔgɔmɛ,Anglais_Français_Dioula.csv,Dioula
camera,caméra / appareil photo,kameralan,Anglais_Français_Dioula.csv,Dioula
camp,camp,kampu,Anglais_Français_Dioula.csv,Dioula
can,pouvoir / boîte,se / buwati,Anglais_Français_Dioula.csv,Dioula
cancel,annuler,bɔ / tunun,Anglais_Français_Dioula.csv,Dioula
cancer,cancer,kɔnɔkɔ,Anglais_Français_Dioula.csv,Dioula
candidate,candidat,kandidat,Anglais_Français_Dioula.csv,Dioula
cap,casquette,kapi,Anglais_Français_Dioula.csv,Dioula
capital,capitale / capital,faaba / kapital,Anglais_Français_Dioula.csv,Dioula
car,voiture,mobili,Anglais_Français_Dioula.csv,Dioula
card,carte,karta,Anglais_Français_Dioula.csv,Dioula
care,soin,kɔlɔsi / hɛrɛ,Anglais_Français_Dioula.csv,Dioula
career,carrière,baara,Anglais_Français_Dioula.csv,Dioula
careful,prudent,kolosi,Anglais_Français_Dioula.csv,Dioula
carry,porter,ta,Anglais_Français_Dioula.csv,Dioula
case,cas / boîte,ko / kɛsu,Anglais_Français_Dioula.csv,Dioula
cat,chat,jakuma,Anglais_Français_Dioula.csv,Dioula
catch,attraper,minɛ,Anglais_Français_Dioula.csv,Dioula
cattle,bétail,bagan,Anglais_Français_Dioula.csv,Dioula
cause,cause,sababu,Anglais_Français_Dioula.csv,Dioula
cease,cesser,dabila,Anglais_Français_Dioula.csv,Dioula
celebrate,célébrer,fɛti kɛ,Anglais_Français_Dioula.csv,Dioula
cell,cellule,so,Anglais_Français_Dioula.csv,Dioula
center,centre,cɛmancɛ,Anglais_Français_Dioula.csv,Dioula
century,siècle,kɛmɛ,Anglais_Français_Dioula.csv,Dioula
ceremony,cérémonie,sira / kɔɲɔ,Anglais_Français_Dioula.csv,Dioula
certain,certain,dɔ / sɔbɛ,Anglais_Français_Dioula.csv,Dioula
chain,chaîne,jɔlɔkɔ,Anglais_Français_Dioula.csv,Dioula
chair,chaise,sigilan,Anglais_Français_Dioula.csv,Dioula
chalk,craie,krɛ,Anglais_Français_Dioula.csv,Dioula
chance,chance,bonɛ,Anglais_Français_Dioula.csv,Dioula
change,changer,yɛlɛma,Anglais_Français_Dioula.csv,Dioula
character,caractère,joko,Anglais_Français_Dioula.csv,Dioula
charge,charger / charge,don / kɔnɔ,Anglais_Français_Dioula.csv,Dioula
cheap,bon marché,sɔngɔ nɔgɔ,Anglais_Français_Dioula.csv,Dioula
cheat,tricher,nambara,Anglais_Français_Dioula.csv,Dioula
check,vérifier,kɔlɔsi / sɛgɛsɛgɛ,Anglais_Français_Dioula.csv,Dioula
cheek,joue,gɛrɛ,Anglais_Français_Dioula.csv,Dioula
cheer,encourager,kɔnɔ,Anglais_Français_Dioula.csv,Dioula
cheese,fromage,fɔrɔmazi,Anglais_Français_Dioula.csv,Dioula
chemical,chimique,simiki,Anglais_Français_Dioula.csv,Dioula
chest,poitrine,disi,Anglais_Français_Dioula.csv,Dioula
chicken,poulet,sisɛ,Anglais_Français_Dioula.csv,Dioula
chief,chef,kuntigi,Anglais_Français_Dioula.csv,Dioula
child,enfant,den,Anglais_Français_Dioula.csv,Dioula
choice,choix,sugandi,Anglais_Français_Dioula.csv,Dioula
choose,choisir,sugandi,Anglais_Français_Dioula.csv,Dioula
church,église,egilisi,Anglais_Français_Dioula.csv,Dioula
cigarette,cigarette,sigarɛti,Anglais_Français_Dioula.csv,Dioula
circle,cercle,kori,Anglais_Français_Dioula.csv,Dioula
citizen,citoyen,fasoden,Anglais_Français_Dioula.csv,Dioula
city,ville,duguba,Anglais_Français_Dioula.csv,Dioula
civil,civil,sivil,Anglais_Français_Dioula.csv,Dioula
claim,réclamer,deli,Anglais_Français_Dioula.csv,Dioula
class,classe,kalalso,Anglais_Français_Dioula.csv,Dioula
clean,propre,saniya,Anglais_Français_Dioula.csv,Dioula
clear,clair,jɛ,Anglais_Français_Dioula.csv,Dioula
clerk,commis,sɛbɛnnikɛla,Anglais_Français_Dioula.csv,Dioula
clever,intelligent,kɔnɔ,Anglais_Français_Dioula.csv,Dioula
climate,climat,klimat,Anglais_Français_Dioula.csv,Dioula
climb,grimper,yɛlɛ,Anglais_Français_Dioula.csv,Dioula
clock,horloge,montoro,Anglais_Français_Dioula.csv,Dioula
close,fermer,datugu,Anglais_Français_Dioula.csv,Dioula
cloth,tissu,fini,Anglais_Français_Dioula.csv,Dioula
clothes,vêtements,finiw,Anglais_Français_Dioula.csv,Dioula
cloud,nuage,sankaba,Anglais_Français_Dioula.csv,Dioula
club,club,kulu,Anglais_Français_Dioula.csv,Dioula
coach,entraîneur,entreneur,Anglais_Français_Dioula.csv,Dioula
coal,charbon,kabakuru,Anglais_Français_Dioula.csv,Dioula
coast,côte,kɔgɔji da,Anglais_Français_Dioula.csv,Dioula
coat,manteau,koto,Anglais_Français_Dioula.csv,Dioula
coffee,café,kafe,Anglais_Français_Dioula.csv,Dioula
cold,froid,nɛnɛ,Anglais_Français_Dioula.csv,Dioula
collect,collecter,lajɛ,Anglais_Français_Dioula.csv,Dioula
college,collège,kolɛzi,Anglais_Français_Dioula.csv,Dioula
color,couleur,kɔlɛri,Anglais_Français_Dioula.csv,Dioula
column,colonne,jɔn,Anglais_Français_Dioula.csv,Dioula
comb,peigne,pɛɲɛ,Anglais_Français_Dioula.csv,Dioula
combine,combiner,fara,Anglais_Français_Dioula.csv,Dioula
come,venir,na,Anglais_Français_Dioula.csv,Dioula
comfort,confort,hɛrɛ,Anglais_Français_Dioula.csv,Dioula
command,commander,daga,Anglais_Français_Dioula.csv,Dioula
commerce,commerce,jago,Anglais_Français_Dioula.csv,Dioula
committee,comité,komite,Anglais_Français_Dioula.csv,Dioula
common,commun,bɛɛ ta,Anglais_Français_Dioula.csv,Dioula
communicate,communiquer,kuma,Anglais_Français_Dioula.csv,Dioula
community,communauté,jama,Anglais_Français_Dioula.csv,Dioula
company,compagnie,kumpaɲi,Anglais_Français_Dioula.csv,Dioula
compare,comparer,sanga,Anglais_Français_Dioula.csv,Dioula
compete,concurrencer,sanga,Anglais_Français_Dioula.csv,Dioula
complain,se plaindre,kasi,Anglais_Français_Dioula.csv,Dioula
complete,complet,dafa,Anglais_Français_Dioula.csv,Dioula
computer,ordinateur,ordinatɛri,Anglais_Français_Dioula.csv,Dioula
concern,concerner,talo,Anglais_Français_Dioula.csv,Dioula
condition,condition,kɔnɔ,Anglais_Français_Dioula.csv,Dioula
conference,conférence,kɔnferansi,Anglais_Français_Dioula.csv,Dioula
confirm,confirmer,sɛmɛntiya,Anglais_Français_Dioula.csv,Dioula
conflict,conflit,kɛlɛ,Anglais_Français_Dioula.csv,Dioula
connect,connecter,tugu,Anglais_Français_Dioula.csv,Dioula
conscious,conscient,hakili,Anglais_Français_Dioula.csv,Dioula
consider,considérer,jati,Anglais_Français_Dioula.csv,Dioula
consist,consister,kɛ,Anglais_Français_Dioula.csv,Dioula
constant,constant,to,Anglais_Français_Dioula.csv,Dioula
constitution,constitution,sariyaba,Anglais_Français_Dioula.csv,Dioula
construct,construire,lɔ,Anglais_Français_Dioula.csv,Dioula
consult,consulter,ɲininka,Anglais_Français_Dioula.csv,Dioula
consume,consommer,dumu,Anglais_Français_Dioula.csv,Dioula
contact,contact,kontakit,Anglais_Français_Dioula.csv,Dioula
contain,contenir,kɔnɔ,Anglais_Français_Dioula.csv,Dioula
content,content,nisɔndiya,Anglais_Français_Dioula.csv,Dioula
continue,continuer,tɛmɛ,Anglais_Français_Dioula.csv,Dioula
contract,contrat,kontara,Anglais_Français_Dioula.csv,Dioula
control,contrôle,kɔlɔsi,Anglais_Français_Dioula.csv,Dioula
conversation,conversation,baro,Anglais_Français_Dioula.csv,Dioula
cook,cuisiner,tobi,Anglais_Français_Dioula.csv,Dioula
cool,frais,suma,Anglais_Français_Dioula.csv,Dioula
copy,copier,ladegi,Anglais_Français_Dioula.csv,Dioula
corn,maïs,kaba,Anglais_Français_Dioula.csv,Dioula
corner,coin,kɔnɛ,Anglais_Français_Dioula.csv,Dioula
correct,correct,tilen,Anglais_Français_Dioula.csv,Dioula
cost,coût,sɔngɔ,Anglais_Français_Dioula.csv,Dioula
cotton,coton,kɔɔri,Anglais_Français_Dioula.csv,Dioula
cough,toux,sɔgɔsɔgɔ,Anglais_Français_Dioula.csv,Dioula
council,conseil,konsɛi,Anglais_Français_Dioula.csv,Dioula
count,compter,jati,Anglais_Français_Dioula.csv,Dioula
country,pays,jamana,Anglais_Français_Dioula.csv,Dioula
couple,couple,kulu,Anglais_Français_Dioula.csv,Dioula
courage,courage,jija,Anglais_Français_Dioula.csv,Dioula
course,cours,kalan,Anglais_Français_Dioula.csv,Dioula
court,cour,kiti so,Anglais_Français_Dioula.csv,Dioula
cousin,cousin,dɛn,Anglais_Français_Dioula.csv,Dioula
cover,couvrir,datugu,Anglais_Français_Dioula.csv,Dioula
cow,vache,misi,Anglais_Français_Dioula.csv,Dioula
crack,fissure,fara,Anglais_Français_Dioula.csv,Dioula
create,créer,dan,Anglais_Français_Dioula.csv,Dioula
creature,créature,danfɛn,Anglais_Français_Dioula.csv,Dioula
credit,crédit,kredi,Anglais_Français_Dioula.csv,Dioula
crime,crime,ko jugu,Anglais_Français_Dioula.csv,Dioula
criminal,criminel,kriminel,Anglais_Français_Dioula.csv,Dioula
crisis,crise,kirizi,Anglais_Français_Dioula.csv,Dioula
crop,récolte,suman,Anglais_Français_Dioula.csv,Dioula
cross,croix,kuru,Anglais_Français_Dioula.csv,Dioula
crowd,foule,jama,Anglais_Français_Dioula.csv,Dioula
cry,pleurer,kasi,Anglais_Français_Dioula.csv,Dioula
culture,culture,lɔnko,Anglais_Français_Dioula.csv,Dioula
cup,tasse,kɔpu,Anglais_Français_Dioula.csv,Dioula
cure,guérir,kɛnɛya,Anglais_Français_Dioula.csv,Dioula
current,courant,kuran,Anglais_Français_Dioula.csv,Dioula
curtain,rideau,rido,Anglais_Français_Dioula.csv,Dioula
custom,coutume,landa,Anglais_Français_Dioula.csv,Dioula
cut,couper,tigɛ,Anglais_Français_Dioula.csv,Dioula
cycle,cycle,sikl,Anglais_Français_Dioula.csv,Dioula
dad,papa,baba,Anglais_Français_Dioula.csv,Dioula
daily,quotidien,lo o lo,Anglais_Français_Dioula.csv,Dioula
damage,dommage,tiɲɛ,Anglais_Français_Dioula.csv,Dioula
dance,danser,dɔn,Anglais_Français_Dioula.csv,Dioula
danger,danger,farati,Anglais_Français_Dioula.csv,Dioula
dark,sombre,dibi,Anglais_Français_Dioula.csv,Dioula
date,date,don,Anglais_Français_Dioula.csv,Dioula
daughter,fille,denmuso,Anglais_Français_Dioula.csv,Dioula
day,jour,lon,Anglais_Français_Dioula.csv,Dioula
dead,mort,sa,Anglais_Français_Dioula.csv,Dioula
deaf,sourd,kulo,Anglais_Français_Dioula.csv,Dioula
deal,traiter / accord,baara / bɛn,Anglais_Français_Dioula.csv,Dioula
dear,cher,gwɛlɛ,Anglais_Français_Dioula.csv,Dioula
death,mort,saya,Anglais_Français_Dioula.csv,Dioula
debt,dette,juru,Anglais_Français_Dioula.csv,Dioula
decade,décennie,san tan,Anglais_Français_Dioula.csv,Dioula
decay,pourrir,toli,Anglais_Français_Dioula.csv,Dioula
decide,décider,latigɛ,Anglais_Français_Dioula.csv,Dioula
decision,décision,latigɛ,Anglais_Français_Dioula.csv,Dioula
declare,déclarer,fɔ,Anglais_Français_Dioula.csv,Dioula
decline,décliner,dɔgɔya,Anglais_Français_Dioula.csv,Dioula
deep,profond,dun,Anglais_Français_Dioula.csv,Dioula
defeat,défaite,cɛ,Anglais_Français_Dioula.csv,Dioula
defence,défense,kogɔ,Anglais_Français_Dioula.csv,Dioula
defend,défendre,lakan,Anglais_Français_Dioula.csv,Dioula
define,définir,kɔrɔ fɔ,Anglais_Français_Dioula.csv,Dioula
degree,degré,degre,Anglais_Français_Dioula.csv,Dioula
delay,retard,mɛ,Anglais_Français_Dioula.csv,Dioula
deliver,livrer,di,Anglais_Français_Dioula.csv,Dioula
demand,exiger,ɲini,Anglais_Français_Dioula.csv,Dioula
democracy,démocratie,demokrasi,Anglais_Français_Dioula.csv,Dioula
deny,nier,sɔsɔ,Anglais_Français_Dioula.csv,Dioula
depart,partir,taga,Anglais_Français_Dioula.csv,Dioula
depend,dépendre,bɔ,Anglais_Français_Dioula.csv,Dioula
describe,décrire,ɲafɔ,Anglais_Français_Dioula.csv,Dioula
desert,désert,kongo,Anglais_Français_Dioula.csv,Dioula
design,dessin,desɛn,Anglais_Français_Dioula.csv,Dioula
desire,désir,nege,Anglais_Français_Dioula.csv,Dioula
desk,bureau,biro,Anglais_Français_Dioula.csv,Dioula
destroy,détruire,tiɲɛ,Anglais_Français_Dioula.csv,Dioula
detail,détail,fɛsɛfɛsɛ,Anglais_Français_Dioula.csv,Dioula
determine,déterminer,latigɛ,Anglais_Français_Dioula.csv,Dioula
develop,développer,yiriwa,Anglais_Français_Dioula.csv,Dioula
device,appareil,minɛn,Anglais_Français_Dioula.csv,Dioula
devil,diable,sitani,Anglais_Français_Dioula.csv,Dioula
die,mourir,sa,Anglais_Français_Dioula.csv,Dioula
diet,régime,dumuni,Anglais_Français_Dioula.csv,Dioula
differ,différer,danfara,Anglais_Français_Dioula.csv,Dioula
difference,différence,danfara,Anglais_Français_Dioula.csv,Dioula
difficult,difficile,gwɛlɛ,Anglais_Français_Dioula.csv,Dioula
dig,creuser,sen,Anglais_Français_Dioula.csv,Dioula
dinner,dîner,surolafana,Anglais_Français_Dioula.csv,Dioula
direct,direct,tilen,Anglais_Français_Dioula.csv,Dioula
direction,direction,fan,Anglais_Français_Dioula.csv,Dioula
dirty,sale,nɔgɔ,Anglais_Français_Dioula.csv,Dioula
discover,découvrir,ye,Anglais_Français_Dioula.csv,Dioula
discuss,discuter,baro,Anglais_Français_Dioula.csv,Dioula
disease,maladie,bana,Anglais_Français_Dioula.csv,Dioula
dish,plat,pɛlɛ,Anglais_Français_Dioula.csv,Dioula
distance,distance,yɔrɔ,Anglais_Français_Dioula.csv,Dioula
distant,distant,jan,Anglais_Français_Dioula.csv,Dioula
divide,diviser,tila,Anglais_Français_Dioula.csv,Dioula
do,faire,kɛ,Anglais_Français_Dioula.csv,Dioula
doctor,médecin,dɔgɔtɔrɔ,Anglais_Français_Dioula.csv,Dioula
dog,chien,wulu,Anglais_Français_Dioula.csv,Dioula
dollar,dollar,dolari,Anglais_Français_Dioula.csv,Dioula
door,porte,da,Anglais_Français_Dioula.csv,Dioula
double,double,shu,Anglais_Français_Dioula.csv,Dioula
doubt,doute,sikɛ,Anglais_Français_Dioula.csv,Dioula
down,bas,duguma,Anglais_Français_Dioula.csv,Dioula
dozen,douzaine,duzɛn,Anglais_Français_Dioula.csv,Dioula
drag,traîner,sama,Anglais_Français_Dioula.csv,Dioula
draw,dessiner,ja,Anglais_Français_Dioula.csv,Dioula
dream,rêve,sugo,Anglais_Français_Dioula.csv,Dioula
dress,robe / s'habiller,dereke / don,Anglais_Français_Dioula.csv,Dioula
drink,boire,min,Anglais_Français_Dioula.csv,Dioula
drive,conduire,boli,Anglais_Français_Dioula.csv,Dioula
drop,goutte / tomber,tɔn / ben,Anglais_Français_Dioula.csv,Dioula
drown,noyer,ji,Anglais_Français_Dioula.csv,Dioula
drug,médicament / drogue,fura / dɔrɔgu,Anglais_Français_Dioula.csv,Dioula
dry,sec,ja,Anglais_Français_Dioula.csv,Dioula
duck,canard,dɔnɔ,Anglais_Français_Dioula.csv,Dioula
due,dû,juru,Anglais_Français_Dioula.csv,Dioula
dull,terne,mu,Anglais_Français_Dioula.csv,Dioula
during,pendant,kɔnɔ,Anglais_Français_Dioula.csv,Dioula
dust,poussière,buguri,Anglais_Français_Dioula.csv,Dioula
duty,devoir,baara,Anglais_Français_Dioula.csv,Dioula
each,chaque,bɛɛ,Anglais_Français_Dioula.csv,Dioula
ear,oreille,tulo,Anglais_Français_Dioula.csv,Dioula
early,tôt,joona,Anglais_Français_Dioula.csv,Dioula
earn,gagner,sɔrɔ,Anglais_Français_Dioula.csv,Dioula
earth,terre,dugu,Anglais_Français_Dioula.csv,Dioula
east,est,kɔrɔn,Anglais_Français_Dioula.csv,Dioula
easy,facile,nɔgɔ,Anglais_Français_Dioula.csv,Dioula
eat,manger,dumu,Anglais_Français_Dioula.csv,Dioula
economy,économie,ekonomi,Anglais_Français_Dioula.csv,Dioula
edge,bord,da,Anglais_Français_Dioula.csv,Dioula
educate,éduquer,kalan,Anglais_Français_Dioula.csv,Dioula
effect,effet,nɔ,Anglais_Français_Dioula.csv,Dioula
effort,effort,baara,Anglais_Français_Dioula.csv,Dioula
egg,œuf,kili,Anglais_Français_Dioula.csv,Dioula
eight,huit,seegi,Anglais_Français_Dioula.csv,Dioula
either,ou,wala,Anglais_Français_Dioula.csv,Dioula
elect,élire,sugandi,Anglais_Français_Dioula.csv,Dioula
electricity,électricité,kuran,Anglais_Français_Dioula.csv,Dioula
elephant,éléphant,sama,Anglais_Français_Dioula.csv,Dioula
eleven,onze,tan ni kelen,Anglais_Français_Dioula.csv,Dioula
else,autre,wɛrɛ,Anglais_Français_Dioula.csv,Dioula
empty,vide,kolon,Anglais_Français_Dioula.csv,Dioula
end,fin,ban,Anglais_Français_Dioula.csv,Dioula
enemy,ennemi,jugu,Anglais_Français_Dioula.csv,Dioula
energy,énergie,fanga,Anglais_Français_Dioula.csv,Dioula
engine,moteur,motɛri,Anglais_Français_Dioula.csv,Dioula
engineer,ingénieur,inzeniɛri,Anglais_Français_Dioula.csv,Dioula
enjoy,apprécier,diya,Anglais_Français_Dioula.csv,Dioula
enough,assez,doy,Anglais_Français_Dioula.csv,Dioula
enter,entrer,don,Anglais_Français_Dioula.csv,Dioula
entire,entier,bɛɛ,Anglais_Français_Dioula.csv,Dioula
environment,environnement,lamini,Anglais_Français_Dioula.csv,Dioula
equal,égal,kan,Anglais_Français_Dioula.csv,Dioula
error,erreur,fili,Anglais_Français_Dioula.csv,Dioula
escape,s'échapper,bɔ,Anglais_Français_Dioula.csv,Dioula
especially,surtout,kɛrɛnkɛrɛnne,Anglais_Français_Dioula.csv,Dioula
establish,établir,sig,Anglais_Français_Dioula.csv,Dioula
even,même,hali,Anglais_Français_Dioula.csv,Dioula
evening,soir,wula,Anglais_Français_Dioula.csv,Dioula
event,événement,ko,Anglais_Français_Dioula.csv,Dioula
ever,jamais,abada,Anglais_Français_Dioula.csv,Dioula
every,chaque,bɛɛ,Anglais_Français_Dioula.csv,Dioula
evidence,preuve,seereya,Anglais_Français_Dioula.csv,Dioula
evil,mal,jugu,Anglais_Français_Dioula.csv,Dioula
exact,exact,tuɲa,Anglais_Français_Dioula.csv,Dioula
exam,examen,ɛkisamɛ,Anglais_Français_Dioula.csv,Dioula
examine,examiner,kɔlɔsi,Anglais_Français_Dioula.csv,Dioula
example,exemple,misali,Anglais_Français_Dioula.csv,Dioula
excellent,excellent,ɲuman,Anglais_Français_Dioula.csv,Dioula
except,sauf,kɔ,Anglais_Français_Dioula.csv,Dioula
exchange,échanger,falan,Anglais_Français_Dioula.csv,Dioula
cite,citer,fɔ,Anglais_Français_Dioula.csv,Dioula
excuse,excuse,hakɛto,Anglais_Français_Dioula.csv,Dioula
exercise,exercice,kɔrɔbɔ,Anglais_Français_Dioula.csv,Dioula
exist,exister,bɛ,Anglais_Français_Dioula.csv,Dioula
expect,s'attendre,jigi,Anglais_Français_Dioula.csv,Dioula
expense,dépense,musaka,Anglais_Français_Dioula.csv,Dioula
expensive,cher,gwɛlɛ,Anglais_Français_Dioula.csv,Dioula
experience,expérience,tɛmɛ,Anglais_Français_Dioula.csv,Dioula
explain,expliquer,ɲafɔ,Anglais_Français_Dioula.csv,Dioula
express,exprimer,fɔ,Anglais_Français_Dioula.csv,Dioula
extend,étendre,fɛnsɛn,Anglais_Français_Dioula.csv,Dioula
extra,extra,fara,Anglais_Français_Dioula.csv,Dioula
eye,œil,ɲa,Anglais_Français_Dioula.csv,Dioula
face,visage,ɲa,Anglais_Français_Dioula.csv,Dioula
fact,fait,ko,Anglais_Français_Dioula.csv,Dioula
factory,usine,izini,Anglais_Français_Dioula.csv,Dioula
fail,échouer,dɛsɛ,Anglais_Français_Dioula.csv,Dioula
fair,juste,tilen,Anglais_Français_Dioula.csv,Dioula
faith,foi,dannaya,Anglais_Français_Dioula.csv,Dioula
fall,tomber,ben,Anglais_Français_Dioula.csv,Dioula
false,faux,galon,Anglais_Français_Dioula.csv,Dioula
family,famille,dugu,Anglais_Français_Dioula.csv,Dioula
famous,célèbre,tɔgɔ,Anglais_Français_Dioula.csv,Dioula
fan,ventilateur,fɛrɛfɛrɛ,Anglais_Français_Dioula.csv,Dioula
far,loin,jan,Anglais_Français_Dioula.csv,Dioula
farm,ferme,foro,Anglais_Français_Dioula.csv,Dioula
farmer,fermier,sɛnɛkɛla,Anglais_Français_Dioula.csv,Dioula
fast,rapide,teli,Anglais_Français_Dioula.csv,Dioula
fat,gros,bon,Anglais_Français_Dioula.csv,Dioula
father,père,fa,Anglais_Français_Dioula.csv,Dioula
fault,faute,fili,Anglais_Français_Dioula.csv,Dioula
fear,peur,siran,Anglais_Français_Dioula.csv,Dioula
feast,fête,seli,Anglais_Français_Dioula.csv,Dioula
feather,plume,kankun,Anglais_Français_Dioula.csv,Dioula
feature,caractéristique,cogo,Anglais_Français_Dioula.csv,Dioula
February,février,feburuye,Anglais_Français_Dioula.csv,Dioula
feed,nourrir,balo,Anglais_Français_Dioula.csv,Dioula
feel,sentir,maga,Anglais_Français_Dioula.csv,Dioula
female,femelle,muso,Anglais_Français_Dioula.csv,Dioula
fence,clôture,kogo,Anglais_Français_Dioula.csv,Dioula
festival,festival,fɛstivali,Anglais_Français_Dioula.csv,Dioula
fever,fièvre,fari gwan,Anglais_Français_Dioula.csv,Dioula
few,peu,dɔɔnin,Anglais_Français_Dioula.csv,Dioula
field,champ,foro,Anglais_Français_Dioula.csv,Dioula
fight,se battre,kɛlɛ,Anglais_Français_Dioula.csv,Dioula
figure,chiffre,lɔmɔ,Anglais_Français_Dioula.csv,Dioula
file,fichier,fisiye,Anglais_Français_Dioula.csv,Dioula
fill,remplir,fa,Anglais_Français_Dioula.csv,Dioula
film,film,filimu,Anglais_Français_Dioula.csv,Dioula
final,final,laban,Anglais_Français_Dioula.csv,Dioula
finance,finance,finansi,Anglais_Français_Dioula.csv,Dioula
find,trouver,ye,Anglais_Français_Dioula.csv,Dioula
fine,bien / amende,kaɲa / alama,Anglais_Français_Dioula.csv,Dioula
finger,doigt,bolokoni,Anglais_Français_Dioula.csv,Dioula
finish,finir,ban,Anglais_Français_Dioula.csv,Dioula
fire,feu,tasuma,Anglais_Français_Dioula.csv,Dioula
firm,ferme,gwɛlɛ,Anglais_Français_Dioula.csv,Dioula
first,premier,fɔlɔ,Anglais_Français_Dioula.csv,Dioula
fish,poisson,jɛgɛ,Anglais_Français_Dioula.csv,Dioula
fist,poing,kuru,Anglais_Français_Dioula.csv,Dioula
fit,aller (taille),bɛn,Anglais_Français_Dioula.csv,Dioula
five,cinq,duuru,Anglais_Français_Dioula.csv,Dioula
fix,réparer,dilan,Anglais_Français_Dioula.csv,Dioula
flag,drapeau,drapu,Anglais_Français_Dioula.csv,Dioula
flame,flamme,taman,Anglais_Français_Dioula.csv,Dioula
flat,plat,lalan,Anglais_Français_Dioula.csv,Dioula
flavor,saveur,diya,Anglais_Français_Dioula.csv,Dioula
flesh,chair,sogo,Anglais_Français_Dioula.csv,Dioula
flight,vol,pan,Anglais_Français_Dioula.csv,Dioula
float,flotter,pan,Anglais_Français_Dioula.csv,Dioula
floor,sol,dugu,Anglais_Français_Dioula.csv,Dioula
flour,farine,mugu,Anglais_Français_Dioula.csv,Dioula
flower,fleur,fulɛri,Anglais_Français_Dioula.csv,Dioula
fly,mouche / voler,ton / pan,Anglais_Français_Dioula.csv,Dioula
focus,concentrer,hakili,Anglais_Français_Dioula.csv,Dioula
fog,brouillard,kaba,Anglais_Français_Dioula.csv,Dioula
fold,plier,duru,Anglais_Français_Dioula.csv,Dioula
follow,suivre,tugu,Anglais_Français_Dioula.csv,Dioula
food,nourriture,dumuni,Anglais_Français_Dioula.csv,Dioula
foot,pied,sen,Anglais_Français_Dioula.csv,Dioula
football,football,balon,Anglais_Français_Dioula.csv,Dioula
for,pour,kama,Anglais_Français_Dioula.csv,Dioula
force,force,fanga,Anglais_Français_Dioula.csv,Dioula
foreign,étranger,janjama,Anglais_Français_Dioula.csv,Dioula
forest,forêt,tu,Anglais_Français_Dioula.csv,Dioula
forever,pour toujours,abada,Anglais_Français_Dioula.csv,Dioula
forget,oublier,ɲina,Anglais_Français_Dioula.csv,Dioula
forgive,pardonner,yafa,Anglais_Français_Dioula.csv,Dioula
fork,fourchette,furusɛti,Anglais_Français_Dioula.csv,Dioula
form,forme,cogo,Anglais_Français_Dioula.csv,Dioula
former,ancien,kɔrɔ,Anglais_Français_Dioula.csv,Dioula
forty,quarante,biduuru,Anglais_Français_Dioula.csv,Dioula
forward,en avant,ɲɛ,Anglais_Français_Dioula.csv,Dioula
four,quatre,naani,Anglais_Français_Dioula.csv,Dioula
fourth,quatrième,naaninan,Anglais_Français_Dioula.csv,Dioula
fox,renard,kule,Anglais_Français_Dioula.csv,Dioula
frame,cadre,kadr,Anglais_Français_Dioula.csv,Dioula
free,libre,hɔrɔn,Anglais_Français_Dioula.csv,Dioula
freedom,liberté,hɔrɔnya,Anglais_Français_Dioula.csv,Dioula
freeze,geler,glasi,Anglais_Français_Dioula.csv,Dioula
fresh,frais,kura,Anglais_Français_Dioula.csv,Dioula
Friday,vendredi,juma,Anglais_Français_Dioula.csv,Dioula
friend,ami,teri,Anglais_Français_Dioula.csv,Dioula
friendly,amical,teri,Anglais_Français_Dioula.csv,Dioula
from,de,ka bɔ,Anglais_Français_Dioula.csv,Dioula
front,devant,ɲɛ,Anglais_Français_Dioula.csv,Dioula
fruit,fruit,yiriden,Anglais_Français_Dioula.csv,Dioula
fry,frire,yiran,Anglais_Français_Dioula.csv,Dioula
fuel,carburant,esansi,Anglais_Français_Dioula.csv,Dioula
full,plein,fa,Anglais_Français_Dioula.csv,Dioula
fun,amusement,tulon,Anglais_Français_Dioula.csv,Dioula
funeral,funérailles,su,Anglais_Français_Dioula.csv,Dioula
funny,drôle,yɛlɛ,Anglais_Français_Dioula.csv,Dioula
furniture,meuble,mobili,Anglais_Français_Dioula.csv,Dioula
future,futur,sini,Anglais_Français_Dioula.csv,Dioula
gain,gain,tɔnɔ,Anglais_Français_Dioula.csv,Dioula
game,jeu,tulon,Anglais_Français_Dioula.csv,Dioula
gap,écart,fara,Anglais_Français_Dioula.csv,Dioula
garage,garage,garazi,Anglais_Français_Dioula.csv,Dioula
garden,jardin,nakɔ,Anglais_Français_Dioula.csv,Dioula
gas,gaz,gazi,Anglais_Français_Dioula.csv,Dioula
gate,portail,da,Anglais_Français_Dioula.csv,Dioula
gather,rassembler,lajɛ,Anglais_Français_Dioula.csv,Dioula
general,général,bɛɛ,Anglais_Français_Dioula.csv,Dioula
generation,génération,si,Anglais_Français_Dioula.csv,Dioula
gentle,doux,duman,Anglais_Français_Dioula.csv,Dioula
get,obtenir,sɔrɔ,Anglais_Français_Dioula.csv,Dioula
ghost,fantôme,kujigi,Anglais_Français_Dioula.csv,Dioula
giant,géant,janba,Anglais_Français_Dioula.csv,Dioula
gift,cadeau,nili,Anglais_Français_Dioula.csv,Dioula
girl,fille,denmuso,Anglais_Français_Dioula.csv,Dioula
give,donner,di,Anglais_Français_Dioula.csv,Dioula
glad,content,nisɔndi,Anglais_Français_Dioula.csv,Dioula
glass,verre,vɛri,Anglais_Français_Dioula.csv,Dioula
go,aller,taga,Anglais_Français_Dioula.csv,Dioula
goat,chèvre,ba,Anglais_Français_Dioula.csv,Dioula
god,dieu,Ala,Anglais_Français_Dioula.csv,Dioula
gold,or,sanu,Anglais_Français_Dioula.csv,Dioula
good,bon,ɲi,Anglais_Français_Dioula.csv,Dioula
goodbye,au revoir,k'an bɛn,Anglais_Français_Dioula.csv,Dioula
goods,marchandises,fɛn,Anglais_Français_Dioula.csv,Dioula
govern,gouverner,mara,Anglais_Français_Dioula.csv,Dioula
government,gouvernement,guvɛrɛnɛma,Anglais_Français_Dioula.csv,Dioula
grain,grain,kisɛ,Anglais_Français_Dioula.csv,Dioula
grand,grand,bon,Anglais_Français_Dioula.csv,Dioula
grandfather,grand-père,bɛnba,Anglais_Français_Dioula.csv,Dioula
grandmother,grand-mère,musokɔrɔ,Anglais_Français_Dioula.csv,Dioula
grass,herbe,bin,Anglais_Français_Dioula.csv,Dioula
grave,tombe,kaburu,Anglais_Français_Dioula.csv,Dioula
great,grand,ba,Anglais_Français_Dioula.csv,Dioula
green,vert,kɛnɛ,Anglais_Français_Dioula.csv,Dioula
greet,saluer,fo,Anglais_Français_Dioula.csv,Dioula
grey,gris,pugu,Anglais_Français_Dioula.csv,Dioula
ground,sol,dugu,Anglais_Français_Dioula.csv,Dioula
group,groupe,kulu,Anglais_Français_Dioula.csv,Dioula
grow,grandir,bonya,Anglais_Français_Dioula.csv,Dioula
guard,garde,kɔlɔsi,Anglais_Français_Dioula.csv,Dioula
guess,deviner,kɔrɔfɔ,Anglais_Français_Dioula.csv,Dioula
guest,invité,dunan,Anglais_Français_Dioula.csv,Dioula
guide,guider,ɲɛminɛ,Anglais_Français_Dioula.csv,Dioula
guilty,coupable,jalaki,Anglais_Français_Dioula.csv,Dioula
gun,fusil,marifa,Anglais_Français_Dioula.csv,Dioula
guy,type,cɛ,Anglais_Français_Dioula.csv,Dioula
habit,habitude,landa,Anglais_Français_Dioula.csv,Dioula
hair,cheveux,kunsi,Anglais_Français_Dioula.csv,Dioula
half,moitié,tilan,Anglais_Français_Dioula.csv,Dioula
hall,salle,so,Anglais_Français_Dioula.csv,Dioula
hand,main,bolo,Anglais_Français_Dioula.csv,Dioula
handle,poignée,bolo,Anglais_Français_Dioula.csv,Dioula
hang,pendre,dun,Anglais_Français_Dioula.csv,Dioula
happen,arriver,kɛ,Anglais_Français_Dioula.csv,Dioula
happy,heureux,nisɔndi,Anglais_Français_Dioula.csv,Dioula
hard,dur,gwɛlɛ,Anglais_Français_Dioula.csv,Dioula
hardly,à peine,dɔɔnin,Anglais_Français_Dioula.csv,Dioula
hat,chapeau,fugu,Anglais_Français_Dioula.csv,Dioula
hate,haïr,kɔn,Anglais_Français_Dioula.csv,Dioula
have,avoir,sɔrɔ,Anglais_Français_Dioula.csv,Dioula
he,il,a,Anglais_Français_Dioula.csv,Dioula
head,tête,kun,Anglais_Français_Dioula.csv,Dioula
health,santé,kɛnɛ,Anglais_Français_Dioula.csv,Dioula
hear,entendre,mɛn,Anglais_Français_Dioula.csv,Dioula
heart,cœur,dusu,Anglais_Français_Dioula.csv,Dioula
heat,chaleur,gwan,Anglais_Français_Dioula.csv,Dioula
heaven,ciel,sankolo,Anglais_Français_Dioula.csv,Dioula
heavy,lourd,giri,Anglais_Français_Dioula.csv,Dioula
height,hauteur,jan,Anglais_Français_Dioula.csv,Dioula
hell,enfer,jahanama,Anglais_Français_Dioula.csv,Dioula
hello,bonjour,i ni sɔgɔma,Anglais_Français_Dioula.csv,Dioula
help,aider,dɛmɛ,Anglais_Français_Dioula.csv,Dioula
hen,poule,sisɛ,Anglais_Français_Dioula.csv,Dioula
her,elle,a,Anglais_Français_Dioula.csv,Dioula
here,ici,yan,Anglais_Français_Dioula.csv,Dioula
hero,héros,ŋana,Anglais_Français_Dioula.csv,Dioula
hers,le sien,ta,Anglais_Français_Dioula.csv,Dioula
hide,cacher,dogo,Anglais_Français_Dioula.csv,Dioula
high,haut,san,Anglais_Français_Dioula.csv,Dioula
hill,colline,kulu,Anglais_Français_Dioula.csv,Dioula
him,lui,a,Anglais_Français_Dioula.csv,Dioula
himself,lui-même,yɛrɛ,Anglais_Français_Dioula.csv,Dioula
his,son,a,Anglais_Français_Dioula.csv,Dioula
history,histoire,tariku,Anglais_Français_Dioula.csv,Dioula
hit,frapper,gosi,Anglais_Français_Dioula.csv,Dioula
hobby,passe-temps,tulon,Anglais_Français_Dioula.csv,Dioula
hold,tenir,minɛ,Anglais_Français_Dioula.csv,Dioula
hole,trou,dingɛ,Anglais_Français_Dioula.csv,Dioula
holiday,vacances,kɔnze,Anglais_Français_Dioula.csv,Dioula
holy,saint,senu,Anglais_Français_Dioula.csv,Dioula
home,maison,so,Anglais_Français_Dioula.csv,Dioula
honest,honnête,tilen,Anglais_Français_Dioula.csv,Dioula
honey,miel,li,Anglais_Français_Dioula.csv,Dioula
honor,honneur,danbe,Anglais_Français_Dioula.csv,Dioula
hope,espoir,jigi,Anglais_Français_Dioula.csv,Dioula
horse,cheval,so,Anglais_Français_Dioula.csv,Dioula
hospital,hôpital,lopital,Anglais_Français_Dioula.csv,Dioula
hot,chaud,kalan,Anglais_Français_Dioula.csv,Dioula
hotel,hôtel,otɛli,Anglais_Français_Dioula.csv,Dioula
hour,heure,lɛrɛ,Anglais_Français_Dioula.csv,Dioula
house,maison,so,Anglais_Français_Dioula.csv,Dioula
how,comment,cogo di,Anglais_Français_Dioula.csv,Dioula
huge,énorme,ba,Anglais_Français_Dioula.csv,Dioula
human,humain,mɔgɔ,Anglais_Français_Dioula.csv,Dioula
hundred,cent,kɛmɛ,Anglais_Français_Dioula.csv,Dioula
hungry,affamé,kɔngɔ,Anglais_Français_Dioula.csv,Dioula
hunt,chasser,dɔnso,Anglais_Français_Dioula.csv,Dioula
hurry,se dépêcher,teliya,Anglais_Français_Dioula.csv,Dioula
hurt,blesser,dimi,Anglais_Français_Dioula.csv,Dioula
husband,mari,cɛ,Anglais_Français_Dioula.csv,Dioula
ice,glace,glasi,Anglais_Français_Dioula.csv,Dioula
idea,idée,miiri,Anglais_Français_Dioula.csv,Dioula
identify,identifier,dɔn,Anglais_Français_Dioula.csv,Dioula
if,si,ni,Anglais_Français_Dioula.csv,Dioula
ignore,ignorer,ɲina,Anglais_Français_Dioula.csv,Dioula
ill,malade,bana,Anglais_Français_Dioula.csv,Dioula
illegal,illégal,sariyabali,Anglais_Français_Dioula.csv,Dioula
illness,maladie,bana,Anglais_Français_Dioula.csv,Dioula
image,image,ja,Anglais_Français_Dioula.csv,Dioula
imagine,imaginer,miiri,Anglais_Français_Dioula.csv,Dioula
immediate,immédiat,sisa,Anglais_Français_Dioula.csv,Dioula
import,importer,lasɔrɔ,Anglais_Français_Dioula.csv,Dioula
important,important,kɔrɔ,Anglais_Français_Dioula.csv,Dioula
improve,améliorer,ɲɛ,Anglais_Français_Dioula.csv,Dioula
in,dans,kɔnɔ,Anglais_Français_Dioula.csv,Dioula
inch,pouce,pusi,Anglais_Français_Dioula.csv,Dioula
include,inclure,fara,Anglais_Français_Dioula.csv,Dioula
income,revenu,sɔrɔ,Anglais_Français_Dioula.csv,Dioula
increase,augmenter,yiriwa,Anglais_Français_Dioula.csv,Dioula
indeed,en effet,tiɲɛ,Anglais_Français_Dioula.csv,Dioula
independent,indépendant,yɛrɛmahɔrɔn,Anglais_Français_Dioula.csv,Dioula
index,index,ɛndɛkisi,Anglais_Français_Dioula.csv,Dioula
indicate,indiquer,yira,Anglais_Français_Dioula.csv,Dioula
individual,individuel,kelen,Anglais_Français_Dioula.csv,Dioula
industry,industrie,izini,Anglais_Français_Dioula.csv,Dioula
infant,nourrisson,denmisɛn,Anglais_Français_Dioula.csv,Dioula
infection,infection,bana,Anglais_Français_Dioula.csv,Dioula
inflation,inflation,sɔngɔyɛlɛ,Anglais_Français_Dioula.csv,Dioula
influence,influence,nɔ,Anglais_Français_Dioula.csv,Dioula
inform,informer,lasig,Anglais_Français_Dioula.csv,Dioula
information,information,kunnafoni,Anglais_Français_Dioula.csv,Dioula
injury,blessure,joli,Anglais_Français_Dioula.csv,Dioula
ink,encre,ɛnkri,Anglais_Français_Dioula.csv,Dioula
insect,insecte,fɛn,Anglais_Français_Dioula.csv,Dioula
inside,dedans,kɔnɔ,Anglais_Français_Dioula.csv,Dioula
instead,au lieu de,nɔ,Anglais_Français_Dioula.csv,Dioula
instrument,instrument,minɛn,Anglais_Français_Dioula.csv,Dioula
insult,insulter,nɛni,Anglais_Français_Dioula.csv,Dioula
insurance,assurance,lasig,Anglais_Français_Dioula.csv,Dioula
intelligence,intelligence,hakili,Anglais_Français_Dioula.csv,Dioula
intend,avoir l'intention,la,Anglais_Français_Dioula.csv,Dioula
interest,intérêt,nafa,Anglais_Français_Dioula.csv,Dioula
interesting,intéressant,di,Anglais_Français_Dioula.csv,Dioula
international,international,jamana,Anglais_Français_Dioula.csv,Dioula
internet,internet,ɛntɛrinit,Anglais_Français_Dioula.csv,Dioula
interview,entrevue,ɛntɛrviyu,Anglais_Français_Dioula.csv,Dioula
into,dans,kɔnɔ,Anglais_Français_Dioula.csv,Dioula
introduce,présenter,yira,Anglais_Français_Dioula.csv,Dioula
invent,inventer,dilan,Anglais_Français_Dioula.csv,Dioula
invest,investir,don,Anglais_Français_Dioula.csv,Dioula
invite,inviter,weele,Anglais_Français_Dioula.csv,Dioula
involve,impliquer,la,Anglais_Français_Dioula.csv,Dioula
iron,fer,nɛgɛ,Anglais_Français_Dioula.csv,Dioula
island,île,gun,Anglais_Français_Dioula.csv,Dioula
issue,problème,ko,Anglais_Français_Dioula.csv,Dioula
it,il/elle,a,Anglais_Français_Dioula.csv,Dioula
item,article,fɛn,Anglais_Français_Dioula.csv,Dioula
its,son,a,Anglais_Français_Dioula.csv,Dioula
itself,lui-même,yɛrɛ,Anglais_Français_Dioula.csv,Dioula
jacket,veste,vɛsiti,Anglais_Français_Dioula.csv,Dioula
jail,prison,kaso,Anglais_Français_Dioula.csv,Dioula
jam,confiture,konfitiri,Anglais_Français_Dioula.csv,Dioula
jar,pot,jara,Anglais_Français_Dioula.csv,Dioula
jealous,jaloux,kɔn,Anglais_Français_Dioula.csv,Dioula
jeans,jeans,jini,Anglais_Français_Dioula.csv,Dioula
jelly,gelée,zeli,Anglais_Français_Dioula.csv,Dioula
jewel,bijou,masiri,Anglais_Français_Dioula.csv,Dioula
job,travail,baara,Anglais_Français_Dioula.csv,Dioula
join,joindre,fara,Anglais_Français_Dioula.csv,Dioula
joke,plaisanter,yɛlɛ,Anglais_Français_Dioula.csv,Dioula
journal,journal,zurnali,Anglais_Français_Dioula.csv,Dioula
journey,voyage,taama,Anglais_Français_Dioula.csv,Dioula
joy,joie,nisɔndi,Anglais_Français_Dioula.csv,Dioula
judge,juge,kiti,Anglais_Français_Dioula.csv,Dioula
juice,jus,ji,Anglais_Français_Dioula.csv,Dioula
jump,sauter,pan,Anglais_Français_Dioula.csv,Dioula
jungle,jungle,tu,Anglais_Français_Dioula.csv,Dioula
junior,cadet,dɔgɔ,Anglais_Français_Dioula.csv,Dioula
jury,jury,zuri,Anglais_Français_Dioula.csv,Dioula
just,juste,tilen,Anglais_Français_Dioula.csv,Dioula
justice,justice,sariya,Anglais_Français_Dioula.csv,Dioula
keep,garder,mara,Anglais_Français_Dioula.csv,Dioula
key,clé,kile,Anglais_Français_Dioula.csv,Dioula
kick,coup de pied,tan,Anglais_Français_Dioula.csv,Dioula
kid,gamin,den,Anglais_Français_Dioula.csv,Dioula
kill,tuer,faga,Anglais_Français_Dioula.csv,Dioula
kind,genre / gentil,sugu / ɲi,Anglais_Français_Dioula.csv,Dioula
king,roi,masa,Anglais_Français_Dioula.csv,Dioula
kiss,baiser,susu,Anglais_Français_Dioula.csv,Dioula
kitchen,cuisine,gwada,Anglais_Français_Dioula.csv,Dioula
knee,genou,kunbiri,Anglais_Français_Dioula.csv,Dioula
knife,couteau,muru,Anglais_Français_Dioula.csv,Dioula
knock,frapper,gosi,Anglais_Français_Dioula.csv,Dioula
know,savoir,lɔn,Anglais_Français_Dioula.csv,Dioula
knowledge,connaissance,lɔnni,Anglais_Français_Dioula.csv,Dioula
lab,laboratoire,labo,Anglais_Français_Dioula.csv,Dioula
labor,travail,baara,Anglais_Français_Dioula.csv,Dioula
lack,manque,dɛsɛ,Anglais_Français_Dioula.csv,Dioula
lady,dame,muso,Anglais_Français_Dioula.csv,Dioula
lake,lac,dala,Anglais_Français_Dioula.csv,Dioula
lamp,lampe,lanpu,Anglais_Français_Dioula.csv,Dioula
land,terre,dugu,Anglais_Français_Dioula.csv,Dioula
language,langue,kan,Anglais_Français_Dioula.csv,Dioula
large,grand,ba,Anglais_Français_Dioula.csv,Dioula
last,dernier,laban,Anglais_Français_Dioula.csv,Dioula
late,tard,tard,Anglais_Français_Dioula.csv,Dioula
laugh,rire,yɛlɛ,Anglais_Français_Dioula.csv,Dioula
law,loi,sariya,Anglais_Français_Dioula.csv,Dioula
lawyer,avocat,avoka,Anglais_Français_Dioula.csv,Dioula
lay,poser,la,Anglais_Français_Dioula.csv,Dioula
lazy,paresseux,sal,Anglais_Français_Dioula.csv,Dioula
lead,mener,ɲɛminɛ,Anglais_Français_Dioula.csv,Dioula
leader,chef,kuntigi,Anglais_Français_Dioula.csv,Dioula
leaf,feuille,fura,Anglais_Français_Dioula.csv,Dioula
league,ligue,ligi,Anglais_Français_Dioula.csv,Dioula
lean,maigre,fɛgɛ,Anglais_Français_Dioula.csv,Dioula
learn,apprendre,kalan,Anglais_Français_Dioula.csv,Dioula
least,moins,dɔgɔ,Anglais_Français_Dioula.csv,Dioula
leather,cuir,golo,Anglais_Français_Dioula.csv,Dioula
leave,quitter,bila,Anglais_Français_Dioula.csv,Dioula
left,gauche,numan,Anglais_Français_Dioula.csv,Dioula
leg,jambe,sen,Anglais_Français_Dioula.csv,Dioula
legal,légal,sariya,Anglais_Français_Dioula.csv,Dioula
lemon,citron,lemu,Anglais_Français_Dioula.csv,Dioula
lend,prêter,don,Anglais_Français_Dioula.csv,Dioula
length,longueur,jan,Anglais_Français_Dioula.csv,Dioula
less,moins,dɔgɔ,Anglais_Français_Dioula.csv,Dioula
lesson,leçon,kalan,Anglais_Français_Dioula.csv,Dioula
let,laisser,to,Anglais_Français_Dioula.csv,Dioula
letter,lettre,bataki,Anglais_Français_Dioula.csv,Dioula
level,niveau,nivo,Anglais_Français_Dioula.csv,Dioula
library,bibliothèque,biblio,Anglais_Français_Dioula.csv,Dioula
lie,mentir,kalon,Anglais_Français_Dioula.csv,Dioula
life,vie,ɲɛnamaya,Anglais_Français_Dioula.csv,Dioula
lift,soulever,kɔrɔta,Anglais_Français_Dioula.csv,Dioula
light,lumière,yeelen,Anglais_Français_Dioula.csv,Dioula
like,aimer,fɛ,Anglais_Français_Dioula.csv,Dioula
limit,limite,dan,Anglais_Français_Dioula.csv,Dioula
line,ligne,sira,Anglais_Français_Dioula.csv,Dioula
link,lien,siri,Anglais_Français_Dioula.csv,Dioula
lion,lion,jara,Anglais_Français_Dioula.csv,Dioula
lip,lèvre,da,Anglais_Français_Dioula.csv,Dioula
liquid,liquide,ji,Anglais_Français_Dioula.csv,Dioula
list,liste,lisiti,Anglais_Français_Dioula.csv,Dioula
listen,écouter,lamɛn,Anglais_Français_Dioula.csv,Dioula
liter,litre,litri,Anglais_Français_Dioula.csv,Dioula
little,petit,dɔgɔ,Anglais_Français_Dioula.csv,Dioula
live,vivre,balo,Anglais_Français_Dioula.csv,Dioula
load,charger,duni,Anglais_Français_Dioula.csv,Dioula
loan,prêt,prɛ,Anglais_Français_Dioula.csv,Dioula
local,local,dugu,Anglais_Français_Dioula.csv,Dioula
locate,localiser,yɔrɔ,Anglais_Français_Dioula.csv,Dioula
lock,verrouiller,sɔgɔ,Anglais_Français_Dioula.csv,Dioula
log,bûche,yiri,Anglais_Français_Dioula.csv,Dioula
lonely,seul,kelen,Anglais_Français_Dioula.csv,Dioula
long,long,jan,Anglais_Français_Dioula.csv,Dioula
look,regarder,filɛ,Anglais_Français_Dioula.csv,Dioula
loose,lâche,fɛgɛ,Anglais_Français_Dioula.csv,Dioula
lose,perdre,tunu,Anglais_Français_Dioula.csv,Dioula
loss,perte,tunu,Anglais_Français_Dioula.csv,Dioula
lot,lot,caman,Anglais_Français_Dioula.csv,Dioula
loud,fort,kan,Anglais_Français_Dioula.csv,Dioula
love,aimer,kanu,Anglais_Français_Dioula.csv,Dioula
low,bas,duguma,Anglais_Français_Dioula.csv,Dioula
lower,baisser,jigi,Anglais_Français_Dioula.csv,Dioula
luck,chance,bɔnɛ,Anglais_Français_Dioula.csv,Dioula
lunch,déjeuner,tilelafana,Anglais_Français_Dioula.csv,Dioula
machine,machine,masin,Anglais_Français_Dioula.csv,Dioula
mad,fou,fatɔ,Anglais_Français_Dioula.csv,Dioula
magazine,magazine,magazini,Anglais_Français_Dioula.csv,Dioula
mail,courrier,kuriye,Anglais_Français_Dioula.csv,Dioula
main,principal,ba,Anglais_Français_Dioula.csv,Dioula
major,majeur,ba,Anglais_Français_Dioula.csv,Dioula
make,faire,kɛ,Anglais_Français_Dioula.csv,Dioula
male,mâle,cɛ,Anglais_Français_Dioula.csv,Dioula
man,homme,cɛ,Anglais_Français_Dioula.csv,Dioula
manage,gérer,mara,Anglais_Français_Dioula.csv,Dioula
manager,directeur,kuntigi,Anglais_Français_Dioula.csv,Dioula
manner,manière,cogo,Anglais_Français_Dioula.csv,Dioula
many,beaucoup,caman,Anglais_Français_Dioula.csv,Dioula
map,carte,kart,Anglais_Français_Dioula.csv,Dioula
march,marcher,taama,Anglais_Français_Dioula.csv,Dioula
mark,marque,nɔ,Anglais_Français_Dioula.csv,Dioula
market,marché,lɔgɔ,Anglais_Français_Dioula.csv,Dioula
marriage,mariage,furu,Anglais_Français_Dioula.csv,Dioula
marry,se marier,furu,Anglais_Français_Dioula.csv,Dioula
mass,masse,fanga,Anglais_Français_Dioula.csv,Dioula
master,maître,kuntigi,Anglais_Français_Dioula.csv,Dioula
match,match,mac,Anglais_Français_Dioula.csv,Dioula
material,matériel,materiyɛli,Anglais_Français_Dioula.csv,Dioula
matter,matière,ko,Anglais_Français_Dioula.csv,Dioula
may,pouvoir,se,Anglais_Français_Dioula.csv,Dioula
maybe,peut-être,n'a sɔrɔ,Anglais_Français_Dioula.csv,Dioula
me,moi,ne,Anglais_Français_Dioula.csv,Dioula
meal,repas,dumuni,Anglais_Français_Dioula.csv,Dioula
mean,signifier,kɔrɔ,Anglais_Français_Dioula.csv,Dioula
meaning,sens,kɔrɔ,Anglais_Français_Dioula.csv,Dioula
measure,mesure,suman,Anglais_Français_Dioula.csv,Dioula
meat,viande,sogo,Anglais_Français_Dioula.csv,Dioula
media,média,mediya,Anglais_Français_Dioula.csv,Dioula
medical,médical,medikal,Anglais_Français_Dioula.csv,Dioula
medicine,médicament,fura,Anglais_Français_Dioula.csv,Dioula
meet,rencontrer,bɛn,Anglais_Français_Dioula.csv,Dioula
meeting,réunion,lajɛ,Anglais_Français_Dioula.csv,Dioula
member,membre,mɔgɔ,Anglais_Français_Dioula.csv,Dioula
memory,mémoire,hakili,Anglais_Français_Dioula.csv,Dioula
mental,mental,hakili,Anglais_Français_Dioula.csv,Dioula
mention,mentionner,fɔ,Anglais_Français_Dioula.csv,Dioula
menu,menu,menu,Anglais_Français_Dioula.csv,Dioula
mere,simple,kɛrɛn,Anglais_Français_Dioula.csv,Dioula
mess,désordre,ɲagami,Anglais_Français_Dioula.csv,Dioula
message,message,ci,Anglais_Français_Dioula.csv,Dioula
metal,métal,nɛgɛ,Anglais_Français_Dioula.csv,Dioula
meter,mètre,mɛtri,Anglais_Français_Dioula.csv,Dioula
method,méthode,cogo,Anglais_Français_Dioula.csv,Dioula
middle,milieu,cɛmancɛ,Anglais_Français_Dioula.csv,Dioula
midnight,minuit,dugutila,Anglais_Français_Dioula.csv,Dioula
might,puissance,fanga,Anglais_Français_Dioula.csv,Dioula
mile,mile,mayil,Anglais_Français_Dioula.csv,Dioula
milk,lait,nɔnɔ,Anglais_Français_Dioula.csv,Dioula
mill,moulin,mulin,Anglais_Français_Dioula.csv,Dioula
mind,esprit,hakili,Anglais_Français_Dioula.csv,Dioula
mine,mine,min,Anglais_Français_Dioula.csv,Dioula
mineral,minéral,mineral,Anglais_Français_Dioula.csv,Dioula
minister,ministre,minisiri,Anglais_Français_Dioula.csv,Dioula
minute,minute,miniti,Anglais_Français_Dioula.csv,Dioula
mirror,miroir,dugalen,Anglais_Français_Dioula.csv,Dioula
miss,manquer,dɛsɛ,Anglais_Français_Dioula.csv,Dioula
mission,mission,misyɔn,Anglais_Français_Dioula.csv,Dioula
mistake,erreur,fili,Anglais_Français_Dioula.csv,Dioula
mix,mélanger,ɲagami,Anglais_Français_Dioula.csv,Dioula
mixture,mélange,ɲagami,Anglais_Français_Dioula.csv,Dioula
model,modèle,modɛli,Anglais_Français_Dioula.csv,Dioula
modern,moderne,kura,Anglais_Français_Dioula.csv,Dioula
mom,maman,ba,Anglais_Français_Dioula.csv,Dioula
moment,moment,waati,Anglais_Français_Dioula.csv,Dioula
money,argent,wari,Anglais_Français_Dioula.csv,Dioula
monitor,surveiller,kɔlɔsi,Anglais_Français_Dioula.csv,Dioula
monkey,singe,sola,Anglais_Français_Dioula.csv,Dioula
month,mois,kalo,Anglais_Français_Dioula.csv,Dioula
moon,lune,kalo,Anglais_Français_Dioula.csv,Dioula
moral,moral,moral,Anglais_Français_Dioula.csv,Dioula
more,plus,caman,Anglais_Français_Dioula.csv,Dioula
morning,matin,sɔgɔma,Anglais_Français_Dioula.csv,Dioula
most,le plus,caman,Anglais_Français_Dioula.csv,Dioula
mother,mère,ba,Anglais_Français_Dioula.csv,Dioula
motion,mouvement,lamaga,Anglais_Français_Dioula.csv,Dioula
motor,moteur,motɛri,Anglais_Français_Dioula.csv,Dioula
mount,monter,yɛlɛ,Anglais_Français_Dioula.csv,Dioula
mountain,montagne,kulu,Anglais_Français_Dioula.csv,Dioula
mouse,souris,ɲina,Anglais_Français_Dioula.csv,Dioula
mouth,bouche,da,Anglais_Français_Dioula.csv,Dioula
move,bouger,lamaga,Anglais_Français_Dioula.csv,Dioula
movie,film,filimu,Anglais_Français_Dioula.csv,Dioula
much,beaucoup,caman,Anglais_Français_Dioula.csv,Dioula
mud,boue,bɔgɔ,Anglais_Français_Dioula.csv,Dioula
muscle,muscle,fasari,Anglais_Français_Dioula.csv,Dioula
museum,musée,mize,Anglais_Français_Dioula.csv,Dioula
music,musique,fɔli,Anglais_Français_Dioula.csv,Dioula
must,devoir,ka,Anglais_Français_Dioula.csv,Dioula
my,mon,ne ka,Anglais_Français_Dioula.csv,Dioula
myself,moi-même,ne yɛrɛ,Anglais_Français_Dioula.csv,Dioula
nail,ongle / clou,sɔni / pɔnti,Anglais_Français_Dioula.csv,Dioula
name,nom,tɔgɔ,Anglais_Français_Dioula.csv,Dioula
narrow,étroit,dɔgɔ,Anglais_Français_Dioula.csv,Dioula
nation,nation,faso,Anglais_Français_Dioula.csv,Dioula
native,natif,dugulen,Anglais_Français_Dioula.csv,Dioula
natural,naturel,natirɛli,Anglais_Français_Dioula.csv,Dioula
nature,nature,natiri,Anglais_Français_Dioula.csv,Dioula
near,près,surun,Anglais_Français_Dioula.csv,Dioula
nearby,proche,surun,Anglais_Français_Dioula.csv,Dioula
nearly,presque,dɔɔnin,Anglais_Français_Dioula.csv,Dioula
necessary,nécessaire,wajib,Anglais_Français_Dioula.csv,Dioula
neck,cou,kan,Anglais_Français_Dioula.csv,Dioula
need,besoin,mako,Anglais_Français_Dioula.csv,Dioula
needle,aiguille,miseli,Anglais_Français_Dioula.csv,Dioula
negative,négatif,negatif,Anglais_Français_Dioula.csv,Dioula
neighbor,voisin,siginɔgɔn,Anglais_Français_Dioula.csv,Dioula
neither,ni,wala,Anglais_Français_Dioula.csv,Dioula
nerve,nerf,nɛri,Anglais_Français_Dioula.csv,Dioula
nervous,nerveux,nɛri,Anglais_Français_Dioula.csv,Dioula
net,filet,jo,Anglais_Français_Dioula.csv,Dioula
network,réseau,rezo,Anglais_Français_Dioula.csv,Dioula
never,jamais,abada,Anglais_Français_Dioula.csv,Dioula
new,nouveau,kura,Anglais_Français_Dioula.csv,Dioula
news,nouvelles,kibaru,Anglais_Français_Dioula.csv,Dioula
newspaper,journal,zurnali,Anglais_Français_Dioula.csv,Dioula
next,prochain,nata,Anglais_Français_Dioula.csv,Dioula
nice,gentil,ɲi,Anglais_Français_Dioula.csv,Dioula
night,nuit,su,Anglais_Français_Dioula.csv,Dioula
nine,neuf,kɔnɔntɔn,Anglais_Français_Dioula.csv,Dioula
no,non,ayi,Anglais_Français_Dioula.csv,Dioula
nobody,personne,mɔgɔ,Anglais_Français_Dioula.csv,Dioula
noise,bruit,mankan,Anglais_Français_Dioula.csv,Dioula
none,aucun,si,Anglais_Français_Dioula.csv,Dioula
noon,midi,tile,Anglais_Français_Dioula.csv,Dioula
nor,ni,wala,Anglais_Français_Dioula.csv,Dioula
normal,normal,nɔrmal,Anglais_Français_Dioula.csv,Dioula
north,nord,saheli,Anglais_Français_Dioula.csv,Dioula
nose,nez,nun,Anglais_Français_Dioula.csv,Dioula
not,ne pas,te,Anglais_Français_Dioula.csv,Dioula
note,note,noti,Anglais_Français_Dioula.csv,Dioula
nothing,rien,foyi,Anglais_Français_Dioula.csv,Dioula
notice,remarquer,kɔlɔsi,Anglais_Français_Dioula.csv,Dioula
novel,roman,roman,Anglais_Français_Dioula.csv,Dioula
now,maintenant,sisan,Anglais_Français_Dioula.csv,Dioula
number,nombre,jatel,Anglais_Français_Dioula.csv,Dioula
nurse,infirmière,infirmiyɛ,Anglais_Français_Dioula.csv,Dioula
nut,noix,kulu,Anglais_Français_Dioula.csv,Dioula
object,objet,fɛn,Anglais_Français_Dioula.csv,Dioula
observe,observer,kɔlɔsi,Anglais_Français_Dioula.csv,Dioula
obtain,obtenir,sɔrɔ,Anglais_Français_Dioula.csv,Dioula
obvious,évident,gwɛ,Anglais_Français_Dioula.csv,Dioula
occasion,occasion,okaziyɔn,Anglais_Français_Dioula.csv,Dioula
ocean,océan,kɔgɔji,Anglais_Français_Dioula.csv,Dioula
of,de,ka,Anglais_Français_Dioula.csv,Dioula
off,éteint,faga,Anglais_Français_Dioula.csv,Dioula
offer,offrir,di,Anglais_Français_Dioula.csv,Dioula
office,bureau,biro,Anglais_Français_Dioula.csv,Dioula
officer,officier,ofisiye,Anglais_Français_Dioula.csv,Dioula
official,officiel,ofisyɛli,Anglais_Français_Dioula.csv,Dioula
often,souvent,tumacam,Anglais_Français_Dioula.csv,Dioula
oh,oh,o,Anglais_Français_Dioula.csv,Dioula
oil,huile,tulu,Anglais_Français_Dioula.csv,Dioula
ok,d'accord,o ka ɲi,Anglais_Français_Dioula.csv,Dioula
old,vieux,kɔrɔ,Anglais_Français_Dioula.csv,Dioula
on,sur,kan,Anglais_Français_Dioula.csv,Dioula
once,une fois,siɲɛ kelen,Anglais_Français_Dioula.csv,Dioula
one,un,kelen,Anglais_Français_Dioula.csv,Dioula
only,ulement,dɔrɔn,Anglais_Français_Dioula.csv,Dioula
open,ouvrir,dayɛlɛ,Anglais_Français_Dioula.csv,Dioula
operate,opérer,opere,Anglais_Français_Dioula.csv,Dioula
operation,opération,operas,Anglais_Français_Dioula.csv,Dioula
opinion,opinion,miiri,Anglais_Français_Dioula.csv,Dioula
opportunity,opportunité,okaziyɔn,Anglais_Français_Dioula.csv,Dioula
oppose,s'opposer,sɔsɔ,Anglais_Français_Dioula.csv,Dioula
opposite,opposé,ɲɛ,Anglais_Français_Dioula.csv,Dioula
or,ou,wala,Anglais_Français_Dioula.csv,Dioula
orange,orange,oranz,Anglais_Français_Dioula.csv,Dioula
order,ordre,ɔrdr,Anglais_Français_Dioula.csv,Dioula
ordinary,ordinaire,ɔrdinɛri,Anglais_Français_Dioula.csv,Dioula
organ,organe,ɔrgan,Anglais_Français_Dioula.csv,Dioula
organization,organisation,tɔn,Anglais_Français_Dioula.csv,Dioula
organize,organiser,lajɛ,Anglais_Français_Dioula.csv,Dioula
origin,origine,ju,Anglais_Français_Dioula.csv,Dioula
original,original,orizinal,Anglais_Français_Dioula.csv,Dioula
other,autre,wɛrɛ,Anglais_Français_Dioula.csv,Dioula
otherwise,sinon,ni o tɛ,Anglais_Français_Dioula.csv,Dioula
ought,devrait,ka,Anglais_Français_Dioula.csv,Dioula
our,notre,an ka,Anglais_Français_Dioula.csv,Dioula
ours,le nôtre,an ta,Anglais_Français_Dioula.csv,Dioula
out,dehors,kɛnɛma,Anglais_Français_Dioula.csv,Dioula
outcome,résultat,nɔ,Anglais_Français_Dioula.csv,Dioula
outside,dehors,kɛnɛma,Anglais_Français_Dioula.csv,Dioula
oven,four,furu,Anglais_Français_Dioula.csv,Dioula
over,sur,kunna,Anglais_Français_Dioula.csv,Dioula
owe,devoir,juru,Anglais_Français_Dioula.csv,Dioula
own,propre,yɛrɛ,Anglais_Français_Dioula.csv,Dioula
owner,propriétaire,tigi,Anglais_Français_Dioula.csv,Dioula
pack,emballer,siri,Anglais_Français_Dioula.csv,Dioula
package,paquet,pake,Anglais_Français_Dioula.csv,Dioula
page,page,paz,Anglais_Français_Dioula.csv,Dioula
pain,douleur,dimi,Anglais_Français_Dioula.csv,Dioula
paint,peindre,pɛntiri,Anglais_Français_Dioula.csv,Dioula
painting,peinture,pɛntiri,Anglais_Français_Dioula.csv,Dioula
pair,paire,pe,Anglais_Français_Dioula.csv,Dioula
pale,pâle,gwɛ,Anglais_Français_Dioula.csv,Dioula
pan,casserole,maram,Anglais_Français_Dioula.csv,Dioula
panel,panneau,pano,Anglais_Français_Dioula.csv,Dioula
paper,papier,papiye,Anglais_Français_Dioula.csv,Dioula
parent,parent,bange,Anglais_Français_Dioula.csv,Dioula
park,parc,parki,Anglais_Français_Dioula.csv,Dioula
part,partie,fan,Anglais_Français_Dioula.csv,Dioula
participate,participer,don,Anglais_Français_Dioula.csv,Dioula
particular,particulier,partikiliyɛ,Anglais_Français_Dioula.csv,Dioula
partner,partenaire,partinɛri,Anglais_Français_Dioula.csv,Dioula
party,fête / parti,fɛti / parti,Anglais_Français_Dioula.csv,Dioula
pass,passer,tɛmɛ,Anglais_Français_Dioula.csv,Dioula
passage,passage,passage,Anglais_Français_Dioula.csv,Dioula
passenger,passager,pasaze,Anglais_Français_Dioula.csv,Dioula
past,passé,tɛmɛlen,Anglais_Français_Dioula.csv,Dioula
path,chemin,sira,Anglais_Français_Dioula.csv,Dioula
patient,patient,pasyan,Anglais_Français_Dioula.csv,Dioula
pattern,modèle,modɛli,Anglais_Français_Dioula.csv,Dioula
pause,pause,poz,Anglais_Français_Dioula.csv,Dioula
pay,payer,sara,Anglais_Français_Dioula.csv,Dioula
payment,paiement,sara,Anglais_Français_Dioula.csv,Dioula
peace,paix,hɛrɛ,Anglais_Français_Dioula.csv,Dioula
pen,stylo,bik,Anglais_Français_Dioula.csv,Dioula
pencil,crayon,krayɔn,Anglais_Français_Dioula.csv,Dioula
people,gens,mɔgɔw,Anglais_Français_Dioula.csv,Dioula
pepper,poivre,pɔpɔri,Anglais_Français_Dioula.csv,Dioula
per,par,par,Anglais_Français_Dioula.csv,Dioula
percent,pour cent,pursan,Anglais_Français_Dioula.csv,Dioula
perfect,parfait,parfɛ,Anglais_Français_Dioula.csv,Dioula
perform,exécuter,kɛ,Anglais_Français_Dioula.csv,Dioula
performance,performance,pɛrformans,Anglais_Français_Dioula.csv,Dioula
perhaps,peut-être,n'a sɔrɔ,Anglais_Français_Dioula.csv,Dioula
period,période,periyɔdi,Anglais_Français_Dioula.csv,Dioula
permanent,permanent,pɛrmanan,Anglais_Français_Dioula.csv,Dioula
permission,permission,pɛrmisyɔn,Anglais_Français_Dioula.csv,Dioula
permit,permettre,daga,Anglais_Français_Dioula.csv,Dioula
person,personne,mɔgɔ,Anglais_Français_Dioula.csv,Dioula
personal,personnel,pɛrsonɛl,Anglais_Français_Dioula.csv,Dioula
persuade,persuader,lasɔn,Anglais_Français_Dioula.csv,Dioula
pet,animal de compagnie,bagan,Anglais_Français_Dioula.csv,Dioula
phase,phase,faz,Anglais_Français_Dioula.csv,Dioula
philosophy,philosophie,filozofi,Anglais_Français_Dioula.csv,Dioula
phone,téléphone,telefɔni,Anglais_Français_Dioula.csv,Dioula
photo,photo,foto,Anglais_Français_Dioula.csv,Dioula
photograph,photographie,foto,Anglais_Français_Dioula.csv,Dioula
phrase,phrase,fraz,Anglais_Français_Dioula.csv,Dioula
physical,physique,fizik,Anglais_Français_Dioula.csv,Dioula
piano,piano,piyano,Anglais_Français_Dioula.csv,Dioula
pick,choisir,sugandi,Anglais_Français_Dioula.csv,Dioula
picture,image,ja,Anglais_Français_Dioula.csv,Dioula
piece,pièce,piyɛsi,Anglais_Français_Dioula.csv,Dioula
pig,cochon,lɛ,Anglais_Français_Dioula.csv,Dioula
pile,tas,tɔn,Anglais_Français_Dioula.csv,Dioula
pilot,pilote,pilɔti,Anglais_Français_Dioula.csv,Dioula
pin,épingle,pɛngli,Anglais_Français_Dioula.csv,Dioula
pink,rose,rozi,Anglais_Français_Dioula.csv,Dioula
pipe,tuyau,tiyo,Anglais_Français_Dioula.csv,Dioula
pitch,terrain,terrain,Anglais_Français_Dioula.csv,Dioula
place,lieu,yɔrɔ,Anglais_Français_Dioula.csv,Dioula
plain,plaine,plain,Anglais_Français_Dioula.csv,Dioula
plan,plan,plan,Anglais_Français_Dioula.csv,Dioula
plane,avion,aviyɔn,Anglais_Français_Dioula.csv,Dioula
planet,planète,planɛti,Anglais_Français_Dioula.csv,Dioula
plant,plante,fɛn,Anglais_Français_Dioula.csv,Dioula
plastic,plastique,plastiki,Anglais_Français_Dioula.csv,Dioula
plate,assiette,pɛlɛ,Anglais_Français_Dioula.csv,Dioula
platform,plateforme,platfɔrmu,Anglais_Français_Dioula.csv,Dioula
play,jouer,tulon,Anglais_Français_Dioula.csv,Dioula
player,joueur,joueur,Anglais_Français_Dioula.csv,Dioula
pleasant,agréable,di,Anglais_Français_Dioula.csv,Dioula
please,s'il vous plaît,sabari,Anglais_Français_Dioula.csv,Dioula
pleasure,plaisir,diya,Anglais_Français_Dioula.csv,Dioula
plenty,beaucoup,caman,Anglais_Français_Dioula.csv,Dioula
plot,complot,kɔnɔ,Anglais_Français_Dioula.csv,Dioula
plus,plus,plus,Anglais_Français_Dioula.csv,Dioula
pocket,poche,jifa,Anglais_Français_Dioula.csv,Dioula
poem,poème,poɛm,Anglais_Français_Dioula.csv,Dioula
poet,poète,poɛti,Anglais_Français_Dioula.csv,Dioula
poetry,poésie,poezi,Anglais_Français_Dioula.csv,Dioula
point,point,pwɛn,Anglais_Français_Dioula.csv,Dioula
poison,poison,pɔzon,Anglais_Français_Dioula.csv,Dioula
police,police,polisi,Anglais_Français_Dioula.csv,Dioula
policy,politique,politiki,Anglais_Français_Dioula.csv,Dioula
polish,polir,poli,Anglais_Français_Dioula.csv,Dioula
polite,poli,bonya,Anglais_Français_Dioula.csv,Dioula
political,politique,politiki,Anglais_Français_Dioula.csv,Dioula
politics,politique,politiki,Anglais_Français_Dioula.csv,Dioula
pool,piscine,pisin,Anglais_Français_Dioula.csv,Dioula
poor,pauvre,fantang,Anglais_Français_Dioula.csv,Dioula
pop,pop,pop,Anglais_Français_Dioula.csv,Dioula
popular,populaire,popilɛri,Anglais_Français_Dioula.csv,Dioula
population,population,popilasyɔn,Anglais_Français_Dioula.csv,Dioula
port,port,pɔr,Anglais_Français_Dioula.csv,Dioula
position,position,pozisyɔn,Anglais_Français_Dioula.csv,Dioula
positive,positif,pozitif,Anglais_Français_Dioula.csv,Dioula
possibility,possibilité,posibilite,Anglais_Français_Dioula.csv,Dioula
possible,possible,posibli,Anglais_Français_Dioula.csv,Dioula
post,poste,pɔsi,Anglais_Français_Dioula.csv,Dioula
pot,pot,daga,Anglais_Français_Dioula.csv,Dioula
potato,pomme de terre,pɔmutɛri,Anglais_Français_Dioula.csv,Dioula
potential,potentiel,potansyɛl,Anglais_Français_Dioula.csv,Dioula
pound,livre (monnaie),pɔn,Anglais_Français_Dioula.csv,Dioula
pour,verser,bɔn,Anglais_Français_Dioula.csv,Dioula
poverty,pauvreté,fantanya,Anglais_Français_Dioula.csv,Dioula
powder,poudre,mugu,Anglais_Français_Dioula.csv,Dioula
power,pouvoir,fanga,Anglais_Français_Dioula.csv,Dioula
powerful,puissant,fanga,Anglais_Français_Dioula.csv,Dioula
practical,pratique,pratik,Anglais_Français_Dioula.csv,Dioula
practice,pratique,pratik,Anglais_Français_Dioula.csv,Dioula
pray,prier,deli,Anglais_Français_Dioula.csv,Dioula
prayer,prière,deli,Anglais_Français_Dioula.csv,Dioula
precise,précis,presi,Anglais_Français_Dioula.csv,Dioula
predict,prédire,fɔ,Anglais_Français_Dioula.csv,Dioula
prefer,préférer,fisa,Anglais_Français_Dioula.csv,Dioula
pregnant,enceinte,kɔnɔ,Anglais_Français_Dioula.csv,Dioula
prepare,préparer,labɛn,Anglais_Français_Dioula.csv,Dioula
present,présent,prezan,Anglais_Français_Dioula.csv,Dioula
president,président,presidan,Anglais_Français_Dioula.csv,Dioula
press,presse,prɛsi,Anglais_Français_Dioula.csv,Dioula
pressure,pression,presyɔn,Anglais_Français_Dioula.csv,Dioula
pretty,joli,cɛɲi,Anglais_Français_Dioula.csv,Dioula
prevent,empêcher,bali,Anglais_Français_Dioula.csv,Dioula
previous,précédent,tɛmɛlen,Anglais_Français_Dioula.csv,Dioula
price,prix,sɔngɔ,Anglais_Français_Dioula.csv,Dioula
pride,fierté,yɛrɛbonya,Anglais_Français_Dioula.csv,Dioula
priest,prêtre,prɛtri,Anglais_Français_Dioula.csv,Dioula
primary,primaire,primɛri,Anglais_Français_Dioula.csv,Dioula
prince,prince,prinsi,Anglais_Français_Dioula.csv,Dioula
principle,principe,prensipi,Anglais_Français_Dioula.csv,Dioula
print,imprimer,imprime,Anglais_Français_Dioula.csv,Dioula
priority,priorité,priyorite,Anglais_Français_Dioula.csv,Dioula
prison,prison,kaso,Anglais_Français_Dioula.csv,Dioula
private,privé,prive,Anglais_Français_Dioula.csv,Dioula
prize,prix,pri,Anglais_Français_Dioula.csv,Dioula
probably,probablement,n'a sɔrɔ,Anglais_Français_Dioula.csv,Dioula
problem,problème,kɔnɔ,Anglais_Français_Dioula.csv,Dioula
procedure,procédure,prosediri,Anglais_Français_Dioula.csv,Dioula
process,processus,prosesisi,Anglais_Français_Dioula.csv,Dioula
produce,produire,bɔ,Anglais_Français_Dioula.csv,Dioula
product,produit,produi,Anglais_Français_Dioula.csv,Dioula
production,production,produksyɔn,Anglais_Français_Dioula.csv,Dioula
profession,profession,profɛsyɔn,Anglais_Français_Dioula.csv,Dioula
professional,professionnel,profɛsyɔnɛl,Anglais_Français_Dioula.csv,Dioula
professor,professeur,profɛsɛri,Anglais_Français_Dioula.csv,Dioula
profile,profil,profil,Anglais_Français_Dioula.csv,Dioula
profit,profit,tɔnɔ,Anglais_Français_Dioula.csv,Dioula
program,programme,porogaramu,Anglais_Français_Dioula.csv,Dioula
progress,progrès,ɲɛtaga,Anglais_Français_Dioula.csv,Dioula
project,projet,prozɛ,Anglais_Français_Dioula.csv,Dioula
promise,promettre,da di,Anglais_Français_Dioula.csv,Dioula
promote,promouvoir,yiriwa,Anglais_Français_Dioula.csv,Dioula
proof,preuve,seere,Anglais_Français_Dioula.csv,Dioula
proper,propre,yɛrɛ,Anglais_Français_Dioula.csv,Dioula
property,propriété,taya,Anglais_Français_Dioula.csv,Dioula
proposal,proposition,propozisyɔn,Anglais_Français_Dioula.csv,Dioula
propose,proposer,propoze,Anglais_Français_Dioula.csv,Dioula
protect,protéger,lakan,Anglais_Français_Dioula.csv,Dioula
protection,protection,lakan,Anglais_Français_Dioula.csv,Dioula
proud,fier,yɛrɛbonya,Anglais_Français_Dioula.csv,Dioula
prove,prouver,yira,Anglais_Français_Dioula.csv,Dioula
provide,fournir,di,Anglais_Français_Dioula.csv,Dioula
public,public,piblik,Anglais_Français_Dioula.csv,Dioula
pull,tirer,sama,Anglais_Français_Dioula.csv,Dioula
pump,pompe,pɔnpi,Anglais_Français_Dioula.csv,Dioula
punch,frapper,gosi,Anglais_Français_Dioula.csv,Dioula
punish,punir,ɲangi,Anglais_Français_Dioula.csv,Dioula
pupil,élève,kalanden,Anglais_Français_Dioula.csv,Dioula
purchase,achat,sanni,Anglais_Français_Dioula.csv,Dioula
pure,pur,sanu,Anglais_Français_Dioula.csv,Dioula
purple,violet,viyolɛ,Anglais_Français_Dioula.csv,Dioula
purpose,but,kun,Anglais_Français_Dioula.csv,Dioula
push,pousser,digi,Anglais_Français_Dioula.csv,Dioula
put,mettre,bila,Anglais_Français_Dioula.csv,Dioula
quality,qualité,kalite,Anglais_Français_Dioula.csv,Dioula
quantity,quantité,hakɛ,Anglais_Français_Dioula.csv,Dioula
quarter,quart,karti,Anglais_Français_Dioula.csv,Dioula
queen,reine,masamuso,Anglais_Français_Dioula.csv,Dioula
question,question,ɲiningali,Anglais_Français_Dioula.csv,Dioula
quick,rapide,teli,Anglais_Français_Dioula.csv,Dioula
quiet,calme,makun,Anglais_Français_Dioula.csv,Dioula
quit,quitter,bila,Anglais_Français_Dioula.csv,Dioula
quite,assez,kɔni,Anglais_Français_Dioula.csv,Dioula
quote,citer,fɔ,Anglais_Français_Dioula.csv,Dioula
race,course,boli,Anglais_Français_Dioula.csv,Dioula
radio,radio,radio,Anglais_Français_Dioula.csv,Dioula
rail,rail,rayi,Anglais_Français_Dioula.csv,Dioula
rain,pluie,sanji,Anglais_Français_Dioula.csv,Dioula
raise,lever,kɔrɔta,Anglais_Français_Dioula.csv,Dioula
range,gamme,gam,Anglais_Français_Dioula.csv,Dioula
rank,rang,ran,Anglais_Français_Dioula.csv,Dioula
rapid,rapide,teli,Anglais_Français_Dioula.csv,Dioula
rare,rare,dɔgɔ,Anglais_Français_Dioula.csv,Dioula
rat,rat,ɲina,Anglais_Français_Dioula.csv,Dioula
rate,taux,to,Anglais_Français_Dioula.csv,Dioula
reach,atteindre,se,Anglais_Français_Dioula.csv,Dioula
react,réagir,reazi,Anglais_Français_Dioula.csv,Dioula
read,lire,kalan,Anglais_Français_Dioula.csv,Dioula
reader,lecteur,kalanbaga,Anglais_Français_Dioula.csv,Dioula
ready,prêt,labɛn,Anglais_Français_Dioula.csv,Dioula
real,réel,reyɛl,Anglais_Français_Dioula.csv,Dioula
reality,réalité,reyalite,Anglais_Français_Dioula.csv,Dioula
realize,réaliser,kɛ,Anglais_Français_Dioula.csv,Dioula
really,vraiment,tiɲɛ,Anglais_Français_Dioula.csv,Dioula
reason,raison,kun,Anglais_Français_Dioula.csv,Dioula
reasonable,raisonnable,rezɔnabli,Anglais_Français_Dioula.csv,Dioula
recall,rappeler,weele,Anglais_Français_Dioula.csv,Dioula
receive,recevoir,sɔrɔ,Anglais_Français_Dioula.csv,Dioula
recent,récent,kura,Anglais_Français_Dioula.csv,Dioula
reception,réception,reception,Anglais_Français_Dioula.csv,Dioula
recognize,reconnaître,lɔn,Anglais_Français_Dioula.csv,Dioula
recommend,recommander,rekomande,Anglais_Français_Dioula.csv,Dioula
record,enregistrer,enrezistre,Anglais_Français_Dioula.csv,Dioula
recover,récupérer,sɔrɔ,Anglais_Français_Dioula.csv,Dioula
red,rouge,wulen,Anglais_Français_Dioula.csv,Dioula
reduce,réduire,dɔgɔya,Anglais_Français_Dioula.csv,Dioula
refer,référer,refere,Anglais_Français_Dioula.csv,Dioula
reflect,refléter,yira,Anglais_Français_Dioula.csv,Dioula
refuse,refuser,ban,Anglais_Français_Dioula.csv,Dioula
regard,regard,filɛ,Anglais_Français_Dioula.csv,Dioula
region,région,reziyɔn,Anglais_Français_Dioula.csv,Dioula
register,registre,rezistri,Anglais_Français_Dioula.csv,Dioula
regular,régulier,regiliye,Anglais_Français_Dioula.csv,Dioula
relate,relater,fɔ,Anglais_Français_Dioula.csv,Dioula
relation,relation,relasyɔn,Anglais_Français_Dioula.csv,Dioula
relationship,relation,relasyɔn,Anglais_Français_Dioula.csv,Dioula
relative,parent,bange,Anglais_Français_Dioula.csv,Dioula
relax,se détendre,lafiɲɛ,Anglais_Français_Dioula.csv,Dioula
release,libérer,bila,Anglais_Français_Dioula.csv,Dioula
religion,religion,diina,Anglais_Français_Dioula.csv,Dioula
remain,rester,to,Anglais_Français_Dioula.csv,Dioula
remember,se souvenir,hakilijigi,Anglais_Français_Dioula.csv,Dioula
remind,rappeler,hakilijigi,Anglais_Français_Dioula.csv,Dioula
remote,éloigné,jan,Anglais_Français_Dioula.csv,Dioula
remove,enlever,bɔ,Anglais_Français_Dioula.csv,Dioula
rent,louer,luwe,Anglais_Français_Dioula.csv,Dioula
repair,réparer,dilan,Anglais_Français_Dioula.csv,Dioula
repeat,répéter,segi,Anglais_Français_Dioula.csv,Dioula
replace,remplacer,nɔ bɔ,Anglais_Français_Dioula.csv,Dioula
reply,répondre,jaabi,Anglais_Français_Dioula.csv,Dioula
report,rapport,rapɔri,Anglais_Français_Dioula.csv,Dioula
reporter,journaliste,zurnalisiti,Anglais_Français_Dioula.csv,Dioula
represent,représenter,represente,Anglais_Français_Dioula.csv,Dioula
republic,république,repibliki,Anglais_Français_Dioula.csv,Dioula
reputation,réputation,tɔgɔ,Anglais_Français_Dioula.csv,Dioula
request,demande,ɲini,Anglais_Français_Dioula.csv,Dioula
require,exiger,ɲini,Anglais_Français_Dioula.csv,Dioula
rescue,secourir,dɛmɛ,Anglais_Français_Dioula.csv,Dioula
research,recherche,resɛrsi,Anglais_Français_Dioula.csv,Dioula
reserve,réserver,rezerve,Anglais_Français_Dioula.csv,Dioula
resident,résident,rezidan,Anglais_Français_Dioula.csv,Dioula
resist,résister,reziste,Anglais_Français_Dioula.csv,Dioula
resolution,résolution,rezoliyɔn,Anglais_Français_Dioula.csv,Dioula
resolve,résoudre,furu,Anglais_Français_Dioula.csv,Dioula
resort,recourir,taga,Anglais_Français_Dioula.csv,Dioula
resource,ressource,resoursi,Anglais_Français_Dioula.csv,Dioula
respect,respect,bonya,Anglais_Français_Dioula.csv,Dioula
respond,répondre,jaabi,Anglais_Français_Dioula.csv,Dioula
response,réponse,jaabi,Anglais_Français_Dioula.csv,Dioula
responsibility,responsabilité,responsabilite,Anglais_Français_Dioula.csv,Dioula
rest,repos,lafiɲɛ,Anglais_Français_Dioula.csv,Dioula
restaurant,restaurant,rɛstoran,Anglais_Français_Dioula.csv,Dioula
result,résultat,rezilta,Anglais_Français_Dioula.csv,Dioula
retain,retenir,minɛ,Anglais_Français_Dioula.csv,Dioula
retire,prendre sa retraite,retraite,Anglais_Français_Dioula.csv,Dioula
return,retourner,segi,Anglais_Français_Dioula.csv,Dioula
reveal,révéler,yira,Anglais_Français_Dioula.csv,Dioula
revenue,revenu,sɔrɔ,Anglais_Français_Dioula.csv,Dioula
review,revue,revi,Anglais_Français_Dioula.csv,Dioula
revolution,révolution,revolisyɔn,Anglais_Français_Dioula.csv,Dioula
reward,récompense,sara,Anglais_Français_Dioula.csv,Dioula
rice,riz,malo,Anglais_Français_Dioula.csv,Dioula
rich,riche,fɛntigi,Anglais_Français_Dioula.csv,Dioula
rid,débarrasser,bɔ,Anglais_Français_Dioula.csv,Dioula
ride,monter,yɛlɛ,Anglais_Français_Dioula.csv,Dioula
right,droite / raison,kini / jo,Anglais_Français_Dioula.csv,Dioula
ring,bague,kori,Anglais_Français_Dioula.csv,Dioula
rise,lever,wuli,Anglais_Français_Dioula.csv,Dioula
risk,risque,riski,Anglais_Français_Dioula.csv,Dioula
river,rivière,ba,Anglais_Français_Dioula.csv,Dioula
road,route,sira,Anglais_Français_Dioula.csv,Dioula
rock,rocher,fara,Anglais_Français_Dioula.csv,Dioula
role,rôle,rɔl,Anglais_Français_Dioula.csv,Dioula
roll,rouler,muru,Anglais_Français_Dioula.csv,Dioula
roof,toit,kun,Anglais_Français_Dioula.csv,Dioula
room,chambre,so,Anglais_Français_Dioula.csv,Dioula
root,racine,jiri,Anglais_Français_Dioula.csv,Dioula
rope,corde,juru,Anglais_Français_Dioula.csv,Dioula
rose,rose,rozi,Anglais_Français_Dioula.csv,Dioula
rough,rugueux,gwɛlɛ,Anglais_Français_Dioula.csv,Dioula
round,rond,koronin,Anglais_Français_Dioula.csv,Dioula
route,route,sira,Anglais_Français_Dioula.csv,Dioula
routine,routine,rutini,Anglais_Français_Dioula.csv,Dioula
row,rangée,ran,Anglais_Français_Dioula.csv,Dioula
royal,royal,masa,Anglais_Français_Dioula.csv,Dioula
rub,frotter,gosi,Anglais_Français_Dioula.csv,Dioula
rubber,caoutchouc,kawucu,Anglais_Français_Dioula.csv,Dioula
rubbish,ordures,nɔgɔ,Anglais_Français_Dioula.csv,Dioula
rule,règle,rɛgli,Anglais_Français_Dioula.csv,Dioula
run,courir,boli,Anglais_Français_Dioula.csv,Dioula
rural,rural,riral,Anglais_Français_Dioula.csv,Dioula
rush,se précipiter,teliya,Anglais_Français_Dioula.csv,Dioula
sad,triste,dusukasi,Anglais_Français_Dioula.csv,Dioula
safe,sûr,lakan,Anglais_Français_Dioula.csv,Dioula
safety,sécurité,sekyirite,Anglais_Français_Dioula.csv,Dioula
sail,naviguer,taga,Anglais_Français_Dioula.csv,Dioula
salad,salade,saladi,Anglais_Français_Dioula.csv,Dioula
salary,salaire,sara,Anglais_Français_Dioula.csv,Dioula
sale,vente,feere,Anglais_Français_Dioula.csv,Dioula
salt,sel,kɔgɔ,Anglais_Français_Dioula.csv,Dioula
same,même,kelen,Anglais_Français_Dioula.csv,Dioula
sample,échantillon,ecantiyɔn,Anglais_Français_Dioula.csv,Dioula
sand,sable,cɛncɛn,Anglais_Français_Dioula.csv,Dioula
satisfaction,satisfaction,satisifaksyɔn,Anglais_Français_Dioula.csv,Dioula
satisfy,satisfaire,satisifɛ,Anglais_Français_Dioula.csv,Dioula
sauce,sauce,nɔ,Anglais_Français_Dioula.csv,Dioula
save,sauver,kisi,Anglais_Français_Dioula.csv,Dioula
saving,épargne,marali,Anglais_Français_Dioula.csv,Dioula
say,dire,fɔ,Anglais_Français_Dioula.csv,Dioula
scale,échelle,echelle,Anglais_Français_Dioula.csv,Dioula
scene,scène,sɛn,Anglais_Français_Dioula.csv,Dioula
schedule,horaire,orɛri,Anglais_Français_Dioula.csv,Dioula
scheme,plan,plan,Anglais_Français_Dioula.csv,Dioula
school,école,lakɔli,Anglais_Français_Dioula.csv,Dioula
science,science,syansi,Anglais_Français_Dioula.csv,Dioula
score,score,skɔri,Anglais_Français_Dioula.csv,Dioula
scream,crier,kule,Anglais_Français_Dioula.csv,Dioula
screen,écran,ekran,Anglais_Français_Dioula.csv,Dioula
screw,vis,vis,Anglais_Français_Dioula.csv,Dioula
script,scénario,senario,Anglais_Français_Dioula.csv,Dioula
sea,mer,kɔgɔji,Anglais_Français_Dioula.csv,Dioula
search,chercher,ɲini,Anglais_Français_Dioula.csv,Dioula
season,saison,sɛzɔn,Anglais_Français_Dioula.csv,Dioula
seat,siège,sigilan,Anglais_Français_Dioula.csv,Dioula
second,deuxième,filanan,Anglais_Français_Dioula.csv,Dioula
secret,secret,gundo,Anglais_Français_Dioula.csv,Dioula
secretary,secrétaire,sekretɛri,Anglais_Français_Dioula.csv,Dioula
section,section,sɛksyɔn,Anglais_Français_Dioula.csv,Dioula
sector,secteur,sɛktɛri,Anglais_Français_Dioula.csv,Dioula
secure,sécuriser,lakan,Anglais_Français_Dioula.csv,Dioula
security,sécurité,sekyirite,Anglais_Français_Dioula.csv,Dioula
see,voir,ye,Anglais_Français_Dioula.csv,Dioula
seed,graine,kisɛ,Anglais_Français_Dioula.csv,Dioula
seek,chercher,ɲini,Anglais_Français_Dioula.csv,Dioula
seem,sembler,kɛ,Anglais_Français_Dioula.csv,Dioula
select,sélectionner,sugandi,Anglais_Français_Dioula.csv,Dioula
selection,sélection,seleksyɔn,Anglais_Français_Dioula.csv,Dioula
self,soi,yɛrɛ,Anglais_Français_Dioula.csv,Dioula
sell,vendre,feere,Anglais_Français_Dioula.csv,Dioula
send,envoyer,ci,Anglais_Français_Dioula.csv,Dioula
senior,aîné,kɔrɔ,Anglais_Français_Dioula.csv,Dioula
sense,sens,sens,Anglais_Français_Dioula.csv,Dioula
sensitive,sensible,sensibli,Anglais_Français_Dioula.csv,Dioula
sentence,phrase,fraz,Anglais_Français_Dioula.csv,Dioula
separate,séparer,fara,Anglais_Français_Dioula.csv,Dioula
series,série,seri,Anglais_Français_Dioula.csv,Dioula
serious,sérieux,seriye,Anglais_Français_Dioula.csv,Dioula
servant,serviteur,boyi,Anglais_Français_Dioula.csv,Dioula
serve,servir,baara,Anglais_Français_Dioula.csv,Dioula
service,service,sɛrvisi,Anglais_Français_Dioula.csv,Dioula
session,session,sɛsyɔn,Anglais_Français_Dioula.csv,Dioula
set,ensemble,kulu,Anglais_Français_Dioula.csv,Dioula
settle,s'installer,sigi,Anglais_Français_Dioula.csv,Dioula
seven,sept,wolonfila,Anglais_Français_Dioula.csv,Dioula
several,plusieurs,caman,Anglais_Français_Dioula.csv,Dioula
severe,sévère,gwɛlɛ,Anglais_Français_Dioula.csv,Dioula
sex,sexe,sɛksi,Anglais_Français_Dioula.csv,Dioula
shade,ombre,du,Anglais_Français_Dioula.csv,Dioula
shadow,ombre,du,Anglais_Français_Dioula.csv,Dioula
shake,secouer,yigiyigi,Anglais_Français_Dioula.csv,Dioula
shall,devoir,ka,Anglais_Français_Dioula.csv,Dioula
shame,honte,malo,Anglais_Français_Dioula.csv,Dioula
shape,forme,cogo,Anglais_Français_Dioula.csv,Dioula
share,partager,tila,Anglais_Français_Dioula.csv,Dioula
sharp,tranchant,di,Anglais_Français_Dioula.csv,Dioula
she,elle,a,Anglais_Français_Dioula.csv,Dioula
sheep,mouton,saga,Anglais_Français_Dioula.csv,Dioula
sheet,feuille,fura,Anglais_Français_Dioula.csv,Dioula
shelf,étagère,etazɛri,Anglais_Français_Dioula.csv,Dioula
shell,coquille,kolo,Anglais_Français_Dioula.csv,Dioula
shelter,abri,lakan,Anglais_Français_Dioula.csv,Dioula
shift,déplacer,yɛlɛma,Anglais_Français_Dioula.csv,Dioula
shine,briller,manaman,Anglais_Français_Dioula.csv,Dioula
ship,navire,bato,Anglais_Français_Dioula.csv,Dioula
shirt,chemise,simizi,Anglais_Français_Dioula.csv,Dioula
shock,choc,cok,Anglais_Français_Dioula.csv,Dioula
shoe,chaussure,sabara,Anglais_Français_Dioula.csv,Dioula
shoot,tirer,ci,Anglais_Français_Dioula.csv,Dioula
shop,magasin,butiki,Anglais_Français_Dioula.csv,Dioula
shopping,courses,lɔgɔ,Anglais_Français_Dioula.csv,Dioula
short,court,surun,Anglais_Français_Dioula.csv,Dioula
shot,coup,ci,Anglais_Français_Dioula.csv,Dioula
should,devrait,ka,Anglais_Français_Dioula.csv,Dioula
shoulder,épaule,kamankun,Anglais_Français_Dioula.csv,Dioula
shout,crier,kule,Anglais_Français_Dioula.csv,Dioula
show,montrer,yira,Anglais_Français_Dioula.csv,Dioula
shower,douche,dus,Anglais_Français_Dioula.csv,Dioula
shut,fermer,datugu,Anglais_Français_Dioula.csv,Dioula
shy,timide,malo,Anglais_Français_Dioula.csv,Dioula
sick,malade,bana,Anglais_Français_Dioula.csv,Dioula
side,côté,fan,Anglais_Français_Dioula.csv,Dioula
sight,vue,yeli,Anglais_Français_Dioula.csv,Dioula
sign,signe,tɔgɔ,Anglais_Français_Dioula.csv,Dioula
signal,signal,siɲal,Anglais_Français_Dioula.csv,Dioula
signature,signature,siɲatiri,Anglais_Français_Dioula.csv,Dioula
significance,signification,kɔrɔ,Anglais_Français_Dioula.csv,Dioula
silence,silence,makun,Anglais_Français_Dioula.csv,Dioula
silent,silencieux,makun,Anglais_Français_Dioula.csv,Dioula
silk,soie,swa,Anglais_Français_Dioula.csv,Dioula
silly,bête,naloma,Anglais_Français_Dioula.csv,Dioula
silver,argent,wari,Anglais_Français_Dioula.csv,Dioula
similar,similaire,kelen,Anglais_Français_Dioula.csv,Dioula
simple,simple,sɛnpli,Anglais_Français_Dioula.csv,Dioula
since,depuis,kabi,Anglais_Français_Dioula.csv,Dioula
sing,chanter,da,Anglais_Français_Dioula.csv,Dioula
singer,chanteur,dɔnkilida,Anglais_Français_Dioula.csv,Dioula
single,seul,kelen,Anglais_Français_Dioula.csv,Dioula
sink,couler,tunu,Anglais_Français_Dioula.csv,Dioula
sir,monsieur,misiye,Anglais_Français_Dioula.csv,Dioula
sister,sœur,balimamuso,Anglais_Français_Dioula.csv,Dioula
sit,s'asseoir,sigi,Anglais_Français_Dioula.csv,Dioula
site,site,site,Anglais_Français_Dioula.csv,Dioula
situation,situation,sityasyɔn,Anglais_Français_Dioula.csv,Dioula
six,six,wɔɔrɔ,Anglais_Français_Dioula.csv,Dioula
size,taille,bonya,Anglais_Français_Dioula.csv,Dioula
skill,compétence,lɔnni,Anglais_Français_Dioula.csv,Dioula
skin,peau,golo,Anglais_Français_Dioula.csv,Dioula
skirt,jupe,zipu,Anglais_Français_Dioula.csv,Dioula
sky,ciel,sankolo,Anglais_Français_Dioula.csv,Dioula
sleep,dormir,sunɔgɔ,Anglais_Français_Dioula.csv,Dioula
slice,tranche,tɔ,Anglais_Français_Dioula.csv,Dioula
slide,glisser,tɔ,Anglais_Français_Dioula.csv,Dioula
slight,léger,fɛgɛ,Anglais_Français_Dioula.csv,Dioula
slip,glisser,tɔ,Anglais_Français_Dioula.csv,Dioula
slow,lent,dɔgɔ,Anglais_Français_Dioula.csv,Dioula
small,petit,dɔgɔ,Anglais_Français_Dioula.csv,Dioula
smart,intelligent,kɔnɔ,Anglais_Français_Dioula.csv,Dioula
smell,odeur,kasa,Anglais_Français_Dioula.csv,Dioula
smile,sourire,yɛlɛ,Anglais_Français_Dioula.csv,Dioula
smoke,fumée,sisi,Anglais_Français_Dioula.csv,Dioula
smooth,lisse,nɔgɔ,Anglais_Français_Dioula.csv,Dioula
snake,serpent,sa,Anglais_Français_Dioula.csv,Dioula
snow,neige,nezi,Anglais_Français_Dioula.csv,Dioula
so,ainsi,ten,Anglais_Français_Dioula.csv,Dioula
soap,savon,safinɛ,Anglais_Français_Dioula.csv,Dioula
social,social,sosiyal,Anglais_Français_Dioula.csv,Dioula
society,société,sosiyete,Anglais_Français_Dioula.csv,Dioula
sock,chaussette,sosɛti,Anglais_Français_Dioula.csv,Dioula
soft,mou,nɔgɔ,Anglais_Français_Dioula.csv,Dioula
soil,sol,dugu,Anglais_Français_Dioula.csv,Dioula
soldier,soldat,sodasi,Anglais_Français_Dioula.csv,Dioula
solid,solide,solidi,Anglais_Français_Dioula.csv,Dioula
solution,solution,solisyɔn,Anglais_Français_Dioula.csv,Dioula
solve,résoudre,furu,Anglais_Français_Dioula.csv,Dioula
some,quelques,dɔw,Anglais_Français_Dioula.csv,Dioula
somebody,quelqu'un,mɔgɔ,Anglais_Français_Dioula.csv,Dioula
somehow,d'une manière ou d'une autre,cogo,Anglais_Français_Dioula.csv,Dioula
someone,quelqu'un,mɔgɔ,Anglais_Français_Dioula.csv,Dioula
something,quelque chose,fɛn,Anglais_Français_Dioula.csv,Dioula
sometimes,parfois,tuma dɔw,Anglais_Français_Dioula.csv,Dioula
somewhere,quelque part,yɔrɔ dɔ,Anglais_Français_Dioula.csv,Dioula
son,fils,dencɛ,Anglais_Français_Dioula.csv,Dioula
song,chanson,dɔnkili,Anglais_Français_Dioula.csv,Dioula
soon,bientôt,sɔɔni,Anglais_Français_Dioula.csv,Dioula
sorry,désolé,yafa,Anglais_Français_Dioula.csv,Dioula
sort,sorte,sugu,Anglais_Français_Dioula.csv,Dioula
soul,âme,ni,Anglais_Français_Dioula.csv,Dioula
sound,son,mankan,Anglais_Français_Dioula.csv,Dioula
soup,soupe,supu,Anglais_Français_Dioula.csv,Dioula
sour,acide,kumu,Anglais_Français_Dioula.csv,Dioula
source,source,sursi,Anglais_Français_Dioula.csv,Dioula
south,sud,worodugu,Anglais_Français_Dioula.csv,Dioula
space,espace,espas,Anglais_Français_Dioula.csv,Dioula
spare,épargner,kisi,Anglais_Français_Dioula.csv,Dioula
speak,parler,kuma,Anglais_Français_Dioula.csv,Dioula
speaker,orateur,kumala,Anglais_Français_Dioula.csv,Dioula
special,spécial,spesiyal,Anglais_Français_Dioula.csv,Dioula
specialist,spécialiste,spesiyalisti,Anglais_Français_Dioula.csv,Dioula
specific,spécifique,spesifik,Anglais_Français_Dioula.csv,Dioula
speech,discours,kuma,Anglais_Français_Dioula.csv,Dioula
speed,vitesse,teliya,Anglais_Français_Dioula.csv,Dioula
spell,épeler,fɔ,Anglais_Français_Dioula.csv,Dioula
spend,dépenser,don,Anglais_Français_Dioula.csv,Dioula
spirit,esprit,ni,Anglais_Français_Dioula.csv,Dioula
spiritual,spirituel,spirituyɛl,Anglais_Français_Dioula.csv,Dioula
spite,dépit,jugu,Anglais_Français_Dioula.csv,Dioula
split,diviser,fara,Anglais_Français_Dioula.csv,Dioula
only,seulement,dɔrɔn,Anglais_Français_Dioula.csv,Dioula
sport,sport,sɛpɔr,Anglais_Français_Dioula.csv,Dioula
spot,endroit,yɔrɔ,Anglais_Français_Dioula.csv,Dioula
spread,répandre,fɛnsɛn,Anglais_Français_Dioula.csv,Dioula
spring,printemps,fiyɛ,Anglais_Français_Dioula.csv,Dioula
square,carré,kare,Anglais_Français_Dioula.csv,Dioula
stable,stable,sigi,Anglais_Français_Dioula.csv,Dioula
staff,personnel,pɛrsonɛl,Anglais_Français_Dioula.csv,Dioula
stage,étape,etape,Anglais_Français_Dioula.csv,Dioula
stair,escalier,eskaliye,Anglais_Français_Dioula.csv,Dioula
stake,enjeu,kun,Anglais_Français_Dioula.csv,Dioula
stand,se tenir,lɔ,Anglais_Français_Dioula.csv,Dioula
standard,standard,standar,Anglais_Français_Dioula.csv,Dioula
star,étoile,lolo,Anglais_Français_Dioula.csv,Dioula
start,commencer,daminɛ,Anglais_Français_Dioula.csv,Dioula
state,état,eta,Anglais_Français_Dioula.csv,Dioula
statement,déclaration,deklarasyɔn,Anglais_Français_Dioula.csv,Dioula
station,gare,gari,Anglais_Français_Dioula.csv,Dioula
status,statut,stati,Anglais_Français_Dioula.csv,Dioula
stay,rester,to,Anglais_Français_Dioula.csv,Dioula
steal,voler,kɛrɛ,Anglais_Français_Dioula.csv,Dioula
steam,vapeur,sisi,Anglais_Français_Dioula.csv,Dioula
steel,acier,nɛgɛ,Anglais_Français_Dioula.csv,Dioula
step,pas,tɛmɛ,Anglais_Français_Dioula.csv,Dioula
stick,bâton,bere,Anglais_Français_Dioula.csv,Dioula
still,encore,hali,Anglais_Français_Dioula.csv,Dioula
stock,stock,stɔk,Anglais_Français_Dioula.csv,Dioula
stomach,estomac,kɔnɔ,Anglais_Français_Dioula.csv,Dioula
stone,pierre,kulu,Anglais_Français_Dioula.csv,Dioula
stop,arrêter,lɔ,Anglais_Français_Dioula.csv,Dioula
store,magasin,butiki,Anglais_Français_Dioula.csv,Dioula
storm,tempête,sankaba,Anglais_Français_Dioula.csv,Dioula
story,histoire,maana,Anglais_Français_Dioula.csv,Dioula
straight,droit,tilen,Anglais_Français_Dioula.csv,Dioula
strange,étrange,kura,Anglais_Français_Dioula.csv,Dioula
strategy,stratégie,stratezi,Anglais_Français_Dioula.csv,Dioula
stream,ruisseau,kɔ,Anglais_Français_Dioula.csv,Dioula
street,rue,sira,Anglais_Français_Dioula.csv,Dioula
strength,force,fanga,Anglais_Français_Dioula.csv,Dioula
stress,stress,strɛsi,Anglais_Français_Dioula.csv,Dioula
stretch,étirer,jan,Anglais_Français_Dioula.csv,Dioula
strict,strict,strikti,Anglais_Français_Dioula.csv,Dioula
strike,grève,grɛv,Anglais_Français_Dioula.csv,Dioula
string,ficelle,juru,Anglais_Français_Dioula.csv,Dioula
strip,bande,bandi,Anglais_Français_Dioula.csv,Dioula
strong,fort,barika,Anglais_Français_Dioula.csv,Dioula
structure,structure,striktir,Anglais_Français_Dioula.csv,Dioula
struggle,lutte,kɛlɛ,Anglais_Français_Dioula.csv,Dioula
student,étudiant,kalanden,Anglais_Français_Dioula.csv,Dioula
studio,studio,stidio,Anglais_Français_Dioula.csv,Dioula
study,étudier,kalan,Anglais_Français_Dioula.csv,Dioula
stuff,chose,fɛn,Anglais_Français_Dioula.csv,Dioula
stupid,stupide,naloma,Anglais_Français_Dioula.csv,Dioula
style,style,stil,Anglais_Français_Dioula.csv,Dioula
subject,sujet,sujɛ,Anglais_Français_Dioula.csv,Dioula
substance,substance,substans,Anglais_Français_Dioula.csv,Dioula
succeed,réussir,se,Anglais_Français_Dioula.csv,Dioula
success,succès,reusit,Anglais_Français_Dioula.csv,Dioula
such,tel,ten,Anglais_Français_Dioula.csv,Dioula
sudden,soudain,sudan,Anglais_Français_Dioula.csv,Dioula
suffer,souffrir,tɔɔrɔ,Anglais_Français_Dioula.csv,Dioula
sugar,sucre,sukaro,Anglais_Français_Dioula.csv,Dioula
suggest,suggérer,fɔ,Anglais_Français_Dioula.csv,Dioula
suit,costume,kɔsitumu,Anglais_Français_Dioula.csv,Dioula
summer,été,tilema,Anglais_Français_Dioula.csv,Dioula
sun,soleil,tile,Anglais_Français_Dioula.csv,Dioula
super,super,siper,Anglais_Français_Dioula.csv,Dioula
supply,fournir,di,Anglais_Français_Dioula.csv,Dioula
support,soutenir,dɛmɛ,Anglais_Français_Dioula.csv,Dioula
sure,sûr,lakan,Anglais_Français_Dioula.csv,Dioula
surface,surface,surfas,Anglais_Français_Dioula.csv,Dioula
surprise,surprise,siriprizi,Anglais_Français_Dioula.csv,Dioula
surround,entourer,lamini,Anglais_Français_Dioula.csv,Dioula
survey,enquête,ankɛti,Anglais_Français_Dioula.csv,Dioula
survive,survivre,kisi,Anglais_Français_Dioula.csv,Dioula
suspect,suspect,sispɛ,Anglais_Français_Dioula.csv,Dioula
sustain,soutenir,dɛmɛ,Anglais_Français_Dioula.csv,Dioula
swear,jurer,kali,Anglais_Français_Dioula.csv,Dioula
sweet,doux,duman,Anglais_Français_Dioula.csv,Dioula
swim,nager,nɔn,Anglais_Français_Dioula.csv,Dioula
swing,balacer,yigiyigi,Anglais_Français_Dioula.csv,Dioula
switch,interrupteur,interipitɛri,Anglais_Français_Dioula.csv,Dioula
symbol,symbole,sɛnbol,Anglais_Français_Dioula.csv,Dioula
system,système,sistɛm,Anglais_Français_Dioula.csv,Dioula
table,table,tabali,Anglais_Français_Dioula.csv,Dioula
tail,queue,ku,Anglais_Français_Dioula.csv,Dioula
take,prendre,ta,Anglais_Français_Dioula.csv,Dioula
talk,parler,kuma,Anglais_Français_Dioula.csv,Dioula
tall,grand,jan,Anglais_Français_Dioula.csv,Dioula
tank,réservoir,tanki,Anglais_Français_Dioula.csv,Dioula
tap,robinet,robinɛ,Anglais_Français_Dioula.csv,Dioula
tape,ruban,riban,Anglais_Français_Dioula.csv,Dioula
target,cible,siblu,Anglais_Français_Dioula.csv,Dioula
task,tâche,baara,Anglais_Français_Dioula.csv,Dioula
taste,goût,nɛnɛ,Anglais_Français_Dioula.csv,Dioula
tax,impôt,lampo,Anglais_Français_Dioula.csv,Dioula
tea,thé,te,Anglais_Français_Dioula.csv,Dioula
teach,enseigner,kalan,Anglais_Français_Dioula.csv,Dioula
teacher,enseignant,karamɔgɔ,Anglais_Français_Dioula.csv,Dioula
team,équipe,ekipu,Anglais_Français_Dioula.csv,Dioula
tear,larme,ɲaji,Anglais_Français_Dioula.csv,Dioula
technical,technique,tɛknik,Anglais_Français_Dioula.csv,Dioula
technology,technologie,tɛknolozi,Anglais_Français_Dioula.csv,Dioula
telephone,téléphone,telefɔni,Anglais_Français_Dioula.csv,Dioula
television,télévision,televizyɔn,Anglais_Français_Dioula.csv,Dioula
tell,dire,fɔ,Anglais_Français_Dioula.csv,Dioula
temperature,température,tamperatiri,Anglais_Français_Dioula.csv,Dioula
temporary,temporaire,tamporɛri,Anglais_Français_Dioula.csv,Dioula
ten,dix,tan,Anglais_Français_Dioula.csv,Dioula
tend,tendre,tɛn,Anglais_Français_Dioula.csv,Dioula
term,terme,tɛrm,Anglais_Français_Dioula.csv,Dioula
terrible,terrible,teribli,Anglais_Français_Dioula.csv,Dioula
territory,territoire,teritwari,Anglais_Français_Dioula.csv,Dioula
test,test,tɛsti,Anglais_Français_Dioula.csv,Dioula
text,texte,tɛksti,Anglais_Français_Dioula.csv,Dioula
than,que,ni,Anglais_Français_Dioula.csv,Dioula
thank,remercier,fo,Anglais_Français_Dioula.csv,Dioula
that,cela,o,Anglais_Français_Dioula.csv,Dioula
the,le/la,o,Anglais_Français_Dioula.csv,Dioula
theater,théâtre,teyatri,Anglais_Français_Dioula.csv,Dioula
their,leur,u,Anglais_Français_Dioula.csv,Dioula
them,eux,u,Anglais_Français_Dioula.csv,Dioula
theme,thème,tɛmu,Anglais_Français_Dioula.csv,Dioula
themselves,eux-mêmes,u yɛrɛ,Anglais_Français_Dioula.csv,Dioula
then,alors,o tuma,Anglais_Français_Dioula.csv,Dioula
theory,théorie,teyori,Anglais_Français_Dioula.csv,Dioula
there,là-bas,yen,Anglais_Français_Dioula.csv,Dioula
therefore,donc,o de la,Anglais_Français_Dioula.csv,Dioula
they,ils/elles,u,Anglais_Français_Dioula.csv,Dioula
thick,épais,gwɛlɛ,Anglais_Français_Dioula.csv,Dioula
thin,mince,fɛgɛ,Anglais_Français_Dioula.csv,Dioula
thing,chose,fɛn,Anglais_Français_Dioula.csv,Dioula
think,penser,miiri,Anglais_Français_Dioula.csv,Dioula
third,troisième,sabanan,Anglais_Français_Dioula.csv,Dioula
thirsty,assoiffé,minnɔgɔ,Anglais_Français_Dioula.csv,Dioula
this,ceci,nin,Anglais_Français_Dioula.csv,Dioula
those,ceux-là,olu,Anglais_Français_Dioula.csv,Dioula
though,bien que,hali,Anglais_Français_Dioula.csv,Dioula
thought,pensée,miiri,Anglais_Français_Dioula.csv,Dioula
thousand,mille,ba,Anglais_Français_Dioula.csv,Dioula
threat,menace,menasi,Anglais_Français_Dioula.csv,Dioula
three,trois,saba,Anglais_Français_Dioula.csv,Dioula
throat,gorge,kankɔnɔ,Anglais_Français_Dioula.csv,Dioula
through,à travers,fɛ,Anglais_Français_Dioula.csv,Dioula
throughout,partout,yɔrɔ bɛɛ,Anglais_Français_Dioula.csv,Dioula
throw,jeter,fili,Anglais_Français_Dioula.csv,Dioula
thus,ainsi,ten,Anglais_Français_Dioula.csv,Dioula
ticket,billet,biye,Anglais_Français_Dioula.csv,Dioula
tie,attacher,siri,Anglais_Français_Dioula.csv,Dioula
tight,serré,gwɛlɛ,Anglais_Français_Dioula.csv,Dioula
till,jusqu'à,fɔ,Anglais_Français_Dioula.csv,Dioula
time,temps,wagati,Anglais_Français_Dioula.csv,Dioula
tiny,minuscule,dɔgɔ,Anglais_Français_Dioula.csv,Dioula
tip,pointe,kun,Anglais_Français_Dioula.csv,Dioula
tired,fatigué,sɛgɛn,Anglais_Français_Dioula.csv,Dioula
title,titre,titri,Anglais_Français_Dioula.csv,Dioula
to,à,ma,Anglais_Français_Dioula.csv,Dioula
toast,toast,tosti,Anglais_Français_Dioula.csv,Dioula
today,aujourd'hui,bi,Anglais_Français_Dioula.csv,Dioula
toe,orteil,senkoni,Anglais_Français_Dioula.csv,Dioula
together,ensemble,ɲɔgɔn fɛ,Anglais_Français_Dioula.csv,Dioula
tomorrow,demain,sini,Anglais_Français_Dioula.csv,Dioula
tone,ton,tɔn,Anglais_Français_Dioula.csv,Dioula
tongue,langue,nɛn,Anglais_Français_Dioula.csv,Dioula
tonight,ce soir,bi su,Anglais_Français_Dioula.csv,Dioula
too,aussi,fana,Anglais_Français_Dioula.csv,Dioula
tool,outil,minɛn,Anglais_Français_Dioula.csv,Dioula
tooth,dent,ɲin,Anglais_Français_Dioula.csv,Dioula
top,haut,san,Anglais_Français_Dioula.csv,Dioula
topic,sujet,sujɛ,Anglais_Français_Dioula.csv,Dioula
total,total,total,Anglais_Français_Dioula.csv,Dioula
touch,toucher,maga,Anglais_Français_Dioula.csv,Dioula
tough,dur,gwɛlɛ,Anglais_Français_Dioula.csv,Dioula
tour,tour,turu,Anglais_Français_Dioula.csv,Dioula
towards,vers,fɛ,Anglais_Français_Dioula.csv,Dioula
towel,serviette,sɛrviyɛti,Anglais_Français_Dioula.csv,Dioula
tower,tour,turu,Anglais_Français_Dioula.csv,Dioula
town,ville,dugu,Anglais_Français_Dioula.csv,Dioula
toy,jouet,nɛgɛso,Anglais_Français_Dioula.csv,Dioula
track,piste,sira,Anglais_Français_Dioula.csv,Dioula
trade,commerce,jago,Anglais_Français_Dioula.csv,Dioula
tradition,tradition,landa,Anglais_Français_Dioula.csv,Dioula
traffic,trafic,trafiki,Anglais_Français_Dioula.csv,Dioula
train,train,terɛn,Anglais_Français_Dioula.csv,Dioula
training,formation,fɔrmasyɔn,Anglais_Français_Dioula.csv,Dioula
transfer,transfert,transfɛri,Anglais_Français_Dioula.csv,Dioula
transport,transport,transpɔri,Anglais_Français_Dioula.csv,Dioula
trash,déchets,nɔgɔ,Anglais_Français_Dioula.csv,Dioula
travel,voyage,taama,Anglais_Français_Dioula.csv,Dioula
treat,traiter,fura,Anglais_Français_Dioula.csv,Dioula
tree,arbre,yiri,Anglais_Français_Dioula.csv,Dioula
trial,procès,kiti,Anglais_Français_Dioula.csv,Dioula
trick,ruse,kalabanti,Anglais_Français_Dioula.csv,Dioula
trip,voyage,taama,Anglais_Français_Dioula.csv,Dioula
trouble,problème,kɔnɔ,Anglais_Français_Dioula.csv,Dioula
truck,camion,kamiyɔn,Anglais_Français_Dioula.csv,Dioula
true,vrai,tiɲɛ,Anglais_Français_Dioula.csv,Dioula
trust,confiance,da,Anglais_Français_Dioula.csv,Dioula
truth,vérité,tiɲɛ,Anglais_Français_Dioula.csv,Dioula
try,essayer,nɛnɛ,Anglais_Français_Dioula.csv,Dioula
tube,tube,tibi,Anglais_Français_Dioula.csv,Dioula
turn,tourner,yɛlɛma,Anglais_Français_Dioula.csv,Dioula
tv,télé,tele,Anglais_Français_Dioula.csv,Dioula
twelve,douze,tan ni fila,Anglais_Français_Dioula.csv,Dioula
twenty,vingt,mugan,Anglais_Français_Dioula.csv,Dioula
twice,deux fois,siɲɛ fila,Anglais_Français_Dioula.csv,Dioula
twin,jumeau,jine,Anglais_Français_Dioula.csv,Dioula
two,deux,fila,Anglais_Français_Dioula.csv,Dioula
type,type,sugu,Anglais_Français_Dioula.csv,Dioula
typical,typique,tipik,Anglais_Français_Dioula.csv,Dioula
ugly,laid,cɛjugu,Anglais_Français_Dioula.csv,Dioula
ultimate,ultime,laban,Anglais_Français_Dioula.csv,Dioula
umbrella,parapluie,parapili,Anglais_Français_Dioula.csv,Dioula
uncle,oncle,bɛnba,Anglais_Français_Dioula.csv,Dioula
under,sous,kɔrɔ,Anglais_Français_Dioula.csv,Dioula
understand,comprendre,faamu,Anglais_Français_Dioula.csv,Dioula
union,union,inyɔn,Anglais_Français_Dioula.csv,Dioula
unit,unité,unite,Anglais_Français_Dioula.csv,Dioula
united,uni,faralen,Anglais_Français_Dioula.csv,Dioula
university,université,inivɛrsite,Anglais_Français_Dioula.csv,Dioula
unless,à moins que,ni,Anglais_Français_Dioula.csv,Dioula
until,jusqu'à,fɔ,Anglais_Français_Dioula.csv,Dioula
up,haut,san,Anglais_Français_Dioula.csv,Dioula
upon,sur,kan,Anglais_Français_Dioula.csv,Dioula
upper,supérieur,sanfɛ,Anglais_Français_Dioula.csv,Dioula
urban,urbain,irbɛn,Anglais_Français_Dioula.csv,Dioula
us,nous,an,Anglais_Français_Dioula.csv,Dioula
use,utiliser,nafa,Anglais_Français_Dioula.csv,Dioula
used,utilisé,nafalen,Anglais_Français_Dioula.csv,Dioula
useful,utile,nafa,Anglais_Français_Dioula.csv,Dioula
usual,habituel,habituyɛl,Anglais_Français_Dioula.csv,Dioula
usually,habituellement,tuma caman,Anglais_Français_Dioula.csv,Dioula
vacation,vacances,kɔnze,Anglais_Français_Dioula.csv,Dioula
valley,vallée,fara,Anglais_Français_Dioula.csv,Dioula
valuable,précieux,sɔngɔ,Anglais_Français_Dioula.csv,Dioula
value,valeur,sɔngɔ,Anglais_Français_Dioula.csv,Dioula
variety,variété,varyete,Anglais_Français_Dioula.csv,Dioula
various,divers,sugu sugu,Anglais_Français_Dioula.csv,Dioula
vary,varier,yɛlɛma,Anglais_Français_Dioula.csv,Dioula
vast,vaste,ba,Anglais_Français_Dioula.csv,Dioula
vegetable,légume,legimu,Anglais_Français_Dioula.csv,Dioula
vehicle,véhicule,mobili,Anglais_Français_Dioula.csv,Dioula
version,version,vɛrsyɔn,Anglais_Français_Dioula.csv,Dioula
very,très,kojugu,Anglais_Français_Dioula.csv,Dioula
vessel,navire,bato,Anglais_Français_Dioula.csv,Dioula
victim,victime,viktimi,Anglais_Français_Dioula.csv,Dioula
victory,victoire,viktwari,Anglais_Français_Dioula.csv,Dioula
video,vidéo,video,Anglais_Français_Dioula.csv,Dioula
view,vue,yeli,Anglais_Français_Dioula.csv,Dioula
village,village,dugu,Anglais_Français_Dioula.csv,Dioula
violence,violence,fanga,Anglais_Français_Dioula.csv,Dioula
virus,virus,virusi,Anglais_Français_Dioula.csv,Dioula
visit,visiter,bɔ,Anglais_Français_Dioula.csv,Dioula
visual,visuel,vizuyɛl,Anglais_Français_Dioula.csv,Dioula
voice,voix,kan,Anglais_Français_Dioula.csv,Dioula
volume,volume,volimu,Anglais_Français_Dioula.csv,Dioula
vote,vote,voti,Anglais_Français_Dioula.csv,Dioula
wage,salaire,sara,Anglais_Français_Dioula.csv,Dioula
wait,attendre,kɔnɔ,Anglais_Français_Dioula.csv,Dioula
wake,réveiller,kunu,Anglais_Français_Dioula.csv,Dioula
walk,marcher,taama,Anglais_Français_Dioula.csv,Dioula
wall,mur,kogo,Anglais_Français_Dioula.csv,Dioula
want,vouloir,fɛ,Anglais_Français_Dioula.csv,Dioula
war,guerre,kɛlɛ,Anglais_Français_Dioula.csv,Dioula
warm,chaud,kalan,Anglais_Français_Dioula.csv,Dioula
warn,avertir,lasɔmi,Anglais_Français_Dioula.csv,Dioula
wash,laver,ko,Anglais_Français_Dioula.csv,Dioula
waste,gaspiller,ci,Anglais_Français_Dioula.csv,Dioula
watch,regarder,filɛ,Anglais_Français_Dioula.csv,Dioula
water,eau,ji,Anglais_Français_Dioula.csv,Dioula
wave,vague,vagu,Anglais_Français_Dioula.csv,Dioula
way,chemin,sira,Anglais_Français_Dioula.csv,Dioula
we,nous,an,Anglais_Français_Dioula.csv,Dioula
weak,faible,fari,Anglais_Français_Dioula.csv,Dioula
wealth,richesse,bana,Anglais_Français_Dioula.csv,Dioula
wear,porter,don,Anglais_Français_Dioula.csv,Dioula
weather,temps,wagati,Anglais_Français_Dioula.csv,Dioula
wedding,mariage,furu,Anglais_Français_Dioula.csv,Dioula
week,semaine,dɔgɔkun,Anglais_Français_Dioula.csv,Dioula
weekend,week-end,wikɛndi,Anglais_Français_Dioula.csv,Dioula
weigh,peser,pese,Anglais_Français_Dioula.csv,Dioula
weight,poids,girinya,Anglais_Français_Dioula.csv,Dioula
welcome,bienvenue,bisimila,Anglais_Français_Dioula.csv,Dioula
well,bien,kaɲa,Anglais_Français_Dioula.csv,Dioula
west,ouest,tilebin,Anglais_Français_Dioula.csv,Dioula
western,occidental,tilebin,Anglais_Français_Dioula.csv,Dioula
wet,mouillé,mugu,Anglais_Français_Dioula.csv,Dioula
what,quoi,mun,Anglais_Français_Dioula.csv,Dioula
whatever,quoi que,mun o mun,Anglais_Français_Dioula.csv,Dioula
wheel,roue,ru,Anglais_Français_Dioula.csv,Dioula
when,quand,tumamin,Anglais_Français_Dioula.csv,Dioula
whenever,n'importe quand,tuma o tuma,Anglais_Français_Dioula.csv,Dioula
where,où,min,Anglais_Français_Dioula.csv,Dioula
whereas,tandis que,ka sɔrɔ,Anglais_Français_Dioula.csv,Dioula
wherever,n'importe où,yɔrɔ o yɔrɔ,Anglais_Français_Dioula.csv,Dioula
whether,si,ni,Anglais_Français_Dioula.csv,Dioula
which,lequel,juman,Anglais_Français_Dioula.csv,Dioula
while,pendant,waati,Anglais_Français_Dioula.csv,Dioula
whisper,chuchoter,kuma dɔgɔ,Anglais_Français_Dioula.csv,Dioula
white,blanc,gwɛ,Anglais_Français_Dioula.csv,Dioula
who,qui,jɔn,Anglais_Français_Dioula.csv,Dioula
whole,entier,bɛɛ,Anglais_Français_Dioula.csv,Dioula
whom,qui,jɔn,Anglais_Français_Dioula.csv,Dioula
whose,dont,jɔn,Anglais_Français_Dioula.csv,Dioula
why,pourquoi,munna,Anglais_Français_Dioula.csv,Dioula
wide,large,ba,Anglais_Français_Dioula.csv,Dioula
wife,épouse,muso,Anglais_Français_Dioula.csv,Dioula
wild,sauvage,wulala,Anglais_Français_Dioula.csv,Dioula
will,volonté,sago,Anglais_Français_Dioula.csv,Dioula
win,gagner,sɔrɔ,Anglais_Français_Dioula.csv,Dioula
wind,vent,fɔɲɔ,Anglais_Français_Dioula.csv,Dioula
window,fenêtre,fenetiri,Anglais_Français_Dioula.csv,Dioula
wine,vin,dɔlɔ,Anglais_Français_Dioula.csv,Dioula
wing,aile,kama,Anglais_Français_Dioula.csv,Dioula
winner,gagnant,gaɲɛ,Anglais_Français_Dioula.csv,Dioula
winter,hiver,nɛnɛ,Anglais_Français_Dioula.csv,Dioula
wish,souhaiter,fɛ,Anglais_Français_Dioula.csv,Dioula
with,avec,fɛ,Anglais_Français_Dioula.csv,Dioula
withdraw,retirer,bɔ,Anglais_Français_Dioula.csv,Dioula
within,dans,kɔnɔ,Anglais_Français_Dioula.csv,Dioula
without,sans,kɔ,Anglais_Français_Dioula.csv,Dioula
woman,femme,muso,Anglais_Français_Dioula.csv,Dioula
wonder,merveille,kabako,Anglais_Français_Dioula.csv,Dioula
wonderful,merveilleux,kabako,Anglais_Français_Dioula.csv,Dioula
wood,bois,yiri,Anglais_Français_Dioula.csv,Dioula
wooden,en bois,yiri,Anglais_Français_Dioula.csv,Dioula
word,mot,kuma,Anglais_Français_Dioula.csv,Dioula
work,travail,baara,Anglais_Français_Dioula.csv,Dioula
worker,travailleur,baarakɛla,Anglais_Français_Dioula.csv,Dioula
working,travail,baara,Anglais_Français_Dioula.csv,Dioula
world,monde,diɲɛ,Anglais_Français_Dioula.csv,Dioula
worry,s'inquiéter,hami,Anglais_Français_Dioula.csv,Dioula
worth,valeur,sɔngɔ,Anglais_Français_Dioula.csv,Dioula
would,serait,bɛ,Anglais_Français_Dioula.csv,Dioula
wound,blessure,joli,Anglais_Français_Dioula.csv,Dioula
wrap,emballer,siri,Anglais_Français_Dioula.csv,Dioula
write,écrire,sɛbɛ,Anglais_Français_Dioula.csv,Dioula
writer,écrivain,sɛbɛnnikɛla,Anglais_Français_Dioula.csv,Dioula
writing,écriture,sɛbɛnni,Anglais_Français_Dioula.csv,Dioula
wrong,faux,fili,Anglais_Français_Dioula.csv,Dioula
yard,cour,kɛnɛ,Anglais_Français_Dioula.csv,Dioula
yeah,ouais,ɔnhɔn,Anglais_Français_Dioula.csv,Dioula
year,année,san,Anglais_Français_Dioula.csv,Dioula
yellow,jaune,nɛrɛ,Anglais_Français_Dioula.csv,Dioula
yes,oui,awɔ,Anglais_Français_Dioula.csv,Dioula
yesterday,hier,kunu,Anglais_Français_Dioula.csv,Dioula
yet,encore,hali,Anglais_Français_Dioula.csv,Dioula
you,tu/vous,i / aw,Anglais_Français_Dioula.csv,Dioula
young,jeune,denmisɛn,Anglais_Français_Dioula.csv,Dioula
your,ton/votre,i / aw,Anglais_Français_Dioula.csv,Dioula
yours,le tien/le vôtre,i ta / aw ta,Anglais_Français_Dioula.csv,Dioula
yourself,toi-même,i yɛrɛ,Anglais_Français_Dioula.csv,Dioula
youth,jeunesse,denmisɛnya,Anglais_Français_Dioula.csv,Dioula
zone,zone,zɔni,Anglais_Français_Dioula.csv,Dioula
baby,bébé,denbilennin,correspondance_dioula_français_anglais.csv,Dioula
bachelor,célibataire,musotan,correspondance_dioula_français_anglais.csv,Dioula
back,dos / derrière,kɔ / kɔfɛla,correspondance_dioula_français_anglais.csv,Dioula
bad,mauvais,jugu / go,correspondance_dioula_français_anglais.csv,Dioula
bag,sac,saki / bɔrɔ,correspondance_dioula_français_anglais.csv,Dioula
ball,balle / ballon,balɔn / tola,correspondance_dioula_français_anglais.csv,Dioula
banana,banane,baranda / namasa,correspondance_dioula_français_anglais.csv,Dioula
be,être,be / ye,correspondance_dioula_français_anglais.csv,Dioula
bear,supporter / endurer,kun / muɲu,correspondance_dioula_français_anglais.csv,Dioula
beard,barbe,bonbosi,correspondance_dioula_français_anglais.csv,Dioula
beat,battre / frapper,gosi / bugɔ,correspondance_dioula_français_anglais.csv,Dioula
because,parce que,barisa / sabu,correspondance_dioula_français_anglais.csv,Dioula
become,devenir,kɛ,correspondance_dioula_français_anglais.csv,Dioula
bed,lit,dalan / lii,correspondance_dioula_français_anglais.csv,Dioula
bee,abeille,liden / likisɛ,correspondance_dioula_français_anglais.csv,Dioula
before,avant,ɲɛ / kabi / sani,correspondance_dioula_français_anglais.csv,Dioula
beg,mendier,makasi / deli,correspondance_dioula_français_anglais.csv,Dioula
behind,derrière,kɔ / kɔfɛ,correspondance_dioula_français_anglais.csv,Dioula
believe,croire,la / limaniya,correspondance_dioula_français_anglais.csv,Dioula
bend,courber / plier,kuru,correspondance_dioula_français_anglais.csv,Dioula
benefit,bénéfice / avantage,nafa,correspondance_dioula_français_anglais.csv,Dioula
beside,à côté de,kɛrɛfɛ,correspondance_dioula_français_anglais.csv,Dioula
between,entre,cɛ / cɛma,correspondance_dioula_français_anglais.csv,Dioula
big,grand / gros,ba / belebele / bon,correspondance_dioula_français_anglais.csv,Dioula
birth,naissance,bangeli / wolo,correspondance_dioula_français_anglais.csv,Dioula
bite,mordre,cin / sɔgi,correspondance_dioula_français_anglais.csv,Dioula
blind,aveugle,fiyen,correspondance_dioula_français_anglais.csv,Dioula
blue,bleu,bulaman,correspondance_dioula_français_anglais.csv,Dioula
boat,bateau,bato / kurun,correspondance_dioula_français_anglais.csv,Dioula
body,corps,fari / farikolo,correspondance_dioula_français_anglais.csv,Dioula
borrow,emprunter,dɔndɔ / singa,correspondance_dioula_français_anglais.csv,Dioula
bottom,bas / fond,dugu / ju,correspondance_dioula_français_anglais.csv,Dioula
box,boîte,buwati,correspondance_dioula_français_anglais.csv,Dioula
brave,brave / courageux,fari,correspondance_dioula_français_anglais.csv,Dioula
breast,sein,sin / disi,correspondance_dioula_français_anglais.csv,Dioula
breathe,respirer,ninakili,correspondance_dioula_français_anglais.csv,Dioula
bridge,pont,bili,correspondance_dioula_français_anglais.csv,Dioula
bring,apporter,nana / lana,correspondance_dioula_français_anglais.csv,Dioula
brother,frère,balimancɛ / dɔgɔcɛ / kɔrɔcɛ,correspondance_dioula_français_anglais.csv,Dioula
build,construire,lɔ / so,correspondance_dioula_français_anglais.csv,Dioula
bury,enterrer,sutura,correspondance_dioula_français_anglais.csv,Dioula
call,appeler,weele / kiri,correspondance_dioula_français_anglais.csv,Dioula
can,pouvoir (verbe),se,correspondance_dioula_français_anglais.csv,Dioula
care,soin / souci,hɛrɛ / kɔlɔsi,correspondance_dioula_français_anglais.csv,Dioula
carry,porter,ta / doni,correspondance_dioula_français_anglais.csv,Dioula
center,centre,cɛmancɛ / kuncɛ,correspondance_dioula_français_anglais.csv,Dioula
cereal,céréale,suman,correspondance_dioula_français_anglais.csv,Dioula
certain,certain,dɔ / ləkika,correspondance_dioula_français_anglais.csv,Dioula
change,changer,yɛlɛma / falen,correspondance_dioula_français_anglais.csv,Dioula
cheap,bon marché,da nɔgɔ / sɔngɔ nɔgɔ,correspondance_dioula_français_anglais.csv,Dioula
church,église,egilisi / batoso,correspondance_dioula_français_anglais.csv,Dioula
clean,propre,saniya / jɛ,correspondance_dioula_français_anglais.csv,Dioula
close,fermer,tugu / datugu,correspondance_dioula_français_anglais.csv,Dioula
color,couleur,ɲɛ,correspondance_dioula_français_anglais.csv,Dioula
complete,complet / finir,dafa / ban,correspondance_dioula_français_anglais.csv,Dioula
cool,frais,suman,correspondance_dioula_français_anglais.csv,Dioula
correct,correct / corriger,bɛn / latilen,correspondance_dioula_français_anglais.csv,Dioula
cost,coût / coûter,sɔngɔ,correspondance_dioula_français_anglais.csv,Dioula
cough,toux / tousser,sɔgɔsɔgɔ,correspondance_dioula_français_anglais.csv,Dioula
dance,danser,dɔn kɛ,correspondance_dioula_français_anglais.csv,Dioula
day,jour,lon / tile,correspondance_dioula_français_anglais.csv,Dioula
deceive,tromper,nɛnɛ,correspondance_dioula_français_anglais.csv,Dioula
defeat,défaite / vaincre,kɛnɛ,correspondance_dioula_français_anglais.csv,Dioula
demand,demander / exigence,ɲini,correspondance_dioula_français_anglais.csv,Dioula
depart,partir,ta,correspondance_dioula_français_anglais.csv,Dioula
descend,descendre,jigi,correspondance_dioula_français_anglais.csv,Dioula
desire,désir / désirer,nege,correspondance_dioula_français_anglais.csv,Dioula
destroy,détruire,halaki,correspondance_dioula_français_anglais.csv,Dioula
different,différent,danfara,correspondance_dioula_français_anglais.csv,Dioula
doctor,docteur,dɔgɔtɔrɔ,correspondance_dioula_français_anglais.csv,Dioula
donkey,âne,fali,correspondance_dioula_français_anglais.csv,Dioula
down,en bas,duguma,correspondance_dioula_français_anglais.csv,Dioula
dream,rêve / rêver,sigo,correspondance_dioula_français_anglais.csv,Dioula
dress,s'habiller,don,correspondance_dioula_français_anglais.csv,Dioula
drop,laisser tomber,bila,correspondance_dioula_français_anglais.csv,Dioula
drum,tambour,dunun,correspondance_dioula_français_anglais.csv,Dioula
end,fin,laban,correspondance_dioula_français_anglais.csv,Dioula
enough,assez,wasa,correspondance_dioula_français_anglais.csv,Dioula
fall,tomber,bin,correspondance_dioula_français_anglais.csv,Dioula
farm,ferme / champ,foro,correspondance_dioula_français_anglais.csv,Dioula
fat,gros / gras,tɔlɔ,correspondance_dioula_français_anglais.csv,Dioula
feel,sentir,siga,correspondance_dioula_français_anglais.csv,Dioula
find,trouver,sɔrɔ,correspondance_dioula_français_anglais.csv,Dioula
fly,voler (oiseau) / mouche,pan / ton,correspondance_dioula_français_anglais.csv,Dioula
for,pour,ye / kama,correspondance_dioula_français_anglais.csv,Dioula
God,Dieu,Ala,correspondance_dioula_français_anglais.csv,Dioula
happy,heureux,nisɔndiya,correspondance_dioula_français_anglais.csv,Dioula
have,avoir,sɔrɔ / bolo,correspondance_dioula_français_anglais.csv,Dioula
home,maison / chez soi,so,correspondance_dioula_français_anglais.csv,Dioula
hot,chaud,kalani,correspondance_dioula_français_anglais.csv,Dioula
house,maison,bon / so,correspondance_dioula_français_anglais.csv,Dioula
hunger,faim,kɔngɔ,correspondance_dioula_français_anglais.csv,Dioula
I,je,ne,correspondance_dioula_français_anglais.csv,Dioula
joy,joie,nisɔndiya,correspondance_dioula_français_anglais.csv,Dioula
key,clé,kone,correspondance_dioula_français_anglais.csv,Dioula
kiss,embrasser,susumpa,correspondance_dioula_français_anglais.csv,Dioula
lake,lac,dalan,correspondance_dioula_français_anglais.csv,Dioula
large,large / grand,ba,correspondance_dioula_français_anglais.csv,Dioula
leave,laisser / partir,to / taga,correspondance_dioula_français_anglais.csv,Dioula
light,lumière / léger,yeelen / fɛgɛ,correspondance_dioula_français_anglais.csv,Dioula
love,amour,kanu,correspondance_dioula_français_anglais.csv,Dioula
make,faire,lajɛ / kɛ,correspondance_dioula_français_anglais.csv,Dioula
near,proche,surun,correspondance_dioula_français_anglais.csv,Dioula
number,nombre,hakɛ,correspondance_dioula_français_anglais.csv,Dioula
over,sur / au-dessus,kunna,correspondance_dioula_français_anglais.csv,Dioula
own,posséder,tigi,correspondance_dioula_français_anglais.csv,Dioula
power,pouvoir,se / fanga,correspondance_dioula_français_anglais.csv,Dioula
quick,vite,teli,correspondance_dioula_français_anglais.csv,Dioula
school,école,lakɔli / kalanso,correspondance_dioula_français_anglais.csv,Dioula
sick,malade,banabagatɔ,correspondance_dioula_français_anglais.csv,Dioula
small,petit,dɔgɔ / misɛn,correspondance_dioula_français_anglais.csv,Dioula
so,ainsi / donc,o tuma,correspondance_dioula_français_anglais.csv,Dioula
spoon,cuillère,kalu,correspondance_dioula_français_anglais.csv,Dioula
stand,être debout,lɔ,correspondance_dioula_français_anglais.csv,Dioula
they,ils / elles,u,correspondance_dioula_français_anglais.csv,Dioula
up,en haut,san,correspondance_dioula_français_anglais.csv,Dioula
watch,regarder / montre,filɛ / mɔnturu,correspondance_dioula_français_anglais.csv,Dioula
wear,porter (vêtement),don,correspondance_dioula_français_anglais.csv,Dioula
well,bien / puits,kaɲa / kɔlɔn,correspondance_dioula_français_anglais.csv,Dioula
wife,femme,muso,correspondance_dioula_français_anglais.csv,Dioula
with,avec,fɛ / ni,correspondance_dioula_français_anglais.csv,Dioula
you,tu / vous,i / aw,correspondance_dioula_français_anglais.csv,Dioula
abdomen,abdomen,barakɔrɔla / kɔnɔbara / nagakɔrɔla,en_fr_di.csv,Dioula
accept,accepter,jɛn / kiti / kun,en_fr_di.csv,Dioula
advance,avancer / avance,avansi,en_fr_di.csv,Dioula
Good morning,Bonjour (matin),I ni sɔgɔma,phrasesAnglais_Français_Dioula.csv,Dioula
Good afternoon,Bonjour (midi/après-midi),I ni tile,phrasesAnglais_Français_Dioula.csv,Dioula
Good evening,Bonsoir,I ni wula,phrasesAnglais_Français_Dioula.csv,Dioula
Good night,Bonne nuit,I ni su,phrasesAnglais_Français_Dioula.csv,Dioula
Hi (to a group),Salut (à un groupe),Aw ni ce,phrasesAnglais_Français_Dioula.csv,Dioula
How are you?,Comment ça va ?,I ka kɛnɛ wa?,phrasesAnglais_Français_Dioula.csv,Dioula
I am fine,Je vais bien,Tɔɔrɔ tɛ / Ne ka kɛnɛ,phrasesAnglais_Français_Dioula.csv,Dioula
How is the family?,Et la famille ?,Somɔgɔw do?,phrasesAnglais_Français_Dioula.csv,Dioula
They are fine,Ils vont bien,Tɔɔrɔ t'u la,phrasesAnglais_Français_Dioula.csv,Dioula
Did you sleep well?,As-tu bien dormi?,I kɔnɔna ka ɲɛ wa?,phrasesAnglais_Français_Dioula.csv,Dioula
How is the work?,Comment va le travail ?,Baara do?,phrasesAnglais_Français_Dioula.csv,Dioula
The work is going well,Le travail va bien,Baara bɛ ka ɲɛ,phrasesAnglais_Français_Dioula.csv,Dioula
Welcome,Bienvenue,I bisimila (Sing.) / Aw bisimila (Pl.),phrasesAnglais_Français_Dioula.csv,Dioula
See you later,À plus tard,K'an bɛn sɔɔni,phrasesAnglais_Français_Dioula.csv,Dioula
See you tomorrow,À demain,K'an bɛn sini,phrasesAnglais_Français_Dioula.csv,Dioula
See you soon,À bientôt,K'an bɛn,phrasesAnglais_Français_Dioula.csv,Dioula
Goodbye,Au revoir,K'an bɛn,phrasesAnglais_Français_Dioula.csv,Dioula
Excuse me,Excusez-moi,Hakɛ to,phrasesAnglais_Français_Dioula.csv,Dioula
Forgive me,Pardonnez-moi,Yafa n ma,phrasesAnglais_Français_Dioula.csv,Dioula
Please,S'il vous plaît,Sabari,phrasesAnglais_Français_Dioula.csv,Dioula
Thank you,Merci,I ni ce,phrasesAnglais_Français_Dioula.csv,Dioula
Thank you very much,Merci beaucoup,I ni ce kosɛbɛ,phrasesAnglais_Français_Dioula.csv,Dioula
Yes,Oui,Awɔ,phrasesAnglais_Français_Dioula.csv,Dioula
No,Non,Ayi,phrasesAnglais_Français_Dioula.csv,Dioula
I agree,Je suis d'accord,N sɔnna,phrasesAnglais_Français_Dioula.csv,Dioula
I don't agree,Je ne suis pas d'accord,N ma sɔn,phrasesAnglais_Français_Dioula.csv,Dioula
I understand,Je comprends,N y'a faamu,phrasesAnglais_Français_Dioula.csv,Dioula
I don't understand,Je ne comprends pas,N ma faamu,phrasesAnglais_Français_Dioula.csv,Dioula
Do you understand?,Comprenez-vous ?,I y'a faamu wa?,phrasesAnglais_Français_Dioula.csv,Dioula
What is your name?,Comment t'appelles-tu ?,I tɔgɔ bi di?,phrasesAnglais_Français_Dioula.csv,Dioula
My name is...,Je m'appelle...,Ne tɔgɔ ye...,phrasesAnglais_Français_Dioula.csv,Dioula
Who are you?,Qui es-tu ?,I ye jɔn ye?,phrasesAnglais_Français_Dioula.csv,Dioula
I am a student,Je suis étudiant,Ne ye kalanden ye,phrasesAnglais_Français_Dioula.csv,Dioula
I am a teacher,Je suis enseignant,Ne ye karamɔgɔ ye,phrasesAnglais_Français_Dioula.csv,Dioula
I am a doctor,Je suis médecin,Ne ye dɔgɔtɔrɔ ye,phrasesAnglais_Français_Dioula.csv,Dioula
Where are you from?,D'où viens-tu ?,I bɔra min?,phrasesAnglais_Français_Dioula.csv,Dioula
I am from Burkina,Je viens du Burkina,Ne bɔra Burkina,phrasesAnglais_Français_Dioula.csv,Dioula
Where do you live?,Où habites-tu ?,I sigilen bɛ min?,phrasesAnglais_Français_Dioula.csv,Dioula
I live in Ouaga,J'habite à Ouaga,Ne sigilen bɛ Wagadugu,phrasesAnglais_Français_Dioula.csv,Dioula
How old are you?,Quel âge as-tu ?,I si ye san joli ye?,phrasesAnglais_Français_Dioula.csv,Dioula
I am 20 years old,J'ai 20 ans,Ne si ye san mugan ye,phrasesAnglais_Français_Dioula.csv,Dioula
Are you married?,Es-tu marié ?,I furula wa?,phrasesAnglais_Français_Dioula.csv,Dioula
Do you have children?,As-tu des enfants ?,Denw b'i bolo wa?,phrasesAnglais_Français_Dioula.csv,Dioula
I have two children,J'ai deux enfants,Den fila b'a bolo,phrasesAnglais_Français_Dioula.csv,Dioula
What is this?,Qu'est-ce que c'est ?,Nin ye mun ye?,phrasesAnglais_Français_Dioula.csv,Dioula
It is food,C'est de la nourriture,Dumuni lo,phrasesAnglais_Français_Dioula.csv,Dioula
Where are you going?,Où vas-tu ?,I bɛ taga min?,phrasesAnglais_Français_Dioula.csv,Dioula
I am going home,Je vais à la maison,Ne bɛ taga so,phrasesAnglais_Français_Dioula.csv,Dioula
I am going to the market,Je vais au marché,Ne bɛ taga sʋgʋ la,phrasesAnglais_Français_Dioula.csv,Dioula
I am going to work,Je vais au travail,Ne bɛ taga baara la,phrasesAnglais_Français_Dioula.csv,Dioula
Come here,Viens ici,Na yan,phrasesAnglais_Français_Dioula.csv,Dioula
Sit down,Assieds-toi,I sigi,phrasesAnglais_Français_Dioula.csv,Dioula
Stand up,Lève-toi,Wuli,phrasesAnglais_Français_Dioula.csv,Dioula
Go away,Va-t'en,Taga,phrasesAnglais_Français_Dioula.csv,Dioula
Wait for me,Attends-moi,N makɔnɔ,phrasesAnglais_Français_Dioula.csv,Dioula
Let's go,Allons-y,An ka taga,phrasesAnglais_Français_Dioula.csv,Dioula
Help me,Aide-moi,N dɛmɛ,phrasesAnglais_Français_Dioula.csv,Dioula
Give me water,Donne-moi de l'eau,Ji di n ma,phrasesAnglais_Français_Dioula.csv,Dioula
I am hungry,J'ai faim,Kɔngɔ bɛ n na,phrasesAnglais_Français_Dioula.csv,Dioula
I am thirsty,J'ai soif,Minɔgɔ bɛ n na,phrasesAnglais_Français_Dioula.csv,Dioula
I am tired,Je suis fatigué,Ne sɛgɛnna,phrasesAnglais_Français_Dioula.csv,Dioula
I am sick,Je suis malade,Ne man kɛnɛ,phrasesAnglais_Français_Dioula.csv,Dioula
I am happy,Je suis content,Ne ninsɔn ka di,phrasesAnglais_Français_Dioula.csv,Dioula
I am angry,Je suis fâché,Ne dimina,phrasesAnglais_Français_Dioula.csv,Dioula
I am afraid,J'ai peur,Ne bɛ siran,phrasesAnglais_Français_Dioula.csv,Dioula
I am cold,J'ai froid,Nɛnɛ bɛ n na,phrasesAnglais_Français_Dioula.csv,Dioula
I am hot,J'ai chaud,Funteni bɛ n na,phrasesAnglais_Français_Dioula.csv,Dioula
What time is it?,Quelle heure est-il ?,Lɛrɛ joli lo?,phrasesAnglais_Français_Dioula.csv,Dioula
It is 12 o'clock,Il est midi,Tile bɛ gan,phrasesAnglais_Français_Dioula.csv,Dioula
It is late,Il est tard,Waati tɛmɛna,phrasesAnglais_Français_Dioula.csv,Dioula
Today is Monday,Aujourd'hui c'est lundi,Bi ye tɛnɛ ye,phrasesAnglais_Français_Dioula.csv,Dioula
Tomorrow is Tuesday,Demain c'est mardi,Sini ye tarata ye,phrasesAnglais_Français_Dioula.csv,Dioula
Yesterday was Sunday,Hier c'était dimanche,Kunu tun ye kari ye,phrasesAnglais_Français_Dioula.csv,Dioula
Where is the bank?,Où est la banque ?,Banki bɛ min?,phrasesAnglais_Français_Dioula.csv,Dioula
Where is the hospital?,Où est l'hôpital ?,Lopital bɛ min?,phrasesAnglais_Français_Dioula.csv,Dioula
Is it far?,C'est loin ?,A ka jan wa?,phrasesAnglais_Français_Dioula.csv,Dioula
It is not far,Ce n'est pas loin,A man jan,phrasesAnglais_Français_Dioula.csv,Dioula
Turn right,Tourne à droite,I kinibolo fɛ,phrasesAnglais_Français_Dioula.csv,Dioula
Turn left,Tourne à gauche,I numanbolo fɛ,phrasesAnglais_Français_Dioula.csv,Dioula
Go straight,Va tout droit,Tilen,phrasesAnglais_Français_Dioula.csv,Dioula
Stop here,Arrête-toi ici,Lɔ yan,phrasesAnglais_Français_Dioula.csv,Dioula
How much is this?,C'est combien ?,Nin ye joli ye?,phrasesAnglais_Français_Dioula.csv,Dioula
It is too expensive,C'est trop cher,A sɔngɔ ka guɛlɛ,phrasesAnglais_Français_Dioula.csv,Dioula
Lower the price,Diminue le prix,Dɔ bɔ a la,phrasesAnglais_Français_Dioula.csv,Dioula
I want to buy this,Je veux acheter ça,Ne b'a fɛ k'a san,phrasesAnglais_Français_Dioula.csv,Dioula
Do you have change?,As-tu de la monnaie ?,Wari mɛsɛn b'i bolo wa?,phrasesAnglais_Français_Dioula.csv,Dioula
I don't have money,Je n'ai pas d'argent,Wari tɛ n bolo,phrasesAnglais_Français_Dioula.csv,Dioula
The price is good,Le prix est bon,A sɔngɔ ka ɲi,phrasesAnglais_Français_Dioula.csv,Dioula
Give me a discount,Fais-moi un rabais,Dɔ bɔ a la n ye,phrasesAnglais_Français_Dioula.csv,Dioula
I love you,Je t'aime,Ne b'i fɛ,phrasesAnglais_Français_Dioula.csv,Dioula
You are beautiful,Tu es beau/belle,I ka ɲi,phrasesAnglais_Français_Dioula.csv,Dioula
I miss you,Tu me manques,I ɲɛ bɛ n bo,phrasesAnglais_Français_Dioula.csv,Dioula
Do you speak Dioula?,Parles-tu dioula ?,I bɛ Julakan fɔ wa?,phrasesAnglais_Français_Dioula.csv,Dioula
I speak a little,Je parle un peu,Ne bɛ dɔɔni fɔ,phrasesAnglais_Français_Dioula.csv,Dioula
Can you help me?,Peux-tu m'aider ?,I bɛ se ka n dɛmɛ wa?,phrasesAnglais_Français_Dioula.csv,Dioula
What happened?,Qu'est-ce qui s'est passé ?,Mun kɛra?,phrasesAnglais_Français_Dioula.csv,Dioula
I lost my bag,J'ai perdu mon sac,Ne ka saki tununa,phrasesAnglais_Français_Dioula.csv,Dioula
Call the police,Appelle la police,Polisi wele,phrasesAnglais_Français_Dioula.csv,Dioula
I need a doctor,J'ai besoin d'un médecin,Ne bɛ dɔgɔtɔrɔ fɛ,phrasesAnglais_Français_Dioula.csv,Dioula
My head hurts,J'ai mal à la tête,N kun bɛ n dimi,phrasesAnglais_Français_Dioula.csv,Dioula
My stomach hurts,J'ai mal au ventre,N kɔnɔ bɛ n dimi,phrasesAnglais_Français_Dioula.csv,Dioula
I have a fever,J'ai de la fièvre,Fari gwan bɛ n na,phrasesAnglais_Français_Dioula.csv,Dioula
Take this medicine,Prends ce médicament,Fura nin ta,phrasesAnglais_Français_Dioula.csv,Dioula
Drink water,Bois de l'eau,Ji min,phrasesAnglais_Français_Dioula.csv,Dioula
Eat well,Mange bien,Dumuni kɛ ka ɲɛ,phrasesAnglais_Français_Dioula.csv,Dioula
Rest a little,Repose-toi un peu,I lafiɲɛ dɔɔni,phrasesAnglais_Français_Dioula.csv,Dioula
God bless you,Que Dieu te bénisse,Ala ka baraka don i la,phrasesAnglais_Français_Dioula.csv,Dioula
God give you health,Que Dieu te donne la santé,Ala ka kɛnɛya di ma,phrasesAnglais_Français_Dioula.csv,Dioula
Safe journey,Bon voyage,Ka sira diya,phrasesAnglais_Français_Dioula.csv,Dioula
Happy new year,Bonne année,San bɛ san bɛ,phrasesAnglais_Français_Dioula.csv,Dioula
Happy birthday,Joyeux anniversaire,Sambutugu ɲuman,phrasesAnglais_Français_Dioula.csv,Dioula
Congratulations,Félicitations,I ni ce,phrasesAnglais_Français_Dioula.csv,Dioula
I am working,Je travaille,Ne bɛ baara la,phrasesAnglais_Français_Dioula.csv,Dioula
I am cooking,Je cuisine,Ne bɛ tobili la,phrasesAnglais_Français_Dioula.csv,Dioula
I am washing clothes,Je lave les habits,Ne bɛ fini ko,phrasesAnglais_Français_Dioula.csv,Dioula
I am reading,Je lis,Ne bɛ kalanni na,phrasesAnglais_Français_Dioula.csv,Dioula
I am writing,J'écris,Ne bɛ sɛbɛnni na,phrasesAnglais_Français_Dioula.csv,Dioula
I am sleeping,Je dors,Ne bɛ sunɔgɔ,phrasesAnglais_Français_Dioula.csv,Dioula
I am playing,Je joue,Ne bɛ tulon kɛ,phrasesAnglais_Français_Dioula.csv,Dioula
He is running,Il court,A bɛ boli,phrasesAnglais_Français_Dioula.csv,Dioula
She is dancing,Elle danse,A bɛ dɔn kɛ,phrasesAnglais_Français_Dioula.csv,Dioula
They are talking,Ils parlent,U bɛ baro kɛ,phrasesAnglais_Français_Dioula.csv,Dioula
We are leaving,Nous partons,An bɛ taga,phrasesAnglais_Français_Dioula.csv,Dioula
The sun is shining,Le soleil brille,Tile bɛ bɔ,phrasesAnglais_Français_Dioula.csv,Dioula
It is raining,Il pleut,Sanji bɛ na,phrasesAnglais_Français_Dioula.csv,Dioula
The wind is blowing,Le vent souffle,Fɔɲɔ bɛ fiyɛ,phrasesAnglais_Français_Dioula.csv,Dioula
It is hot today,Il fait chaud aujourd'hui,Bi funteni bɛ,phrasesAnglais_Français_Dioula.csv,Dioula
I like rice,J'aime le riz,Malo ka di n ye,phrasesAnglais_Français_Dioula.csv,Dioula
I don't like meat,Je n'aime pas la viande,Sogo man di n ye,phrasesAnglais_Français_Dioula.csv,Dioula
This is delicious,C'est délicieux,A ka di,phrasesAnglais_Français_Dioula.csv,Dioula
Water is life,L'eau c'est la vie,Ji ye ni ye,phrasesAnglais_Français_Dioula.csv,Dioula
Patience is golden,La patience est d'or,Sabali ye sãnu ye,phrasesAnglais_Français_Dioula.csv,Dioula
Unity is strength,L'union fait la force,Ben ye fanga ye,phrasesAnglais_Français_Dioula.csv,Dioula
Work is good,Le travail est bon,Baara ka ɲi,phrasesAnglais_Français_Dioula.csv,Dioula
Truth is good,La vérité est bonne,Tiɲɛ ka ɲi,phrasesAnglais_Français_Dioula.csv,Dioula
Don't lie,Ne mens pas,I kana galon tigi,phrasesAnglais_Français_Dioula.csv,Dioula
Respect your parents,Respecte tes parents,I bangebaw bonya,phrasesAnglais_Français_Dioula.csv,Dioula
Knowledge is power,Le savoir est une force,Lɔnniya ye fanga ye,phrasesAnglais_Français_Dioula.csv,Dioula
Who is that?,Qui est-ce ?,O ye jɔn ye?,phrasesAnglais_Français_Dioula.csv,Dioula
When will you come?,Quand viendras-tu ?,I bɛ na tuma juman?,phrasesAnglais_Français_Dioula.csv,Dioula
Why are you crying?,Pourquoi pleures-tu ?,Mun na i bɛ kasi?,phrasesAnglais_Français_Dioula.csv,Dioula
What do you want?,Que veux-tu ?,I bɛ mun fɛ?,phrasesAnglais_Français_Dioula.csv,Dioula
Where is the toilet?,Où sont les toilettes ?,Gwa bɛ min?,phrasesAnglais_Français_Dioula.csv,Dioula
Can I come in?,Puis-je entrer ?,Ne bɛ se ka don wa?,phrasesAnglais_Français_Dioula.csv,Dioula
Open the door,Ouvre la porte,Da dayɛlɛ,phrasesAnglais_Français_Dioula.csv,Dioula
Close the window,Ferme la fenêtre,Fenetiri datugu,phrasesAnglais_Français_Dioula.csv,Dioula
Turn on the light,Allume la lumière,Yeelen tugu,phrasesAnglais_Français_Dioula.csv,Dioula
Turn off the light,Éteins la lumière,Yeelen faga,phrasesAnglais_Français_Dioula.csv,Dioula
Give me the phone,Donne-moi le téléphone,Telefɔni di n ma,phrasesAnglais_Français_Dioula.csv,Dioula
Call me later,Appelle-moi plus tard,N wele sɔɔni,phrasesAnglais_Français_Dioula.csv,Dioula
I am busy,Je suis occupé,Ne bɛ baara la,phrasesAnglais_Français_Dioula.csv,Dioula
I have no time,Je n'ai pas le temps,Waati tɛ n bolo,phrasesAnglais_Français_Dioula.csv,Dioula
Wait a minute,Attends une minute,Miniti kelen,phrasesAnglais_Français_Dioula.csv,Dioula
Look at this,Regarde ça,Nin filɛ,phrasesAnglais_Français_Dioula.csv,Dioula
Listen to me,Écoute-moi,N lamɛn,phrasesAnglais_Français_Dioula.csv,Dioula
Don't touch,Ne touche pas,I kana maga a la,phrasesAnglais_Français_Dioula.csv,Dioula
Be careful,Fais attention,I yɛrɛ kɔlɔsi,phrasesAnglais_Français_Dioula.csv,Dioula
Walk slowly,Marche doucement,Taama dɔɔni dɔɔni,phrasesAnglais_Français_Dioula.csv,Dioula
Run fast,Cours vite,Boli ka teliya,phrasesAnglais_Français_Dioula.csv,Dioula
I am learning Dioula,J'apprends le dioula,Ne bɛ Julakan kalan,phrasesAnglais_Français_Dioula.csv,Dioula
It is difficult,C'est difficile,A ka guɛlɛ,phrasesAnglais_Français_Dioula.csv,Dioula
It is easy,C'est facile,A ka nɔgɔ,phrasesAnglais_Français_Dioula.csv,Dioula
Teach me,Enseigne-moi,A kalan n na,phrasesAnglais_Français_Dioula.csv,Dioula
I made a mistake,J'ai fait une erreur,Ne filila,phrasesAnglais_Français_Dioula.csv,Dioula
It doesn't matter,Ce n'est pas grave,Tɔɔrɔ tɛ / Baasi tɛ,phrasesAnglais_Français_Dioula.csv,Dioula
No problem,Pas de problème,Gɛlɛya tɛ,phrasesAnglais_Français_Dioula.csv,Dioula
Don't worry,Ne t'inquiète pas,Hami tɛ,phrasesAnglais_Français_Dioula.csv,Dioula
Trust me,Fais-moi confiance,La n na,phrasesAnglais_Français_Dioula.csv,Dioula
I believe you,Je te crois,Ne lannin b'i la,phrasesAnglais_Français_Dioula.csv,Dioula
God is great,Dieu est grand,Ala ka bon,phrasesAnglais_Français_Dioula.csv,Dioula
Life is a struggle,La vie est un combat,Ni ye kɛlɛ ye,phrasesAnglais_Français_Dioula.csv,Dioula
Family is important,La famille est importante,Du kɔrɔ ka bon,phrasesAnglais_Français_Dioula.csv,Dioula
Friends are good,Les amis sont bons,Teriyaya ka ɲi,phrasesAnglais_Français_Dioula.csv,Dioula
Love is beautiful,L'amour est beau,Kanu ka ɲi,phrasesAnglais_Français_Dioula.csv,Dioula
Money is not everything,L'argent ne fait pas tout,Wari tɛ fɛn bɛɛ ye,phrasesAnglais_Français_Dioula.csv,Dioula
Health is wealth,La santé est une richesse,Kɛnɛya ye bana ye,phrasesAnglais_Français_Dioula.csv,Dioula
Respect elders,Respecte les aînés,Mɔgɔkɔrɔbaw bonya,phrasesAnglais_Français_Dioula.csv,Dioula
Help the poor,Aide les pauvres,Fantanw dɛmɛ,phrasesAnglais_Français_Dioula.csv,Dioula
Be honest,Sois honnête,I kɔnɔgwɛ,phrasesAnglais_Français_Dioula.csv,Dioula
Work hard,Travaille dur,Baara kɛ kosɛbɛ,phrasesAnglais_Français_Dioula.csv,Dioula
Don't be lazy,Ne sois pas paresseux,I kana kɛ salaba ye,phrasesAnglais_Français_Dioula.csv,Dioula
Wake up early,Lève-toi tôt,Wuli joona,phrasesAnglais_Français_Dioula.csv,Dioula
Wash your hands,Lave tes mains,I bolo ko,phrasesAnglais_Français_Dioula.csv,Dioula
Clean the house,Nettoie la maison,So kɔnɔ saniya,phrasesAnglais_Français_Dioula.csv,Dioula
Wash the dishes,Lave la vaisselle,Minɛnw ko,phrasesAnglais_Français_Dioula.csv,Dioula
Sweep the floor,Balaie le sol,Dugu furan,phrasesAnglais_Français_Dioula.csv,Dioula
Cook the food,Cuisine la nourriture,Dumuni tobi,phrasesAnglais_Français_Dioula.csv,Dioula
Serve the food,Sers la nourriture,Dumuni sɔ,phrasesAnglais_Français_Dioula.csv,Dioula
Eat together,Mangez ensemble,Aw ka dumuni kɛ ɲɔgɔn fɛ,phrasesAnglais_Français_Dioula.csv,Dioula
Drink tea,Bois du thé,Te min,phrasesAnglais_Français_Dioula.csv,Dioula
Drink coffee,Bois du café,Kafe min,phrasesAnglais_Français_Dioula.csv,Dioula
Go to sleep,Va dormir,Taga sunɔgɔ,phrasesAnglais_Français_Dioula.csv,Dioula
Good luck,Bonne chance,Ala k'a nɔgɔya,phrasesAnglais_Français_Dioula.csv,Dioula
Safe trip home,Bon retour,Ka so sɔrɔ,phrasesAnglais_Français_Dioula.csv,Dioula
See you next time,À la prochaine,Siɲɛ wɛrɛ,phrasesAnglais_Français_Dioula.csv,Dioula
Let's meet tomorrow,Rencontrons-nous demain,An bɛ bɛn sini,phrasesAnglais_Français_Dioula.csv,Dioula
Call me when you arrive,Appelle-moi quand tu arrives,N wele n'i sera,phrasesAnglais_Français_Dioula.csv,Dioula
I will wait for you,Je t'attendrai,Ne bɛna i makɔnɔ,phrasesAnglais_Français_Dioula.csv,Dioula
Don't be late,Ne sois pas en retard,I kana mɛ,phrasesAnglais_Français_Dioula.csv,Dioula
Hurry up,Dépêche-toi,I teliya,phrasesAnglais_Français_Dioula.csv,Dioula
Slow down,Ralentis,Dɔɔni dɔɔni,phrasesAnglais_Français_Dioula.csv,Dioula
Stop the car,Arrête la voiture,Mobili lɔ,phrasesAnglais_Français_Dioula.csv,Dioula
I want to get off,Je veux descendre,Ne b'a fɛ ka jigi,phrasesAnglais_Français_Dioula.csv,Dioula
How much is the fare?,C'est combien le transport ?,Transpɔri ye joli ye?,phrasesAnglais_Français_Dioula.csv,Dioula
Is this the road to Ouaga?,Est-ce la route de Ouaga ?,Nin ye Wagadugu sira ye wa?,phrasesAnglais_Français_Dioula.csv,Dioula
How many kilometers?,Combien de kilomètres ?,Kilomɛtɛrɛ joli?,phrasesAnglais_Français_Dioula.csv,Dioula
I am lost,Je suis perdu,Ne tununa,phrasesAnglais_Français_Dioula.csv,Dioula
Show me the way,Montre-moi le chemin,Sira yira n na,phrasesAnglais_Français_Dioula.csv,Dioula
I want a hotel,Je veux un hôtel,Ne bɛ otɛli dɔ fɛ,phrasesAnglais_Français_Dioula.csv,Dioula
I want a room,Je veux une chambre,Ne bɛ so dɔ fɛ,phrasesAnglais_Français_Dioula.csv,Dioula
Is there water?,Y a-t-il de l'eau ?,Ji bɛ yen wa?,phrasesAnglais_Français_Dioula.csv,Dioula
Is there electricity?,Y a-t-il de l'électricité ?,Kuran bɛ yen wa?,phrasesAnglais_Français_Dioula.csv,Dioula
The food is good,La nourriture est bonne,Dumuni ka di,phrasesAnglais_Français_Dioula.csv,Dioula
I am full,Je suis rassasié,Ne fara,phrasesAnglais_Français_Dioula.csv,Dioula
Thank you for the food,Merci pour la nourriture,I ni dumuni,phrasesAnglais_Français_Dioula.csv,Dioula
Can I have the bill?,L'addition s'il vous plaît?,N ka faktiri di n ma,phrasesAnglais_Français_Dioula.csv,Dioula
I will pay,Je vais payer,Ne bɛna a sara,phrasesAnglais_Français_Dioula.csv,Dioula
Keep the change,Garde la monnaie,Wari tɔ mara,phrasesAnglais_Français_Dioula.csv,Dioula
Where is the pharmacy?,Où est la pharmacie ?,Farmasi bɛ min?,phrasesAnglais_Français_Dioula.csv,Dioula
My child is sick,Mon enfant est malade,Ne den man kɛnɛ,phrasesAnglais_Français_Dioula.csv,Dioula
He has malaria,Il a le paludisme,Palu b'a la,phrasesAnglais_Français_Dioula.csv,Dioula
He has a headache,Il a mal à la tête,A kun b'a dimi,phrasesAnglais_Français_Dioula.csv,Dioula
He is vomiting,Il vomit,A bɛ fɔɔnɔ,phrasesAnglais_Français_Dioula.csv,Dioula
He has diarrhea,Il a la diarrhée,A kɔnɔ bɛ boli,phrasesAnglais_Français_Dioula.csv,Dioula
We need medicine,Nous avons besoin de médicaments,An bɛ fura fɛ,phrasesAnglais_Français_Dioula.csv,Dioula
Go to the clinic,Va au dispensaire,Taga dispansɛri la,phrasesAnglais_Français_Dioula.csv,Dioula
Is the doctor in?,Le docteur est-il là ?,Dɔgɔtɔrɔ bɛ yen wa?,phrasesAnglais_Français_Dioula.csv,Dioula
I need an injection,J'ai besoin d'une piqûre,N b'a fɛ ka sɔgɔli kɛ,phrasesAnglais_Français_Dioula.csv,Dioula
Look at me,Regarde-moi,N filɛ,phrasesAnglais_Français_Dioula.csv,Dioula
Don't move,Ne bouge pas,I kana lamaga,phrasesAnglais_Français_Dioula.csv,Dioula
Open your mouth,Ouvre la bouche,I da dayɛlɛ,phrasesAnglais_Français_Dioula.csv,Dioula
Breathe deeply,Respire profondément,Ni ta kosɛbɛ,phrasesAnglais_Français_Dioula.csv,Dioula
It hurts,Ça fait mal,A bɛ dimi,phrasesAnglais_Français_Dioula.csv,Dioula
I feel better,Je me sens mieux,Ne ka fisa sisan,phrasesAnglais_Français_Dioula.csv,Dioula
God cure you,Que Dieu te guérisse,Ala ka kɛnɛya di,phrasesAnglais_Français_Dioula.csv,Dioula
Get well soon,Guéris vite,Ka kɛnɛya joona,phrasesAnglais_Français_Dioula.csv,Dioula
What is the weather like?,Quel temps fait-il ?,Bana bɛ cogo di?,phrasesAnglais_Français_Dioula.csv,Dioula
It is cloudy,C'est nuageux,Sankaba bɛ,phrasesAnglais_Français_Dioula.csv,Dioula
The wind is strong,Le vent est fort,Fɔɲɔ bɛ fanga la,phrasesAnglais_Français_Dioula.csv,Dioula
The rain is coming,La pluie arrive,Sanji bɛ na,phrasesAnglais_Français_Dioula.csv,Dioula
It is cold,Il fait froid,Nɛnɛ bɛ,phrasesAnglais_Français_Dioula.csv,Dioula
The sun is hot,Le soleil est chaud,Tile ka gwan,phrasesAnglais_Français_Dioula.csv,Dioula
It is a beautiful day,C'est une belle journée,Bi tile ka ɲi,phrasesAnglais_Français_Dioula.csv,Dioula
The moon is full,La lune est pleine,Kalo fara,phrasesAnglais_Français_Dioula.csv,Dioula
The stars are shining,Les étoiles brillent,Lolow bɛ manamana,phrasesAnglais_Français_Dioula.csv,Dioula
I like the rain,J'aime la pluie,Sanji ka di n ye,phrasesAnglais_Français_Dioula.csv,Dioula
The harvest is good,La récolte est bonne,Suman ka ɲi,phrasesAnglais_Français_Dioula.csv,Dioula
The farmers are happy,Les fermiers sont contents,Sɛnɛkɛlaw ninsɔn ka di,phrasesAnglais_Français_Dioula.csv,Dioula
Animals are important,Les animaux sont importants,Bɛgɛnw kɔrɔ ka bon,phrasesAnglais_Français_Dioula.csv,Dioula
Protect the environment,Protégez l'environnement,Lamini kɔlɔsi,phrasesAnglais_Français_Dioula.csv,Dioula
Don't cut trees,Ne coupez pas les arbres,Yiriw kana tigɛ,phrasesAnglais_Français_Dioula.csv,Dioula
Plant trees,Plantez des arbres,Yiriw turu,phrasesAnglais_Français_Dioula.csv,Dioula
Water is scarce,L'eau est rare,Ji ka dɔgɔ,phrasesAnglais_Français_Dioula.csv,Dioula
Don't waste water,Ne gaspillez pas l'eau,Ji kana ci,phrasesAnglais_Français_Dioula.csv,Dioula
Cleanliness is health,La propreté c'est la santé,Saniya ye kɛnɛya ye,phrasesAnglais_Français_Dioula.csv,Dioula
Education is key,L'éducation est la clé,Kalan ye kɔnɛ ye,phrasesAnglais_Français_Dioula.csv,Dioula
Children must go to school,Les enfants doivent aller à l'école,Denmisɛnw ka kan ka taga lakɔli,phrasesAnglais_Français_Dioula.csv,Dioula
Learn to read,Apprends à lire,Kalan dege,phrasesAnglais_Français_Dioula.csv,Dioula
Learn to write,Apprends à écrire,Sɛbɛnni dege,phrasesAnglais_Français_Dioula.csv,Dioula
Respect your teachers,Respecte tes enseignants,I karamɔgɔw bonya,phrasesAnglais_Français_Dioula.csv,Dioula
Study hard,Étudie dur,Kalan kɛ kosɛbɛ,phrasesAnglais_Français_Dioula.csv,Dioula
Be polite,Sois poli,I ɲɛ bɔ,phrasesAnglais_Français_Dioula.csv,Dioula
Don't fight,Ne te bats pas,I kana kɛlɛ kɛ,phrasesAnglais_Français_Dioula.csv,Dioula
Peace is good,La paix est bonne,Hɛrɛ ka ɲi,phrasesAnglais_Français_Dioula.csv,Dioula
We want peace,Nous voulons la paix,An bɛ hɛrɛ fɛ,phrasesAnglais_Français_Dioula.csv,Dioula
God bless Burkina Faso,Que Dieu bénisse le Burkina Faso,Ala ka Burkina Faso barika,phrasesAnglais_Français_Dioula.csv,Dioula
Is it true?,Est-ce vrai ?,Tiɲɛ lo wa?,phrasesAnglais_Français_Dioula.csv,Dioula
It is a lie,C'est un mensonge,Galon lo,phrasesAnglais_Français_Dioula.csv,Dioula
Speak the truth,Dis la vérité,Tiɲɛ fɔ,phrasesAnglais_Français_Dioula.csv,Dioula
I am coming,Je viens,Ne bɛ na,phrasesAnglais_Français_Dioula.csv,Dioula
He is gone,Il est parti,A tagara,phrasesAnglais_Français_Dioula.csv,Dioula
They are here,Ils sont ici,U bɛ yan,phrasesAnglais_Français_Dioula.csv,Dioula
We are happy,Nous sommes heureux,An ninsɔn ka di,phrasesAnglais_Français_Dioula.csv,Dioula
Don't be sad,Ne sois pas triste,I dusukasi,phrasesAnglais_Français_Dioula.csv,Dioula
Everything is fine,Tout va bien,Koo bɛɛ bɛ ka ɲɛ,phrasesAnglais_Français_Dioula.csv,Dioula
See you tonight,À ce soir,K'an bɛn su fɛ,phrasesAnglais_Français_Dioula.csv,Dioula
I am sleepy,J'ai sommeil,Sunɔgɔ bɛ n na,phrasesAnglais_Français_Dioula.csv,Dioula
Give me food,Donne-moi à manger,Dumuni di n ma,phrasesAnglais_Français_Dioula.csv,Dioula
I want to drink,Je veux boire,N b'a fɛ ka minn,phrasesAnglais_Français_Dioula.csv,Dioula
It is sweet,C'est doux,A ka di,phrasesAnglais_Français_Dioula.csv,Dioula
It is bitter,C'est amer,A ka kuna,phrasesAnglais_Français_Dioula.csv,Dioula
It is sour,C'est acide,A ka kumun,phrasesAnglais_Français_Dioula.csv,Dioula
It is spicy,C'est épicé,A ka gwan,phrasesAnglais_Français_Dioula.csv,Dioula
I am full (ate enough),J'ai bien mangé,N fara,phrasesAnglais_Français_Dioula.csv,Dioula
Wash the clothes,Habits laver,Finiw ko,phrasesAnglais_Français_Dioula.csv,Dioula
Iron the clothes,Habits repasser,Finiw pase,phrasesAnglais_Français_Dioula.csv,Dioula
Sweep the room,Chambre balayer,So furan,phrasesAnglais_Français_Dioula.csv,Dioula
Make the bed,Lit faire,Liran labɛn,phrasesAnglais_Français_Dioula.csv,Dioula
Close the door,Porte fermer,Da tugu,phrasesAnglais_Français_Dioula.csv,Dioula
Lock the door,Porte verrouiller,Da sɔgɔ,phrasesAnglais_Français_Dioula.csv,Dioula
Where is the key?,Clé est où ?,Kile bɛ min?,phrasesAnglais_Français_Dioula.csv,Dioula
I lost the key,J'ai perdu la clé,N ye kile tunun,phrasesAnglais_Français_Dioula.csv,Dioula
Look for it,Cherche-le,A ɲini,phrasesAnglais_Français_Dioula.csv,Dioula
I found it,Je l'ai trouvé,N y'a sɔrɔ,phrasesAnglais_Français_Dioula.csv,Dioula
Give it to me,Donne-le-moi,A di n ma,phrasesAnglais_Français_Dioula.csv,Dioula
Take it,Prends-le,A ta,phrasesAnglais_Français_Dioula.csv,Dioula
Put it there,Mets-le là,A bila yen,phrasesAnglais_Français_Dioula.csv,Dioula
Don't drop it,Ne le laisse pas tomber,Kana a bila ka ben,phrasesAnglais_Français_Dioula.csv,Dioula
It is heavy,C'est lourd,A ka giri,phrasesAnglais_Français_Dioula.csv,Dioula
It is light,C'est léger,A ka fɛgɛ,phrasesAnglais_Français_Dioula.csv,Dioula
It is big,C'est grand,A ka bon,phrasesAnglais_Français_Dioula.csv,Dioula
It is small,C'est petit,A ka dɔgɔ,phrasesAnglais_Français_Dioula.csv,Dioula
It is long,C'est long,A ka jan,phrasesAnglais_Français_Dioula.csv,Dioula
It is short,C'est court,A ka surun,phrasesAnglais_Français_Dioula.csv,Dioula
It is new,C'est nouveau,A ka kura,phrasesAnglais_Français_Dioula.csv,Dioula
It is old,C'est vieux,A ka kɔrɔ,phrasesAnglais_Français_Dioula.csv,Dioula
It is good,C'est bon,A ka ɲi,phrasesAnglais_Français_Dioula.csv,Dioula
It is bad,C'est mauvais,A man ɲi,phrasesAnglais_Français_Dioula.csv,Dioula
It is hot,C'est chaud,A ka kalan,phrasesAnglais_Français_Dioula.csv,Dioula
It is cold,C'est froid,A ka suma,phrasesAnglais_Français_Dioula.csv,Dioula
It is wet,C'est mouillé,A ka mugu,phrasesAnglais_Français_Dioula.csv,Dioula
It is dry,C'est sec,A ka ja,phrasesAnglais_Français_Dioula.csv,Dioula
It is hard,C'est dur,A ka guɛlɛ,phrasesAnglais_Français_Dioula.csv,Dioula
It is soft,C'est mou,A ka nɔgɔ,phrasesAnglais_Français_Dioula.csv,Dioula
It is fast,C'est rapide,A ka teli,phrasesAnglais_Français_Dioula.csv,Dioula
It is slow,C'est lent,A ka dɔgɔ,phrasesAnglais_Français_Dioula.csv,Dioula
It is expensive,C'est cher,A sɔngɔ ka bon,phrasesAnglais_Français_Dioula.csv,Dioula
It is cheap,C'est bon marché,A sɔngɔ ka nɔgɔ,phrasesAnglais_Français_Dioula.csv,Dioula
I am happy,Je suis heureux,N ninsɔn ka di,phrasesAnglais_Français_Dioula.csv,Dioula
I am sad,Je suis triste,N dusukasi,phrasesAnglais_Français_Dioula.csv,Dioula
I am angry,Je suis en colère,N dimina,phrasesAnglais_Français_Dioula.csv,Dioula
I am surprised,Je suis surpris,N kabakoyara,phrasesAnglais_Français_Dioula.csv,Dioula
I am scared,J'ai peur,N siranna,phrasesAnglais_Français_Dioula.csv,Dioula
I am brave,Je suis courageux,N ja ka gwan,phrasesAnglais_Français_Dioula.csv,Dioula
I am shy,Je suis timide,Maloya bɛ n na,phrasesAnglais_Français_Dioula.csv,Dioula
I am proud,Je suis fier,N yɛrɛ bonya,phrasesAnglais_Français_Dioula.csv,Dioula
I am humble,Je suis humble,N yɛrɛ majigi,phrasesAnglais_Français_Dioula.csv,Dioula
I am patient,Je suis patient,N bɛ muɲu,phrasesAnglais_Français_Dioula.csv,Dioula
I am impatient,Je suis impatient,N tɛ muɲu,phrasesAnglais_Français_Dioula.csv,Dioula
I am kind,Je suis gentil,N kɔnɔ ka di,phrasesAnglais_Français_Dioula.csv,Dioula
I am cruel,Je suis cruel,N kɔnɔ ka jugu,phrasesAnglais_Français_Dioula.csv,Dioula
I am wise,Je suis sage,N hakili ka di,phrasesAnglais_Français_Dioula.csv,Dioula
I am foolish,Je suis bête,N hakili man di,phrasesAnglais_Français_Dioula.csv,Dioula
I am rich,Je suis riche,N banna,phrasesAnglais_Français_Dioula.csv,Dioula
I am poor,Je suis pauvre,N fantanya,phrasesAnglais_Français_Dioula.csv,Dioula
I am strong,Je suis fort,N fanga ka bon,phrasesAnglais_Français_Dioula.csv,Dioula
I am weak,Je suis faible,N fanga ka dɔgɔ,phrasesAnglais_Français_Dioula.csv,Dioula
I am healthy,Je suis en bonne santé,N ka kɛnɛ,phrasesAnglais_Français_Dioula.csv,Dioula
I am alive,Je suis vivant,N bɛ balo,phrasesAnglais_Français_Dioula.csv,Dioula
I am dead,Je suis mort,N sara,phrasesAnglais_Français_Dioula.csv,Dioula
I am free,Je suis libre,N hɔrɔnya,phrasesAnglais_Français_Dioula.csv,Dioula
I am a slave,Je suis esclave,N ye jɔn ye,phrasesAnglais_Français_Dioula.csv,Dioula
I am a king,Je suis roi,N ye masa ye,phrasesAnglais_Français_Dioula.csv,Dioula
I am a servant,Je suis serviteur,N ye boyi ye,phrasesAnglais_Français_Dioula.csv,Dioula
I am a friend,Je suis un ami,N ye teri ye,phrasesAnglais_Français_Dioula.csv,Dioula
I am an enemy,Je suis un ennemi,N ye jugu ye,phrasesAnglais_Français_Dioula.csv,Dioula
I am a stranger,Je suis un étranger,N ye dunan ye,phrasesAnglais_Français_Dioula.csv,Dioula
I am a guest,Je suis un invité,N ye dunan ye,phrasesAnglais_Français_Dioula.csv,Dioula
I am a host,Je suis un hôte,N ye jatigi ye,phrasesAnglais_Français_Dioula.csv,Dioula
I am a leader,Je suis un chef,N ye ɲɛmɔgɔ ye,phrasesAnglais_Français_Dioula.csv,Dioula
I am a follower,Je suis un suiveur,N ye nɔfɛmɔgɔ ye,phrasesAnglais_Français_Dioula.csv,Dioula
I am a believer,Je suis un croyant,N ye dannaba ye,phrasesAnglais_Français_Dioula.csv,Dioula
I am a non-believer,Je suis un incroyant,N ye kafiri ye,phrasesAnglais_Français_Dioula.csv,Dioula
I am a Muslim,Je suis musulman,N ye silame ye,phrasesAnglais_Français_Dioula.csv,Dioula
I am a Christian,Je suis chrétien,N ye nasara ye,phrasesAnglais_Français_Dioula.csv,Dioula
,beaucoup,caman,textes_alignes,Dioula
,oryctérope,tinba,textes_alignes,Dioula
,abandonner,"bila, fantori, kunbila",textes_alignes,Dioula
,abréger,dɔgɔya,textes_alignes,Dioula
,abdomen,"barakɔrɔla, kɔnɔbara, nagakɔrɔla",textes_alignes,Dioula
,capacité,"dalilu, seko",textes_alignes,Dioula
,abolir,"dabila, faga",textes_alignes,Dioula
,avortement,"kɔnɔbɔ, kɔnɔtiɲɛ",textes_alignes,Dioula
,environ / au sujet de,"bɔ, kan",textes_alignes,Dioula
,au-dessus,"kunna, sanfɛ",textes_alignes,Dioula
,abcès,"funu, sumuni",textes_alignes,Dioula
,absence,tanya,textes_alignes,Dioula
,absolument,"faasi, fewu, tigitigi",textes_alignes,Dioula
,abuser,danmatɛmɛ,textes_alignes,Dioula
,accepter,"jɛn, kiti, kun",textes_alignes,Dioula
,accident,"balawu, kasara",textes_alignes,Dioula
,accompagner,"bila, bilasira",textes_alignes,Dioula
,accomplir,"dafa, kɛ",textes_alignes,Dioula
,accord,"bɛn, dakɛɲɛ",textes_alignes,Dioula
,compte,"dan, jati",textes_alignes,Dioula
,accuser,"jalaki, sendon",textes_alignes,Dioula
,acide,kumu,textes_alignes,Dioula
,acte / action,"kɛwale, wale",textes_alignes,Dioula
,actif,kisɛman,textes_alignes,Dioula
,additionner,"fara, kafo",textes_alignes,Dioula
,adresse,"ladɛrɛsi, tigɛdiya",textes_alignes,Dioula
,adulte,"baliku, mɔgɔkɔrɔba",textes_alignes,Dioula
,avancer,avansi,textes_alignes,Dioula
,conseil,ladili,textes_alignes,Dioula
,affaire,"koo, kunko",textes_alignes,Dioula
,peur,tɔlɛ,textes_alignes,Dioula
,après,"kɔ, kɔfɛ",textes_alignes,Dioula
,encore,"belen, tuguni",textes_alignes,Dioula
,contre,"kanma, kunna",textes_alignes,Dioula
,âge,"lon, si",textes_alignes,Dioula
,agent,walekɛla,textes_alignes,Dioula
,agression,ben,textes_alignes,Dioula
,agriculture,sɛnɛ,textes_alignes,Dioula
,aide,"dɛmɛ, nafalan",textes_alignes,Dioula
,viser,dasigi,textes_alignes,Dioula
,air,"fiɲɛ, fɔɲɔ",textes_alignes,Dioula
,avion,"aviyɔn, sankurun",textes_alignes,Dioula
,alcool,"alikɔli, dɔlɔ",textes_alignes,Dioula
,vivant,"nima, balo",textes_alignes,Dioula
,tout,"bakuru, bɛɛ",textes_alignes,Dioula
,seul,kelen,textes_alignes,Dioula
,toujours,"kadawu, kudayi",textes_alignes,Dioula
